tloc	tmcCabe	assertionDensity	assertionRoulette	mysteryGuest	eagerTest	sensitiveEquality	resourceOptimism	conditionalTestLogic	fireAndForget	loc	lcom2	lcom5	cbo	wmc	rfc	mpc	halsteadVocabulary	halsteadLength	halsteadVolume	classDataShouldBePrivate	complexClass	spaghettiCode	functionalDecomposition	godClass
6.925872618104491e-05	5.4017273867469995e-06	1.9941758416531195e-07	2.212737471822513e-05	-8.712680506952819e-07	6.880504189389797e-05	6.674425791307316e-07	-2.084055255350917e-08	2.898106886074032e-09	-4.615323800778725e-08	0.1404369125002886	0.2149822183804028	0.0006427382602881542	0.005047092737524613	0.017542585785522573	0.0573540427610642	0.0526016790752805	0.7360341263934861	0.057995278689026486	0.6124171298153993	0.00011445019404917921	0.017535420772238772	0.08483599519357932	-4.619325454300927e-06	0.0009895760627131895
1.7252819178314683e-06	-2.3052164978557964e-05	3.6016395860014618e-06	3.4063197153784945e-05	-1.70092293919003e-05	0.00021721423662168213	4.3425349804900885e-07	-7.068866975696412e-07	-5.618454203853352e-06	-3.078560942250749e-07	0.04549240456956317	0.8889972500064386	-0.00037673856258686424	-0.00551210508239259	0.009552271377739886	-0.04495734446219532	-0.04736544512905349	0.10560043589799009	-0.04426370428294186	-0.43570501938479406	0.00028433509180504824	0.010635449693882231	-0.01282378308612726	1.6735598274545084e-06	-0.0007921565704388719
-0.0006890936962770455	-5.662658041424854e-05	1.702088255380639e-06	-7.528810854384917e-06	-9.2652430885002e-05	1.31565049032346e-05	2.7807342018964085e-07	-5.368880525191464e-06	-3.183768957018323e-05	-1.4805680821806655e-06	-0.09529486436726094	-0.3870867084214534	-0.0006891566881782357	-0.008012735918785652	-0.025673134875442403	-0.06160658442385873	-0.053705947937007274	0.6569894042013646	-0.07280645216842996	-0.6242825761289198	-0.0008162834906217927	-0.022234986657965927	0.08043191576385406	2.3742142133849118e-05	-0.007060176896227532
0.0002926020558217878	6.832724868446172e-05	8.276385978318922e-06	1.6873715817650399e-07	-9.24889858700372e-05	-0.00022989401047826053	-3.384436634645419e-06	-7.955135677499267e-06	-3.3960028921424805e-05	-8.61640180465694e-07	0.8691766621954568	-0.09338768546339025	0.0034134908056311975	0.05307821224922669	0.08097096094267874	0.2970480281287	0.27572858971513076	-0.05672026823579015	-0.04617633729888505	-0.1705345924169592	-0.000317090852456064	0.0840062849733387	0.14357092238679411	-8.580760304865084e-06	-0.007760760438741546
