tloc	tmcCabe	assertionDensity	assertionRoulette	mysteryGuest	eagerTest	sensitiveEquality	resourceOptimism	conditionalTestLogic	fireAndForget	loc	lcom2	lcom5	cbo	wmc	rfc	mpc	halsteadVocabulary	halsteadLength	halsteadVolume	classDataShouldBePrivate	complexClass	spaghettiCode	functionalDecomposition	godClass
7.03538438535584e-05	5.40863002756817e-06	2.2576102754589277e-07	2.2716162789740127e-05	-9.351003779008269e-07	6.819116671747766e-05	6.587759835859195e-07	-2.477536895345524e-08	5.08233228805976e-08	-4.7080417360326386e-08	0.1404453732301048	0.21458695359710564	0.0006433875266395748	0.005049092806669724	0.0175263076991161	0.05741227247948639	0.052666186774091704	0.7361190039005986	0.05798315457352124	0.6124279486086577	0.00011445857076862219	0.017520657249946208	0.0849432607008136	-4.558423740811724e-06	0.0009903961774290423
