tloc	tmcCabe	assertionDensity	assertionRoulette	mysteryGuest	eagerTest	sensitiveEquality	resourceOptimism	conditionalTestLogic	fireAndForget	loc	lcom2	lcom5	cbo	wmc	rfc	mpc	halsteadVocabulary	halsteadLength	halsteadVolume	classDataShouldBePrivate	complexClass	spaghettiCode	functionalDecomposition	godClass
6.92565759434383e-05	5.466715082211335e-06	2.0681845692306025e-07	2.2141550067341526e-05	-8.723239379771462e-07	6.88078908266563e-05	6.686209414183223e-07	-2.095606933924773e-08	1.1672546339840204e-08	-4.502190882188988e-08	0.1404363708488514	0.21501570803480474	0.000642755909028416	0.0050474843533743425	0.017543754398581454	0.057354252169944185	0.05260147165365292	0.7360443547557024	0.057990310811532074	0.6123919382162822	0.00011446558439514688	0.017537909286088116	0.08484772944018933	-4.603694475617691e-06	0.0009896917977272313
7.387960033718242e-07	-2.3061952625490225e-05	3.5847613270114273e-06	3.3911154376553256e-05	-1.706426526427509e-05	0.00021698482380169503	4.293013523617389e-07	-7.09611692157115e-07	-5.664959364734868e-06	-3.097824171259634e-07	0.04548474711129987	0.8889805812036708	-0.0003768573043116342	-0.005513744749974335	0.009548010864343802	-0.04496288081553294	-0.04736944264208656	0.10558477577111765	-0.0442634230502618	-0.4357420346769134	0.0002842542594099224	0.010629804124248103	-0.012851606143416917	1.6611125649495512e-06	-0.0007928815967974958
