tloc	tmcCabe	assertionDensity	assertionRoulette	mysteryGuest	eagerTest	sensitiveEquality	resourceOptimism	conditionalTestLogic	fireAndForget	loc	lcom2	lcom5	cbo	wmc	rfc	mpc	halsteadVocabulary	halsteadLength	halsteadVolume	classDataShouldBePrivate	complexClass	spaghettiCode	functionalDecomposition	godClass
6.974083973114697e-05	5.6098419433670976e-06	1.6450527756958445e-07	2.219461009258681e-05	-1.2984450357535003e-06	6.824396220288042e-05	6.432795226074885e-07	-3.803647747369473e-08	1.1462078313238214e-08	-4.934931094986028e-08	0.14054662177299176	0.21526593587925044	0.0006431764925809646	0.005058209467772833	0.0175524426207526	0.05741281969062727	0.05265753437349589	0.7361590131350171	0.057938052430073175	0.6121228239054524	0.00011546294448707472	0.01755302112064933	0.0849336107853951	-4.67130487016248e-06	0.0009881743712126885
7.973029005098351e-07	-2.3130291898045208e-05	3.607532180440677e-06	3.402306709997735e-05	-1.6949728305114073e-05	0.00021743742626206177	4.3956317710117135e-07	-7.057293145827072e-07	-5.692699409910352e-06	-3.1064772177582144e-07	0.045211646980199416	0.8889885631939745	-0.00037771803178287004	-0.00553150017596533	0.009521249760506424	-0.045095400873993656	-0.04749274867384839	0.1052431286842882	-0.04423508642225999	-0.43580999101499174	0.00028353839248723895	0.010610310705065604	-0.012967073520263519	1.6817768515360936e-06	-0.0007937902050525196
