tloc	tmcCabe	assertionDensity	assertionRoulette	mysteryGuest	eagerTest	sensitiveEquality	resourceOptimism	conditionalTestLogic	fireAndForget	loc	lcom2	lcom5	cbo	wmc	rfc	mpc	halsteadVocabulary	halsteadLength	halsteadVolume	classDataShouldBePrivate	complexClass	spaghettiCode	functionalDecomposition	godClass
6.867773925192642e-05	5.350892023672804e-06	1.7928045209632297e-07	2.1981766452678805e-05	-9.999463270764248e-07	6.876621407238682e-05	6.580413395403663e-07	-2.8178173675399632e-08	1.084381301618446e-07	-4.983219153681542e-08	0.1404659070785193	0.215126853886519	0.0006430127378080741	0.00504900788710828	0.01754536596459495	0.05737670311529685	0.05262315120723782	0.736138600325717	0.05796578474934398	0.6122241834277854	0.00011437039669172129	0.017547084748499073	0.08489589941408301	-4.651895785908597e-06	0.0009894053210932428
