tloc	tmcCabe	assertionDensity	assertionRoulette	mysteryGuest	eagerTest	sensitiveEquality	resourceOptimism	conditionalTestLogic	fireAndForget	loc	lcom2	lcom5	cbo	wmc	rfc	mpc	halsteadVocabulary	halsteadLength	halsteadVolume	classDataShouldBePrivate	complexClass	spaghettiCode	functionalDecomposition	godClass
8.440994772047156e-05	1.2448319008195321e-05	-7.68220683382068e-07	1.033718496010189e-05	3.094377613579294e-06	9.032362756031005e-06	-1.0268725151603172e-07	1.7260132387082836e-07	2.585719951675628e-06	3.672109785004671e-08	0.13827532057390746	0.025763416938171278	0.0007472949210277072	0.006595296824865355	0.016202876754518356	0.07025973462460947	0.06572969591494629	0.6792481272994114	0.06735163928229834	0.7050433357925596	5.575559807573171e-05	0.01602558201625262	0.08598789432205528	-5.2684860726601105e-06	0.0012861797244805827
0.0003967345426695038	1.763757966097594e-05	-2.0338890035634287e-06	1.5138942463141125e-05	1.899059185996953e-06	0.00018478813404684447	1.4383031760564011e-06	7.360358920685898e-07	1.4683949787224316e-05	1.6731762190973723e-07	0.13930109503241456	0.9881590129352458	-3.44037908248187e-05	0.0022670977854368783	0.024943284928542687	0.019280829155180788	0.010551100915990128	-0.030724877228662486	-0.0032779652471551786	-0.03637080978319593	0.0005991653064831421	0.02531497251638712	-0.0100369400317437	-8.675541973845686e-06	0.0026167288207609974
