tloc	tmcCabe	assertionDensity	assertionRoulette	mysteryGuest	eagerTest	sensitiveEquality	resourceOptimism	conditionalTestLogic	fireAndForget	loc	lcom2	lcom5	cbo	wmc	rfc	mpc	halsteadVocabulary	halsteadLength	halsteadVolume	classDataShouldBePrivate	complexClass	spaghettiCode	functionalDecomposition	godClass
6.9309190136867e-05	5.390892028854382e-06	1.879775773149378e-07	2.1997955342764132e-05	-7.5364347758961e-07	6.879377994544775e-05	6.758565707276012e-07	-1.7930489165033295e-08	-2.0244882245187245e-08	-4.7685076158667076e-08	0.1404562439154118	0.2150370736604689	0.0006427745644774541	0.005047658706632261	0.017544069163669372	0.05736948039753822	0.05261702033020198	0.7360866957031446	0.057978405583765394	0.6123250385362097	0.00011438642017192886	0.017539848622286355	0.0848639250897523	-4.563944581280554e-06	0.0009893717441083038
