tloc	tmcCabe	assertionDensity	assertionRoulette	mysteryGuest	eagerTest	sensitiveEquality	resourceOptimism	conditionalTestLogic	fireAndForget	loc	lcom2	lcom5	cbo	wmc	rfc	mpc	halsteadVocabulary	halsteadLength	halsteadVolume	classDataShouldBePrivate	complexClass	spaghettiCode	functionalDecomposition	godClass
6.803379241349791e-05	5.69444063565032e-06	2.2239307450369275e-07	2.2237818516056292e-05	-1.0803791824174417e-06	6.827086280286097e-05	6.050024191793065e-07	-2.9829653211887973e-08	-7.982948058946581e-07	-5.0513009371927525e-08	0.1406302020626335	0.2164832056430426	0.0006439099164041625	0.005080751939901978	0.017591041656781808	0.05774405665483076	0.05297563795486511	0.7348677733655911	0.05802488473842874	0.6131534308454493	0.00011538522530105531	0.017591834029758256	0.08495025998693988	-4.1645087386658075e-06	0.0009982263882935053
