tloc	tmcCabe	assertionDensity	assertionRoulette	mysteryGuest	eagerTest	sensitiveEquality	resourceOptimism	conditionalTestLogic	fireAndForget	loc	lcom2	lcom5	cbo	wmc	rfc	mpc	halsteadVocabulary	halsteadLength	halsteadVolume	classDataShouldBePrivate	complexClass	spaghettiCode	functionalDecomposition	godClass
6.322140099804267e-05	4.941083354744726e-06	1.3810582614097096e-07	2.2095829197254927e-05	-1.316147049162752e-06	6.823127294481529e-05	6.556455653115187e-07	-2.3541787206360485e-08	-1.0004272401936416e-06	-5.601387989134891e-08	0.14073999318929917	0.21389919234600094	0.0006442075006213112	0.00507583426317252	0.017518370274395366	0.057756607904459654	0.05301599215694663	0.7377219090435692	0.057655252376069874	0.6105354740878289	0.00011518820948753058	0.017582671103229836	0.08566424073933655	-4.510569885023396e-06	0.0009762199255437823
-5.428452917318657e-06	-2.3090894903965487e-05	3.755001833267166e-06	3.706432956220921e-05	-1.6255414415902523e-05	0.00022418208853557716	4.0571752507027264e-07	-6.265101414924997e-07	-3.3360521757469136e-06	-2.920171908335981e-07	0.04483074563477867	0.8879897278102967	-0.0003793751371135451	-0.005612943720835156	0.009243241107219793	-0.04696693367141755	-0.049246599029968696	0.10746406767687762	-0.04421178457433806	-0.43693178738330474	0.0002889933473258221	0.010234858526078723	-0.014077055876775038	1.5799702676551986e-06	-0.0007708488577231848
