tloc	tmcCabe	assertionDensity	assertionRoulette	mysteryGuest	eagerTest	sensitiveEquality	resourceOptimism	conditionalTestLogic	fireAndForget	loc	lcom2	lcom5	cbo	wmc	rfc	mpc	halsteadVocabulary	halsteadLength	halsteadVolume	classDataShouldBePrivate	complexClass	spaghettiCode	functionalDecomposition	godClass
6.645200258664332e-05	5.245378017649852e-06	1.8524317698987054e-07	2.1843741984199346e-05	-1.1989546837530181e-06	6.878521454279354e-05	6.420913656732315e-07	-3.595731955022787e-08	-2.547965670130462e-07	-5.68958328096331e-08	0.14040685039599957	0.2151713275982853	0.0006433922255735069	0.005047681567158873	0.01754069320463761	0.05740533124319764	0.0526552507650706	0.7362800792822953	0.057926857271448806	0.6120382404079538	0.00011302060348242108	0.017555776906131262	0.08498124848039017	-4.463322328061773e-06	0.0009877681140635906
