tloc	tmcCabe	assertionDensity	assertionRoulette	mysteryGuest	eagerTest	sensitiveEquality	resourceOptimism	conditionalTestLogic	fireAndForget	loc	lcom2	lcom5	cbo	wmc	rfc	mpc	halsteadVocabulary	halsteadLength	halsteadVolume	classDataShouldBePrivate	complexClass	spaghettiCode	functionalDecomposition	godClass
6.943297850816413e-05	5.446617893060034e-06	2.0418866056987917e-07	2.214899955251137e-05	-8.265892654285225e-07	6.87766914182808e-05	6.690072700836243e-07	-1.8785726949056334e-08	3.700036349194622e-08	-4.4950630804624977e-08	0.1404268517353709	0.21486931267966194	0.0006427746648110626	0.005047689692198204	0.017540020161430452	0.05735142415352004	0.05259972019417381	0.7360279834893538	0.05800282935334986	0.6124673679903814	0.00011430385134346192	0.017530747603110675	0.08482858720910597	-4.616654482550049e-06	0.0009897986671951785
-9.30241752502189e-06	-2.451254373454169e-05	3.8272666717506945e-06	3.5607212443103744e-05	-1.6738403110054984e-05	0.00020901294340884305	3.862761773524211e-07	-7.792564504935703e-07	-5.533654447019191e-06	-2.8541446251417663e-07	0.04114569600023378	0.88444216776646	-0.0003880925119169353	-0.0057430741529049655	0.008738036155769182	-0.04700140847842861	-0.049148220009588316	0.1141607754217153	-0.04489093806571622	-0.44275028258326415	0.00023204128930607513	0.009772886395947502	-0.012765440027285458	1.968867109115285e-06	-0.0008121454931627689
-0.0006814045390403552	-5.383801304461814e-05	9.965773969012916e-07	-1.3474285660802155e-05	-9.779033960086693e-05	3.646822743687271e-05	4.1077773837192203e-07	-5.392851741241652e-06	-3.371465250182091e-05	-1.6215402109296892e-06	-0.08163561800033131	-0.3995838022003776	-0.0006594201558177694	-0.007274764736179568	-0.02380753705987447	-0.05544004101712326	-0.04813897519793092	0.6544176590372669	-0.07336043552093889	-0.6216326266417356	-0.0006839563366141278	-0.02005484936223438	0.08443565376027369	2.3683723864385062e-05	-0.007309108569029023
