tloc	tmcCabe	assertionDensity	assertionRoulette	mysteryGuest	eagerTest	sensitiveEquality	resourceOptimism	conditionalTestLogic	fireAndForget	loc	lcom2	lcom5	cbo	wmc	rfc	mpc	halsteadVocabulary	halsteadLength	halsteadVolume	classDataShouldBePrivate	complexClass	spaghettiCode	functionalDecomposition	godClass
7.224457732692217e-05	5.95267182410814e-06	2.0457973272668257e-07	2.2884765283158024e-05	-5.585087621700857e-07	6.926986885545768e-05	6.979542721135563e-07	-5.540963868964742e-09	4.003287231476155e-07	-3.9854341217721964e-08	0.1401563435753107	0.2160224887638266	0.0006458630877342673	0.005071488809420839	0.01750855160414282	0.056872845161063945	0.05221569084548703	0.7356114042954438	0.05801224468379308	0.6127261258096011	0.0001153393638395654	0.01748665176941601	0.08465894564159616	-4.579209903651704e-06	0.000995197470718239
