tloc	tmcCabe	assertionDensity	assertionRoulette	mysteryGuest	eagerTest	sensitiveEquality	resourceOptimism	conditionalTestLogic	fireAndForget	loc	lcom2	lcom5	cbo	wmc	rfc	mpc	halsteadVocabulary	halsteadLength	halsteadVolume	classDataShouldBePrivate	complexClass	spaghettiCode	functionalDecomposition	godClass
5.3720339499976574e-05	3.924224725905301e-06	1.8547722660611575e-07	2.2340520707693322e-05	-1.7413817384995229e-06	6.859635168133086e-05	6.375385566840602e-07	-4.850835181977905e-08	-1.5137728584492248e-06	-9.424180142541802e-08	0.14180595981165053	0.21228909976599236	0.0006600475483116946	0.005127519341865064	0.017660298460063395	0.05833060897031115	0.053567861088151175	0.7420754751396809	0.057089734366674964	0.6054305823254902	0.00011642416152916569	0.01769371805765656	0.08612930202125559	-4.611204245910688e-06	0.0010170237533498026
