tloc	tmcCabe	assertionDensity	assertionRoulette	mysteryGuest	eagerTest	sensitiveEquality	resourceOptimism	conditionalTestLogic	fireAndForget	loc	lcom2	lcom5	cbo	wmc	rfc	mpc	halsteadVocabulary	halsteadLength	halsteadVolume	classDataShouldBePrivate	complexClass	spaghettiCode	functionalDecomposition	godClass
6.68738824676503e-05	5.155753835496766e-06	1.901785642485773e-07	2.1809566786906316e-05	-1.1540425720362527e-06	6.842771369379669e-05	6.902444855961757e-07	-4.716666303294574e-08	-3.728443024630294e-07	-5.313830559822367e-08	0.1405124718375781	0.21342963371986118	0.0006441851979348127	0.005056469538974925	0.017515752286759893	0.05743970953032788	0.05270474036517652	0.736742636820611	0.057916552021209794	0.6120536906123318	0.00011445127889854963	0.01751206911390772	0.08504531213445823	-4.386705132420128e-06	0.0009908714104941495
3.367354104760274e-06	-2.2798820150260003e-05	3.5702458786314244e-06	3.431086303029384e-05	-1.7231590266434263e-05	0.00021879472199952933	4.388940537008465e-07	-7.560228532114166e-07	-6.170317403445688e-06	-3.020436648288784e-07	0.04620279668670899	0.8876871237904891	-0.0003737369943963894	-0.005501500452818256	0.00955656778323922	-0.04494314932430844	-0.04732159644913952	0.1088628279539964	-0.044496249675544754	-0.4374883740707143	0.0002864653090108082	0.010614282340939236	-0.012465488579322587	1.5895310023563984e-06	-0.0007906442627674997
