tloc	tmcCabe	assertionDensity	assertionRoulette	mysteryGuest	eagerTest	sensitiveEquality	resourceOptimism	conditionalTestLogic	fireAndForget	loc	lcom2	lcom5	cbo	wmc	rfc	mpc	halsteadVocabulary	halsteadLength	halsteadVolume	classDataShouldBePrivate	complexClass	spaghettiCode	functionalDecomposition	godClass
6.524452008716554e-05	5.068849304149741e-06	1.1681464198971346e-07	2.1863554379163846e-05	-4.7420483731515456e-07	6.772213618721533e-05	6.307888951955612e-07	-9.789232309729263e-08	-3.7936712733005867e-07	-7.268221512014395e-08	0.14094318779327078	0.21624738828056975	0.000645650471964957	0.005068669576316735	0.017601755243462688	0.057700486169495545	0.052938472414652334	0.7375020322810104	0.05758084703575181	0.6099467637120684	0.0001171606686969264	0.017671481486379165	0.08562469130049533	-4.4187672888226755e-06	0.0007606631563881655
1.9173971694384153e-05	-2.26714813321013e-05	3.6989480782030605e-06	3.7106770606860665e-05	-7.89254266454824e-06	0.0002202248729067863	4.079935303451728e-07	-4.964817586264434e-07	-3.720705775422226e-06	-2.645583523481462e-07	0.0412362017618451	0.8849961212934112	-0.0004044373681000918	-0.0059182910821638434	0.008805993274692715	-0.048987573624575224	-0.05110784493643361	0.11049949144658162	-0.04452591443689377	-0.4421138823564307	0.00022206960147041536	0.009808098809924982	-0.014240158735590546	1.4934516440924904e-06	-0.0006714111987882064
