tloc	tmcCabe	assertionDensity	assertionRoulette	mysteryGuest	eagerTest	sensitiveEquality	resourceOptimism	conditionalTestLogic	fireAndForget	loc	lcom2	lcom5	cbo	wmc	rfc	mpc	halsteadVocabulary	halsteadLength	halsteadVolume	classDataShouldBePrivate	complexClass	spaghettiCode	functionalDecomposition	godClass
6.895158356536141e-05	5.382261519966364e-06	2.087707092884877e-07	2.1823924626248174e-05	-6.554039654989274e-07	6.793977028801176e-05	6.518429872034252e-07	-1.1400374918177382e-08	2.048172664922205e-08	-3.752205860307341e-08	0.14054349004014827	0.21513284925143103	0.0006429572927367967	0.00505768323510269	0.01750527012173589	0.05743052183097998	0.05268901872803388	0.736263261901583	0.057930040015331176	0.6120385857977769	0.00011503216057177915	0.017491061337004937	0.0849758843159956	-4.59973850012826e-06	0.0009934147527316916
2.114075186719859e-06	-2.2919458809206565e-05	3.5771450638235004e-06	3.415115032423134e-05	-1.718862307905965e-05	0.0002175645138654732	4.52103461692956e-07	-7.167293514885783e-07	-5.571436446503654e-06	-3.1367956041884046e-07	0.04536246760715198	0.8889629899844935	-0.00037676272216628076	-0.005525058170121253	0.00955730139312734	-0.04506503832742987	-0.04747260401650263	0.1053310689154378	-0.044255756685558936	-0.4358277137308587	0.0002840073681760803	0.010640649952217487	-0.012943895670248935	1.651376133452439e-06	-0.0007955479424323475
