tloc	tmcCabe	assertionDensity	assertionRoulette	mysteryGuest	eagerTest	sensitiveEquality	resourceOptimism	conditionalTestLogic	fireAndForget	loc	lcom2	lcom5	cbo	wmc	rfc	mpc	halsteadVocabulary	halsteadLength	halsteadVolume	classDataShouldBePrivate	complexClass	spaghettiCode	functionalDecomposition	godClass
6.92587261808102e-05	5.40172738674697e-06	1.9941758416532407e-07	2.2127374718225202e-05	-8.71268050695357e-07	6.880504189389812e-05	6.674425791307295e-07	-2.0840552553514515e-08	2.8981068860286757e-09	-4.6153238007789003e-08	0.1404369125002892	0.21498221838040463	0.0006427382602881549	0.005047092737524616	0.01754258578552258	0.05735404276106424	0.05260167907528056	0.7360341263934862	0.05799527868902632	0.6124171298153976	0.00011445019404918012	0.017535420772238852	0.0848359951935793	-4.619325454300919e-06	0.0009895760627131782
