tloc	tmcCabe	assertionDensity	assertionRoulette	mysteryGuest	eagerTest	sensitiveEquality	resourceOptimism	conditionalTestLogic	fireAndForget	loc	lcom2	lcom5	cbo	wmc	rfc	mpc	halsteadVocabulary	halsteadLength	halsteadVolume	classDataShouldBePrivate	complexClass	spaghettiCode	functionalDecomposition	godClass
6.878862731310076e-05	5.491889088078231e-06	1.9888029740890127e-07	2.2043380617200337e-05	-1.0313496000393916e-06	6.862648644574693e-05	6.796503242332735e-07	-2.762846681242065e-08	5.5989735281433055e-08	-4.8858918681653994e-08	0.1404052765023341	0.21501998241029496	0.00064297710818136	0.005044016548222657	0.01753854026140938	0.05736065341444097	0.05260984551680895	0.7361242811423626	0.05797268277639671	0.6122978662317389	0.00011429729374455999	0.017540127038814905	0.08487724213404943	-4.5601482302709095e-06	0.0009887426119739307
