tloc	tmcCabe	assertionDensity	assertionRoulette	mysteryGuest	eagerTest	sensitiveEquality	resourceOptimism	conditionalTestLogic	fireAndForget	loc	lcom2	lcom5	cbo	wmc	rfc	mpc	halsteadVocabulary	halsteadLength	halsteadVolume	classDataShouldBePrivate	complexClass	spaghettiCode	functionalDecomposition	godClass
6.675984486517827e-05	5.360821179849991e-06	1.466254977301927e-07	2.1590651240692773e-05	-9.017156435507136e-07	6.855513369800179e-05	6.496457374110671e-07	4.4255755769778785e-08	-2.773232310497022e-07	-4.579831487471833e-08	0.14036013018615096	0.21497402251479963	0.0006431458575843782	0.005044092694954895	0.017534613033900845	0.057354479047995816	0.0526053323663047	0.736099450295594	0.057986520691216945	0.61235338202934	0.00011410624029133575	0.01753888873880894	0.08488176185626961	-4.607830166413453e-06	0.0009881686199500197
