tloc	tmcCabe	assertionDensity	assertionRoulette	mysteryGuest	eagerTest	sensitiveEquality	resourceOptimism	conditionalTestLogic	fireAndForget	loc	lcom2	lcom5	cbo	wmc	rfc	mpc	halsteadVocabulary	halsteadLength	halsteadVolume	classDataShouldBePrivate	complexClass	spaghettiCode	functionalDecomposition	godClass
7.22445773268654e-05	5.952671824108093e-06	2.0457973272668466e-07	2.2884765283158048e-05	-5.585087621701063e-07	6.926986885545757e-05	6.979542721135538e-07	-5.540963868966452e-09	4.00328723147588e-07	-3.985434121772256e-08	0.14015634357531068	0.21602248876382688	0.0006458630877342686	0.005071488809420839	0.017508551604142816	0.05687284516106397	0.05221569084548703	0.735611404295444	0.05801224468379303	0.6127261258096012	0.00011533936383956552	0.01748665176941601	0.08465894564159626	-4.579209903651698e-06	0.000995197470718239
-1.0791444248415236e-06	-2.3578766050757103e-05	3.6013609227244858e-06	3.3324931079652825e-05	-1.7319252338373993e-05	0.00021687552856528548	4.0473944936618745e-07	-7.220260341964263e-07	-6.00227785732201e-06	-3.139503655183338e-07	0.04569349194109572	0.8884641326576159	-0.00038048679960552776	-0.005543044520410354	0.009577924119518076	-0.044576745261164494	-0.04707391774913874	0.105559188251071	-0.04436229155165723	-0.43684153914652346	0.0002835751971779746	0.01067526782817831	-0.012725064787284291	1.6473807195918934e-06	-0.0007997091660021723
-0.0006733665035875244	-5.236223343066019e-05	1.5055353056296401e-06	-1.6024625015533473e-06	-9.055930020105553e-05	1.571504633148657e-05	5.154356420987709e-07	-5.265931893432427e-06	-2.8464673665022953e-05	-1.4254846688837394e-06	-0.10194507576540836	-0.3869435350974858	-0.0006712501842526579	-0.007957875374783173	-0.02655892320006029	-0.06768884153169914	-0.05868054888867347	0.6579430451150169	-0.07260630827971375	-0.6213865080372505	-0.0008160753775443671	-0.023307600745265975	0.07881469328093813	2.4123275457147166e-05	-0.007036347997886763
0.0003529796084279623	8.417709282994842e-05	8.062241567830143e-06	1.8624972319398464e-05	-8.798462626951562e-05	-0.00022615829170310396	-2.6260518502698102e-06	-7.827630918670964e-06	-2.3288606004606235e-05	-6.907938397143101e-07	0.8747633266906207	-0.0984493448722446	0.0035556087552123367	0.05471664841836933	0.08034445507173961	0.2855716264400814	0.2671266220291874	-0.05000372383317595	-0.04769649516528369	-0.1749529000475076	-0.00032444809630197954	0.0828895382057079	0.14286278838080801	-7.477451384843122e-06	-0.007917276848831036
