tloc	tmcCabe	assertionDensity	assertionRoulette	mysteryGuest	eagerTest	sensitiveEquality	resourceOptimism	conditionalTestLogic	fireAndForget	loc	lcom2	lcom5	cbo	wmc	rfc	mpc	halsteadVocabulary	halsteadLength	halsteadVolume	classDataShouldBePrivate	complexClass	spaghettiCode	functionalDecomposition	godClass
6.925872618068795e-05	5.401727386747049e-06	1.9941758416531597e-07	2.212737471822524e-05	-8.712680506952469e-07	6.880504189389808e-05	6.674425791307396e-07	-2.0840552553507692e-08	2.89810688612157e-09	-4.615323800778672e-08	0.14043691250028884	0.21498221838040288	0.0006427382602881544	0.005047092737524611	0.017542585785522553	0.05735404276106409	0.052601679075280475	0.7360341263934856	0.057995278689026396	0.6124171298153988	0.00011445019404918002	0.01753542077223882	0.08483599519357926	-4.619325454300934e-06	0.0009895760627131875
1.7252819179077406e-06	-2.305216497851085e-05	3.601639586001458e-06	3.406319715378494e-05	-1.7009229391900836e-05	0.0002172142366216824	4.342534980490127e-07	-7.06886697569672e-07	-5.618454203853527e-06	-3.0785609422508336e-07	0.045492404569562384	0.8889972500064346	-0.0003767385625868683	-0.005512105082392648	0.009552271377739731	-0.04495734446219569	-0.04736544512905373	0.10560043589799571	-0.0442637042829423	-0.43570501938479955	0.00028433509180504244	0.010635449693882155	-0.012823783086127059	1.6735598274546558e-06	-0.0007921565704389166
-0.0006890936962769465	-5.6626580414162326e-05	1.7020882554625683e-06	-7.5288108543856325e-06	-9.265243088500196e-05	1.3156504903233911e-05	2.7807342018967685e-07	-5.368880525191462e-06	-3.1837689570183174e-05	-1.480568082180667e-06	-0.09529486436726084	-0.3870867084214612	-0.0006891566881782319	-0.00801273591878561	-0.02567313487544243	-0.06160658442385853	-0.05370594793700707	0.6569894042013636	-0.07280645216842954	-0.6242825761289156	-0.0008162834906217955	-0.02223498665796601	0.08043191576385433	2.3742142133849026e-05	-0.0070601768962275276
0.00029260205582179444	6.832724868448507e-05	8.276385978312834e-06	1.687371583316531e-07	-9.24889858700361e-05	-0.00022989401047825796	-3.3844366346452776e-06	-7.955135677499183e-06	-3.396002892142356e-05	-8.616401804656653e-07	0.8691766621954572	-0.09338768546339037	0.0034134908056312	0.053078212249226674	0.08097096094267875	0.2970480281286991	0.27572858971513	-0.056720268235790516	-0.04617633729888454	-0.17053459241695904	-0.0003170908524560664	0.08400628497333865	0.14357092238679356	-8.58076030486549e-06	-0.0077607604387413985
