tloc	tmcCabe	assertionDensity	assertionRoulette	mysteryGuest	eagerTest	sensitiveEquality	resourceOptimism	conditionalTestLogic	fireAndForget	loc	lcom2	lcom5	cbo	wmc	rfc	mpc	halsteadVocabulary	halsteadLength	halsteadVolume	classDataShouldBePrivate	complexClass	spaghettiCode	functionalDecomposition	godClass
0.00012718757948340396	8.512765030155214e-07	1.3526951788645793e-06	4.056368764604633e-05	3.384728577699974e-06	0.00017672582486209093	2.255872920933076e-06	3.516159996391343e-07	8.557908573102863e-06	1.1527515282966065e-07	0.12858415454649283	0.5577254730099286	0.0002496770244611841	0.0008680917480025814	0.017337714972895865	0.01735547458750325	0.012668430214886775	0.7246167340200664	0.036906221221315746	0.3757191537983154	0.00027552084056946344	0.016871242020780778	0.061326994838997784	-6.130941232305478e-06	0.0017807116239699702
-0.0002682321133545543	-4.4482280525768303e-05	4.469279198763726e-06	-2.8917836404266576e-06	-5.823907165837431e-05	7.263020826434774e-05	-5.460007964067738e-06	-3.2035885791233838e-06	-4.844089765430334e-05	-1.3605734921672866e-06	0.05687477156368161	0.736346282199948	0.00011258982442251676	-0.0014476112457281094	0.011842105917446456	0.0012623772910887567	-0.0016102062278568173	-0.2514269534611674	-0.07150870041923932	-0.6210988223707109	9.246840414964113e-06	0.016337852261784334	-0.004521560047380847	1.3755794902211668e-05	-0.005716068749777971
-0.0007790135525744731	-6.924675868493288e-05	2.311920838867988e-06	-1.7763432425775488e-05	-0.00010952022056967115	-1.4304739422516967e-05	-1.9734498416277017e-06	-6.401941036552497e-06	-4.64972033473197e-05	-1.8689728058523864e-06	-0.07325898466878887	-0.35237279858127524	-0.0004839285719955984	-0.007076273355696372	-0.02278784584079361	-0.0428295739917346	-0.035754779525029645	0.6315535700491463	-0.08169603566773496	-0.6722117639423669	-0.0008987197253459695	-0.01803760464669468	0.09472595965352197	2.674189094279422e-05	-0.009030752277222866
0.0018338020010963143	5.043601132231884e-05	1.1127785098404106e-05	6.085053433088222e-05	9.57134222609244e-05	0.00012096984416123945	2.5335434425251073e-05	8.084791083257031e-07	0.00012318301627963895	4.551883951286471e-06	0.9621696066396334	-0.1469944824664579	0.0017216072386421017	0.016829833537868582	0.057032770425152285	0.1460909524946188	0.12432221381145132	-0.034712111647719514	-0.018903703157738608	-0.06835732863240586	0.0007765146214755599	0.04243008955256871	0.0643776340163539	-7.226403251962889e-05	0.010046514253804333
