tloc	tmcCabe	assertionDensity	assertionRoulette	mysteryGuest	eagerTest	sensitiveEquality	resourceOptimism	conditionalTestLogic	fireAndForget	loc	lcom2	lcom5	cbo	wmc	rfc	mpc	halsteadVocabulary	halsteadLength	halsteadVolume	classDataShouldBePrivate	complexClass	spaghettiCode	functionalDecomposition	godClass
6.925657594338503e-05	5.46671508221139e-06	2.0681845692305244e-07	2.2141550067341415e-05	-8.723239379771727e-07	6.88078908266557e-05	6.686209414183074e-07	-2.0956069339250428e-08	1.1672546339784063e-08	-4.502190882189046e-08	0.14043637084885155	0.2150157080348032	0.0006427559090284178	0.005047484353374377	0.01754375439858146	0.05735425216994447	0.052601471653653156	0.7360443547557017	0.05799031081153222	0.6123919382162839	0.00011446558439514627	0.01753790928608815	0.08484772944018944	-4.603694475617684e-06	0.0009896917977272168
7.387960034121771e-07	-2.3061952625451496e-05	3.5847613270114137e-06	3.391115437655336e-05	-1.7064265264274476e-05	0.0002169848238016952	4.2930135236171694e-07	-7.096116921570824e-07	-5.66495936473474e-06	-3.0978241712595395e-07	0.045484747111301176	0.8889805812036755	-0.0003768573043116266	-0.005513744749974247	0.009548010864344052	-0.044962880815532	-0.047369442642085736	0.10558477577111298	-0.04426342305026105	-0.43574203467690636	0.00028425425940992866	0.010629804124248366	-0.012851606143417226	1.6611125649493875e-06	-0.0007928815967974572
