tloc	tmcCabe	assertionDensity	assertionRoulette	mysteryGuest	eagerTest	sensitiveEquality	resourceOptimism	conditionalTestLogic	fireAndForget	loc	lcom2	lcom5	cbo	wmc	rfc	mpc	halsteadVocabulary	halsteadLength	halsteadVolume	classDataShouldBePrivate	complexClass	spaghettiCode	functionalDecomposition	godClass
6.951920911457832e-05	5.470066621061434e-06	2.0696231876209821e-07	2.2210849939662744e-05	-8.517384391943376e-07	6.880050418431465e-05	6.698603617092999e-07	-2.178216024322848e-08	1.2980379338615097e-07	-4.662290028449996e-08	0.14043635778085245	0.2149761536099417	0.0006427188634866427	0.005048303458021293	0.017542836457036623	0.05735426424644811	0.052601869657136695	0.7360324893698854	0.05799631530379578	0.6124211948136586	0.00011444979141947194	0.01753506809413774	0.08483611372927137	-4.617552634908882e-06	0.0009894628695734018
