tloc	tmcCabe	assertionDensity	assertionRoulette	mysteryGuest	eagerTest	sensitiveEquality	resourceOptimism	conditionalTestLogic	fireAndForget	loc	lcom2	lcom5	cbo	wmc	rfc	mpc	halsteadVocabulary	halsteadLength	halsteadVolume	classDataShouldBePrivate	complexClass	spaghettiCode	functionalDecomposition	godClass
6.97408397310599e-05	5.609841943367107e-06	1.6450527756958762e-07	2.2194610092586857e-05	-1.2984450357534747e-06	6.824396220288054e-05	6.432795226074946e-07	-3.803647747369303e-08	1.1462078313278011e-08	-4.934931094986014e-08	0.140546621772992	0.21526593587925047	0.0006431764925809642	0.005058209467772829	0.01755244262075262	0.05741281969062719	0.05265753437349579	0.7361590131350173	0.057938052430073175	0.6121228239054525	0.00011546294448707529	0.017553021120649336	0.08493361078539514	-4.671304870162484e-06	0.0009881743712126926
7.973029005576833e-07	-2.313029189824943e-05	3.6075321804406854e-06	3.402306709997728e-05	-1.6949728305114303e-05	0.00021743742626206193	4.395631771011629e-07	-7.057293145827184e-07	-5.69269940991048e-06	-3.1064772177582515e-07	0.04521164698019929	0.8889885631939732	-0.00037771803178287145	-0.005531500175965355	0.00952124976050637	-0.04509540087399391	-0.0474927486738486	0.10524312868429049	-0.044235086422260254	-0.435809991014994	0.00028353839248723814	0.010610310705065596	-0.012967073520263404	1.681776851536152e-06	-0.0007937902050525356
