tloc	tmcCabe	assertionDensity	assertionRoulette	mysteryGuest	eagerTest	sensitiveEquality	resourceOptimism	conditionalTestLogic	fireAndForget	loc	lcom2	lcom5	cbo	wmc	rfc	mpc	halsteadVocabulary	halsteadLength	halsteadVolume	classDataShouldBePrivate	complexClass	spaghettiCode	functionalDecomposition	godClass
6.867773925176625e-05	5.350892023672846e-06	1.7928045209632205e-07	2.1981766452678836e-05	-9.999463270763422e-07	6.876621407238686e-05	6.580413395403702e-07	-2.8178173675394523e-08	1.0843813016190744e-07	-4.983219153681399e-08	0.14046590707851928	0.21512685388651917	0.0006430127378080737	0.005049007887108277	0.01754536596459496	0.05737670311529677	0.05262315120723772	0.7361386003257167	0.05796578474934404	0.6122241834277861	0.00011437039669172168	0.017547084748499073	0.08489589941408297	-4.651895785908613e-06	0.0009894053210932523
