tloc	tmcCabe	assertionDensity	assertionRoulette	mysteryGuest	eagerTest	sensitiveEquality	resourceOptimism	conditionalTestLogic	fireAndForget	loc	lcom2	lcom5	cbo	wmc	rfc	mpc	halsteadVocabulary	halsteadLength	halsteadVolume	classDataShouldBePrivate	complexClass	spaghettiCode	functionalDecomposition	godClass
6.930919013683156e-05	5.390892028854314e-06	1.8797757731494172e-07	2.199795534276415e-05	-7.536434775896476e-07	6.879377994544802e-05	6.758565707276051e-07	-1.793048916503393e-08	-2.0244882245185958e-08	-4.768507615866698e-08	0.14045624391541153	0.21503707366046934	0.0006427745644774527	0.005047658706632236	0.017544069163669334	0.05736948039753811	0.05261702033020181	0.7360866957031443	0.057978405583765394	0.6123250385362092	0.00011438642017192874	0.017539848622286316	0.0848639250897522	-4.563944581280546e-06	0.000989371744108304
