tloc	tmcCabe	assertionDensity	assertionRoulette	mysteryGuest	eagerTest	sensitiveEquality	resourceOptimism	conditionalTestLogic	fireAndForget	loc	lcom2	lcom5	cbo	wmc	rfc	mpc	halsteadVocabulary	halsteadLength	halsteadVolume	classDataShouldBePrivate	complexClass	spaghettiCode	functionalDecomposition	godClass
6.106443628609781e-05	4.2771503571943455e-06	6.340466988958706e-07	2.220697479920855e-05	-2.2197865003096046e-06	6.7801401339388e-05	5.832816335505557e-07	-2.418040514802548e-09	-5.617718455867254e-07	-6.962717501638929e-08	0.14065686790581558	0.21613484801098645	0.0006460903845808907	0.005046723188146659	0.01755424711802087	0.05756344687149549	0.05280977476677915	0.7372304691032137	0.057666936258941225	0.6104211761406269	0.0001128623584176263	0.017638374957351516	0.08546680155815026	-4.465903707626183e-06	0.0009753904345935402
2.3991784656650305e-06	-2.2817298910107205e-05	3.680167596871305e-06	3.375152977943965e-05	-1.7180534816277956e-05	0.0002180642572179487	4.4872557761942987e-07	-6.485624802709333e-07	-5.4415941375887835e-06	-2.728970703481853e-07	0.04470544761776031	0.8892820160306628	-0.0003867970465445435	-0.005546745207674771	0.00944743188348455	-0.045626855781196206	-0.048001886253653356	0.10309439924928229	-0.044073676266730075	-0.43566265210115346	0.0002834841575074418	0.01044992086551231	-0.013780478186135694	1.4314218200920434e-06	-0.0007968831234577321
