tloc	tmcCabe	assertionDensity	assertionRoulette	mysteryGuest	eagerTest	sensitiveEquality	resourceOptimism	conditionalTestLogic	fireAndForget	loc	lcom2	lcom5	cbo	wmc	rfc	mpc	halsteadVocabulary	halsteadLength	halsteadVolume	classDataShouldBePrivate	complexClass	spaghettiCode	functionalDecomposition	godClass
6.861631547927298e-05	5.351902083704195e-06	1.9567587247983238e-07	2.1962774333523426e-05	-1.060709771008474e-06	6.890266527633425e-05	6.562780995951797e-07	-2.9311850256478317e-08	-2.106481932580422e-07	-3.752597868452377e-08	0.14047303308302314	0.21519434661445022	0.0006431892301933671	0.005046270195086132	0.017550019437661928	0.057385054959590655	0.05263011524901782	0.736117255057744	0.05796003808298454	0.6122204045861942	0.00011474314608292211	0.01755014800733082	0.08491791380422353	-4.525977635537867e-06	0.0009894167047692652
1.5430889533874296e-06	-2.3019216984774804e-05	3.5819512793690134e-06	3.371874090953431e-05	-1.7010457963973183e-05	0.00021571450658219288	4.3441361563772e-07	-7.303135151776258e-07	-5.307123442622965e-06	-3.084938110036062e-07	0.04540914264693098	0.8888008879895491	-0.00037747425134429074	-0.005518876906265015	0.009518810976703254	-0.045080273094515934	-0.047468043545110875	0.10563306854909005	-0.044283721111255905	-0.43607875919950356	0.0002838574068399266	0.010597205005094243	-0.012930553262764146	1.6487779681489627e-06	-0.0007939881850546166
