tloc	tmcCabe	assertionDensity	assertionRoulette	mysteryGuest	eagerTest	sensitiveEquality	resourceOptimism	conditionalTestLogic	fireAndForget	loc	lcom2	lcom5	cbo	wmc	rfc	mpc	halsteadVocabulary	halsteadLength	halsteadVolume	classDataShouldBePrivate	complexClass	spaghettiCode	functionalDecomposition	godClass
6.803379241357117e-05	5.694440635650231e-06	2.223930745037075e-07	2.2237818516056417e-05	-1.0803791824175304e-06	6.827086280286176e-05	6.050024191793055e-07	-2.982965321189196e-08	-7.982948058946955e-07	-5.0513009371928643e-08	0.1406302020626336	0.2164832056430453	0.0006439099164041607	0.005080751939901957	0.017591041656781846	0.05774405665483074	0.05297563795486495	0.7348677733655912	0.05802488473842862	0.6131534308454482	0.00011538522530105622	0.017591834029758315	0.08495025998693985	-4.1645087386658025e-06	0.0009982263882935055
