tloc	tmcCabe	assertionDensity	assertionRoulette	mysteryGuest	eagerTest	sensitiveEquality	resourceOptimism	conditionalTestLogic	fireAndForget	loc	lcom2	lcom5	cbo	wmc	rfc	mpc	halsteadVocabulary	halsteadLength	halsteadVolume	classDataShouldBePrivate	complexClass	spaghettiCode	functionalDecomposition	godClass
6.322140099810149e-05	4.941083354744738e-06	1.3810582614097282e-07	2.209582919725492e-05	-1.3161470491627816e-06	6.823127294481495e-05	6.556455653115177e-07	-2.3541787206362043e-08	-1.0004272401936414e-06	-5.6013879891349717e-08	0.14073999318929928	0.21389919234600063	0.000644207500621312	0.0050758342631725285	0.017518370274395387	0.057756607904459675	0.053015992156946655	0.7377219090435692	0.05765525237606981	0.6105354740878296	0.0001151882094875306	0.017582671103229818	0.08566424073933655	-4.510569885023391e-06	0.0009762199255437868
-5.428452917129567e-06	-2.3090894903969966e-05	3.755001833267138e-06	3.706432956220931e-05	-1.6255414415900674e-05	0.00022418208853557646	4.0571752507025935e-07	-6.265101414923969e-07	-3.336052175746285e-06	-2.9201719083356667e-07	0.044830745634781205	0.887989727810304	-0.0003793751371135295	-0.0056129437208349495	0.009243241107220312	-0.046966933671416036	-0.0492465990299674	0.10746406767686455	-0.044211784574336506	-0.4369317873832915	0.00028899334732583886	0.010234858526079211	-0.01407705587677652	1.5799702676547143e-06	-0.0007708488577230424
