tloc	tmcCabe	assertionDensity	assertionRoulette	mysteryGuest	eagerTest	sensitiveEquality	resourceOptimism	conditionalTestLogic	fireAndForget	loc	lcom2	lcom5	cbo	wmc	rfc	mpc	halsteadVocabulary	halsteadLength	halsteadVolume	classDataShouldBePrivate	complexClass	spaghettiCode	functionalDecomposition	godClass
6.645200258669181e-05	5.2453780176497e-06	1.852431769898929e-07	2.184374198419953e-05	-1.1989546837531945e-06	6.87852145427946e-05	6.420913656732273e-07	-3.595731955023688e-08	-2.5479656701312596e-07	-5.689583280963629e-08	0.14040685039599993	0.21517132759829016	0.0006433922255735054	0.005047681567158857	0.017540693204637674	0.05740533124319755	0.052655250765070494	0.7362800792822969	0.05792685727144862	0.6120382404079515	0.00011302060348242258	0.01755577690613135	0.08498124848039028	-4.463322328061752e-06	0.0009877681140635813
