tloc	tmcCabe	assertionDensity	assertionRoulette	mysteryGuest	eagerTest	sensitiveEquality	resourceOptimism	conditionalTestLogic	fireAndForget	loc	lcom2	lcom5	cbo	wmc	rfc	mpc	halsteadVocabulary	halsteadLength	halsteadVolume	classDataShouldBePrivate	complexClass	spaghettiCode	functionalDecomposition	godClass
6.305241705930395e-05	4.499233901722229e-06	3.3795183242675855e-07	2.286182385446757e-05	-2.4504059979899057e-06	7.157238940437785e-05	4.841055129791354e-07	-2.747911902254326e-07	-1.4453863750140046e-06	-4.892214229590659e-08	0.13966751085231136	0.22154185335870288	0.0006799637891248896	0.0052294861930469476	0.018132821200292446	0.06027720587271427	0.05537304420259648	0.7338290372639485	0.057551085910864996	0.6122478781278483	7.423487351410283e-05	0.01821170718102791	0.0857858677365625	-4.419431605464322e-06	0.0007243716525669018
-8.223424482947133e-06	-2.3946223836410836e-05	3.920349373954717e-06	3.487355912349367e-05	-1.7621270323598632e-05	0.00023179263286274938	1.0689318298397474e-06	-5.193699764700184e-07	-4.368364175968845e-06	-3.1623347807277234e-07	0.030673204445824727	0.8754363872687007	-0.0004729945826627843	-0.006679542792708216	0.007831407908299915	-0.05619944792800888	-0.05791469811315304	0.12462370546021372	-0.045505841002969255	-0.45616839605798104	0.0004091322408786827	0.008692707821376613	-0.016849521547442403	1.6874451466915e-06	-0.0006908292513292206
