tloc	tmcCabe	assertionDensity	assertionRoulette	mysteryGuest	eagerTest	sensitiveEquality	resourceOptimism	conditionalTestLogic	fireAndForget	loc	lcom2	lcom5	cbo	wmc	rfc	mpc	halsteadVocabulary	halsteadLength	halsteadVolume	classDataShouldBePrivate	complexClass	spaghettiCode	functionalDecomposition	godClass
6.809794261978826e-05	5.1858825877376744e-06	1.945301760988154e-07	2.232004806285663e-05	-1.088921560044676e-06	6.891918999072048e-05	6.677022032696876e-07	-3.563594964791123e-08	-2.721343149486481e-07	-4.412088718216993e-08	0.14041217047550322	0.2151008372738676	0.0006429615655417528	0.005041323633865656	0.017542800985951325	0.0573811942161941	0.052628650306218196	0.7362232622085291	0.05794885751589505	0.612140158768637	0.00011416657345287312	0.017553220748840907	0.08492761955469846	-4.551570641104216e-06	0.0009605839084005877
