tloc	tmcCabe	assertionDensity	assertionRoulette	mysteryGuest	eagerTest	sensitiveEquality	resourceOptimism	conditionalTestLogic	fireAndForget	loc	lcom2	lcom5	cbo	wmc	rfc	mpc	halsteadVocabulary	halsteadLength	halsteadVolume	classDataShouldBePrivate	complexClass	spaghettiCode	functionalDecomposition	godClass
5.37203394998893e-05	3.924224725905338e-06	1.854772266061069e-07	2.234052070769315e-05	-1.7413817384996516e-06	6.859635168133e-05	6.375385566840545e-07	-4.8508351819787937e-08	-1.5137728584493106e-06	-9.424180142541962e-08	0.14180595981165073	0.21228909976598892	0.0006600475483116971	0.005127519341865095	0.017660298460063378	0.05833060897031136	0.053567861088151494	0.7420754751396806	0.05708973436667506	0.605430582325492	0.00011642416152916385	0.017693718057656568	0.08612930202125577	-4.611204245910669e-06	0.0010170237533497874
