tloc	tmcCabe	assertionDensity	assertionRoulette	mysteryGuest	eagerTest	sensitiveEquality	resourceOptimism	conditionalTestLogic	fireAndForget	loc	lcom2	lcom5	cbo	wmc	rfc	mpc	halsteadVocabulary	halsteadLength	halsteadVolume	classDataShouldBePrivate	complexClass	spaghettiCode	functionalDecomposition	godClass
7.22445773269724e-05	5.952671824108083e-06	2.045797327266814e-07	2.288476528315795e-05	-5.585087621701532e-07	6.926986885545753e-05	6.97954272113549e-07	-5.540963868968946e-09	4.0032872314755463e-07	-3.985434121772335e-08	0.14015634357531034	0.2160224887638267	0.0006458630877342669	0.0050714888094208375	0.017508551604142813	0.05687284516106389	0.052215690845487	0.7356114042954445	0.058012244683793054	0.612726125809601	0.00011533936383956491	0.017486651769416002	0.08465894564159618	-4.579209903651677e-06	0.0009951974707182378
