tloc	tmcCabe	assertionDensity	assertionRoulette	mysteryGuest	eagerTest	sensitiveEquality	resourceOptimism	conditionalTestLogic	fireAndForget	loc	lcom2	lcom5	cbo	wmc	rfc	mpc	halsteadVocabulary	halsteadLength	halsteadVolume	classDataShouldBePrivate	complexClass	spaghettiCode	functionalDecomposition	godClass
6.687388246749974e-05	5.155753835496749e-06	1.9017856424857456e-07	2.18095667869063e-05	-1.1540425720362614e-06	6.842771369379669e-05	6.902444855961676e-07	-4.716666303294591e-08	-3.7284430246304346e-07	-5.3138305598224e-08	0.14051247183757792	0.21342963371986137	0.0006441851979348119	0.00505646953897491	0.017515752286759886	0.05743970953032782	0.05270474036517647	0.7367426368206103	0.05791655202120981	0.6120536906123322	0.00011445127889854946	0.01751206911390772	0.08504531213445822	-4.386705132420116e-06	0.0009908714104941495
3.3673541047669774e-06	-2.2798820150349904e-05	3.570245878631397e-06	3.4310863030293756e-05	-1.7231590266433308e-05	0.00021879472199952887	4.3889405370083635e-07	-7.5602285321136e-07	-6.17031740344547e-06	-3.02043664828863e-07	0.04620279668670959	0.8876871237904934	-0.0003737369943963824	-0.005501500452818182	0.009556567783239456	-0.04494314932430796	-0.04732159644913891	0.10886282795398874	-0.044496249675544025	-0.4374883740707068	0.0002864653090108175	0.01061428234093939	-0.012465488579323517	1.589531002356181e-06	-0.000790644262767428
