tloc	tmcCabe	assertionDensity	assertionRoulette	mysteryGuest	eagerTest	sensitiveEquality	resourceOptimism	conditionalTestLogic	fireAndForget	loc	lcom2	lcom5	cbo	wmc	rfc	mpc	halsteadVocabulary	halsteadLength	halsteadVolume	classDataShouldBePrivate	complexClass	spaghettiCode	functionalDecomposition	godClass
6.812763185063832e-05	5.225503085513426e-06	2.4882642202399054e-07	2.1945077701105188e-05	-1.1744825416269224e-06	6.897937710719617e-05	6.507916654947093e-07	-4.138970214706022e-08	-1.3524387713339485e-07	-4.682808114608604e-08	0.14041454389546942	0.21507664626581185	0.0006431975907700837	0.005045549482388784	0.017541347024528142	0.057377834931020576	0.0526266790003855	0.7361830599830638	0.05795718900030408	0.6121991637584804	0.0001141832462700592	0.017544020881736174	0.08490756789496422	-4.577458038219734e-06	0.0009890846797576279
2.1271781422336835e-06	-2.308676205844035e-05	3.6013318210085663e-06	3.41369242106944e-05	-1.6937321163100397e-05	0.00021683847740753637	4.379457945635209e-07	-6.882176479353559e-07	-5.622727498508184e-06	-3.015230451670355e-07	0.04542720029636572	0.888989789198539	-0.00037773233792684995	-0.005515148888559573	0.00953935410814466	-0.045012385454792275	-0.04741653479634743	0.10541569943241838	-0.04425433596412006	-0.43575986057256266	0.0002844327713573125	0.010624280531679634	-0.012896184497721747	1.6407433159791482e-06	-0.0007961388027326721
