tloc	tmcCabe	assertionDensity	assertionRoulette	mysteryGuest	eagerTest	sensitiveEquality	resourceOptimism	conditionalTestLogic	fireAndForget	loc	lcom2	lcom5	cbo	wmc	rfc	mpc	halsteadVocabulary	halsteadLength	halsteadVolume	classDataShouldBePrivate	complexClass	spaghettiCode	functionalDecomposition	godClass
6.524452008712375e-05	5.068849304149788e-06	1.1681464198971518e-07	2.1863554379163934e-05	-4.7420483731512974e-07	6.772213618721561e-05	6.307888951955694e-07	-9.789232309729066e-08	-3.79367127330006e-07	-7.268221512014309e-08	0.14094318779327084	0.2162473882805703	0.0006456504719649569	0.005068669576316743	0.017601755243462715	0.05770048616949549	0.052938472414652375	0.7375020322810112	0.0575808470357517	0.609946763712068	0.00011716066869692666	0.017671481486379172	0.08562469130049526	-4.418767288822693e-06	0.0007606631563881619
1.917397169439242e-05	-2.267148133227338e-05	3.698948078203059e-06	3.710677060686062e-05	-7.892542664548099e-06	0.00022022487290678642	4.079935303451548e-07	-4.96481758626434e-07	-3.7207057754222545e-06	-2.645583523481421e-07	0.04123620176184493	0.8849961212934122	-0.00040443736810009126	-0.005918291082163855	0.008805993274692772	-0.048987573624575065	-0.051107844936433514	0.1104994914465799	-0.04452591443689359	-0.4421138823564301	0.00022206960147041647	0.009808098809925014	-0.014240158735590832	1.4934516440924684e-06	-0.0006714111987881808
