tloc	tmcCabe	assertionDensity	assertionRoulette	mysteryGuest	eagerTest	sensitiveEquality	resourceOptimism	conditionalTestLogic	fireAndForget	loc	lcom2	lcom5	cbo	wmc	rfc	mpc	halsteadVocabulary	halsteadLength	halsteadVolume	classDataShouldBePrivate	complexClass	spaghettiCode	functionalDecomposition	godClass
6.941149391007316e-05	5.43623928177812e-06	2.0663299006828116e-07	2.213062524331024e-05	-8.337055359797671e-07	6.883309152697911e-05	6.635645886472312e-07	-1.92447765903092e-08	4.344330404034711e-08	-4.536008567608808e-08	0.14045233262039	0.2149957656073255	0.0006425751342316094	0.005047442572647241	0.01754314846895361	0.057354845202995275	0.05260224104626007	0.7360374606237223	0.05799377963861503	0.6124041961771287	0.00011455027529464604	0.017535187917966173	0.08484061587123048	-4.610637240331018e-06	0.0009898554365738064
