tloc	tmcCabe	assertionDensity	assertionRoulette	mysteryGuest	eagerTest	sensitiveEquality	resourceOptimism	conditionalTestLogic	fireAndForget	loc	lcom2	lcom5	cbo	wmc	rfc	mpc	halsteadVocabulary	halsteadLength	halsteadVolume	classDataShouldBePrivate	complexClass	spaghettiCode	functionalDecomposition	godClass
6.925872618076586e-05	5.4017273867469834e-06	1.9941758416531536e-07	2.212737471822517e-05	-8.712680506952447e-07	6.880504189389805e-05	6.674425791307361e-07	-2.0840552553506422e-08	2.898106886105065e-09	-4.6153238007787223e-08	0.14043691250028875	0.21498221838040318	0.0006427382602881531	0.0050470927375246	0.017542585785522542	0.057354042761064025	0.052601679075280364	0.7360341263934856	0.05799527868902628	0.6124171298153989	0.00011445019404917993	0.017535420772238783	0.08483599519357915	-4.619325454300928e-06	0.000989576062713184
