tloc	tmcCabe	assertionDensity	assertionRoulette	mysteryGuest	eagerTest	sensitiveEquality	resourceOptimism	conditionalTestLogic	fireAndForget	loc	lcom2	lcom5	cbo	wmc	rfc	mpc	halsteadVocabulary	halsteadLength	halsteadVolume	classDataShouldBePrivate	complexClass	spaghettiCode	functionalDecomposition	godClass
0.00012718757948326453	8.51276503015544e-07	1.3526951788645795e-06	4.0563687646046324e-05	3.384728577699915e-06	0.00017672582486209069	2.255872920933076e-06	3.516159996391311e-07	8.557908573102824e-06	1.1527515282965989e-07	0.12858415454649288	0.5577254730099281	0.00024967702446118353	0.0008680917480025787	0.017337714972895896	0.01735547458750324	0.012668430214886773	0.7246167340200671	0.036906221221315705	0.37571915379831483	0.000275520840569463	0.016871242020780757	0.06132699483899772	-6.130941232305465e-06	0.0017807116239699713
