tloc	tmcCabe	assertionDensity	assertionRoulette	mysteryGuest	eagerTest	sensitiveEquality	resourceOptimism	conditionalTestLogic	fireAndForget	loc	lcom2	lcom5	cbo	wmc	rfc	mpc	halsteadVocabulary	halsteadLength	halsteadVolume	classDataShouldBePrivate	complexClass	spaghettiCode	functionalDecomposition	godClass
6.675984486529973e-05	5.360821179849979e-06	1.4662549773019418e-07	2.15906512406927e-05	-9.01715643550761e-07	6.855513369800155e-05	6.496457374110643e-07	4.4255755769775324e-08	-2.773232310497446e-07	-4.579831487471885e-08	0.140360130186151	0.21497402251479936	0.0006431458575843797	0.005044092694954905	0.017534613033900855	0.05735447904799598	0.05260533236630477	0.7360994502955942	0.05798652069121692	0.6123533820293399	0.00011410624029133515	0.01753888873880896	0.08488176185626962	-4.607830166413449e-06	0.0009881686199500136
