tloc	tmcCabe	assertionDensity	assertionRoulette	mysteryGuest	eagerTest	sensitiveEquality	resourceOptimism	conditionalTestLogic	fireAndForget	loc	lcom2	lcom5	cbo	wmc	rfc	mpc	halsteadVocabulary	halsteadLength	halsteadVolume	classDataShouldBePrivate	complexClass	spaghettiCode	functionalDecomposition	godClass
7.035384385342236e-05	5.408630027568035e-06	2.257610275459049e-07	2.2716162789740215e-05	-9.351003779009317e-07	6.819116671747838e-05	6.587759835859199e-07	-2.4775368953459772e-08	5.082332288055353e-08	-4.708041736032856e-08	0.14044537323010475	0.2145869535971084	0.0006433875266395725	0.00504909280666969	0.01752630769911612	0.05741227247948616	0.052666186774091434	0.7361190039005991	0.05798315457352106	0.6124279486086559	0.00011445857076862278	0.01752065724994623	0.08494326070081357	-4.5584237408117e-06	0.0009903961774290276
