tloc	tmcCabe	assertionDensity	assertionRoulette	mysteryGuest	eagerTest	sensitiveEquality	resourceOptimism	conditionalTestLogic	fireAndForget	loc	lcom2	lcom5	cbo	wmc	rfc	mpc	halsteadVocabulary	halsteadLength	halsteadVolume	classDataShouldBePrivate	complexClass	spaghettiCode	functionalDecomposition	godClass
6.92565759431978e-05	5.466715082211339e-06	2.0681845692307192e-07	2.2141550067341604e-05	-8.723239379771968e-07	6.880789082665667e-05	6.68620941418322e-07	-2.0956069339252228e-08	1.1672546339845822e-08	-4.502190882189067e-08	0.14043637084885177	0.21501570803480616	0.0006427559090284158	0.005047484353374356	0.017543754398581475	0.057354252169944164	0.052601471653652906	0.7360443547557025	0.05799031081153193	0.6123919382162807	0.00011446558439514714	0.017537909286088164	0.08484772944018937	-4.603694475617695e-06	0.0009896917977272226
7.387960035767136e-07	-2.3061952625607746e-05	3.584761327011415e-06	3.3911154376553324e-05	-1.7064265264274625e-05	0.00021698482380169497	4.293013523617343e-07	-7.096116921570924e-07	-5.664959364734678e-06	-3.097824171259552e-07	0.0454847471112998	0.8889805812036721	-0.0003768573043116345	-0.005513744749974331	0.0095480108643438	-0.04496288081553281	-0.04736944264208651	0.10558477577111332	-0.044263423050261506	-0.43574203467691175	0.0002842542594099249	0.010629804124248129	-0.01285160614341755	1.6611125649494662e-06	-0.0007928815967974638
