tloc	tmcCabe	assertionDensity	assertionRoulette	mysteryGuest	eagerTest	sensitiveEquality	resourceOptimism	conditionalTestLogic	fireAndForget	loc	lcom2	lcom5	cbo	wmc	rfc	mpc	halsteadVocabulary	halsteadLength	halsteadVolume	classDataShouldBePrivate	complexClass	spaghettiCode	functionalDecomposition	godClass
6.974083973117593e-05	5.609841943367081e-06	1.645052775695773e-07	2.2194610092586715e-05	-1.298445035753551e-06	6.824396220287992e-05	6.432795226074767e-07	-3.803647747369864e-08	1.1462078313165086e-08	-4.934931094986193e-08	0.14054662177299163	0.215265935879249	0.0006431764925809648	0.00505820946777283	0.017552442620752583	0.05741281969062738	0.052657534373495976	0.7361590131350172	0.057938052430073265	0.6121228239054528	0.00011546294448707378	0.01755302112064933	0.08493361078539521	-4.671304870162451e-06	0.0009881743712126826
7.973029005784317e-07	-2.313029189803362e-05	3.607532180440693e-06	3.402306709997736e-05	-1.6949728305114645e-05	0.0002174374262620622	4.395631771011663e-07	-7.057293145827393e-07	-5.6926994099105795e-06	-3.106477217758319e-07	0.04521164698019927	0.8889885631939718	-0.0003777180317828733	-0.005531500175965382	0.009521249760506272	-0.04509540087399401	-0.04749274867384868	0.10524312868429345	-0.04423508642226042	-0.4358099910149947	0.00028353839248723516	0.010610310705065573	-0.012967073520262844	1.6817768515362486e-06	-0.000793790205052572
