tloc	tmcCabe	assertionDensity	assertionRoulette	mysteryGuest	eagerTest	sensitiveEquality	resourceOptimism	conditionalTestLogic	fireAndForget	loc	lcom2	lcom5	cbo	wmc	rfc	mpc	halsteadVocabulary	halsteadLength	halsteadVolume	classDataShouldBePrivate	complexClass	spaghettiCode	functionalDecomposition	godClass
6.951920911480004e-05	5.470066621061665e-06	2.0696231876205512e-07	2.2210849939662334e-05	-8.517384391941456e-07	6.880050418431224e-05	6.698603617092938e-07	-2.178216024322107e-08	1.2980379338621474e-07	-4.662290028449619e-08	0.14043635778085195	0.2149761536099315	0.0006427188634866467	0.0050483034580213505	0.017542836457036522	0.05735426424644858	0.052601869657137194	0.7360324893698849	0.057996315303796155	0.6124211948136631	0.00011444979141946852	0.017535068094137587	0.08483611372927145	-4.617552634908896e-06	0.0009894628695734215
