tloc	tmcCabe	assertionDensity	assertionRoulette	mysteryGuest	eagerTest	sensitiveEquality	resourceOptimism	conditionalTestLogic	fireAndForget	loc	lcom2	lcom5	cbo	wmc	rfc	mpc	halsteadVocabulary	halsteadLength	halsteadVolume	classDataShouldBePrivate	complexClass	spaghettiCode	functionalDecomposition	godClass
6.867773925191772e-05	5.350892023672734e-06	1.7928045209632898e-07	2.1981766452678812e-05	-9.99946327076444e-07	6.876621407238711e-05	6.580413395403605e-07	-2.8178173675400122e-08	1.0843813016180528e-07	-4.98321915368158e-08	0.14046590707851914	0.2151268538865214	0.0006430127378080731	0.005049007887108256	0.017545365964594967	0.05737670311529666	0.05262315120723765	0.7361386003257171	0.0579657847493439	0.6122241834277847	0.0001143703966917222	0.01754708474849909	0.0848958994140829	-4.651895785908581e-06	0.0009894053210932519
