tloc	tmcCabe	assertionDensity	assertionRoulette	mysteryGuest	eagerTest	sensitiveEquality	resourceOptimism	conditionalTestLogic	fireAndForget	loc	lcom2	lcom5	cbo	wmc	rfc	mpc	halsteadVocabulary	halsteadLength	halsteadVolume	classDataShouldBePrivate	complexClass	spaghettiCode	functionalDecomposition	godClass
6.915860879733032e-05	5.315114143385613e-06	1.9478046555196237e-07	2.2078756819583793e-05	-9.459639873135084e-07	6.916199034175467e-05	7.332914302977617e-07	-2.4455324153084725e-08	-6.894644623872545e-08	-4.79543156545097e-08	0.14070225542304207	0.2152385506497753	0.0006426991222981481	0.005047848983664924	0.0175553401458086	0.0573716429906519	0.052613807807901425	0.7360134603109808	0.057976129318223255	0.6122881436998262	0.0001143901529861089	0.017543770018721778	0.08484596504330709	-4.631969855705805e-06	0.0009892151933109084
2.39735228093534e-06	-2.2624073295757246e-05	3.643382122290743e-06	3.44699224391464e-05	-1.665976286402742e-05	0.00021538637616441068	1.4316591808967537e-07	-6.89806298225901e-07	-5.2505143174109915e-06	-2.9926971073963516e-07	0.04393999242597532	0.8888170559573183	-0.0003812507075872923	-0.005532258317552231	0.009472072581008215	-0.04520406436343662	-0.04757545667037959	0.1059301804407613	-0.04427210153581854	-0.4361032388707306	0.0002851853926529526	0.010568251249448678	-0.012903978327181213	1.7447273609478052e-06	-0.0007923397920612742
-0.0006954817428759514	-5.79151158293605e-05	1.5448556152807824e-06	-9.232523980664786e-06	-9.40048936434685e-05	1.618921824527425e-05	8.069789512828859e-07	-5.44153974195254e-06	-3.2939242575310774e-05	-1.5104288521456685e-06	-0.09064281638451174	-0.3882028627217892	-0.0006672317273585018	-0.007928210780346506	-0.025440477550769496	-0.06082074006584958	-0.05302111375269421	0.6566830238792903	-0.0729291790982151	-0.62468871475428	-0.0008213804244602213	-0.02204247023848601	0.08085152066810354	2.358294691305522e-05	-0.00708772489195005
