tloc	tmcCabe	assertionDensity	assertionRoulette	mysteryGuest	eagerTest	sensitiveEquality	resourceOptimism	conditionalTestLogic	fireAndForget	loc	lcom2	lcom5	cbo	wmc	rfc	mpc	halsteadVocabulary	halsteadLength	halsteadVolume	classDataShouldBePrivate	complexClass	spaghettiCode	functionalDecomposition	godClass
8.44099477205016e-05	1.2448319008195389e-05	-7.682206833820716e-07	1.033718496010194e-05	3.0943776135792833e-06	9.032362756031354e-06	-1.0268725151603278e-07	1.726013238708277e-07	2.585719951675632e-06	3.6721097850046945e-08	0.138275320573908	0.025763416938173175	0.0007472949210277085	0.006595296824865384	0.016202876754518453	0.07025973462460967	0.06572969591494637	0.6792481272994118	0.06735163928229838	0.7050433357925594	5.575559807573287e-05	0.01602558201625272	0.08598789432205542	-5.268486072660139e-06	0.001286179724480592
0.0003967345426695254	1.763757966093413e-05	-2.0338890035634172e-06	1.5138942463141395e-05	1.8990591859970114e-06	0.0001847881340468452	1.4383031760564172e-06	7.36035892068594e-07	1.4683949787224467e-05	1.673176219097403e-07	0.13930109503241447	0.9881590129352468	-3.440379082482066e-05	0.0022670977854368597	0.024943284928542683	0.019280829155180725	0.010551100915990009	-0.03072487722866379	-0.003277965247155321	-0.036370809783197386	0.0005991653064831424	0.0253149725163871	-0.010036940031743869	-8.675541973845691e-06	0.002616728820760999
