tloc	tmcCabe	assertionDensity	assertionRoulette	mysteryGuest	eagerTest	sensitiveEquality	resourceOptimism	conditionalTestLogic	fireAndForget	loc	lcom2	lcom5	cbo	wmc	rfc	mpc	halsteadVocabulary	halsteadLength	halsteadVolume	classDataShouldBePrivate	complexClass	spaghettiCode	functionalDecomposition	godClass
6.930919013677958e-05	5.39089202885424e-06	1.8797757731494391e-07	2.199795534276414e-05	-7.536434775897354e-07	6.879377994544826e-05	6.758565707275913e-07	-1.7930489165039747e-08	-2.0244882245265542e-08	-4.76850761586692e-08	0.1404562439154115	0.2150370736604709	0.0006427745644774522	0.005047658706632228	0.017544069163669348	0.057369480397538	0.05261702033020179	0.7360866957031449	0.05797840558376527	0.6123250385362081	0.00011438642017192866	0.017539848622286334	0.08486392508975217	-4.563944581280512e-06	0.0009893717441083053
