tloc	tmcCabe	assertionDensity	assertionRoulette	mysteryGuest	eagerTest	sensitiveEquality	resourceOptimism	conditionalTestLogic	fireAndForget	loc	lcom2	lcom5	cbo	wmc	rfc	mpc	halsteadVocabulary	halsteadLength	halsteadVolume	classDataShouldBePrivate	complexClass	spaghettiCode	functionalDecomposition	godClass
6.106443628596891e-05	4.277150357194392e-06	6.340466988958621e-07	2.2206974799208503e-05	-2.219786500309605e-06	6.780140133938743e-05	5.83281633550553e-07	-2.4180405148033626e-09	-5.617718455867278e-07	-6.962717501638954e-08	0.14065686790581544	0.21613484801098407	0.0006460903845808924	0.005046723188146672	0.017554247118020845	0.05756344687149567	0.05280977476677933	0.7372304691032137	0.05766693625894131	0.6104211761406284	0.0001128623584176258	0.017638374957351512	0.08546680155815038	-4.465903707626174e-06	0.0009753904345935379
2.3991784656599094e-06	-2.2817298910306587e-05	3.680167596871304e-06	3.375152977943974e-05	-1.718053481627809e-05	0.00021806425721794875	4.487255776194201e-07	-6.485624802709428e-07	-5.441594137588869e-06	-2.728970703481882e-07	0.044705447617760005	0.8892820160306638	-0.00038679704654454304	-0.005546745207674767	0.009447431883484588	-0.045626855781196095	-0.04800188625365317	0.10309439924928498	-0.044073676266730095	-0.4356626521011524	0.0002834841575074414	0.010449920865512385	-0.013780478186135321	1.431421820092082e-06	-0.0007968831234577458
