tloc	tmcCabe	assertionDensity	assertionRoulette	mysteryGuest	eagerTest	sensitiveEquality	resourceOptimism	conditionalTestLogic	fireAndForget	loc	lcom2	lcom5	cbo	wmc	rfc	mpc	halsteadVocabulary	halsteadLength	halsteadVolume	classDataShouldBePrivate	complexClass	spaghettiCode	functionalDecomposition	godClass
6.861631547934472e-05	5.351902083704353e-06	1.9567587247981234e-07	2.196277433352329e-05	-1.0607097710083484e-06	6.890266527633315e-05	6.562780995951856e-07	-2.9311850256471094e-08	-2.1064819325797038e-07	-3.752597868452128e-08	0.1404730330830229	0.215194346614445	0.0006431892301933705	0.005046270195086156	0.017550019437661893	0.05738505495959087	0.05263011524901796	0.7361172550577434	0.05796003808298475	0.6122204045861972	0.00011474314608292069	0.01755014800733077	0.08491791380422349	-4.5259776355378895e-06	0.0009894167047692797
1.543088953330986e-06	-2.3019216984775512e-05	3.58195127936902e-06	3.3718740909534596e-05	-1.701045796397313e-05	0.0002157145065821936	4.3441361563773573e-07	-7.303135151776208e-07	-5.3071234426228975e-06	-3.0849381100360215e-07	0.045409142646931966	0.888800887989551	-0.00037747425134428695	-0.005518876906264955	0.00951881097670338	-0.0450802730945155	-0.04746804354511052	0.10563306854909386	-0.0442837211112555	-0.4360787591994993	0.0002838574068399288	0.010597205005094422	-0.01293055326276376	1.6487779681488835e-06	-0.00079398818505461
