tloc	tmcCabe	assertionDensity	assertionRoulette	mysteryGuest	eagerTest	sensitiveEquality	resourceOptimism	conditionalTestLogic	fireAndForget	loc	lcom2	lcom5	cbo	wmc	rfc	mpc	halsteadVocabulary	halsteadLength	halsteadVolume	classDataShouldBePrivate	complexClass	spaghettiCode	functionalDecomposition	godClass
6.803379241340158e-05	5.694440635650338e-06	2.223930745036835e-07	2.223781851605624e-05	-1.080379182417392e-06	6.827086280286071e-05	6.050024191793049e-07	-2.982965321188464e-08	-7.98294805894639e-07	-5.051300937192641e-08	0.14063020206263319	0.21648320564304052	0.000643909916404162	0.005080751939901968	0.01759104165678175	0.05774405665483089	0.05297563795486513	0.7348677733655905	0.05802488473842885	0.6131534308454505	0.00011538522530105463	0.017591834029758224	0.08495025998693988	-4.164508738665811e-06	0.0009982263882935124
