tloc	tmcCabe	assertionDensity	assertionRoulette	mysteryGuest	eagerTest	sensitiveEquality	resourceOptimism	conditionalTestLogic	fireAndForget	loc	lcom2	lcom5	cbo	wmc	rfc	mpc	halsteadVocabulary	halsteadLength	halsteadVolume	classDataShouldBePrivate	complexClass	spaghettiCode	functionalDecomposition	godClass
6.64520025865336e-05	5.245378017649808e-06	1.8524317698986876e-07	2.184374198419923e-05	-1.1989546837531494e-06	6.878521454279301e-05	6.420913656732119e-07	-3.5957319550237316e-08	-2.5479656701317583e-07	-5.689583280963542e-08	0.1404068503959996	0.21517132759828464	0.000643392225573509	0.005047681567158892	0.017540693204637647	0.05740533124319799	0.05265525076507091	0.736280079282295	0.05792685727144889	0.6120382404079545	0.00011302060348242039	0.017555776906131297	0.08498124848039039	-4.463322328061746e-06	0.000987768114063582
