tloc	tmcCabe	assertionDensity	assertionRoulette	mysteryGuest	eagerTest	sensitiveEquality	resourceOptimism	conditionalTestLogic	fireAndForget	loc	lcom2	lcom5	cbo	wmc	rfc	mpc	halsteadVocabulary	halsteadLength	halsteadVolume	classDataShouldBePrivate	complexClass	spaghettiCode	functionalDecomposition	godClass
6.305241705922954e-05	4.499233901722242e-06	3.379518324267645e-07	2.2861823854467604e-05	-2.4504059979899887e-06	7.157238940437787e-05	4.841055129791433e-07	-2.74791190225437e-07	-1.4453863750140366e-06	-4.8922142295907815e-08	0.13966751085231147	0.22154185335870297	0.0006799637891248908	0.0052294861930469675	0.018132821200292474	0.06027720587271437	0.05537304420259661	0.7338290372639487	0.057551085910864955	0.612247878127848	7.423487351410268e-05	0.018211707181027922	0.0857858677365626	-4.419431605464322e-06	0.0007243716525668921
-8.223424482916537e-06	-2.3946223836471535e-05	3.920349373954689e-06	3.487355912349371e-05	-1.762127032359884e-05	0.00023179263286274946	1.0689318298397489e-06	-5.193699764700345e-07	-4.368364175968949e-06	-3.1623347807277314e-07	0.03067320444582309	0.8754363872686978	-0.00047299458266279146	-0.006679542792708288	0.007831407908299582	-0.056199447928009516	-0.057914698113153584	0.1246237054602178	-0.04550584100296962	-0.4561683960579847	0.0004091322408786785	0.00869270782137641	-0.016849521547442316	1.6874451466916268e-06	-0.0006908292513292498
