tloc	tmcCabe	assertionDensity	assertionRoulette	mysteryGuest	eagerTest	sensitiveEquality	resourceOptimism	conditionalTestLogic	fireAndForget	loc	lcom2	lcom5	cbo	wmc	rfc	mpc	halsteadVocabulary	halsteadLength	halsteadVolume	classDataShouldBePrivate	complexClass	spaghettiCode	functionalDecomposition	godClass
6.943297850813382e-05	5.4466178930599895e-06	2.0418866056988902e-07	2.2148999552511536e-05	-8.265892654285448e-07	6.877669141828129e-05	6.690072700836273e-07	-1.8785726949057463e-08	3.7000363491954334e-08	-4.495063080462445e-08	0.14042685173537117	0.2148693126796638	0.0006427746648110627	0.005047689692198198	0.017540020161430477	0.05735142415352007	0.05259972019417377	0.7360279834893542	0.05800282935334984	0.6124673679903805	0.00011430385134346275	0.01753074760311072	0.08482858720910597	-4.616654482550059e-06	0.0009897986671951846
-9.30241752500866e-06	-2.4512543734573603e-05	3.827266671750696e-06	3.560721244310372e-05	-1.6738403110054032e-05	0.00020901294340884213	3.8627617735240514e-07	-7.79256450493517e-07	-5.533654447018875e-06	-2.854144625141601e-07	0.04114569600023463	0.8844421677664644	-0.0003880925119169282	-0.005743074152904889	0.00873803615576939	-0.04700140847842807	-0.04914822000958775	0.11416077542170702	-0.044890938065715605	-0.4427502825832596	0.0002320412893060813	0.00977288639594771	-0.012765440027286456	1.9688671091150588e-06	-0.0008121454931627036
-0.000681404539040291	-5.3838013044619396e-05	9.965773969525312e-07	-1.3474285660802001e-05	-9.779033960086759e-05	3.646822743687445e-05	4.1077773837190525e-07	-5.3928517412417015e-06	-3.371465250182142e-05	-1.6215402109297e-06	-0.08163561800032916	-0.39958380220036854	-0.0006594201558177669	-0.007274764736179566	-0.023807537059874238	-0.055440041017123076	-0.04813897519793083	0.6544176590372681	-0.07336043552093956	-0.6216326266417403	-0.0006839563366141259	-0.02005484936223409	0.08443565376027411	2.368372386438508e-05	-0.007309108569029052
