tloc	tmcCabe	assertionDensity	assertionRoulette	mysteryGuest	eagerTest	sensitiveEquality	resourceOptimism	conditionalTestLogic	fireAndForget	loc	lcom2	lcom5	cbo	wmc	rfc	mpc	halsteadVocabulary	halsteadLength	halsteadVolume	classDataShouldBePrivate	complexClass	spaghettiCode	functionalDecomposition	godClass
6.809794261971146e-05	5.185882587737787e-06	1.9453017609878957e-07	2.2320048062856426e-05	-1.0889215600444925e-06	6.89191899907194e-05	6.677022032696933e-07	-3.563594964790099e-08	-2.721343149485671e-07	-4.412088718216662e-08	0.1404121704755025	0.2151008372738613	0.0006429615655417525	0.005041323633865666	0.017542800985951207	0.05738119421619417	0.05262865030621827	0.7362232622085284	0.057948857515895305	0.6121401587686391	0.0001141665734528715	0.017553220748840755	0.0849276195546985	-4.551570641104225e-06	0.0009605839084005978
