tloc	tmcCabe	assertionDensity	assertionRoulette	mysteryGuest	eagerTest	sensitiveEquality	resourceOptimism	conditionalTestLogic	fireAndForget	loc	lcom2	lcom5	cbo	wmc	rfc	mpc	halsteadVocabulary	halsteadLength	halsteadVolume	classDataShouldBePrivate	complexClass	spaghettiCode	functionalDecomposition	godClass
6.687388246763172e-05	5.155753835496807e-06	1.9017856424856185e-07	2.1809566786906146e-05	-1.1540425720362102e-06	6.842771369379571e-05	6.902444855961704e-07	-4.716666303294474e-08	-3.7284430246302244e-07	-5.313830559822256e-08	0.14051247183757765	0.21342963371985685	0.0006441851979348144	0.005056469538974945	0.017515752286759834	0.057439709530328016	0.05270474036517668	0.7367426368206108	0.0579165520212099	0.6120536906123335	0.00011445127889854778	0.017512069113907673	0.08504531213445825	-4.386705132420124e-06	0.0009908714104941536
3.367354104701548e-06	-2.2798820150291052e-05	3.5702458786314426e-06	3.4310863030293845e-05	-1.7231590266435076e-05	0.00021879472199952982	4.38894053700863e-07	-7.560228532114567e-07	-6.170317403445942e-06	-3.0204366482889175e-07	0.04620279668670863	0.8876871237904865	-0.0003737369943963933	-0.00550150045281832	0.009556567783239048	-0.044943149324308866	-0.04732159644913984	0.10886282795400506	-0.04449624967554504	-0.43748837407071633	0.00028646530901080275	0.010614282340939021	-0.012465488579321655	1.5895310023565778e-06	-0.0007906442627675438
