tloc	tmcCabe	assertionDensity	assertionRoulette	mysteryGuest	eagerTest	sensitiveEquality	resourceOptimism	conditionalTestLogic	fireAndForget	loc	lcom2	lcom5	cbo	wmc	rfc	mpc	halsteadVocabulary	halsteadLength	halsteadVolume	classDataShouldBePrivate	complexClass	spaghettiCode	functionalDecomposition	godClass
6.812763185059379e-05	5.2255030855134505e-06	2.488264220239863e-07	2.1945077701105177e-05	-1.1744825416269033e-06	6.897937710719588e-05	6.50791665494708e-07	-4.1389702147058816e-08	-1.3524387713339212e-07	-4.6828081146085294e-08	0.1404145438954692	0.21507664626581116	0.0006431975907700854	0.00504554948238878	0.0175413470245281	0.0573778349310206	0.05262667900038553	0.736183059983063	0.05795718900030407	0.6121991637584812	0.00011418324627005903	0.01754402088173616	0.08490756789496419	-4.577458038219736e-06	0.0009890846797576316
2.127178142162489e-06	-2.308676205844615e-05	3.6013318210085553e-06	3.413692421069427e-05	-1.6937321163100408e-05	0.00021683847740753626	4.379457945635005e-07	-6.882176479353563e-07	-5.622727498508268e-06	-3.015230451670364e-07	0.04542720029636563	0.8889897891985395	-0.0003777323379268481	-0.005515148888559555	0.009539354108144691	-0.04501238545479216	-0.047416534796347234	0.10541569943241856	-0.044254335964119915	-0.4357598605725615	0.0002844327713573129	0.010624280531679615	-0.012896184497721608	1.6407433159791528e-06	-0.0007961388027326774
