tloc	tmcCabe	assertionDensity	assertionRoulette	mysteryGuest	eagerTest	sensitiveEquality	resourceOptimism	conditionalTestLogic	fireAndForget	loc	lcom2	lcom5	cbo	wmc	rfc	mpc	halsteadVocabulary	halsteadLength	halsteadVolume	classDataShouldBePrivate	complexClass	spaghettiCode	functionalDecomposition	godClass
6.895158356535645e-05	5.382261519966381e-06	2.0877070928848872e-07	2.182392462624812e-05	-6.554039654989709e-07	6.793977028801175e-05	6.518429872034112e-07	-1.140037491818027e-08	2.0481726649157196e-08	-3.7522058603074014e-08	0.1405434900401487	0.2151328492514321	0.0006429572927367992	0.0050576832351027145	0.01750527012173595	0.057430521830980144	0.052689018728034095	0.736263261901582	0.05793004001533114	0.6120385857977773	0.00011503216057177938	0.01749106133700501	0.08497588431599583	-4.599738500128257e-06	0.0009934147527316888
2.1140751866909872e-06	-2.2919458809202523e-05	3.5771450638235135e-06	3.41511503242315e-05	-1.7188623079059643e-05	0.0002175645138654738	4.521034616929882e-07	-7.167293514885748e-07	-5.571436446503566e-06	-3.136795604188392e-07	0.045362467607151985	0.8889629899844929	-0.00037676272216628244	-0.005525058170121292	0.009557301393127274	-0.04506503832743014	-0.04747260401650305	0.10533106891543814	-0.04425575668555904	-0.4358277137308598	0.00028400736817608025	0.010640649952217434	-0.012943895670249148	1.6513761334524222e-06	-0.0007955479424323421
