tloc	tmcCabe	assertionDensity	assertionRoulette	mysteryGuest	eagerTest	sensitiveEquality	resourceOptimism	conditionalTestLogic	fireAndForget	loc	lcom2	lcom5	cbo	wmc	rfc	mpc	halsteadVocabulary	halsteadLength	halsteadVolume	classDataShouldBePrivate	complexClass	spaghettiCode	functionalDecomposition	godClass
6.824646796349793e-05	5.509299444309271e-06	2.1484373946408053e-07	2.222891753092688e-05	-9.022601230130863e-07	6.870387429628048e-05	6.665690536348308e-07	-9.17883051503948e-09	4.634301238154621e-08	-7.811778735776524e-08	0.14052264581062449	0.21548638375790877	0.0006443960115056324	0.005049074734940738	0.017548158610433406	0.05743700765872711	0.05268343777930928	0.7365005280986455	0.05787167097736055	0.6116303688791732	0.00011451084344442468	0.01754957907936733	0.0850197592623059	-4.592775250108757e-06	0.0006059182264692058
2.0470881658859156e-06	-2.2947982326910084e-05	3.6133614975771983e-06	3.448950661274333e-05	-1.6935875660457498e-05	0.00021824605543048126	4.2519045521961025e-07	-7.053731579128134e-07	-5.301543832772432e-06	-2.345402128142557e-07	0.04532441971865998	0.8886616944297755	-0.0003802607913826495	-0.005532855111296685	0.009527695387205095	-0.04525774630319682	-0.04764078457871315	0.10525920854385501	-0.04428602651485996	-0.4364197319062774	0.00028448809910694417	0.010596867260905616	-0.013079236030739159	1.6444573657822573e-06	-0.00047080669054849316
