tloc	tmcCabe	assertionDensity	assertionRoulette	mysteryGuest	eagerTest	sensitiveEquality	resourceOptimism	conditionalTestLogic	fireAndForget	loc	lcom2	lcom5	cbo	wmc	rfc	mpc	halsteadVocabulary	halsteadLength	halsteadVolume	classDataShouldBePrivate	complexClass	spaghettiCode	functionalDecomposition	godClass
6.878862731277184e-05	5.491889088078204e-06	1.9888029740891157e-07	2.2043380617200442e-05	-1.03134960003941e-06	6.86264864457474e-05	6.796503242332821e-07	-2.7628466812420892e-08	5.598973528144508e-08	-4.885891868165447e-08	0.14040527650233442	0.215019982410297	0.0006429771081813594	0.0050440165482226575	0.017538540261409406	0.05736065341444096	0.05260984551680873	0.7361242811423623	0.05797268277639667	0.6122978662317378	0.0001142972937445609	0.017540127038814912	0.08487724213404942	-4.560148230270909e-06	0.0009887426119739263
