tloc	tmcCabe	assertionDensity	assertionRoulette	mysteryGuest	eagerTest	sensitiveEquality	resourceOptimism	conditionalTestLogic	fireAndForget	loc	lcom2	lcom5	cbo	wmc	rfc	mpc	halsteadVocabulary	halsteadLength	halsteadVolume	classDataShouldBePrivate	complexClass	spaghettiCode	functionalDecomposition	godClass
6.675984486519956e-05	5.360821179850051e-06	1.4662549773017706e-07	2.1590651240692576e-05	-9.017156435506459e-07	6.855513369800091e-05	6.496457374110626e-07	4.4255755769781386e-08	-2.7732323104968994e-07	-4.5798314874716987e-08	0.14036013018615054	0.2149740225147962	0.0006431458575843783	0.005044092694954906	0.01753461303390077	0.057354479047995933	0.05260533236630484	0.7360994502955935	0.057986520691217125	0.6123533820293421	0.00011410624029133432	0.017538888738808867	0.08488176185626967	-4.6078301664134526e-06	0.000988168619950022
