,tp,fp,tn,fn,precision,recall,accuracy,inspection_rate,f1_score,mcc,auc_pr
0,0.0,35.0,15.0,2.0,0.0,0.0,0.28846153846153844,0.6730769230769231,0.0,-0.2869720215917757,0.021127681841967554
1,0.0,21.0,30.0,3.0,0.0,0.0,0.5555555555555556,0.3888888888888889,0.0,-0.19347649748797371,0.034261054539684206
2,4.0,15.0,27.0,1.0,0.21052631578947367,0.8,0.6595744680851063,0.40425531914893614,0.3333333333333333,0.27823866765091204,0.35388888888888886
3,0.0,14.0,31.0,3.0,0.0,0.0,0.6458333333333334,0.2916666666666667,0.0,-0.16568337391590282,0.05301796157059315
4,1.0,13.0,33.0,2.0,0.07142857142857142,0.3333333333333333,0.6938775510204082,0.2857142857142857,0.11764705882352941,0.026919095102908276,0.0525809240495773
5,1.0,22.0,12.0,0.0,0.043478260869565216,1.0,0.37142857142857144,0.6571428571428571,0.08333333333333333,0.1238760208523001,0.021739130434782608
6,1.0,25.0,15.0,4.0,0.038461538461538464,0.2,0.35555555555555557,0.5777777777777777,0.06451612903225806,-0.27042102426470555,0.07122324679377949
7,0.0,17.0,25.0,4.0,0.0,0.0,0.5434782608695652,0.3695652173913043,0.0,-0.2362820946305948,0.05311584107206926
8,1.0,15.0,24.0,3.0,0.0625,0.25,0.5813953488372093,0.37209302325581395,0.1,-0.08089377861617925,0.20495391705069124
9,1.0,17.0,19.0,4.0,0.05555555555555555,0.2,0.4878048780487805,0.43902439024390244,0.08695652173913043,-0.17949801775774202,0.0698982662720109
10,9.0,194.0,231.0,26.0,0.04433497536945813,0.2571428571428571,0.5217391304347826,0.44592053493073563,0.07563025210084033,-0.10643430530675926,0.09358069125140446
