tloc	tmcCabe	assertionDensity	assertionRoulette	mysteryGuest	eagerTest	sensitiveEquality	resourceOptimism	conditionalTestLogic	fireAndForget	loc	lcom2	lcom5	cbo	wmc	rfc	mpc	halsteadVocabulary	halsteadLength	halsteadVolume	classDataShouldBePrivate	complexClass	spaghettiCode	functionalDecomposition	godClass
7.224457732696749e-05	5.952671824108162e-06	2.0457973272668413e-07	2.2884765283158048e-05	-5.585087621701126e-07	6.926986885545769e-05	6.979542721135558e-07	-5.540963868965518e-09	4.003287231476011e-07	-3.9854341217722004e-08	0.14015634357531054	0.21602248876382732	0.000645863087734266	0.005071488809420837	0.017508551604142834	0.056872845161063855	0.05221569084548695	0.7356114042954452	0.05801224468379306	0.6127261258096	0.00011533936383956552	0.017486651769416023	0.08465894564159605	-4.579209903651693e-06	0.0009951974707182376
-1.079144424773418e-06	-2.3578766050823155e-05	3.6013609227244883e-06	3.3324931079652906e-05	-1.731925233837296e-05	0.00021687552856528545	4.0473944936618973e-07	-7.220260341963662e-07	-6.002277857321681e-06	-3.139503655183165e-07	0.0456934919410968	0.8884641326576198	-0.00038048679960551996	-0.005543044520410277	0.009577924119518405	-0.04457674526116393	-0.047073917749138286	0.10555918825106324	-0.04436229155165652	-0.4368415391465175	0.0002835751971779856	0.010675267828178566	-0.01272506478728564	1.6473807195915978e-06	-0.0007997091660020854
-0.0006733665035875725	-5.236223343073427e-05	1.505535305469692e-06	-1.602462501552983e-06	-9.055930020105581e-05	1.5715046331488763e-05	5.154356420987554e-07	-5.265931893432434e-06	-2.8464673665023295e-05	-1.4254846688837468e-06	-0.10194507576540912	-0.3869435350974766	-0.000671250184252665	-0.0079578753747833	-0.026558923200060286	-0.06768884153169967	-0.058680548888674106	0.6579430451150167	-0.07260630827971443	-0.6213865080372557	-0.0008160753775443646	-0.023307600745265944	0.0788146932809379	2.412327545714723e-05	-0.007036347997886797
0.00035297960842791223	8.417709282995292e-05	8.06224156789758e-06	1.8624972319303922e-05	-8.798462626951184e-05	-0.00022615829170309382	-2.62605185026914e-06	-7.827630918670718e-06	-2.328860600460229e-05	-6.907938397142364e-07	0.8747633266906231	-0.09844934487224537	0.00355560875521231	0.054716648418369006	0.08034445507173932	0.28557162644007705	0.26712662202918347	-0.05000372383317511	-0.047696495165282786	-0.17495290004750785	-0.0003244480963019524	0.08288953820570734	0.14286278838080582	-7.477451384844411e-06	-0.007917276848830784
