tloc	tmcCabe	assertionDensity	assertionRoulette	mysteryGuest	eagerTest	sensitiveEquality	resourceOptimism	conditionalTestLogic	fireAndForget	loc	lcom2	lcom5	cbo	wmc	rfc	mpc	halsteadVocabulary	halsteadLength	halsteadVolume	classDataShouldBePrivate	complexClass	spaghettiCode	functionalDecomposition	godClass
6.925872618083966e-05	5.401727386746974e-06	1.994175841653148e-07	2.2127374718225185e-05	-8.712680506953183e-07	6.880504189389805e-05	6.67442579130727e-07	-2.084055255351213e-08	2.898106886061877e-09	-4.6153238007788415e-08	0.14043691250028867	0.21498221838040368	0.0006427382602881539	0.0050470927375246034	0.017542585785522535	0.05735404276106412	0.05260167907528043	0.7360341263934861	0.05799527868902638	0.6124171298153981	0.00011445019404917971	0.017535420772238797	0.0848359951935792	-4.619325454300912e-06	0.000989576062713191
1.725281917829711e-06	-2.3052164978578083e-05	3.601639586001468e-06	3.4063197153784945e-05	-1.700922939190117e-05	0.0002172142366216823	4.3425349804901054e-07	-7.068866975696916e-07	-5.618454203853649e-06	-3.0785609422508807e-07	0.04549240456956237	0.8889972500064329	-0.00037673856258687357	-0.005512105082392702	0.009552271377739669	-0.04495734446219611	-0.04736544512905423	0.10560043589799689	-0.044263704282942615	-0.435705019384802	0.00028433509180504066	0.010635449693881997	-0.012823783086126745	1.6735598274547343e-06	-0.000792156570438951
-0.0006890936962770271	-5.6626580414259274e-05	1.7020882556031921e-06	-7.528810854385664e-06	-9.265243088500199e-05	1.3156504903232238e-05	2.78073420189631e-07	-5.368880525191454e-06	-3.183768957018326e-05	-1.4805680821806672e-06	-0.09529486436726214	-0.3870867084214641	-0.0006891566881782325	-0.008012735918785608	-0.025673134875442535	-0.06160658442385846	-0.05370594793700689	0.6569894042013634	-0.07280645216842942	-0.6242825761289146	-0.0008162834906217978	-0.022234986657966083	0.0804319157638544	2.3742142133849118e-05	-0.00706017689622761
0.0002926020558217682	6.832724868447537e-05	8.276385978333784e-06	1.6873715838325231e-07	-9.248898587003945e-05	-0.00022989401047826424	-3.384436634645654e-06	-7.955135677499383e-06	-3.396002892142668e-05	-8.616401804657317e-07	0.8691766621954555	-0.09338768546339074	0.003413490805631202	0.05307821224922649	0.08097096094267871	0.29704802812870124	0.27572858971513187	-0.056720268235790024	-0.04617633729888498	-0.1705345924169596	-0.0003170908524560833	0.0840062849733389	0.14357092238679597	-8.580760304864491e-06	-0.00776076043874169
