tloc	tmcCabe	assertionDensity	assertionRoulette	mysteryGuest	eagerTest	sensitiveEquality	resourceOptimism	conditionalTestLogic	fireAndForget	loc	lcom2	lcom5	cbo	wmc	rfc	mpc	halsteadVocabulary	halsteadLength	halsteadVolume	classDataShouldBePrivate	complexClass	spaghettiCode	functionalDecomposition	godClass
0.0001271875794832452	8.512765030155787e-07	1.3526951788645757e-06	4.056368764604628e-05	3.384728577699954e-06	0.0001767258248620905	2.2558729209330774e-06	3.51615999639134e-07	8.557908573102865e-06	1.1527515282966094e-07	0.12858415454649286	0.5577254730099274	0.00024967702446118326	0.0008680917480025791	0.01733771497289588	0.017355474587503247	0.012668430214886771	0.7246167340200668	0.03690622122131572	0.37571915379831494	0.000275520840569463	0.01687124202078075	0.06132699483899766	-6.130941232305464e-06	0.0017807116239699713
-0.00026823211335451173	-4.448228052578433e-05	4.469279198758468e-06	-2.8917836404265183e-06	-5.82390716583743e-05	7.263020826434792e-05	-5.460007964067741e-06	-3.2035885791233855e-06	-4.844089765430324e-05	-1.3605734921672855e-06	0.05687477156368199	0.7363462821999486	0.0001125898244225166	-0.0014476112457281053	0.011842105917446487	0.0012623772910887732	-0.0016102062278567967	-0.25142695346116706	-0.07150870041923943	-0.6210988223707105	9.246840414964951e-06	0.016337852261784358	-0.00452156004738078	1.3755794902211687e-05	-0.005716068749777974
-0.000779013552574531	-6.924675868493085e-05	2.3119208390332534e-06	-1.77634324257756e-05	-0.00010952022056967099	-1.4304739422517355e-05	-1.9734498416277237e-06	-6.401941036552501e-06	-4.6497203347319694e-05	-1.868972805852383e-06	-0.07325898466878919	-0.3523727985812753	-0.00048392857199559857	-0.0070762733556963735	-0.022787845840793637	-0.04282957399173455	-0.035754779525029576	0.6315535700491454	-0.08169603566773494	-0.6722117639423669	-0.0008987197253459688	-0.01803760464669466	0.09472595965352171	2.6741890942794255e-05	-0.009030752277222871
0.0018338020010963269	5.0436011322290825e-05	1.1127785098393959e-05	6.085053433085886e-05	9.571342226092644e-05	0.00012096984416124744	2.5335434425251723e-05	8.084791083260394e-07	0.0001231830162796406	4.551883951286331e-06	0.9621696066396352	-0.1469944824664582	0.0017216072386421139	0.016829833537868336	0.05703277042515128	0.14609095249461193	0.1243222138114454	-0.034712111647719354	-0.01890370315773842	-0.06835732863240572	0.0007765146214756082	0.04243008955256758	0.06437763401635108	-7.226403251962885e-05	0.010046514253803615
