tloc	tmcCabe	assertionDensity	assertionRoulette	mysteryGuest	eagerTest	sensitiveEquality	resourceOptimism	conditionalTestLogic	fireAndForget	loc	lcom2	lcom5	cbo	wmc	rfc	mpc	halsteadVocabulary	halsteadLength	halsteadVolume	classDataShouldBePrivate	complexClass	spaghettiCode	functionalDecomposition	godClass
6.92565759431447e-05	5.466715082211386e-06	2.0681845692305689e-07	2.2141550067341476e-05	-8.723239379770932e-07	6.880789082665628e-05	6.686209414183139e-07	-2.0956069339245137e-08	1.167254633986076e-08	-4.5021908821888624e-08	0.14043637084885138	0.21501570803480502	0.0006427559090284156	0.005047484353374354	0.017543754398581444	0.05735425216994432	0.05260147165365302	0.7360443547557011	0.05799031081153207	0.612391938216283	0.00011446558439514711	0.01753790928608813	0.08484772944018923	-4.603694475617705e-06	0.0009896917977272274
7.387960035231688e-07	-2.306195262546734e-05	3.5847613270114205e-06	3.391115437655329e-05	-1.7064265264274943e-05	0.00021698482380169505	4.2930135236174865e-07	-7.096116921571064e-07	-5.66495936473477e-06	-3.097824171259604e-07	0.0454847471113003	0.888980581203671	-0.00037685730431163305	-0.005513744749974316	0.009548010864343754	-0.04496288081553274	-0.047369442642086444	0.10558477577111662	-0.04426342305026161	-0.43574203467691186	0.00028425425940992296	0.010629804124248127	-0.01285160614341691	1.661112564949499e-06	-0.0007928815967974807
