tloc	tmcCabe	assertionDensity	assertionRoulette	mysteryGuest	eagerTest	sensitiveEquality	resourceOptimism	conditionalTestLogic	fireAndForget	loc	lcom2	lcom5	cbo	wmc	rfc	mpc	halsteadVocabulary	halsteadLength	halsteadVolume	classDataShouldBePrivate	complexClass	spaghettiCode	functionalDecomposition	godClass
7.035384385341562e-05	5.408630027568125e-06	2.2576102754589688e-07	2.271616278974014e-05	-9.351003779008797e-07	6.819116671747786e-05	6.587759835859145e-07	-2.477536895345868e-08	5.0823322880555694e-08	-4.7080417360327444e-08	0.14044537323010492	0.21458695359710667	0.0006433875266395748	0.00504909280666972	0.017526307699116127	0.05741227247948631	0.05266618677409161	0.7361190039005984	0.05798315457352117	0.6124279486086575	0.00011445857076862196	0.017520657249946225	0.08494326070081354	-4.558423740811711e-06	0.0009903961774290237
