tloc	tmcCabe	assertionDensity	assertionRoulette	mysteryGuest	eagerTest	sensitiveEquality	resourceOptimism	conditionalTestLogic	fireAndForget	loc	lcom2	lcom5	cbo	wmc	rfc	mpc	halsteadVocabulary	halsteadLength	halsteadVolume	classDataShouldBePrivate	complexClass	spaghettiCode	functionalDecomposition	godClass
6.951920911460815e-05	5.470066621061433e-06	2.069623187620938e-07	2.221084993966266e-05	-8.51738439194337e-07	6.88005041843144e-05	6.698603617093012e-07	-2.1782160243228718e-08	1.2980379338617516e-07	-4.662290028449935e-08	0.14043635778085242	0.21497615360994057	0.0006427188634866423	0.00504830345802129	0.017542836457036595	0.057354264246447996	0.05260186965713666	0.7360324893698862	0.05799631530379565	0.6124211948136579	0.000114449791419471	0.017535068094137688	0.08483611372927131	-4.6175526349088845e-06	0.0009894628695733985
