tloc	tmcCabe	assertionDensity	assertionRoulette	mysteryGuest	eagerTest	sensitiveEquality	resourceOptimism	conditionalTestLogic	fireAndForget	loc	lcom2	lcom5	cbo	wmc	rfc	mpc	halsteadVocabulary	halsteadLength	halsteadVolume	classDataShouldBePrivate	complexClass	spaghettiCode	functionalDecomposition	godClass
6.97408397311063e-05	5.609841943367146e-06	1.645052775695816e-07	2.219461009258673e-05	-1.2984450357535143e-06	6.824396220287986e-05	6.432795226074893e-07	-3.803647747369593e-08	1.1462078313234424e-08	-4.934931094986015e-08	0.1405466217729919	0.21526593587924814	0.000643176492580965	0.0050582094677728544	0.01755244262075258	0.05741281969062741	0.052657534373495976	0.736159013135017	0.05793805243007324	0.6121228239054534	0.00011546294448707373	0.017553021120649315	0.08493361078539524	-4.671304870162476e-06	0.0009881743712126848
7.973029006084365e-07	-2.3130291898100296e-05	3.60753218044066e-06	3.402306709997764e-05	-1.6949728305112894e-05	0.0002174374262620623	4.395631771011769e-07	-7.057293145826329e-07	-5.692699409909883e-06	-3.1064772177580355e-07	0.04521164698020103	0.8889885631939797	-0.0003777180317828618	-0.0055315001759652415	0.00952124976050677	-0.04509540087399302	-0.047492748673847826	0.10524312868428229	-0.044235086422259	-0.43580999101498263	0.0002835383924872509	0.010610310705065924	-0.012967073520264378	1.68177685153578e-06	-0.0007937902050524246
