tloc	tmcCabe	assertionDensity	assertionRoulette	mysteryGuest	eagerTest	sensitiveEquality	resourceOptimism	conditionalTestLogic	fireAndForget	loc	lcom2	lcom5	cbo	wmc	rfc	mpc	halsteadVocabulary	halsteadLength	halsteadVolume	classDataShouldBePrivate	complexClass	spaghettiCode	functionalDecomposition	godClass
6.867773925176732e-05	5.350892023672825e-06	1.792804520963169e-07	2.19817664526787e-05	-9.999463270764218e-07	6.876621407238627e-05	6.580413395403623e-07	-2.817817367539929e-08	1.0843813016183041e-07	-4.983219153681523e-08	0.1404659070785191	0.21512685388651703	0.0006430127378080743	0.005049007887108284	0.017545365964594935	0.057376703115296905	0.052623151207237845	0.7361386003257165	0.05796578474934402	0.6122241834277868	0.00011437039669172083	0.017547084748499028	0.0848958994140831	-4.651895785908586e-06	0.0009894053210932313
