tloc	tmcCabe	assertionDensity	assertionRoulette	mysteryGuest	eagerTest	sensitiveEquality	resourceOptimism	conditionalTestLogic	fireAndForget	loc	lcom2	lcom5	cbo	wmc	rfc	mpc	halsteadVocabulary	halsteadLength	halsteadVolume	classDataShouldBePrivate	complexClass	spaghettiCode	functionalDecomposition	godClass
6.915860879732668e-05	5.315114143386952e-06	1.9478046555193998e-07	2.2078756819583634e-05	-9.45963987313414e-07	6.916199034175338e-05	7.332914302977668e-07	-2.4455324153080453e-08	-6.894644623868605e-08	-4.7954315654507545e-08	0.14070225542304196	0.21523855064976966	0.0006426991222981506	0.005047848983664961	0.01755534014580855	0.05737164299065215	0.05261380780790173	0.7360134603109804	0.05797612931822359	0.6122881436998284	0.00011439015298610712	0.017543770018721698	0.08484596504330724	-4.631969855705835e-06	0.0009892151933109006
2.3973522809339913e-06	-2.262407329586582e-05	3.6433821222906825e-06	3.446992243914653e-05	-1.6659762864026084e-05	0.00021538637616441074	1.431659180896676e-07	-6.898062982258228e-07	-5.2505143174105265e-06	-2.9926971073961446e-07	0.04393999242597676	0.8888170559573253	-0.00038125070758728095	-0.005532258317552105	0.009472072581008658	-0.045204064363435714	-0.04757545667037867	0.10593018044075685	-0.04427210153581717	-0.4361032388707183	0.0002851853926529649	0.010568251249449009	-0.012903978327181936	1.7447273609474516e-06	-0.0007923397920611636
-0.0006954817428759536	-5.791511582920202e-05	1.5448556151803183e-06	-9.232523980664858e-06	-9.400489364346895e-05	1.6189218245276608e-05	8.069789512828591e-07	-5.441539741952562e-06	-3.293924257531121e-05	-1.5104288521456772e-06	-0.09064281638451162	-0.388202862721777	-0.0006672317273585071	-0.007928210780346619	-0.025440477550769346	-0.060820740065849914	-0.053021113752694714	0.6566830238792911	-0.0729291790982156	-0.6246887147542858	-0.0008213804244602219	-0.022042470238485854	0.08085152066810315	2.3582946913055333e-05	-0.007087724891950065
