tloc	tmcCabe	assertionDensity	assertionRoulette	mysteryGuest	eagerTest	sensitiveEquality	resourceOptimism	conditionalTestLogic	fireAndForget	loc	lcom2	lcom5	cbo	wmc	rfc	mpc	halsteadVocabulary	halsteadLength	halsteadVolume	classDataShouldBePrivate	complexClass	spaghettiCode	functionalDecomposition	godClass
8.440994772050185e-05	1.2448319008195595e-05	-7.682206833820968e-07	1.0337184960102143e-05	3.0943776135792913e-06	9.032362756033781e-06	-1.0268725151601183e-07	1.7260132387083503e-07	2.5857199516758088e-06	3.6721097850048645e-08	0.13827532057390968	0.025763416938186113	0.0007472949210277083	0.006595296824865408	0.016202876754518765	0.07025973462460987	0.06572969591494655	0.679248127299411	0.06735163928229834	0.7050433357925592	5.575559807574085e-05	0.016025582016253037	0.08598789432205531	-5.268486072660243e-06	0.0012861797244806245
0.00039673454266951	1.7637579660944896e-05	-2.033889003563419e-06	1.5138942463140966e-05	1.899059185996912e-06	0.00018478813404684455	1.4383031760564075e-06	7.360358920685874e-07	1.468394978722428e-05	1.6731762190973802e-07	0.13930109503241242	0.9881590129352452	-3.4403790824830984e-05	0.002267097785436771	0.02494328492854248	0.01928082915517976	0.010551100915989136	-0.030724877228672558	-0.0032779652471561778	-0.036370809783206635	0.000599165306483142	0.025314972516386855	-0.010036940031745012	-8.675541973845628e-06	0.002616728820760997
