tloc	tmcCabe	assertionDensity	assertionRoulette	mysteryGuest	eagerTest	sensitiveEquality	resourceOptimism	conditionalTestLogic	fireAndForget	loc	lcom2	lcom5	cbo	wmc	rfc	mpc	halsteadVocabulary	halsteadLength	halsteadVolume	classDataShouldBePrivate	complexClass	spaghettiCode	functionalDecomposition	godClass
6.106443628602571e-05	4.277150357194354e-06	6.340466988958609e-07	2.220697479920835e-05	-2.219786500309735e-06	6.78014013393871e-05	5.832816335505362e-07	-2.418040514811244e-09	-5.617718455868382e-07	-6.96271750163912e-08	0.1406568679058154	0.21613484801098398	0.0006460903845808926	0.005046723188146685	0.017554247118020862	0.057563446871495776	0.05280977476677945	0.7372304691032133	0.057666936258941204	0.6104211761406283	0.00011286235841762465	0.017638374957351516	0.08546680155815034	-4.465903707626143e-06	0.0009753904345935356
2.39917846566571e-06	-2.281729891008524e-05	3.6801675968713086e-06	3.375152977943966e-05	-1.7180534816278342e-05	0.00021806425721794905	4.4872557761942605e-07	-6.485624802709554e-07	-5.441594137588984e-06	-2.728970703481918e-07	0.04470544761776009	0.8892820160306623	-0.0003867970465445434	-0.005546745207674793	0.009447431883484528	-0.04562685578119622	-0.04800188625365329	0.10309439924928669	-0.044073676266730165	-0.43566265210115385	0.00028348415750743903	0.01044992086551237	-0.013780478186135162	1.4314218200921357e-06	-0.000796883123457761
