tloc	tmcCabe	assertionDensity	assertionRoulette	mysteryGuest	eagerTest	sensitiveEquality	resourceOptimism	conditionalTestLogic	fireAndForget	loc	lcom2	lcom5	cbo	wmc	rfc	mpc	halsteadVocabulary	halsteadLength	halsteadVolume	classDataShouldBePrivate	complexClass	spaghettiCode	functionalDecomposition	godClass
6.803379241342075e-05	5.694440635650322e-06	2.2239307450369508e-07	2.223781851605628e-05	-1.0803791824174572e-06	6.827086280286081e-05	6.050024191793081e-07	-2.982965321188872e-08	-7.98294805894668e-07	-5.051300937192732e-08	0.14063020206263346	0.21648320564304196	0.0006439099164041623	0.005080751939901984	0.017591041656781808	0.05774405665483091	0.052975637954865006	0.7348677733655908	0.0580248847384287	0.6131534308454497	0.00011538522530105485	0.01759183402975827	0.0849502599869398	-4.164508738665806e-06	0.0009982263882935016
