tloc	tmcCabe	assertionDensity	assertionRoulette	mysteryGuest	eagerTest	sensitiveEquality	resourceOptimism	conditionalTestLogic	fireAndForget	loc	lcom2	lcom5	cbo	wmc	rfc	mpc	halsteadVocabulary	halsteadLength	halsteadVolume	classDataShouldBePrivate	complexClass	spaghettiCode	functionalDecomposition	godClass
6.322140099803282e-05	4.941083354744681e-06	1.381058261409793e-07	2.2095829197254975e-05	-1.3161470491628026e-06	6.823127294481565e-05	6.556455653115205e-07	-2.3541787206362913e-08	-1.0004272401936355e-06	-5.601387989134977e-08	0.1407399931892992	0.21389919234600233	0.0006442075006213102	0.005075834263172513	0.017518370274395376	0.05775660790445955	0.05301599215694645	0.7377219090435694	0.05765525237606978	0.6105354740878284	0.0001151882094875312	0.01758267110322982	0.08566424073933647	-4.510569885023393e-06	0.0009762199255437821
-5.42845291736966e-06	-2.309089490410167e-05	3.755001833267172e-06	3.706432956220922e-05	-1.6255414415902537e-05	0.00022418208853557727	4.0571752507026697e-07	-6.265101414925004e-07	-3.336052175746934e-06	-2.9201719083359833e-07	0.04483074563477866	0.8879897278102965	-0.00037937513711354507	-0.005612943720835155	0.009243241107219772	-0.04696693367141761	-0.04924659902996875	0.10746406767687613	-0.04421178457433814	-0.43693178738330546	0.00028899334732582254	0.010234858526078713	-0.014077055876775156	1.5799702676552134e-06	-0.0007708488577231842
