tloc	tmcCabe	assertionDensity	assertionRoulette	mysteryGuest	eagerTest	sensitiveEquality	resourceOptimism	conditionalTestLogic	fireAndForget	loc	lcom2	lcom5	cbo	wmc	rfc	mpc	halsteadVocabulary	halsteadLength	halsteadVolume	classDataShouldBePrivate	complexClass	spaghettiCode	functionalDecomposition	godClass
6.64520025867638e-05	5.245378017649942e-06	1.8524317698986297e-07	2.1843741984199292e-05	-1.1989546837529614e-06	6.87852145427929e-05	6.420913656732365e-07	-3.5957319550226066e-08	-2.547965670129937e-07	-5.6895832809631766e-08	0.1404068503959994	0.21517132759828228	0.0006433922255735081	0.005047681567158889	0.017540693204637584	0.05740533124319788	0.05265525076507078	0.7362800792822951	0.05792685727144895	0.6120382404079552	0.00011302060348242046	0.01755577690613123	0.0849812484803902	-4.463322328061793e-06	0.0009877681140635908
