tloc	tmcCabe	assertionDensity	assertionRoulette	mysteryGuest	eagerTest	sensitiveEquality	resourceOptimism	conditionalTestLogic	fireAndForget	loc	lcom2	lcom5	cbo	wmc	rfc	mpc	halsteadVocabulary	halsteadLength	halsteadVolume	classDataShouldBePrivate	complexClass	spaghettiCode	functionalDecomposition	godClass
6.305241705896957e-05	4.499233901722362e-06	3.3795183242674304e-07	2.2861823854467428e-05	-2.4504059979898337e-06	7.157238940437677e-05	4.841055129791374e-07	-2.7479119022543106e-07	-1.445386375013977e-06	-4.8922142295905036e-08	0.1396675108523111	0.22154185335869825	0.0006799637891248909	0.005229486193046988	0.018132821200292415	0.060277205872714595	0.055373044202596804	0.7338290372639477	0.057551085910865156	0.6122478781278508	7.423487351410063e-05	0.018211707181027853	0.08578586773656247	-4.419431605464334e-06	0.0007243716525669063
-8.22342448290938e-06	-2.394622383642124e-05	3.920349373954717e-06	3.487355912349394e-05	-1.762127032359817e-05	0.00023179263286275009	1.06893182983975e-06	-5.19369976469994e-07	-4.368364175968601e-06	-3.162334780727667e-07	0.030673204445826125	0.8754363872687018	-0.00047299458266277953	-0.006679542792708173	0.007831407908300043	-0.056199447928008725	-0.05791469811315279	0.1246237054602173	-0.04550584100296876	-0.4561683960579774	0.00040913224087868623	0.00869270782137679	-0.016849521547442316	1.687445146691317e-06	-0.0006908292513292017
