tloc	tmcCabe	assertionDensity	assertionRoulette	mysteryGuest	eagerTest	sensitiveEquality	resourceOptimism	conditionalTestLogic	fireAndForget	loc	lcom2	lcom5	cbo	wmc	rfc	mpc	halsteadVocabulary	halsteadLength	halsteadVolume	classDataShouldBePrivate	complexClass	spaghettiCode	functionalDecomposition	godClass
6.80979426197386e-05	5.185882587737823e-06	1.9453017609879182e-07	2.2320048062856476e-05	-1.0889215600445248e-06	6.891918999071933e-05	6.677022032696894e-07	-3.563594964790381e-08	-2.721343149485737e-07	-4.412088718216673e-08	0.14041217047550292	0.21510083727386173	0.0006429615655417541	0.005041323633865686	0.017542800985951262	0.05738119421619435	0.05262865030621845	0.7362232622085279	0.057948857515895326	0.6121401587686398	0.00011416657345287142	0.01755322074884082	0.0849276195546986	-4.551570641104234e-06	0.0009605839084006046
