tloc	tmcCabe	assertionDensity	assertionRoulette	mysteryGuest	eagerTest	sensitiveEquality	resourceOptimism	conditionalTestLogic	fireAndForget	loc	lcom2	lcom5	cbo	wmc	rfc	mpc	halsteadVocabulary	halsteadLength	halsteadVolume	classDataShouldBePrivate	complexClass	spaghettiCode	functionalDecomposition	godClass
5.372033950007622e-05	3.924224725905239e-06	1.8547722660612186e-07	2.2340520707693346e-05	-1.7413817384996522e-06	6.859635168133105e-05	6.375385566840626e-07	-4.850835181978672e-08	-1.5137728584492805e-06	-9.424180142542023e-08	0.14180595981165067	0.21228909976599272	0.0006600475483116942	0.0051275193418650715	0.01766029846006339	0.058330608970311115	0.053567861088151265	0.7420754751396815	0.05708973436667496	0.6054305823254903	0.00011642416152916546	0.017693718057656585	0.08612930202125575	-4.611204245910674e-06	0.0010170237533497833
