tloc	tmcCabe	assertionDensity	assertionRoulette	mysteryGuest	eagerTest	sensitiveEquality	resourceOptimism	conditionalTestLogic	fireAndForget	loc	lcom2	lcom5	cbo	wmc	rfc	mpc	halsteadVocabulary	halsteadLength	halsteadVolume	classDataShouldBePrivate	complexClass	spaghettiCode	functionalDecomposition	godClass
6.687388246759717e-05	5.155753835496749e-06	1.9017856424858213e-07	2.180956678690642e-05	-1.1540425720362474e-06	6.8427713693797e-05	6.902444855961801e-07	-4.7166663032944536e-08	-3.728443024629915e-07	-5.313830559822307e-08	0.1405124718375781	0.21342963371986204	0.0006441851979348115	0.005056469538974908	0.01751575228675987	0.0574397095303278	0.05270474036517636	0.7367426368206115	0.05791655202120972	0.6120536906123314	0.00011445127889855001	0.017512069113907718	0.08504531213445818	-4.386705132420133e-06	0.0009908714104941488
3.3673541047612485e-06	-2.2798820150201046e-05	3.5702458786314376e-06	3.4310863030293756e-05	-1.723159026643483e-05	0.00021879472199952957	4.388940537008563e-07	-7.560228532114442e-07	-6.170317403445848e-06	-3.020436648288878e-07	0.04620279668670762	0.8876871237904868	-0.0003737369943963971	-0.005501500452818341	0.009556567783238969	-0.044943149324309185	-0.04732159644914011	0.10886282795399924	-0.0444962496755453	-0.43748837407071817	0.0002864653090108044	0.010614282340939068	-0.012465488579322339	1.5895310023565566e-06	-0.0007906442627675467
