tloc	tmcCabe	assertionDensity	assertionRoulette	mysteryGuest	eagerTest	sensitiveEquality	resourceOptimism	conditionalTestLogic	fireAndForget	loc	lcom2	lcom5	cbo	wmc	rfc	mpc	halsteadVocabulary	halsteadLength	halsteadVolume	classDataShouldBePrivate	complexClass	spaghettiCode	functionalDecomposition	godClass
6.812763185076955e-05	5.225503085513513e-06	2.488264220239872e-07	2.1945077701105215e-05	-1.1744825416267892e-06	6.897937710719617e-05	6.507916654947194e-07	-4.1389702147051126e-08	-1.3524387713330427e-07	-4.682808114608324e-08	0.14041454389546917	0.21507664626581152	0.0006431975907700837	0.00504554948238878	0.017541347024528125	0.057377834931020555	0.05262667900038542	0.7361830599830633	0.0579571890003041	0.6121991637584809	0.00011418324627005974	0.01754402088173616	0.08490756789496413	-4.577458038219776e-06	0.0009890846797576327
2.127178142257797e-06	-2.3086762058625996e-05	3.6013318210085638e-06	3.4136924210694384e-05	-1.693732116310074e-05	0.00021683847740753623	4.3794579456350277e-07	-6.882176479353772e-07	-5.622727498508392e-06	-3.0152304516704326e-07	0.04542720029636571	0.8889897891985379	-0.0003777323379268515	-0.005515148888559589	0.00953935410814457	-0.045012385454792345	-0.047416534796347436	0.10541569943242098	-0.044254335964120296	-0.4357598605725644	0.0002844327713573098	0.010624280531679563	-0.012896184497721227	1.6407433159792348e-06	-0.0007961388027327072
