tloc	tmcCabe	assertionDensity	assertionRoulette	mysteryGuest	eagerTest	sensitiveEquality	resourceOptimism	conditionalTestLogic	fireAndForget	loc	lcom2	lcom5	cbo	wmc	rfc	mpc	halsteadVocabulary	halsteadLength	halsteadVolume	classDataShouldBePrivate	complexClass	spaghettiCode	functionalDecomposition	godClass
6.824646796348704e-05	5.509299444309195e-06	2.1484373946408982e-07	2.222891753092701e-05	-9.022601230131216e-07	6.870387429628119e-05	6.665690536348338e-07	-9.178830515040676e-09	4.634301238152792e-08	-7.811778735776542e-08	0.1405226458106244	0.21548638375791176	0.0006443960115056311	0.005049074734940712	0.017548158610433445	0.057437007658726905	0.05268343777930901	0.736500528098646	0.05787167097736052	0.6116303688791721	0.0001145108434444254	0.01754957907936737	0.08501975926230589	-4.592775250108753e-06	0.0006059182264692062
2.047088165875015e-06	-2.294798232685773e-05	3.613361497577182e-06	3.448950661274314e-05	-1.6935875660456935e-05	0.00021824605543048037	4.251904552196053e-07	-7.053731579127826e-07	-5.3015438327722354e-06	-2.345402128142505e-07	0.04532441971866	0.8886616944297769	-0.0003802607913826484	-0.005532855111296634	0.009527695387205154	-0.04525774630319668	-0.04764078457871293	0.10525920854384874	-0.04428602651485971	-0.43641973190627553	0.00028448809910694775	0.010596867260905583	-0.013079236030739759	1.6444573657821618e-06	-0.00047080669054846313
