tloc	tmcCabe	assertionDensity	assertionRoulette	mysteryGuest	eagerTest	sensitiveEquality	resourceOptimism	conditionalTestLogic	fireAndForget	loc	lcom2	lcom5	cbo	wmc	rfc	mpc	halsteadVocabulary	halsteadLength	halsteadVolume	classDataShouldBePrivate	complexClass	spaghettiCode	functionalDecomposition	godClass
6.92587261808364e-05	5.40172738674695e-06	1.9941758416532253e-07	2.21273747182253e-05	-8.712680506952724e-07	6.880504189389863e-05	6.674425791307426e-07	-2.0840552553507448e-08	2.8981068861289395e-09	-4.6153238007787435e-08	0.14043691250028878	0.2149822183804053	0.0006427382602881524	0.005047092737524585	0.01754258578552255	0.05735404276106388	0.05260167907528023	0.7360341263934863	0.057995278689026306	0.6124171298153975	0.00011445019404918047	0.01753542077223879	0.0848359951935792	-4.619325454300939e-06	0.0009895760627131843
