tloc	tmcCabe	assertionDensity	assertionRoulette	mysteryGuest	eagerTest	sensitiveEquality	resourceOptimism	conditionalTestLogic	fireAndForget	loc	lcom2	lcom5	cbo	wmc	rfc	mpc	halsteadVocabulary	halsteadLength	halsteadVolume	classDataShouldBePrivate	complexClass	spaghettiCode	functionalDecomposition	godClass
6.87886273130746e-05	5.4918890880781525e-06	1.9888029740892565e-07	2.2043380617200577e-05	-1.0313496000393937e-06	6.862648644574831e-05	6.796503242332941e-07	-2.762846681241917e-08	5.598973528149299e-08	-4.885891868165429e-08	0.14040527650233459	0.21501998241029954	0.0006429771081813577	0.005044016548222624	0.01753854026140941	0.05736065341444063	0.05260984551680859	0.7361242811423627	0.05797268277639652	0.6122978662317367	0.00011429729374456255	0.01754012703881493	0.08487724213404924	-4.560148230270925e-06	0.0009887426119739326
