tloc	tmcCabe	assertionDensity	assertionRoulette	mysteryGuest	eagerTest	sensitiveEquality	resourceOptimism	conditionalTestLogic	fireAndForget	loc	lcom2	lcom5	cbo	wmc	rfc	mpc	halsteadVocabulary	halsteadLength	halsteadVolume	classDataShouldBePrivate	complexClass	spaghettiCode	functionalDecomposition	godClass
6.675984486509207e-05	5.360821179849931e-06	1.466254977302075e-07	2.159065124069292e-05	-9.017156435507176e-07	6.855513369800279e-05	6.496457374110704e-07	4.425575576978034e-08	-2.773232310496875e-07	-4.5798314874718105e-08	0.14036013018615107	0.21497402251480344	0.0006431458575843756	0.005044092694954875	0.01753461303390087	0.057354479047995614	0.05260533236630451	0.736099450295594	0.05798652069121676	0.6123533820293384	0.00011410624029133722	0.017538888738808985	0.08488176185626949	-4.607830166413467e-06	0.000988168619950017
