tloc	tmcCabe	assertionDensity	assertionRoulette	mysteryGuest	eagerTest	sensitiveEquality	resourceOptimism	conditionalTestLogic	fireAndForget	loc	lcom2	lcom5	cbo	wmc	rfc	mpc	halsteadVocabulary	halsteadLength	halsteadVolume	classDataShouldBePrivate	complexClass	spaghettiCode	functionalDecomposition	godClass
7.224457732679905e-05	5.952671824108117e-06	2.0457973272668283e-07	2.2884765283157974e-05	-5.585087621700972e-07	6.926986885545756e-05	6.979542721135562e-07	-5.540963868967109e-09	4.003287231475881e-07	-3.985434121772207e-08	0.14015634357531043	0.2160224887638268	0.0006458630877342666	0.005071488809420838	0.017508551604142785	0.056872845161063806	0.05221569084548693	0.735611404295444	0.05801224468379304	0.6127261258096011	0.00011533936383956544	0.017486651769415978	0.08465894564159615	-4.579209903651693e-06	0.0009951974707182443
-1.07914442480835e-06	-2.3578766050897636e-05	3.6013609227244625e-06	3.3324931079652764e-05	-1.731925233837328e-05	0.00021687552856528562	4.047394493661881e-07	-7.220260341963845e-07	-6.0022778573218214e-06	-3.139503655183216e-07	0.04569349194109644	0.8884641326576187	-0.00038048679960552066	-0.005543044520410279	0.009577924119518366	-0.04457674526116393	-0.04707391774913811	0.10555918825106606	-0.04436229155165656	-0.4368415391465187	0.00028357519717798157	0.010675267828178533	-0.012725064787284997	1.6473807195916872e-06	-0.0007997091660021236
-0.0006733665035876222	-5.236223343073296e-05	1.5055353054695994e-06	-1.602462501553262e-06	-9.055930020105574e-05	1.571504633148757e-05	5.154356420987337e-07	-5.265931893432436e-06	-2.846467366502337e-05	-1.4254846688837504e-06	-0.10194507576540858	-0.3869435350974793	-0.000671250184252664	-0.00795787537478326	-0.026558923200060314	-0.06768884153169946	-0.05868054888867387	0.6579430451150177	-0.0726063082797142	-0.621386508037254	-0.0008160753775443661	-0.023307600745265937	0.07881469328093825	2.412327545714729e-05	-0.007036347997886795
0.00035297960842790236	8.417709282997728e-05	8.062241567886723e-06	1.862497231932488e-05	-8.798462626951645e-05	-0.00022615829170310453	-2.6260518502698856e-06	-7.827630918671e-06	-2.3288606004606903e-05	-6.907938397143265e-07	0.8747633266906205	-0.09844934487224472	0.0035556087552123384	0.05471664841836917	0.08034445507173965	0.2855716264400811	0.2671266220291872	-0.050003723833175494	-0.04769649516528378	-0.17495290004750763	-0.00032444809630198334	0.08288953820570802	0.1428627883808089	-7.4774513848428425e-06	-0.007917276848831015
