tloc	tmcCabe	assertionDensity	assertionRoulette	mysteryGuest	eagerTest	sensitiveEquality	resourceOptimism	conditionalTestLogic	fireAndForget	loc	lcom2	lcom5	cbo	wmc	rfc	mpc	halsteadVocabulary	halsteadLength	halsteadVolume	classDataShouldBePrivate	complexClass	spaghettiCode	functionalDecomposition	godClass
0.00012718757948346684	8.512765030161535e-07	1.352695178864578e-06	4.056368764604635e-05	3.384728577699977e-06	0.00017672582486209066	2.255872920933084e-06	3.51615999639136e-07	8.557908573102904e-06	1.1527515282966137e-07	0.12858415454649283	0.557725473009927	0.00024967702446118374	0.0008680917480025821	0.01733771497289589	0.017355474587503236	0.012668430214886787	0.7246167340200677	0.03690622122131583	0.37571915379831594	0.00027552084056946404	0.01687124202078078	0.06132699483899774	-6.13094123230548e-06	0.0017807116239699746
-0.0002682321133545378	-4.4482280525747195e-05	4.4692791987635e-06	-2.89178364042651e-06	-5.823907165837425e-05	7.263020826434793e-05	-5.46000796406775e-06	-3.2035885791233855e-06	-4.844089765430331e-05	-1.3605734921672877e-06	0.056874771563682334	0.7363462821999497	0.00011258982442251706	-0.0014476112457281075	0.011842105917446513	0.001262377291088786	-0.0016102062278567897	-0.2514269534611662	-0.07150870041923943	-0.6210988223707108	9.246840414964917e-06	0.016337852261784382	-0.004521560047380739	1.3755794902211677e-05	-0.005716068749777966
-0.000779013552574474	-6.924675868496826e-05	2.3119208390550395e-06	-1.7763432425775288e-05	-0.00010952022056967096	-1.4304739422516962e-05	-1.9734498416277127e-06	-6.401941036552498e-06	-4.649720334731961e-05	-1.8689728058523823e-06	-0.07325898466878902	-0.35237279858127574	-0.00048392857199559803	-0.007076273355696372	-0.022787845840793623	-0.04282957399173457	-0.03575477952502959	0.6315535700491457	-0.08169603566773495	-0.6722117639423673	-0.0008987197253459679	-0.018037604646694648	0.0947259596535217	2.6741890942794252e-05	-0.009030752277222881
0.0018338020010963169	5.0436011322293326e-05	1.112778509837931e-05	6.085053433110273e-05	9.571342226092627e-05	0.00012096984416124655	2.533543442525164e-05	8.08479108325989e-07	0.00012318301627964039	4.551883951286357e-06	0.9621696066396352	-0.14699448246645824	0.0017216072386421124	0.016829833537868384	0.05703277042515149	0.14609095249461296	0.12432221381144631	-0.03471211164771946	-0.01890370315773843	-0.06835732863240553	0.0007765146214756016	0.042430089552567794	0.06437763401635171	-7.226403251962889e-05	0.010046514253803866
