tloc	tmcCabe	assertionDensity	assertionRoulette	mysteryGuest	eagerTest	sensitiveEquality	resourceOptimism	conditionalTestLogic	fireAndForget	loc	lcom2	lcom5	cbo	wmc	rfc	mpc	halsteadVocabulary	halsteadLength	halsteadVolume	classDataShouldBePrivate	complexClass	spaghettiCode	functionalDecomposition	godClass
6.925872618099012e-05	5.4017273867469665e-06	1.9941758416531332e-07	2.2127374718225148e-05	-8.712680506952998e-07	6.880504189389785e-05	6.674425791307307e-07	-2.084055255350943e-08	2.898106886064449e-09	-4.6153238007787905e-08	0.14043691250028906	0.21498221838040324	0.000642738260288155	0.005047092737524621	0.017542585785522577	0.05735404276106417	0.052601679075280496	0.7360341263934858	0.0579952786890264	0.6124171298153994	0.00011445019404917975	0.01753542077223879	0.08483599519357929	-4.619325454300924e-06	0.0009895760627131943
1.7252819179308938e-06	-2.3052164978546458e-05	3.6016395860014584e-06	3.406319715378501e-05	-1.700922939190107e-05	0.0002172142366216828	4.3425349804901546e-07	-7.068866975696883e-07	-5.618454203853575e-06	-3.0785609422508765e-07	0.04549240456956268	0.8889972500064344	-0.00037673856258687124	-0.00551210508239266	0.009552271377739733	-0.044957344462195965	-0.04736544512905401	0.1056004358979967	-0.044263704282942636	-0.4357050193848007	0.0002843350918050415	0.010635449693882056	-0.012823783086126748	1.6735598274547074e-06	-0.0007921565704389343
-0.0006890936962770916	-5.6626580414176705e-05	1.7020882556990834e-06	-7.528810854385553e-06	-9.265243088500202e-05	1.3156504903234108e-05	2.780734201896942e-07	-5.368880525191469e-06	-3.1837689570183154e-05	-1.480568082180667e-06	-0.09529486436726038	-0.3870867084214627	-0.0006891566881782292	-0.008012735918785594	-0.025673134875442396	-0.061606584423858426	-0.05370594793700687	0.6569894042013645	-0.07280645216842946	-0.6242825761289151	-0.0008162834906217963	-0.02223498665796599	0.08043191576385454	2.3742142133849006e-05	-0.007060176896227607
0.0002926020558217706	6.832724868444333e-05	8.276385978336652e-06	1.6873715817833617e-07	-9.248898587003852e-05	-0.00022989401047826327	-3.3844366346456016e-06	-7.955135677499327e-06	-3.396002892142608e-05	-8.616401804657101e-07	0.8691766621954555	-0.09338768546339021	0.0034134908056312084	0.05307821224922661	0.08097096094267878	0.29704802812870196	0.2757285897151326	-0.05672026823579105	-0.04617633729888484	-0.17053459241695895	-0.0003170908524560789	0.08400628497333892	0.1435709223867952	-8.580760304864806e-06	-0.0077607604387415225
