tloc	tmcCabe	assertionDensity	assertionRoulette	mysteryGuest	eagerTest	sensitiveEquality	resourceOptimism	conditionalTestLogic	fireAndForget	loc	lcom2	lcom5	cbo	wmc	rfc	mpc	halsteadVocabulary	halsteadLength	halsteadVolume	classDataShouldBePrivate	complexClass	spaghettiCode	functionalDecomposition	godClass
6.925657594337299e-05	5.466715082211411e-06	2.0681845692306978e-07	2.2141550067341628e-05	-8.723239379770777e-07	6.880789082665658e-05	6.686209414183335e-07	-2.0956069339244535e-08	1.1672546339925233e-08	-4.5021908821887975e-08	0.1404363708488518	0.21501570803480588	0.0006427559090284164	0.005047484353374358	0.017543754398581485	0.057354252169944275	0.052601471653652955	0.7360443547557014	0.05799031081153213	0.6123919382162826	0.0001144655843951478	0.017537909286088154	0.0848477294401893	-4.60369447561773e-06	0.0009896917977272384
7.387960035029234e-07	-2.3061952625531842e-05	3.5847613270114163e-06	3.391115437655344e-05	-1.7064265264274337e-05	0.00021698482380169535	4.2930135236175056e-07	-7.096116921570737e-07	-5.664959364734518e-06	-3.097824171259509e-07	0.04548474711130061	0.888980581203674	-0.00037685730431163077	-0.005513744749974278	0.009548010864343903	-0.044962880815532506	-0.047369442642086236	0.10558477577111158	-0.04426342305026129	-0.43574203467690853	0.0002842542594099279	0.010629804124248228	-0.012851606143417522	1.6611125649493614e-06	-0.000792881596797446
