tloc	tmcCabe	assertionDensity	assertionRoulette	mysteryGuest	eagerTest	sensitiveEquality	resourceOptimism	conditionalTestLogic	fireAndForget	loc	lcom2	lcom5	cbo	wmc	rfc	mpc	halsteadVocabulary	halsteadLength	halsteadVolume	classDataShouldBePrivate	complexClass	spaghettiCode	functionalDecomposition	godClass
7.035384385354894e-05	5.408630027568165e-06	2.2576102754588952e-07	2.2716162789740042e-05	-9.351003779008866e-07	6.819116671747735e-05	6.587759835859141e-07	-2.477536895345953e-08	5.0823322880557196e-08	-4.70804173603277e-08	0.14044537323010473	0.21458695359710434	0.0006433875266395755	0.005049092806669735	0.017526307699116096	0.05741227247948647	0.05266618677409171	0.7361190039005995	0.05798315457352124	0.6124279486086576	0.00011445857076862134	0.017520657249946194	0.08494326070081354	-4.558423740811707e-06	0.0009903961774290289
