tloc	tmcCabe	assertionDensity	assertionRoulette	mysteryGuest	eagerTest	sensitiveEquality	resourceOptimism	conditionalTestLogic	fireAndForget	loc	lcom2	lcom5	cbo	wmc	rfc	mpc	halsteadVocabulary	halsteadLength	halsteadVolume	classDataShouldBePrivate	complexClass	spaghettiCode	functionalDecomposition	godClass
6.951920911478207e-05	5.470066621061515e-06	2.0696231876209062e-07	2.2210849939662703e-05	-8.51738439194251e-07	6.880050418431404e-05	6.698603617093074e-07	-2.1782160243224526e-08	1.298037933862298e-07	-4.662290028449807e-08	0.14043635778085273	0.21497615360993935	0.0006427188634866429	0.00504830345802131	0.01754283645703661	0.05735426424644807	0.052601869657136695	0.7360324893698856	0.057996315303795766	0.612421194813659	0.00011444979141947118	0.017535068094137705	0.08483611372927131	-4.617552634908903e-06	0.0009894628695734094
