tloc	tmcCabe	assertionDensity	assertionRoulette	mysteryGuest	eagerTest	sensitiveEquality	resourceOptimism	conditionalTestLogic	fireAndForget	loc	lcom2	lcom5	cbo	wmc	rfc	mpc	halsteadVocabulary	halsteadLength	halsteadVolume	classDataShouldBePrivate	complexClass	spaghettiCode	functionalDecomposition	godClass
6.974083973124018e-05	5.609841943367104e-06	1.6450527756957135e-07	2.219461009258666e-05	-1.298445035753502e-06	6.824396220287978e-05	6.432795226074917e-07	-3.8036477473695434e-08	1.146207831322325e-08	-4.9349310949860444e-08	0.14054662177299146	0.21526593587924625	0.0006431764925809652	0.005058209467772831	0.017552442620752538	0.05741281969062739	0.05265753437349594	0.7361590131350172	0.05793805243007341	0.6121228239054546	0.00011546294448707316	0.01755302112064927	0.08493361078539531	-4.6713048701624674e-06	0.0009881743712126863
7.973029005888105e-07	-2.3130291898100858e-05	3.6075321804406867e-06	3.4023067099977405e-05	-1.694972830511425e-05	0.00021743742626206252	4.3956317710117013e-07	-7.057293145827133e-07	-5.69269940991043e-06	-3.106477217758248e-07	0.0452116469801999	0.8889885631939752	-0.0003777180317828689	-0.005531500175965343	0.009521249760506471	-0.04509540087399357	-0.04749274867384834	0.105243128684292	-0.04423508642225993	-0.4358099910149891	0.0002835383924872396	0.010610310705065684	-0.012967073520263031	1.6817768515361118e-06	-0.0007937902050525222
