tloc	tmcCabe	assertionDensity	assertionRoulette	mysteryGuest	eagerTest	sensitiveEquality	resourceOptimism	conditionalTestLogic	fireAndForget	loc	lcom2	lcom5	cbo	wmc	rfc	mpc	halsteadVocabulary	halsteadLength	halsteadVolume	classDataShouldBePrivate	complexClass	spaghettiCode	functionalDecomposition	godClass
6.915860879718767e-05	5.315114143386949e-06	1.947804655519381e-07	2.2078756819583627e-05	-9.459639873133216e-07	6.916199034175345e-05	7.332914302977706e-07	-2.4455324153075007e-08	-6.894644623862626e-08	-4.795431565450615e-08	0.14070225542304174	0.2152385506497701	0.0006426991222981498	0.0050478489836649505	0.017555340145808535	0.05737164299065202	0.05261380780790165	0.7360134603109806	0.05797612931822356	0.6122881436998288	0.00011439015298610774	0.017543770018721677	0.08484596504330716	-4.631969855705838e-06	0.0009892151933109123
2.3973522809042918e-06	-2.262407329579807e-05	3.6433821222907156e-06	3.446992243914662e-05	-1.6659762864026097e-05	0.00021538637616441095	1.4316591808967913e-07	-6.898062982258222e-07	-5.2505143174104875e-06	-2.9926971073961536e-07	0.043939992425976834	0.8888170559573246	-0.00038125070758728274	-0.005532258317552122	0.009472072581008606	-0.045204064363435756	-0.04757545667037884	0.10593018044075769	-0.04427210153581728	-0.43610323887071967	0.00028518539265296356	0.010568251249448955	-0.012903978327181877	1.7447273609474565e-06	-0.0007923397920611775
-0.0006954817428759101	-5.791511582935984e-05	1.5448556152011596e-06	-9.232523980664878e-06	-9.400489364346906e-05	1.6189218245276815e-05	8.069789512828638e-07	-5.441539741952568e-06	-3.293924257531139e-05	-1.5104288521456787e-06	-0.09064281638451246	-0.3882028627217784	-0.000667231727358508	-0.007928210780346648	-0.025440477550769443	-0.06082074006585006	-0.05302111375269478	0.6566830238792916	-0.07292917909821553	-0.6246887147542852	-0.000821380424460226	-0.022042470238485948	0.08085152066810349	2.3582946913055283e-05	-0.007087724891950051
