tloc	tmcCabe	assertionDensity	assertionRoulette	mysteryGuest	eagerTest	sensitiveEquality	resourceOptimism	conditionalTestLogic	fireAndForget	loc	lcom2	lcom5	cbo	wmc	rfc	mpc	halsteadVocabulary	halsteadLength	halsteadVolume	classDataShouldBePrivate	complexClass	spaghettiCode	functionalDecomposition	godClass
8.440994772040347e-05	1.24483190081955e-05	-7.682206833820808e-07	1.0337184960102059e-05	3.0943776135792778e-06	9.032362756032286e-06	-1.0268725151602527e-07	1.7260132387082873e-07	2.585719951675685e-06	3.672109785004736e-08	0.1382753205739089	0.02576341693817849	0.0007472949210277096	0.006595296824865417	0.0162028767545186	0.07025973462460981	0.06572969591494655	0.6792481272994109	0.06735163928229834	0.7050433357925595	5.5755598075736245e-05	0.01602558201625288	0.08598789432205536	-5.268486072660176e-06	0.0012861797244805987
0.00039673454266951196	1.7637579661036324e-05	-2.033889003563402e-06	1.5138942463141086e-05	1.8990591859970251e-06	0.0001847881340468445	1.4383031760564043e-06	7.360358920685924e-07	1.4683949787224326e-05	1.6731762190973744e-07	0.13930109503241322	0.9881590129352456	-3.440379082482506e-05	0.002267097785436827	0.024943284928542565	0.019280829155180368	0.010551100915989702	-0.030724877228667777	-0.003277965247155629	-0.03637080978320079	0.0005991653064831433	0.02531497251638698	-0.01003694003174435	-8.675541973845666e-06	0.002616728820760984
