tloc	tmcCabe	assertionDensity	assertionRoulette	mysteryGuest	eagerTest	sensitiveEquality	resourceOptimism	conditionalTestLogic	fireAndForget	loc	lcom2	lcom5	cbo	wmc	rfc	mpc	halsteadVocabulary	halsteadLength	halsteadVolume	classDataShouldBePrivate	complexClass	spaghettiCode	functionalDecomposition	godClass
6.930919013669626e-05	5.390892028854327e-06	1.8797757731494373e-07	2.1997955342764166e-05	-7.536434775896533e-07	6.8793779945448e-05	6.758565707276016e-07	-1.793048916503475e-08	-2.0244882245198395e-08	-4.76850761586677e-08	0.14045624391541164	0.2150370736604702	0.0006427745644774526	0.005047658706632249	0.01754406916366937	0.05736948039753801	0.05261702033020184	0.736086695703145	0.057978405583765366	0.6123250385362085	0.00011438642017192915	0.017539848622286348	0.0848639250897522	-4.563944581280543e-06	0.0009893717441083068
