tloc	tmcCabe	assertionDensity	assertionRoulette	mysteryGuest	eagerTest	sensitiveEquality	resourceOptimism	conditionalTestLogic	fireAndForget	loc	lcom2	lcom5	cbo	wmc	rfc	mpc	halsteadVocabulary	halsteadLength	halsteadVolume	classDataShouldBePrivate	complexClass	spaghettiCode	functionalDecomposition	godClass
6.106443628600286e-05	4.277150357194393e-06	6.340466988958699e-07	2.2206974799208608e-05	-2.2197865003095923e-06	6.780140133938788e-05	5.832816335505659e-07	-2.4180405148019307e-09	-5.617718455866694e-07	-6.962717501638849e-08	0.1406568679058157	0.21613484801098481	0.0006460903845808919	0.005046723188146677	0.01755424711802086	0.057563446871495505	0.05280977476677919	0.7372304691032141	0.057666936258941315	0.6104211761406271	0.00011286235841762604	0.017638374957351512	0.0854668015581503	-4.4659037076261885e-06	0.0009753904345935442
2.3991784655857177e-06	-2.2817298910316504e-05	3.680167596871304e-06	3.3751529779439755e-05	-1.7180534816278193e-05	0.0002180642572179491	4.4872557761943145e-07	-6.485624802709488e-07	-5.4415941375888615e-06	-2.728970703481896e-07	0.04470544761775999	0.8892820160306621	-0.000386797046544544	-0.0055467452076747885	0.009447431883484477	-0.04562685578119637	-0.048001886253653425	0.10309439924928532	-0.044073676266730206	-0.43566265210115446	0.0002834841575074391	0.010449920865512259	-0.013780478186135287	1.431421820092107e-06	-0.0007968831234577504
