tloc	tmcCabe	assertionDensity	assertionRoulette	mysteryGuest	eagerTest	sensitiveEquality	resourceOptimism	conditionalTestLogic	fireAndForget	loc	lcom2	lcom5	cbo	wmc	rfc	mpc	halsteadVocabulary	halsteadLength	halsteadVolume	classDataShouldBePrivate	complexClass	spaghettiCode	functionalDecomposition	godClass
6.86163154792833e-05	5.351902083704197e-06	1.956758724798226e-07	2.196277433352336e-05	-1.0607097710084246e-06	6.890266527633393e-05	6.562780995951778e-07	-2.931185025647403e-08	-2.1064819325803263e-07	-3.752597868452297e-08	0.1404730330830228	0.21519434661444878	0.000643189230193368	0.0050462701950861255	0.017550019437661893	0.05738505495959065	0.05263011524901782	0.736117255057744	0.0579600380829846	0.6122204045861948	0.00011474314608292181	0.0175501480073308	0.08491791380422346	-4.525977635537863e-06	0.0009894167047692737
1.543088953320849e-06	-2.30192169848051e-05	3.5819512793690206e-06	3.371874090953434e-05	-1.70104579639739e-05	0.0002157145065821933	4.3441361563771493e-07	-7.303135151776649e-07	-5.307123442623286e-06	-3.08493811003616e-07	0.04540914264693014	0.8888008879895473	-0.0003774742513442938	-0.005518876906265045	0.00951881097670315	-0.045080273094516	-0.047468043545111076	0.10563306854909514	-0.04428372111125638	-0.4360787591995062	0.0002838574068399207	0.010597205005094213	-0.01293055326276351	1.6487779681491148e-06	-0.0007939881850546763
