tloc	tmcCabe	assertionDensity	assertionRoulette	mysteryGuest	eagerTest	sensitiveEquality	resourceOptimism	conditionalTestLogic	fireAndForget	loc	lcom2	lcom5	cbo	wmc	rfc	mpc	halsteadVocabulary	halsteadLength	halsteadVolume	classDataShouldBePrivate	complexClass	spaghettiCode	functionalDecomposition	godClass
6.803379241338421e-05	5.694440635650252e-06	2.2239307450371144e-07	2.223781851605649e-05	-1.0803791824174944e-06	6.827086280286199e-05	6.050024191793151e-07	-2.982965321188966e-08	-7.982948058946534e-07	-5.0513009371927624e-08	0.14063020206263382	0.21648320564304627	0.0006439099164041609	0.005080751939901964	0.017591041656781856	0.0577440566548307	0.05297563795486484	0.734867773365591	0.05802488473842846	0.6131534308454477	0.00011538522530105663	0.017591834029758325	0.0849502599869398	-4.164508738665823e-06	0.0009982263882934903
