tloc	tmcCabe	assertionDensity	assertionRoulette	mysteryGuest	eagerTest	sensitiveEquality	resourceOptimism	conditionalTestLogic	fireAndForget	loc	lcom2	lcom5	cbo	wmc	rfc	mpc	halsteadVocabulary	halsteadLength	halsteadVolume	classDataShouldBePrivate	complexClass	spaghettiCode	functionalDecomposition	godClass
6.645200258661845e-05	5.2453780176498005e-06	1.8524317698986172e-07	2.1843741984199224e-05	-1.198954683753107e-06	6.878521454279295e-05	6.420913656732129e-07	-3.59573195502337e-08	-2.547965670131712e-07	-5.6895832809634975e-08	0.14040685039599934	0.21517132759828403	0.0006433922255735074	0.005047681567158878	0.017540693204637598	0.057405331243197855	0.052655250765070785	0.7362800792822951	0.05792685727144894	0.6120382404079548	0.00011302060348242008	0.01755577690613124	0.08498124848039032	-4.4633223280617426e-06	0.0009877681140635787
