tloc	tmcCabe	assertionDensity	assertionRoulette	mysteryGuest	eagerTest	sensitiveEquality	resourceOptimism	conditionalTestLogic	fireAndForget	loc	lcom2	lcom5	cbo	wmc	rfc	mpc	halsteadVocabulary	halsteadLength	halsteadVolume	classDataShouldBePrivate	complexClass	spaghettiCode	functionalDecomposition	godClass
6.30524170592106e-05	4.499233901722401e-06	3.379518324267262e-07	2.2861823854467194e-05	-2.450405997989799e-06	7.157238940437585e-05	4.841055129791173e-07	-2.7479119022543037e-07	-1.445386375014015e-06	-4.8922142295905115e-08	0.139667510852311	0.22154185335869606	0.0006799637891248927	0.005229486193047006	0.018132821200292373	0.06027720587271465	0.055373044202596935	0.7338290372639474	0.0575510859108652	0.6122478781278514	7.423487351409941e-05	0.018211707181027825	0.0857858677365626	-4.419431605464299e-06	0.0007243716525669044
-8.223424482924558e-06	-2.3946223836313787e-05	3.920349373954696e-06	3.487355912349386e-05	-1.762127032359863e-05	0.00023179263286274976	1.0689318298397455e-06	-5.193699764700233e-07	-4.368364175968872e-06	-3.1623347807277107e-07	0.0306732044458251	0.8754363872686999	-0.00047299458266278317	-0.00667954279270821	0.007831407908299797	-0.05619944792800879	-0.05791469811315287	0.12462370546022195	-0.04550584100296889	-0.45616839605797826	0.00040913224087868076	0.00869270782137667	-0.016849521547441806	1.6874451466915126e-06	-0.0006908292513292054
