tloc	tmcCabe	assertionDensity	assertionRoulette	mysteryGuest	eagerTest	sensitiveEquality	resourceOptimism	conditionalTestLogic	fireAndForget	loc	lcom2	lcom5	cbo	wmc	rfc	mpc	halsteadVocabulary	halsteadLength	halsteadVolume	classDataShouldBePrivate	complexClass	spaghettiCode	functionalDecomposition	godClass
6.812763185068299e-05	5.225503085513295e-06	2.488264220240039e-07	2.19450777011053e-05	-1.1744825416270407e-06	6.897937710719696e-05	6.507916654947054e-07	-4.138970214706444e-08	-1.3524387713346936e-07	-4.682808114608771e-08	0.1404145438954693	0.21507664626581513	0.0006431975907700827	0.005045549482388749	0.01754134702452816	0.05737783493102034	0.05262667900038535	0.7361830599830642	0.05795718900030381	0.6121991637584788	0.00011418324627006008	0.017544020881736205	0.08490756789496409	-4.577458038219708e-06	0.0009890846797576223
2.1271781422420014e-06	-2.3086762058600385e-05	3.6013318210085443e-06	3.4136924210694466e-05	-1.693732116309918e-05	0.00021683847740753626	4.379457945635008e-07	-6.882176479352866e-07	-5.622727498507813e-06	-3.0152304516701224e-07	0.045427200296366946	0.8889897891985444	-0.0003777323379268419	-0.0055151488885594735	0.00953935410814499	-0.04501238545479155	-0.04741653479634678	0.10541569943240592	-0.044254335964119186	-0.435759860572556	0.00028443277135732447	0.010624280531679898	-0.01289618449772294	1.640743315978845e-06	-0.0007961388027325805
