tloc	tmcCabe	assertionDensity	assertionRoulette	mysteryGuest	eagerTest	sensitiveEquality	resourceOptimism	conditionalTestLogic	fireAndForget	loc	lcom2	lcom5	cbo	wmc	rfc	mpc	halsteadVocabulary	halsteadLength	halsteadVolume	classDataShouldBePrivate	complexClass	spaghettiCode	functionalDecomposition	godClass
6.895158356555041e-05	5.382261519966435e-06	2.0877070928848607e-07	2.1823924626248187e-05	-6.55403965498891e-07	6.793977028801153e-05	6.518429872034231e-07	-1.140037491817553e-08	2.0481726649248166e-08	-3.752205860307264e-08	0.14054349004014843	0.21513284925143086	0.0006429572927367979	0.0050576832351027085	0.017505270121735902	0.05743052183097999	0.05268901872803393	0.7362632619015834	0.05793004001533113	0.6120385857977771	0.00011503216057177923	0.01749106133700497	0.08497588431599566	-4.599738500128269e-06	0.0009934147527317066
2.1140751867837475e-06	-2.2919458809221903e-05	3.5771450638235194e-06	3.41511503242315e-05	-1.7188623079060005e-05	0.00021756451386547372	4.521034616929751e-07	-7.167293514885993e-07	-5.571436446503743e-06	-3.136795604188458e-07	0.04536246760715222	0.8889629899844924	-0.0003767627221662828	-0.005525058170121292	0.009557301393127274	-0.045065038327430015	-0.047472604016502946	0.10533106891544008	-0.044255756685559186	-0.43582771373086054	0.00028400736817607797	0.010640649952217505	-0.01294389567024876	1.6513761334525099e-06	-0.0007955479424323696
