tloc	tmcCabe	assertionDensity	assertionRoulette	mysteryGuest	eagerTest	sensitiveEquality	resourceOptimism	conditionalTestLogic	fireAndForget	loc	lcom2	lcom5	cbo	wmc	rfc	mpc	halsteadVocabulary	halsteadLength	halsteadVolume	classDataShouldBePrivate	complexClass	spaghettiCode	functionalDecomposition	godClass
6.730124034235241e-05	4.735093514791419e-06	3.651186863910232e-07	2.2087135983800237e-05	-1.4004344363624e-06	6.876883977725493e-05	6.520201981841974e-07	-4.220598165512236e-08	-6.302784301299247e-07	-5.8895471505373685e-08	0.1403375414660342	0.215139946603359	0.0006434150600422499	0.005041497555055104	0.017537261833878208	0.05737632412148737	0.05262522810599265	0.7362859396607547	0.05793183509832289	0.612068135050534	0.00011395760745089803	0.017546808126102976	0.08494682353145555	-4.5184445427910795e-06	0.0009868679946354747
3.694432705756829e-06	-2.2642557022405097e-05	3.520590536637505e-06	3.4061081907357834e-05	-1.674413780139023e-05	0.0002172670932561542	4.497292340717072e-07	-6.950133589382637e-07	-5.2664609343730116e-06	-3.0119037908546076e-07	0.04551246705563896	0.8889546774378206	-0.00037758531222564274	-0.005512716292601138	0.00953983906913552	-0.045005525663942364	-0.047405311464257055	0.10531761968919207	-0.04426002868788455	-0.4358471658161307	0.0002846837583468254	0.010630559829223696	-0.012908375963481477	1.6277744576231618e-06	-0.0007914724365083658
