tloc	tmcCabe	assertionDensity	assertionRoulette	mysteryGuest	eagerTest	sensitiveEquality	resourceOptimism	conditionalTestLogic	fireAndForget	loc	lcom2	lcom5	cbo	wmc	rfc	mpc	halsteadVocabulary	halsteadLength	halsteadVolume	classDataShouldBePrivate	complexClass	spaghettiCode	functionalDecomposition	godClass
6.941149391010923e-05	5.436239281778218e-06	2.0663299006826594e-07	2.2130625243310048e-05	-8.337055359797461e-07	6.883309152697809e-05	6.635645886472254e-07	-1.9244776590310604e-08	4.344330404034828e-08	-4.536008567608731e-08	0.14045233262039003	0.21499576560732128	0.0006425751342316124	0.005047442572647275	0.017543148468953572	0.057354845202995566	0.05260224104626029	0.7360374606237227	0.057993779638615205	0.6124041961771299	0.00011455027529464402	0.01753518791796613	0.08484061587123055	-4.610637240331016e-06	0.0009898554365738023
