tloc	tmcCabe	assertionDensity	assertionRoulette	mysteryGuest	eagerTest	sensitiveEquality	resourceOptimism	conditionalTestLogic	fireAndForget	loc	lcom2	lcom5	cbo	wmc	rfc	mpc	halsteadVocabulary	halsteadLength	halsteadVolume	classDataShouldBePrivate	complexClass	spaghettiCode	functionalDecomposition	godClass
6.925872618095435e-05	5.4017273867469555e-06	1.994175841653178e-07	2.2127374718225108e-05	-8.712680506953766e-07	6.880504189389808e-05	6.674425791307247e-07	-2.0840552553515395e-08	2.8981068860088958e-09	-4.615323800778892e-08	0.14043691250028895	0.21498221838040385	0.0006427382602881545	0.005047092737524612	0.01754258578552258	0.05735404276106421	0.05260167907528057	0.7360341263934856	0.057995278689026264	0.6124171298153985	0.00011445019404917943	0.01753542077223883	0.08483599519357932	-4.619325454300906e-06	0.0009895760627131789
