tloc	tmcCabe	assertionDensity	assertionRoulette	mysteryGuest	eagerTest	sensitiveEquality	resourceOptimism	conditionalTestLogic	fireAndForget	loc	lcom2	lcom5	cbo	wmc	rfc	mpc	halsteadVocabulary	halsteadLength	halsteadVolume	classDataShouldBePrivate	complexClass	spaghettiCode	functionalDecomposition	godClass
0.0001271875794833009	8.512765030155746e-07	1.3526951788645772e-06	4.0563687646046385e-05	3.384728577699951e-06	0.00017672582486209052	2.2558729209330727e-06	3.516159996391335e-07	8.557908573102856e-06	1.1527515282966073e-07	0.12858415454649272	0.5577254730099278	0.00024967702446118374	0.0008680917480025795	0.017337714972895886	0.01735547458750323	0.012668430214886763	0.7246167340200672	0.03690622122131576	0.3757191537983156	0.00027552084056946323	0.016871242020780757	0.06132699483899774	-6.130941232305474e-06	0.0017807116239699644
