tloc	tmcCabe	assertionDensity	assertionRoulette	mysteryGuest	eagerTest	sensitiveEquality	resourceOptimism	conditionalTestLogic	fireAndForget	loc	lcom2	lcom5	cbo	wmc	rfc	mpc	halsteadVocabulary	halsteadLength	halsteadVolume	classDataShouldBePrivate	complexClass	spaghettiCode	functionalDecomposition	godClass
6.878862731283791e-05	5.491889088078209e-06	1.988802974089177e-07	2.2043380617200506e-05	-1.0313496000394147e-06	6.862648644574762e-05	6.796503242332889e-07	-2.7628466812421673e-08	5.598973528146925e-08	-4.885891868165442e-08	0.14040527650233456	0.21501998241029724	0.0006429771081813594	0.005044016548222654	0.017538540261409417	0.057360653414440806	0.052609845516808744	0.7361242811423632	0.057972682776396584	0.6122978662317372	0.0001142972937445611	0.017540127038814912	0.08487724213404935	-4.560148230270912e-06	0.0009887426119739378
