tloc	tmcCabe	assertionDensity	assertionRoulette	mysteryGuest	eagerTest	sensitiveEquality	resourceOptimism	conditionalTestLogic	fireAndForget	loc	lcom2	lcom5	cbo	wmc	rfc	mpc	halsteadVocabulary	halsteadLength	halsteadVolume	classDataShouldBePrivate	complexClass	spaghettiCode	functionalDecomposition	godClass
6.675984486523965e-05	5.360821179850064e-06	1.4662549773020189e-07	2.1590651240692932e-05	-9.01715643550557e-07	6.85551336980024e-05	6.496457374110887e-07	4.425575576978855e-08	-2.7732323104954695e-07	-4.579831487471502e-08	0.14036013018615126	0.2149740225148014	0.0006431458575843771	0.0050440926949549	0.017534613033900873	0.057354479047995746	0.05260533236630448	0.7360994502955944	0.057986520691216924	0.6123533820293393	0.0001141062402913372	0.017538888738808954	0.08488176185626947	-4.607830166413514e-06	0.0009881686199500247
