tloc	tmcCabe	assertionDensity	assertionRoulette	mysteryGuest	eagerTest	sensitiveEquality	resourceOptimism	conditionalTestLogic	fireAndForget	loc	lcom2	lcom5	cbo	wmc	rfc	mpc	halsteadVocabulary	halsteadLength	halsteadVolume	classDataShouldBePrivate	complexClass	spaghettiCode	functionalDecomposition	godClass
6.9256575943418e-05	5.466715082211257e-06	2.0681845692306345e-07	2.214155006734149e-05	-8.72323937977243e-07	6.88078908266564e-05	6.686209414183142e-07	-2.095606933925359e-08	1.167254633977967e-08	-4.502190882189161e-08	0.14043637084885133	0.21501570803480569	0.000642755909028416	0.005047484353374337	0.017543754398581454	0.05735425216994424	0.05260147165365295	0.7360443547557023	0.05799031081153212	0.6123919382162821	0.00011446558439514688	0.017537909286088154	0.08484772944018942	-4.60369447561767e-06	0.0009896917977272263
7.387960035681571e-07	-2.3061952625500698e-05	3.5847613270113917e-06	3.3911154376553385e-05	-1.706426526427331e-05	0.0002169848238016946	4.2930135236172425e-07	-7.096116921570139e-07	-5.664959364734255e-06	-3.0978241712593516e-07	0.04548474711130155	0.8889805812036781	-0.00037685730431161993	-0.005513744749974173	0.009548010864344227	-0.04496288081553169	-0.047369442642085424	0.10558477577110414	-0.04426342305026038	-0.4357420346769017	0.0002842542594099381	0.01062980412424855	-0.012851606143418503	1.6611125649491018e-06	-0.0007928815967973638
