tloc	tmcCabe	assertionDensity	assertionRoulette	mysteryGuest	eagerTest	sensitiveEquality	resourceOptimism	conditionalTestLogic	fireAndForget	loc	lcom2	lcom5	cbo	wmc	rfc	mpc	halsteadVocabulary	halsteadLength	halsteadVolume	classDataShouldBePrivate	complexClass	spaghettiCode	functionalDecomposition	godClass
7.035384385344495e-05	5.408630027568033e-06	2.2576102754590884e-07	2.2716162789740236e-05	-9.351003779009829e-07	6.819116671747857e-05	6.587759835859209e-07	-2.4775368953464222e-08	5.0823322880523195e-08	-4.7080417360328834e-08	0.1404453732301051	0.21458695359710883	0.0006433875266395738	0.005049092806669701	0.017526307699116145	0.05741227247948624	0.052666186774091545	0.7361190039005998	0.057983154573521024	0.6124279486086559	0.00011445857076862252	0.017520657249946232	0.08494326070081365	-4.558423740811703e-06	0.000990396177429026
