tloc	tmcCabe	assertionDensity	assertionRoulette	mysteryGuest	eagerTest	sensitiveEquality	resourceOptimism	conditionalTestLogic	fireAndForget	loc	lcom2	lcom5	cbo	wmc	rfc	mpc	halsteadVocabulary	halsteadLength	halsteadVolume	classDataShouldBePrivate	complexClass	spaghettiCode	functionalDecomposition	godClass
6.974083973108924e-05	5.609841943367084e-06	1.645052775695845e-07	2.2194610092586766e-05	-1.2984450357535761e-06	6.824396220288007e-05	6.432795226074825e-07	-3.803647747370025e-08	1.1462078313181443e-08	-4.934931094986158e-08	0.14054662177299201	0.21526593587924953	0.0006431764925809663	0.005058209467772851	0.017552442620752593	0.05741281969062742	0.05265753437349594	0.7361590131350171	0.05793805243007325	0.6121228239054533	0.0001154629444870741	0.017553021120649336	0.0849336107853953	-4.671304870162464e-06	0.0009881743712126855
7.973029005607277e-07	-2.313029189810087e-05	3.6075321804406804e-06	3.402306709997729e-05	-1.694972830511432e-05	0.0002174374262620619	4.3956317710115287e-07	-7.057293145827218e-07	-5.6926994099105185e-06	-3.1064772177582674e-07	0.04521164698019932	0.888988563193974	-0.00037771803178287145	-0.005531500175965352	0.009521249760506409	-0.04509540087399375	-0.047492748673848444	0.10524312868429044	-0.04423508642226017	-0.43580999101499235	0.0002835383924872381	0.010610310705065622	-0.01296707352026331	1.6817768515361705e-06	-0.0007937902050525495
