tloc	tmcCabe	assertionDensity	assertionRoulette	mysteryGuest	eagerTest	sensitiveEquality	resourceOptimism	conditionalTestLogic	fireAndForget	loc	lcom2	lcom5	cbo	wmc	rfc	mpc	halsteadVocabulary	halsteadLength	halsteadVolume	classDataShouldBePrivate	complexClass	spaghettiCode	functionalDecomposition	godClass
6.951920911483196e-05	5.470066621061527e-06	2.0696231876208786e-07	2.2210849939662673e-05	-8.517384391942163e-07	6.880050418431412e-05	6.69860361709307e-07	-2.1782160243222567e-08	1.2980379338623382e-07	-4.662290028449735e-08	0.1404363577808525	0.21497615360993894	0.0006427188634866436	0.0050483034580213115	0.017542836457036602	0.05735426424644811	0.052601869657136834	0.736032489369885	0.05799631530379582	0.6124211948136601	0.00011444979141947108	0.01753506809413767	0.08483611372927129	-4.61755263490891e-06	0.000989462869573415
