tloc	tmcCabe	assertionDensity	assertionRoulette	mysteryGuest	eagerTest	sensitiveEquality	resourceOptimism	conditionalTestLogic	fireAndForget	loc	lcom2	lcom5	cbo	wmc	rfc	mpc	halsteadVocabulary	halsteadLength	halsteadVolume	classDataShouldBePrivate	complexClass	spaghettiCode	functionalDecomposition	godClass
6.867773925177265e-05	5.350892023672715e-06	1.7928045209633285e-07	2.198176645267886e-05	-9.999463270765019e-07	6.876621407238727e-05	6.580413395403605e-07	-2.817817367540375e-08	1.0843813016178036e-07	-4.9832191536816696e-08	0.1404659070785193	0.21512685388652134	0.0006430127378080729	0.005049007887108261	0.017545365964594994	0.057376703115296815	0.05262315120723765	0.7361386003257168	0.05796578474934377	0.6122241834277848	0.00011437039669172187	0.01754708474849909	0.08489589941408297	-4.651895785908579e-06	0.0009894053210932285
