tloc	tmcCabe	assertionDensity	assertionRoulette	mysteryGuest	eagerTest	sensitiveEquality	resourceOptimism	conditionalTestLogic	fireAndForget	loc	lcom2	lcom5	cbo	wmc	rfc	mpc	halsteadVocabulary	halsteadLength	halsteadVolume	classDataShouldBePrivate	complexClass	spaghettiCode	functionalDecomposition	godClass
6.915860879740388e-05	5.315114143386869e-06	1.9478046555194583e-07	2.2078756819583583e-05	-9.459639873134807e-07	6.916199034175371e-05	7.332914302977605e-07	-2.4455324153085072e-08	-6.894644623871717e-08	-4.795431565450876e-08	0.140702255423042	0.21523855064977054	0.0006426991222981506	0.005047848983664954	0.017555340145808566	0.05737164299065211	0.05261380780790168	0.7360134603109808	0.05797612931822348	0.6122881436998275	0.00011439015298610751	0.01754377001872172	0.08484596504330719	-4.631969855705817e-06	0.0009892151933109043
2.3973522808884213e-06	-2.2624073295891253e-05	3.643382122290758e-06	3.446992243914655e-05	-1.6659762864027022e-05	0.00021538637616441112	1.4316591808968337e-07	-6.898062982258779e-07	-5.250514317410756e-06	-2.992697107396287e-07	0.04393999242597591	0.8888170559573197	-0.00038125070758728935	-0.005532258317552194	0.009472072581008335	-0.045204064363436346	-0.0475754566703793	0.1059301804407636	-0.044272101535818016	-0.43610323887072633	0.00028518539265295505	0.010568251249448726	-0.012903978327181013	1.7447273609477106e-06	-0.0007923397920612471
-0.0006954817428760956	-5.791511582912364e-05	1.5448556150559957e-06	-9.232523980664849e-06	-9.400489364346864e-05	1.618921824527437e-05	8.069789512828619e-07	-5.441539741952547e-06	-3.293924257531092e-05	-1.5104288521456664e-06	-0.09064281638451104	-0.3882028627217878	-0.000667231727358499	-0.00792821078034646	-0.025440477550769326	-0.06082074006584918	-0.05302111375269393	0.6566830238792896	-0.0729291790982151	-0.6246887147542812	-0.0008213804244602246	-0.022042470238485885	0.08085152066810335	2.358294691305515e-05	-0.007087724891950031
