tloc	tmcCabe	assertionDensity	assertionRoulette	mysteryGuest	eagerTest	sensitiveEquality	resourceOptimism	conditionalTestLogic	fireAndForget	loc	lcom2	lcom5	cbo	wmc	rfc	mpc	halsteadVocabulary	halsteadLength	halsteadVolume	classDataShouldBePrivate	complexClass	spaghettiCode	functionalDecomposition	godClass
8.4409947720514e-05	1.2448319008195568e-05	-7.682206833820867e-07	1.0337184960102114e-05	3.0943776135793747e-06	9.032362756032616e-06	-1.0268725151601897e-07	1.7260132387083572e-07	2.5857199516757965e-06	3.6721097850049175e-08	0.13827532057390918	0.025763416938179882	0.000747294921027709	0.006595296824865407	0.01620287675451864	0.07025973462460973	0.0657296959149465	0.6792481272994115	0.06735163928229834	0.7050433357925592	5.57555980757374e-05	0.0160255820162529	0.0859878943220554	-5.268486072660212e-06	0.0012861797244806082
0.0003967345426695293	1.7637579660959275e-05	-2.0338890035636934e-06	1.5138942463140985e-05	1.8990591859968343e-06	0.00018478813404684507	1.438303176056412e-06	7.360358920685872e-07	1.4683949787224243e-05	1.6731762190973596e-07	0.13930109503241322	0.9881590129352463	-3.440379082482527e-05	0.002267097785436808	0.024943284928542628	0.019280829155180215	0.010551100915989561	-0.030724877228668304	-0.0032779652471557957	-0.036370809783202236	0.0005991653064831418	0.025314972516387	-0.010036940031744525	-8.675541973845667e-06	0.00261672882076095
