tloc	tmcCabe	assertionDensity	assertionRoulette	mysteryGuest	eagerTest	sensitiveEquality	resourceOptimism	conditionalTestLogic	fireAndForget	loc	lcom2	lcom5	cbo	wmc	rfc	mpc	halsteadVocabulary	halsteadLength	halsteadVolume	classDataShouldBePrivate	complexClass	spaghettiCode	functionalDecomposition	godClass
6.93091901367111e-05	5.390892028854182e-06	1.8797757731495575e-07	2.1997955342764254e-05	-7.536434775897558e-07	6.879377994544894e-05	6.758565707276004e-07	-1.793048916503984e-08	-2.0244882245261205e-08	-4.768507615866962e-08	0.14045624391541162	0.21503707366047364	0.0006427745644774513	0.005047658706632213	0.017544069163669372	0.057369480397537885	0.05261702033020164	0.7360866957031451	0.0579784055837652	0.612325038536207	0.00011438642017192984	0.017539848622286382	0.08486392508975228	-4.5639445812805215e-06	0.0009893717441082951
