tloc	tmcCabe	assertionDensity	assertionRoulette	mysteryGuest	eagerTest	sensitiveEquality	resourceOptimism	conditionalTestLogic	fireAndForget	loc	lcom2	lcom5	cbo	wmc	rfc	mpc	halsteadVocabulary	halsteadLength	halsteadVolume	classDataShouldBePrivate	complexClass	spaghettiCode	functionalDecomposition	godClass
6.106443628616522e-05	4.277150357194501e-06	6.340466988958515e-07	2.220697479920836e-05	-2.21978650030955e-06	6.780140133938655e-05	5.832816335505491e-07	-2.418040514801451e-09	-5.617718455867033e-07	-6.962717501638779e-08	0.14065686790581544	0.21613484801098115	0.000646090384580893	0.005046723188146702	0.017554247118020828	0.05756344687149576	0.052809774766779484	0.7372304691032133	0.057666936258941405	0.6104211761406289	0.0001128623584176248	0.017638374957351478	0.08546680155815028	-4.465903707626184e-06	0.0009753904345935467
2.3991784655269735e-06	-2.2817298910285055e-05	3.6801675968713035e-06	3.37515297794397e-05	-1.7180534816278684e-05	0.00021806425721794935	4.487255776194241e-07	-6.48562480270976e-07	-5.441594137589063e-06	-2.7289707034819605e-07	0.044705447617760276	0.8892820160306614	-0.00038679704654454424	-0.005546745207674786	0.009447431883484467	-0.045626855781196275	-0.04800188625365331	0.10309439924929113	-0.04407367626673026	-0.4356626521011545	0.0002834841575074355	0.010449920865512254	-0.013780478186134709	1.4314218200922052e-06	-0.000796883123457784
