tloc	tmcCabe	assertionDensity	assertionRoulette	mysteryGuest	eagerTest	sensitiveEquality	resourceOptimism	conditionalTestLogic	fireAndForget	loc	lcom2	lcom5	cbo	wmc	rfc	mpc	halsteadVocabulary	halsteadLength	halsteadVolume	classDataShouldBePrivate	complexClass	spaghettiCode	functionalDecomposition	godClass
6.861631547930535e-05	5.351902083704281e-06	1.9567587247982304e-07	2.1962774333523344e-05	-1.0607097710083946e-06	6.890266527633364e-05	6.562780995951852e-07	-2.9311850256473235e-08	-2.106481932579893e-07	-3.752597868452233e-08	0.14047303308302295	0.21519434661444772	0.0006431892301933687	0.005046270195086145	0.017550019437661896	0.05738505495959079	0.05263011524901793	0.7361172550577433	0.05796003808298463	0.6122204045861958	0.00011474314608292153	0.01755014800733079	0.0849179138042235	-4.52597763553788e-06	0.0009894167047692715
1.5430889532344455e-06	-2.3019216984748028e-05	3.5819512793689868e-06	3.371874090953449e-05	-1.7010457963972007e-05	0.0002157145065821929	4.344136156377041e-07	-7.303135151775576e-07	-5.307123442622622e-06	-3.084938110035854e-07	0.04540914264693273	0.8888008879895554	-0.0003774742513442773	-0.00551887690626486	0.009518810976703694	-0.045080273094514754	-0.047468043545109834	0.10563306854908286	-0.04428372111125478	-0.4360787591994929	0.00028385740683993846	0.010597205005094661	-0.012930553262765	1.6487779681486328e-06	-0.0007939881850545279
