tloc	tmcCabe	assertionDensity	assertionRoulette	mysteryGuest	eagerTest	sensitiveEquality	resourceOptimism	conditionalTestLogic	fireAndForget	loc	lcom2	lcom5	cbo	wmc	rfc	mpc	halsteadVocabulary	halsteadLength	halsteadVolume	classDataShouldBePrivate	complexClass	spaghettiCode	functionalDecomposition	godClass
6.322140099810798e-05	4.94108335474456e-06	1.381058261409848e-07	2.2095829197255033e-05	-1.316147049162928e-06	6.823127294481602e-05	6.55645565311508e-07	-2.3541787206369186e-08	-1.0004272401937282e-06	-5.601387989135196e-08	0.14073999318929903	0.21389919234600452	0.0006442075006213094	0.005075834263172491	0.0175183702743954	0.05775660790445943	0.05301599215694633	0.7377219090435706	0.057655252376069624	0.6105354740878267	0.00011518820948753115	0.017582671103229832	0.08566424073933653	-4.51056988502336e-06	0.0009762199255437778
-5.428452917264993e-06	-2.3090894904016848e-05	3.7550018332671447e-06	3.706432956220928e-05	-1.625541441590107e-05	0.00022418208853557686	4.0571752507026565e-07	-6.265101414924189e-07	-3.3360521757464223e-06	-2.9201719083357387e-07	0.04483074563478004	0.8879897278103026	-0.0003793751371135353	-0.005612943720835041	0.009243241107220173	-0.04696693367141667	-0.049246599029967995	0.1074640676768634	-0.044211784574337144	-0.43693178738329713	0.0002889933473258354	0.010234858526079001	-0.014077055876776509	1.5799702676548407e-06	-0.0007708488577230732
