tloc	tmcCabe	assertionDensity	assertionRoulette	mysteryGuest	eagerTest	sensitiveEquality	resourceOptimism	conditionalTestLogic	fireAndForget	loc	lcom2	lcom5	cbo	wmc	rfc	mpc	halsteadVocabulary	halsteadLength	halsteadVolume	classDataShouldBePrivate	complexClass	spaghettiCode	functionalDecomposition	godClass
6.645200258682423e-05	5.24537801764983e-06	1.8524317698987718e-07	2.1843741984199394e-05	-1.198954683753094e-06	6.878521454279365e-05	6.420913656732273e-07	-3.5957319550232346e-08	-2.5479656701308424e-07	-5.6895832809633876e-08	0.1404068503959997	0.21517132759828603	0.000643392225573506	0.005047681567158875	0.017540693204637622	0.05740533124319776	0.052655250765070605	0.7362800792822957	0.05792685727144872	0.6120382404079533	0.00011302060348242114	0.017555776906131276	0.0849812484803902	-4.463322328061772e-06	0.0009877681140635774
