tloc	tmcCabe	assertionDensity	assertionRoulette	mysteryGuest	eagerTest	sensitiveEquality	resourceOptimism	conditionalTestLogic	fireAndForget	loc	lcom2	lcom5	cbo	wmc	rfc	mpc	halsteadVocabulary	halsteadLength	halsteadVolume	classDataShouldBePrivate	complexClass	spaghettiCode	functionalDecomposition	godClass
6.943297850818634e-05	5.446617893060068e-06	2.0418866056987502e-07	2.2148999552511336e-05	-8.265892654284873e-07	6.877669141828064e-05	6.690072700836268e-07	-1.8785726949054445e-08	3.700036349198098e-08	-4.495063080462361e-08	0.14042685173537062	0.21486931267966086	0.000642774664811062	0.005047689692198217	0.01754002016143042	0.057351424153520056	0.05259972019417389	0.736027983489354	0.05800282935334988	0.6124673679903814	0.00011430385134346173	0.01753074760311067	0.08482858720910587	-4.61665448255006e-06	0.0009897986671951807
-9.302417525077117e-06	-2.4512543734613857e-05	3.8272666717509715e-06	3.5607212443103887e-05	-1.673840311005463e-05	0.00020901294340884333	3.8627617735243537e-07	-7.792564504935499e-07	-5.533654447018986e-06	-2.854144625141709e-07	0.04114569600023439	0.8844421677664617	-0.0003880925119169334	-0.005743074152904937	0.008738036155769253	-0.04700140847842847	-0.0491482200095882	0.11416077542171466	-0.04489093806571593	-0.4427502825832626	0.0002320412893060785	0.009772886395947573	-0.012765440027285696	1.968867109115186e-06	-0.0008121454931627542
-0.0006814045390403948	-5.383801304475073e-05	9.965773969708038e-07	-1.3474285660802221e-05	-9.779033960086725e-05	3.646822743687314e-05	4.107777383719184e-07	-5.392851741241675e-06	-3.3714652501821207e-05	-1.6215402109296966e-06	-0.08163561800032997	-0.39958380220037604	-0.0006594201558177666	-0.007274764736179547	-0.023807537059874363	-0.05544004101712309	-0.04813897519793083	0.6544176590372671	-0.07336043552093909	-0.6216326266417374	-0.0006839563366141314	-0.02005484936223428	0.08443565376027391	2.3683723864384994e-05	-0.0073091085690290755
