tloc	tmcCabe	assertionDensity	assertionRoulette	mysteryGuest	eagerTest	sensitiveEquality	resourceOptimism	conditionalTestLogic	fireAndForget	loc	lcom2	lcom5	cbo	wmc	rfc	mpc	halsteadVocabulary	halsteadLength	halsteadVolume	classDataShouldBePrivate	complexClass	spaghettiCode	functionalDecomposition	godClass
7.224457732675423e-05	5.952671824108078e-06	2.04579732726685e-07	2.2884765283158014e-05	-5.585087621701339e-07	6.926986885545772e-05	6.979542721135482e-07	-5.5409638689676045e-09	4.0032872314756776e-07	-3.985434121772283e-08	0.14015634357531054	0.21602248876382762	0.0006458630877342666	0.005071488809420831	0.017508551604142823	0.0568728451610638	0.05221569084548691	0.7356114042954446	0.058012244683793054	0.6127261258096004	0.00011533936383956533	0.01748665176941599	0.08465894564159612	-4.579209903651682e-06	0.0009951974707182317
