tloc	tmcCabe	assertionDensity	assertionRoulette	mysteryGuest	eagerTest	sensitiveEquality	resourceOptimism	conditionalTestLogic	fireAndForget	loc	lcom2	lcom5	cbo	wmc	rfc	mpc	halsteadVocabulary	halsteadLength	halsteadVolume	classDataShouldBePrivate	complexClass	spaghettiCode	functionalDecomposition	godClass
5.372033950001907e-05	3.9242247259053015e-06	1.854772266061116e-07	2.2340520707693207e-05	-1.7413817384996482e-06	6.859635168133028e-05	6.37538556684055e-07	-4.8508351819787923e-08	-1.5137728584492875e-06	-9.424180142541961e-08	0.14180595981165073	0.2122890997659902	0.000660047548311696	0.005127519341865087	0.017660298460063395	0.05833060897031124	0.05356786108815147	0.7420754751396816	0.057089734366675055	0.6054305823254909	0.00011642416152916442	0.017693718057656564	0.08612930202125575	-4.611204245910673e-06	0.0010170237533497866
