tloc	tmcCabe	assertionDensity	assertionRoulette	mysteryGuest	eagerTest	sensitiveEquality	resourceOptimism	conditionalTestLogic	fireAndForget	loc	lcom2	lcom5	cbo	wmc	rfc	mpc	halsteadVocabulary	halsteadLength	halsteadVolume	classDataShouldBePrivate	complexClass	spaghettiCode	functionalDecomposition	godClass
6.687388246770607e-05	5.1557538354967045e-06	1.9017856424858382e-07	2.1809566786906458e-05	-1.1540425720362693e-06	6.842771369379746e-05	6.902444855961798e-07	-4.716666303294514e-08	-3.72844302463013e-07	-5.313830559822345e-08	0.14051247183757806	0.21342963371986298	0.0006441851979348105	0.0050564695389749	0.017515752286759886	0.0574397095303277	0.05270474036517628	0.7367426368206113	0.05791655202120965	0.6120536906123308	0.00011445127889855016	0.0175120691139077	0.08504531213445814	-4.386705132420128e-06	0.000990871410494167
3.367354104878106e-06	-2.2798820150079694e-05	3.570245878631396e-06	3.4310863030293756e-05	-1.7231590266433138e-05	0.00021879472199952903	4.3889405370083323e-07	-7.560228532113523e-07	-6.170317403445424e-06	-3.0204366482885993e-07	0.046202796686709825	0.887687123790494	-0.0003737369943963805	-0.005501500452818162	0.009556567783239517	-0.04494314932430766	-0.04732159644913881	0.10886282795398544	-0.044496249675543866	-0.43748837407070634	0.00028646530901082015	0.01061428234093947	-0.012465488579323867	1.5895310023561282e-06	-0.0007906442627674174
