tloc	tmcCabe	assertionDensity	assertionRoulette	mysteryGuest	eagerTest	sensitiveEquality	resourceOptimism	conditionalTestLogic	fireAndForget	loc	lcom2	lcom5	cbo	wmc	rfc	mpc	halsteadVocabulary	halsteadLength	halsteadVolume	classDataShouldBePrivate	complexClass	spaghettiCode	functionalDecomposition	godClass
6.812763185062731e-05	5.225503085513438e-06	2.488264220239983e-07	2.194507770110535e-05	-1.1744825416268527e-06	6.89793771071968e-05	6.507916654947231e-07	-4.1389702147054316e-08	-1.3524387713332052e-07	-4.682808114608404e-08	0.14041454389546948	0.21507664626581366	0.0006431975907700834	0.005045549482388769	0.017541347024528163	0.05737783493102036	0.05262667900038531	0.7361830599830634	0.05795718900030396	0.6121991637584797	0.00011418324627006032	0.017544020881736174	0.0849075678949641	-4.577458038219765e-06	0.0009890846797576227
2.1271781421551598e-06	-2.308676205850854e-05	3.6013318210085494e-06	3.4136924210694364e-05	-1.6937321163099662e-05	0.0002168384774075358	4.3794579456349927e-07	-6.882176479353162e-07	-5.622727498507975e-06	-3.015230451670204e-07	0.045427200296366786	0.8889897891985418	-0.000377732337926842	-0.005515148888559472	0.009539354108144873	-0.045012385454791574	-0.04741653479634675	0.10541569943241101	-0.044254335964119464	-0.4357598605725582	0.0002844327713573192	0.010624280531679794	-0.01289618449772235	1.640743315978962e-06	-0.0007961388027326238
