tloc	tmcCabe	assertionDensity	assertionRoulette	mysteryGuest	eagerTest	sensitiveEquality	resourceOptimism	conditionalTestLogic	fireAndForget	loc	lcom2	lcom5	cbo	wmc	rfc	mpc	halsteadVocabulary	halsteadLength	halsteadVolume	classDataShouldBePrivate	complexClass	spaghettiCode	functionalDecomposition	godClass
6.52445200870129e-05	5.068849304149724e-06	1.1681464198972785e-07	2.186355437916408e-05	-4.742048373151329e-07	6.772213618721641e-05	6.307888951955718e-07	-9.789232309729106e-08	-3.793671273299989e-07	-7.268221512014367e-08	0.14094318779327095	0.21624738828057335	0.0006456504719649557	0.005068669576316718	0.017601755243462722	0.057700486169495246	0.05293847241465213	0.7375020322810113	0.0575808470357516	0.609946763712066	0.000117160668696928	0.0176714814863792	0.08562469130049515	-4.41876728882269e-06	0.0007606631563881771
1.9173971694414653e-05	-2.2671481332221968e-05	3.6989480782030537e-06	3.7106770606860536e-05	-7.892542664548206e-06	0.00022022487290678568	4.079935303451691e-07	-4.964817586264385e-07	-3.7207057754222126e-06	-2.6455835234814397e-07	0.041236201761844275	0.8849961212934101	-0.00040443736810009576	-0.0059182910821638825	0.00880599327469261	-0.04898757362457549	-0.05110784493643385	0.11049949144657885	-0.04452591443689394	-0.4421138823564336	0.00022206960147041477	0.009808098809924833	-0.014240158735591096	1.4934516440925082e-06	-0.0006714111987882048
