tloc	tmcCabe	assertionDensity	assertionRoulette	mysteryGuest	eagerTest	sensitiveEquality	resourceOptimism	conditionalTestLogic	fireAndForget	loc	lcom2	lcom5	cbo	wmc	rfc	mpc	halsteadVocabulary	halsteadLength	halsteadVolume	classDataShouldBePrivate	complexClass	spaghettiCode	functionalDecomposition	godClass
6.730124034251176e-05	4.73509351479142e-06	3.651186863910163e-07	2.2087135983800104e-05	-1.4004344363624553e-06	6.876883977725438e-05	6.520201981841857e-07	-4.220598165512575e-08	-6.302784301299822e-07	-5.8895471505374175e-08	0.14033754146603408	0.21513994660335753	0.0006434150600422507	0.005041497555055114	0.01753726183387818	0.05737632412148754	0.05262522810599279	0.7362859396607552	0.057931835098323045	0.6120681350505348	0.00011395760745089675	0.01754680812610295	0.08494682353145566	-4.518444542791063e-06	0.0009868679946354653
3.6944327057465152e-06	-2.26425570223219e-05	3.5205905366375157e-06	3.40610819073578e-05	-1.6744137801391254e-05	0.00021726709325615474	4.497292340717046e-07	-6.950133589383224e-07	-5.266460934373363e-06	-3.0119037908547786e-07	0.04551246705563818	0.8889546774378165	-0.0003775853122256489	-0.005512716292601227	0.009539839069135293	-0.04500552566394297	-0.0474053114642576	0.1053176196892006	-0.04426002868788534	-0.43584716581613675	0.000284683758346817	0.010630559829223526	-0.012908375963480398	1.6277744576234388e-06	-0.0007914724365084498
