tloc	tmcCabe	assertionDensity	assertionRoulette	mysteryGuest	eagerTest	sensitiveEquality	resourceOptimism	conditionalTestLogic	fireAndForget	loc	lcom2	lcom5	cbo	wmc	rfc	mpc	halsteadVocabulary	halsteadLength	halsteadVolume	classDataShouldBePrivate	complexClass	spaghettiCode	functionalDecomposition	godClass
6.925872618087144e-05	5.401727386747061e-06	1.9941758416529403e-07	2.2127374718224938e-05	-8.712680506952768e-07	6.880504189389677e-05	6.67442579130717e-07	-2.0840552553510634e-08	2.8981068860277724e-09	-4.615323800778769e-08	0.14043691250028859	0.21498221838039913	0.0006427382602881566	0.0050470927375246425	0.017542585785522518	0.05735404276106449	0.052601679075280884	0.7360341263934855	0.05799527868902659	0.6124171298154008	0.0001144501940491778	0.017535420772238786	0.08483599519357939	-4.6193254543009146e-06	0.0009895760627131871
