tloc	tmcCabe	assertionDensity	assertionRoulette	mysteryGuest	eagerTest	sensitiveEquality	resourceOptimism	conditionalTestLogic	fireAndForget	loc	lcom2	lcom5	cbo	wmc	rfc	mpc	halsteadVocabulary	halsteadLength	halsteadVolume	classDataShouldBePrivate	complexClass	spaghettiCode	functionalDecomposition	godClass
0.00012718757948326485	8.512765030155007e-07	1.3526951788645793e-06	4.056368764604625e-05	3.384728577699835e-06	0.00017672582486209069	2.255872920933063e-06	3.5161599963912676e-07	8.557908573102784e-06	1.1527515282965783e-07	0.12858415454649294	0.5577254730099283	0.0002496770244611833	0.0008680917480025746	0.017337714972895893	0.01735547458750323	0.01266843021488678	0.724616734020067	0.03690622122131565	0.37571915379831416	0.0002755208405694638	0.01687124202078075	0.06132699483899782	-6.130941232305432e-06	0.001780711623969944
