tloc	tmcCabe	assertionDensity	assertionRoulette	mysteryGuest	eagerTest	sensitiveEquality	resourceOptimism	conditionalTestLogic	fireAndForget	loc	lcom2	lcom5	cbo	wmc	rfc	mpc	halsteadVocabulary	halsteadLength	halsteadVolume	classDataShouldBePrivate	complexClass	spaghettiCode	functionalDecomposition	godClass
6.878862731286083e-05	5.4918890880781685e-06	1.9888029740891806e-07	2.2043380617200523e-05	-1.0313496000393645e-06	6.862648644574801e-05	6.796503242332902e-07	-2.76284668124169e-08	5.5989735281501916e-08	-4.885891868165374e-08	0.14040527650233425	0.2150199824102987	0.0006429771081813568	0.0050440165482226185	0.017538540261409417	0.057360653414440695	0.052609845516808605	0.7361242811423626	0.05797268277639658	0.6122978662317367	0.0001142972937445623	0.017540127038814916	0.08487724213404929	-4.560148230270925e-06	0.000988742611973933
