tloc	tmcCabe	assertionDensity	assertionRoulette	mysteryGuest	eagerTest	sensitiveEquality	resourceOptimism	conditionalTestLogic	fireAndForget	loc	lcom2	lcom5	cbo	wmc	rfc	mpc	halsteadVocabulary	halsteadLength	halsteadVolume	classDataShouldBePrivate	complexClass	spaghettiCode	functionalDecomposition	godClass
6.67598448651168e-05	5.360821179850101e-06	1.4662549773018262e-07	2.1590651240692695e-05	-9.017156435505711e-07	6.855513369800117e-05	6.496457374110742e-07	4.425575576978645e-08	-2.773232310496016e-07	-4.579831487471573e-08	0.14036013018615068	0.21497402251479658	0.0006431458575843786	0.005044092694954913	0.01753461303390079	0.057354479047995864	0.052605332366304686	0.7360994502955932	0.057986520691217104	0.6123533820293415	0.00011410624029133518	0.01753888873880888	0.08488176185626947	-4.60783016641348e-06	0.0009881686199500253
