tloc	tmcCabe	assertionDensity	assertionRoulette	mysteryGuest	eagerTest	sensitiveEquality	resourceOptimism	conditionalTestLogic	fireAndForget	loc	lcom2	lcom5	cbo	wmc	rfc	mpc	halsteadVocabulary	halsteadLength	halsteadVolume	classDataShouldBePrivate	complexClass	spaghettiCode	functionalDecomposition	godClass
7.224457732680599e-05	5.952671824108137e-06	2.0457973272668423e-07	2.2884765283158028e-05	-5.585087621701223e-07	6.926986885545768e-05	6.97954272113555e-07	-5.540963868966629e-09	4.003287231475851e-07	-3.985434121772261e-08	0.14015634357531065	0.21602248876382688	0.0006458630877342667	0.005071488809420833	0.017508551604142806	0.056872845161063765	0.05221569084548698	0.7356114042954446	0.05801224468379312	0.6127261258096006	0.00011533936383956518	0.017486651769415995	0.08465894564159608	-4.579209903651696e-06	0.0009951974707182389
-1.0791444247542508e-06	-2.357876605073038e-05	3.601360922724502e-06	3.332493107965281e-05	-1.731925233837363e-05	0.00021687552856528543	4.047394493661925e-07	-7.220260341964038e-07	-6.00227785732188e-06	-3.139503655183265e-07	0.045693491941095864	0.8884641326576174	-0.000380486799605524	-0.005543044520410324	0.009577924119518183	-0.044576745261164424	-0.047073917749138564	0.10555918825106883	-0.04436229155165691	-0.4368415391465218	0.0002835751971779778	0.010675267828178384	-0.012725064787284964	1.6473807195917835e-06	-0.0007997091660021427
-0.0006733665035876444	-5.236223343076439e-05	1.5055353056180906e-06	-1.6024625015534909e-06	-9.055930020105515e-05	1.5715046331486666e-05	5.15435642098752e-07	-5.2659318934323995e-06	-2.8464673665022855e-05	-1.4254846688837351e-06	-0.1019450757654088	-0.3869435350974833	-0.000671250184252664	-0.007957875374783213	-0.026558923200060335	-0.06768884153169948	-0.05868054888867383	0.6579430451150168	-0.0726063082797139	-0.6213865080372523	-0.0008160753775443657	-0.023307600745266045	0.07881469328093776	2.4123275457147115e-05	-0.007036347997886791
0.0003529796084278981	8.417709282996894e-05	8.062241567845063e-06	1.8624972319366928e-05	-8.798462626951264e-05	-0.00022615829170309732	-2.6260518502694045e-06	-7.827630918670765e-06	-2.3288606004603386e-05	-6.907938397142551e-07	0.8747633266906221	-0.09844934487224485	0.0035556087552123215	0.054716648418369054	0.08034445507173932	0.28557162644007805	0.2671266220291839	-0.05000372383317536	-0.04769649516528294	-0.17495290004750763	-0.00032444809630196106	0.08288953820570744	0.14286278838080615	-7.477451384843937e-06	-0.007917276848830783
