tloc	tmcCabe	assertionDensity	assertionRoulette	mysteryGuest	eagerTest	sensitiveEquality	resourceOptimism	conditionalTestLogic	fireAndForget	loc	lcom2	lcom5	cbo	wmc	rfc	mpc	halsteadVocabulary	halsteadLength	halsteadVolume	classDataShouldBePrivate	complexClass	spaghettiCode	functionalDecomposition	godClass
7.224457732678267e-05	5.952671824108095e-06	2.0457973272668132e-07	2.288476528315797e-05	-5.58508762170129e-07	6.926986885545768e-05	6.979542721135487e-07	-5.540963868968167e-09	4.0032872314756453e-07	-3.9854341217722904e-08	0.14015634357531045	0.21602248876382688	0.0006458630877342678	0.005071488809420839	0.01750855160414281	0.056872845161063924	0.052215690845486995	0.7356114042954441	0.05801224468379309	0.6127261258096007	0.00011533936383956488	0.017486651769416026	0.08465894564159626	-4.579209903651687e-06	0.0009951974707182389
-1.0791444248130055e-06	-2.3578766050887e-05	3.6013609227244866e-06	3.332493107965285e-05	-1.7319252338373885e-05	0.00021687552856528496	4.047394493661936e-07	-7.220260341964226e-07	-6.0022778573219764e-06	-3.139503655183314e-07	0.04569349194109555	0.8884641326576153	-0.0003804867996055272	-0.005543044520410359	0.009577924119518081	-0.04457674526116456	-0.047073917749138744	0.10555918825107158	-0.04436229155165734	-0.43684153914652407	0.000283575197177975	0.010675267828178252	-0.012725064787284688	1.6473807195918775e-06	-0.0007997091660021667
-0.0006733665035874912	-5.236223343064679e-05	1.5055353054315416e-06	-1.6024625015536922e-06	-9.055930020105526e-05	1.5715046331485324e-05	5.154356420987245e-07	-5.265931893432413e-06	-2.8464673665022963e-05	-1.4254846688837396e-06	-0.10194507576540751	-0.3869435350974871	-0.0006712501842526554	-0.007957875374783078	-0.026558923200060237	-0.06768884153169868	-0.05868054888867319	0.6579430451150163	-0.07260630827971376	-0.6213865080372506	-0.0008160753775443676	-0.023307600745265902	0.07881469328093835	2.412327545714715e-05	-0.007036347997886765
0.00035297960842795066	8.417709282990863e-05	8.06224156782652e-06	1.8624972319331278e-05	-8.798462626951202e-05	-0.00022615829170309707	-2.6260518502693647e-06	-7.827630918670713e-06	-2.32886060046032e-05	-6.907938397142494e-07	0.8747633266906225	-0.09844934487224434	0.0035556087552123124	0.05471664841836913	0.08034445507173937	0.2855716264400779	0.26712662202918386	-0.05000372383317644	-0.04769649516528258	-0.1749529000475065	-0.00032444809630195564	0.08288953820570732	0.14286278838080577	-7.4774513848441825e-06	-0.007917276848830763
