tloc	tmcCabe	assertionDensity	assertionRoulette	mysteryGuest	eagerTest	sensitiveEquality	resourceOptimism	conditionalTestLogic	fireAndForget	loc	lcom2	lcom5	cbo	wmc	rfc	mpc	halsteadVocabulary	halsteadLength	halsteadVolume	classDataShouldBePrivate	complexClass	spaghettiCode	functionalDecomposition	godClass
6.925872618079215e-05	5.401727386746985e-06	1.9941758416531398e-07	2.212737471822512e-05	-8.712680506953148e-07	6.880504189389795e-05	6.674425791307275e-07	-2.0840552553511186e-08	2.898106886038748e-09	-4.615323800778837e-08	0.14043691250028875	0.21498221838040324	0.0006427382602881531	0.0050470927375246	0.017542585785522525	0.05735404276106423	0.052601679075280496	0.7360341263934861	0.057995278689026264	0.612417129815398	0.00011445019404917947	0.017535420772238772	0.08483599519357936	-4.619325454300914e-06	0.0009895760627131821
1.7252819177864148e-06	-2.305216497858217e-05	3.601639586001465e-06	3.406319715378495e-05	-1.7009229391901107e-05	0.00021721423662168242	4.3425349804901213e-07	-7.0688669756969e-07	-5.618454203853611e-06	-3.0785609422508775e-07	0.04549240456956233	0.888997250006434	-0.00037673856258687335	-0.005512105082392675	0.00955227137773967	-0.04495734446219601	-0.047365445129054065	0.10560043589799643	-0.04426370428294265	-0.4357050193848013	0.000284335091805041	0.010635449693881964	-0.012823783086126854	1.6735598274547172e-06	-0.0007921565704389411
-0.0006890936962770219	-5.6626580414070867e-05	1.7020882555438458e-06	-7.52881085438509e-06	-9.265243088500165e-05	1.315650490323296e-05	2.78073420189678e-07	-5.368880525191448e-06	-3.183768957018294e-05	-1.4805680821806627e-06	-0.09529486436726024	-0.38708670842146364	-0.0006891566881782297	-0.008012735918785523	-0.025673134875442413	-0.061606584423858524	-0.05370594793700697	0.6569894042013639	-0.07280645216842954	-0.6242825761289161	-0.0008162834906217971	-0.022234986657966006	0.0804319157638542	2.374214213384898e-05	-0.007060176896227544
0.00029260205582183374	6.832724868443997e-05	8.276385978303139e-06	1.6873715831314393e-07	-9.248898587003262e-05	-0.0002298940104782508	-3.384436634644718e-06	-7.955135677498964e-06	-3.396002892142015e-05	-8.616401804655966e-07	0.8691766621954592	-0.09338768546339046	0.0034134908056311793	0.05307821224922658	0.08097096094267864	0.2970480281286966	0.2757285897151273	-0.05672026823579085	-0.04617633729888342	-0.17053459241695834	-0.00031709085245603725	0.0840062849733383	0.1435709223867905	-8.58076030486666e-06	-0.007760760438741196
