tloc	tmcCabe	assertionDensity	assertionRoulette	mysteryGuest	eagerTest	sensitiveEquality	resourceOptimism	conditionalTestLogic	fireAndForget	loc	lcom2	lcom5	cbo	wmc	rfc	mpc	halsteadVocabulary	halsteadLength	halsteadVolume	classDataShouldBePrivate	complexClass	spaghettiCode	functionalDecomposition	godClass
0.0001271875794833502	8.512765030155911e-07	1.3526951788645801e-06	4.056368764604627e-05	3.38472857769994e-06	0.00017672582486209036	2.255872920933076e-06	3.516159996391331e-07	8.557908573102851e-06	1.1527515282966029e-07	0.1285841545464931	0.5577254730099277	0.00024967702446118364	0.0008680917480025797	0.017337714972895903	0.017355474587503236	0.012668430214886766	0.7246167340200673	0.03690622122131577	0.37571915379831544	0.00027552084056946274	0.01687124202078079	0.06132699483899776	-6.130941232305463e-06	0.0017807116239699696
-0.0002682321133545542	-4.44822805256871e-05	4.469279198763543e-06	-2.891783640426573e-06	-5.823907165837432e-05	7.263020826434776e-05	-5.460007964067727e-06	-3.2035885791233817e-06	-4.8440897654303235e-05	-1.3605734921672845e-06	0.056874771563681745	0.7363462821999485	0.00011258982442251657	-0.0014476112457281099	0.011842105917446466	0.0012623772910887417	-0.0016102062278568223	-0.2514269534611663	-0.07150870041923932	-0.6210988223707109	9.246840414965351e-06	0.01633785226178433	-0.004521560047380797	1.375579490221166e-05	-0.00571606874977797
-0.0007790135525744705	-6.924675868491716e-05	2.3119208388764875e-06	-1.7763432425775257e-05	-0.00010952022056967099	-1.4304739422517314e-05	-1.9734498416277017e-06	-6.40194103655249e-06	-4.649720334731959e-05	-1.8689728058523808e-06	-0.07325898466878963	-0.35237279858127585	-0.0004839285719955984	-0.007076273355696374	-0.022787845840793648	-0.04282957399173464	-0.035754779525029604	0.6315535700491454	-0.08169603566773487	-0.6722117639423661	-0.0008987197253459683	-0.01803760464669471	0.09472595965352171	2.6741890942794204e-05	-0.009030752277222893
0.0018338020010963514	5.043601132228444e-05	1.1127785098413664e-05	6.085053433090401e-05	9.571342226092204e-05	0.00012096984416123485	2.5335434425250643e-05	8.084791083254575e-07	0.0001231830162796371	4.551883951286527e-06	0.9621696066396321	-0.1469944824664584	0.0017216072386420898	0.016829833537868696	0.05703277042515279	0.14609095249462292	0.12432221381145506	-0.03471211164771931	-0.018903703157738854	-0.06835732863240657	0.0007765146214755268	0.04243008955256926	0.06437763401635527	-7.226403251962879e-05	0.010046514253804683
