tloc	tmcCabe	assertionDensity	assertionRoulette	mysteryGuest	eagerTest	sensitiveEquality	resourceOptimism	conditionalTestLogic	fireAndForget	loc	lcom2	lcom5	cbo	wmc	rfc	mpc	halsteadVocabulary	halsteadLength	halsteadVolume	classDataShouldBePrivate	complexClass	spaghettiCode	functionalDecomposition	godClass
6.925872618074692e-05	5.401727386746944e-06	1.9941758416531515e-07	2.212737471822515e-05	-8.712680506953164e-07	6.880504189389809e-05	6.674425791307314e-07	-2.0840552553510872e-08	2.8981068860466607e-09	-4.6153238007788236e-08	0.14043691250028864	0.21498221838040368	0.0006427382602881548	0.005047092737524612	0.017542585785522542	0.057354042761064095	0.05260167907528046	0.7360341263934855	0.057995278689026465	0.6124171298153992	0.00011445019404917974	0.01753542077223882	0.08483599519357916	-4.619325454300918e-06	0.0009895760627131858
1.725281917837642e-06	-2.3052164978541867e-05	3.6016395860014825e-06	3.406319715378485e-05	-1.7009229391901906e-05	0.00021721423662168259	4.3425349804901287e-07	-7.06886697569733e-07	-5.6184542038538995e-06	-3.078560942251009e-07	0.04549240456956205	0.8889972500064305	-0.0003767385625868777	-0.00551210508239273	0.009552271377739476	-0.04495734446219626	-0.047365445129054384	0.10560043589800218	-0.044263704282943274	-0.4357050193848064	0.00028433509180503437	0.010635449693881869	-0.012823783086126037	1.6735598274549122e-06	-0.000792156570439002
-0.0006890936962772142	-5.662658041416928e-05	1.70208825544497e-06	-7.528810854385576e-06	-9.26524308850019e-05	1.315650490323059e-05	2.780734201896749e-07	-5.368880525191465e-06	-3.1837689570183113e-05	-1.4805680821806665e-06	-0.09529486436726008	-0.3870867084214708	-0.0006891566881782243	-0.00801273591878549	-0.025673134875442483	-0.061606584423857816	-0.05370594793700627	0.6569894042013636	-0.07280645216842918	-0.6242825761289112	-0.000816283490621797	-0.022234986657966	0.08043191576385478	2.374214213384903e-05	-0.007060176896227561
0.0002926020558218332	6.832724868446245e-05	8.276385978335986e-06	1.687371581319664e-07	-9.248898587003887e-05	-0.0002298940104782657	-3.3844366346457502e-06	-7.955135677499347e-06	-3.396002892142666e-05	-8.616401804657225e-07	0.869176662195455	-0.0933876854633901	0.0034134908056312144	0.05307821224922661	0.08097096094267892	0.29704802812870296	0.27572858971513264	-0.0567202682357913	-0.046176337298884464	-0.17053459241695806	-0.0003170908524560766	0.08400628497333905	0.14357092238679542	-8.58076030486454e-06	-0.0077607604387416864
