tloc	tmcCabe	assertionDensity	assertionRoulette	mysteryGuest	eagerTest	sensitiveEquality	resourceOptimism	conditionalTestLogic	fireAndForget	loc	lcom2	lcom5	cbo	wmc	rfc	mpc	halsteadVocabulary	halsteadLength	halsteadVolume	classDataShouldBePrivate	complexClass	spaghettiCode	functionalDecomposition	godClass
0.00012718757948334622	8.512765030148624e-07	1.3526951788645808e-06	4.056368764604636e-05	3.384728577699923e-06	0.00017672582486209066	2.255872920933075e-06	3.5161599963913317e-07	8.557908573102858e-06	1.152751528296603e-07	0.12858415454649313	0.5577254730099286	0.00024967702446118385	0.0008680917480025799	0.01733771497289591	0.01735547458750327	0.012668430214886776	0.7246167340200667	0.03690622122131577	0.37571915379831494	0.00027552084056946366	0.01687124202078078	0.06132699483899767	-6.130941232305468e-06	0.0017807116239699718
-0.0002682321133545883	-4.4482280525853766e-05	4.469279198763494e-06	-2.8917836404266238e-06	-5.82390716583742e-05	7.263020826434738e-05	-5.460007964067735e-06	-3.2035885791233787e-06	-4.844089765430321e-05	-1.360573492167284e-06	0.05687477156368143	0.7363462821999481	0.0001125898244225169	-0.0014476112457281055	0.011842105917446399	0.0012623772910887092	-0.0016102062278568273	-0.25142695346116756	-0.0715087004192394	-0.6210988223707107	9.246840414963677e-06	0.016337852261784313	-0.00452156004738092	1.3755794902211663e-05	-0.005716068749777968
-0.0007790135525744918	-6.924675868490003e-05	2.3119208389731805e-06	-1.7763432425775366e-05	-0.00010952022056967107	-1.4304739422516694e-05	-1.9734498416277093e-06	-6.4019410365525e-06	-4.649720334731972e-05	-1.86897280585239e-06	-0.07325898466878952	-0.3523727985812752	-0.00048392857199559824	-0.007076273355696389	-0.02278784584079366	-0.04282957399173473	-0.0357547795250297	0.6315535700491459	-0.081696035667735	-0.672211763942367	-0.0008987197253459672	-0.01803760464669468	0.09472595965352179	2.674189094279428e-05	-0.009030752277222926
0.0018338020010963184	5.0436011322295176e-05	1.1127785098389539e-05	6.0850534330928504e-05	9.571342226092163e-05	0.00012096984416123266	2.5335434425250463e-05	8.084791083253841e-07	0.0001231830162796364	4.55188395128655e-06	0.9621696066396317	-0.1469944824664582	0.001721607238642088	0.016829833537868755	0.057032770425153034	0.14609095249462473	0.12432221381145658	-0.03471211164771937	-0.018903703157738937	-0.06835732863240672	0.0007765146214755111	0.04243008955256966	0.06437763401635603	-7.226403251962874e-05	0.010046514253804872
