tloc	tmcCabe	assertionDensity	assertionRoulette	mysteryGuest	eagerTest	sensitiveEquality	resourceOptimism	conditionalTestLogic	fireAndForget	loc	lcom2	lcom5	cbo	wmc	rfc	mpc	halsteadVocabulary	halsteadLength	halsteadVolume	classDataShouldBePrivate	complexClass	spaghettiCode	functionalDecomposition	godClass
6.925872618078237e-05	5.401727386746928e-06	1.9941758416531266e-07	2.2127374718225067e-05	-8.712680506953256e-07	6.880504189389785e-05	6.674425791307249e-07	-2.0840552553511792e-08	2.898106886027644e-09	-4.615323800778876e-08	0.14043691250028878	0.21498221838040296	0.0006427382602881551	0.005047092737524598	0.017542585785522556	0.057354042761064254	0.052601679075280496	0.7360341263934858	0.05799527868902631	0.6124171298153988	0.0001144501940491795	0.017535420772238804	0.08483599519357934	-4.619325454300906e-06	0.0009895760627131878
1.7252819178671654e-06	-2.3052164978698944e-05	3.601639586001457e-06	3.406319715378498e-05	-1.700922939190096e-05	0.00021721423662168256	4.3425349804901303e-07	-7.068866975696807e-07	-5.6184542038535675e-06	-3.07856094225085e-07	0.04549240456956272	0.8889972500064346	-0.00037673856258686983	-0.005512105082392665	0.009552271377739742	-0.0449573444621959	-0.04736544512905387	0.10560043589799546	-0.044263704282942344	-0.43570501938479955	0.00028433509180504196	0.01063544969388209	-0.012823783086126724	1.6735598274546735e-06	-0.0007921565704389256
-0.0006890936962770771	-5.662658041430828e-05	1.7020882554842166e-06	-7.528810854384667e-06	-9.265243088500136e-05	1.315650490323366e-05	2.7807342018968474e-07	-5.368880525191424e-06	-3.183768957018273e-05	-1.4805680821806612e-06	-0.09529486436726078	-0.3870867084214611	-0.0006891566881782334	-0.00801273591878554	-0.025673134875442444	-0.06160658442385888	-0.053705947937007274	0.6569894042013638	-0.0728064521684294	-0.6242825761289158	-0.0008162834906217933	-0.02223498665796602	0.08043191576385403	2.3742142133848955e-05	-0.007060176896227516
0.00029260205582181195	6.83272486844694e-05	8.2763859783561e-06	1.6873715822634872e-07	-9.248898587003382e-05	-0.0002298940104782537	-3.3844366346448676e-06	-7.95513567749903e-06	-3.3960028921421166e-05	-8.616401804656206e-07	0.869176662195459	-0.09338768546339092	0.003413490805631178	0.053078212249226445	0.08097096094267854	0.2970480281286973	0.275728589715127	-0.0567202682357903	-0.046176337298883804	-0.1705345924169589	-0.0003170908524560463	0.08400628497333844	0.1435709223867918	-8.580760304866204e-06	-0.007760760438741197
