tloc	tmcCabe	assertionDensity	assertionRoulette	mysteryGuest	eagerTest	sensitiveEquality	resourceOptimism	conditionalTestLogic	fireAndForget	loc	lcom2	lcom5	cbo	wmc	rfc	mpc	halsteadVocabulary	halsteadLength	halsteadVolume	classDataShouldBePrivate	complexClass	spaghettiCode	functionalDecomposition	godClass
6.925872618098884e-05	5.4017273867470216e-06	1.9941758416531382e-07	2.212737471822513e-05	-8.712680506952951e-07	6.880504189389794e-05	6.674425791307304e-07	-2.0840552553511018e-08	2.8981068860636444e-09	-4.615323800778799e-08	0.14043691250028886	0.2149822183804032	0.0006427382602881548	0.005047092737524607	0.01754258578552255	0.05735404276106423	0.052601679075280565	0.7360341263934861	0.057995278689026396	0.6124171298153982	0.00011445019404917974	0.01753542077223879	0.08483599519357932	-4.619325454300916e-06	0.000989576062713187
1.7252819178802332e-06	-2.3052164978447694e-05	3.6016395860014613e-06	3.40631971537848e-05	-1.7009229391900368e-05	0.00021721423662168259	4.342534980490082e-07	-7.068866975696463e-07	-5.618454203853376e-06	-3.0785609422507685e-07	0.045492404569562904	0.8889972500064369	-0.00037673856258686766	-0.005512105082392616	0.009552271377739936	-0.04495734446219555	-0.04736544512905368	0.10560043589799185	-0.044263704282942136	-0.43570501938479667	0.000284335091805048	0.01063544969388222	-0.012823783086127428	1.6735598274545285e-06	-0.0007921565704388761
-0.0006890936962770654	-5.662658041432014e-05	1.7020882555938902e-06	-7.52881085438543e-06	-9.265243088500211e-05	1.315650490323488e-05	2.780734201896968e-07	-5.368880525191466e-06	-3.183768957018327e-05	-1.4805680821806701e-06	-0.09529486436726149	-0.38708670842145665	-0.0006891566881782368	-0.00801273591878569	-0.025673134875442462	-0.06160658442385905	-0.053705947937007587	0.6569894042013642	-0.07280645216842975	-0.6242825761289182	-0.0008162834906217957	-0.02223498665796601	0.0804319157638542	2.3742142133849077e-05	-0.007060176896227498
0.00029260205582179113	6.832724868448382e-05	8.27638597831829e-06	1.6873715815553396e-07	-9.248898587004229e-05	-0.00022989401047827143	-3.3844366346461725e-06	-7.955135677499569e-06	-3.396002892142966e-05	-8.616401804657834e-07	0.8691766621954528	-0.0933876854633901	0.0034134908056312227	0.053078212249226715	0.08097096094267893	0.2970480281287045	0.2757285897151354	-0.05672026823579033	-0.04617633729888561	-0.17053459241696012	-0.00031709085245610447	0.08400628497333942	0.14357092238679806	-8.580760304863588e-06	-0.0077607604387419345
