tloc	tmcCabe	assertionDensity	assertionRoulette	mysteryGuest	eagerTest	sensitiveEquality	resourceOptimism	conditionalTestLogic	fireAndForget	loc	lcom2	lcom5	cbo	wmc	rfc	mpc	halsteadVocabulary	halsteadLength	halsteadVolume	classDataShouldBePrivate	complexClass	spaghettiCode	functionalDecomposition	godClass
7.035384385352275e-05	5.408630027568204e-06	2.2576102754588952e-07	2.2716162789740076e-05	-9.351003779008218e-07	6.819116671747744e-05	6.587759835859274e-07	-2.4775368953455245e-08	5.082332288061966e-08	-4.708041736032634e-08	0.14044537323010475	0.2145869535971039	0.0006433875266395761	0.005049092806669733	0.017526307699116093	0.057412272479486375	0.052666186774091774	0.7361190039005988	0.05798315457352125	0.612427948608658	0.00011445857076862162	0.017520657249946177	0.08494326070081358	-4.558423740811727e-06	0.000990396177429033
