tloc	tmcCabe	assertionDensity	assertionRoulette	mysteryGuest	eagerTest	sensitiveEquality	resourceOptimism	conditionalTestLogic	fireAndForget	loc	lcom2	lcom5	cbo	wmc	rfc	mpc	halsteadVocabulary	halsteadLength	halsteadVolume	classDataShouldBePrivate	complexClass	spaghettiCode	functionalDecomposition	godClass
6.925657594339905e-05	5.46671508221127e-06	2.0681845692307417e-07	2.214155006734161e-05	-8.723239379772676e-07	6.8807890826657e-05	6.686209414183151e-07	-2.0956069339255232e-08	1.1672546339761421e-08	-4.502190882189148e-08	0.14043637084885205	0.21501570803480813	0.0006427559090284162	0.005047484353374352	0.01754375439858154	0.05735425216994433	0.052601471653653024	0.7360443547557023	0.05799031081153199	0.6123919382162815	0.00011446558439514725	0.01753790928608822	0.08484772944018937	-4.603694475617688e-06	0.0009896917977272135
7.387960035408309e-07	-2.306195262559288e-05	3.58476132701143e-06	3.391115437655338e-05	-1.706426526427507e-05	0.00021698482380169546	4.293013523617501e-07	-7.096116921571132e-07	-5.664959364734793e-06	-3.097824171259625e-07	0.045484747111299496	0.8889805812036702	-0.0003768573043116372	-0.005513744749974378	0.009548010864343669	-0.04496288081553333	-0.047369442642086895	0.10558477577111522	-0.04426342305026195	-0.4357420346769155	0.0002842542594099217	0.010629804124248026	-0.012851606143417169	1.6611125649495577e-06	-0.0007928815967974961
