tloc	tmcCabe	assertionDensity	assertionRoulette	mysteryGuest	eagerTest	sensitiveEquality	resourceOptimism	conditionalTestLogic	fireAndForget	loc	lcom2	lcom5	cbo	wmc	rfc	mpc	halsteadVocabulary	halsteadLength	halsteadVolume	classDataShouldBePrivate	complexClass	spaghettiCode	functionalDecomposition	godClass
6.951920911460548e-05	5.470066621061402e-06	2.0696231876209821e-07	2.2210849939662717e-05	-8.517384391943752e-07	6.88005041843145e-05	6.698603617092962e-07	-2.178216024323148e-08	1.298037933861228e-07	-4.662290028450045e-08	0.14043635778085256	0.21497615360994143	0.0006427188634866425	0.00504830345802129	0.017542836457036613	0.05735426424644809	0.05260186965713672	0.7360324893698863	0.057996315303795634	0.6124211948136575	0.00011444979141947153	0.01753506809413771	0.0848361137292713	-4.617552634908871e-06	0.0009894628695733985
