tloc	tmcCabe	assertionDensity	assertionRoulette	mysteryGuest	eagerTest	sensitiveEquality	resourceOptimism	conditionalTestLogic	fireAndForget	loc	lcom2	lcom5	cbo	wmc	rfc	mpc	halsteadVocabulary	halsteadLength	halsteadVolume	classDataShouldBePrivate	complexClass	spaghettiCode	functionalDecomposition	godClass
6.974083973101807e-05	5.609841943367117e-06	1.6450527756957706e-07	2.219461009258667e-05	-1.2984450357535628e-06	6.824396220287969e-05	6.432795226074796e-07	-3.8036477473700576e-08	1.1462078313168406e-08	-4.9349310949861616e-08	0.14054662177299193	0.2152659358792478	0.0006431764925809664	0.005058209467772856	0.0175524426207526	0.057412819690627497	0.05265753437349602	0.7361590131350172	0.05793805243007322	0.6121228239054538	0.00011546294448707339	0.017553021120649322	0.08493361078539534	-4.671304870162458e-06	0.0009881743712126835
7.973029006194094e-07	-2.313029189822958e-05	3.6075321804406804e-06	3.402306709997736e-05	-1.694972830511402e-05	0.0002174374262620619	4.39563177101165e-07	-7.057293145827022e-07	-5.6926994099103466e-06	-3.1064772177582123e-07	0.0452116469802	0.8889885631939752	-0.00037771803178286695	-0.005531500175965302	0.00952124976050654	-0.04509540087399332	-0.04749274867384817	0.10524312868429025	-0.0442350864222598	-0.4358099910149898	0.0002835383924872407	0.010610310705065759	-0.012967073520263432	1.6817768515360587e-06	-0.0007937902050525142
