tloc	tmcCabe	assertionDensity	assertionRoulette	mysteryGuest	eagerTest	sensitiveEquality	resourceOptimism	conditionalTestLogic	fireAndForget	loc	lcom2	lcom5	cbo	wmc	rfc	mpc	halsteadVocabulary	halsteadLength	halsteadVolume	classDataShouldBePrivate	complexClass	spaghettiCode	functionalDecomposition	godClass
6.867773925179677e-05	5.350892023672772e-06	1.79280452096319e-07	2.1981766452678748e-05	-9.999463270764413e-07	6.876621407238662e-05	6.58041339540357e-07	-2.8178173675399943e-08	1.0843813016179157e-07	-4.983219153681577e-08	0.14046590707851886	0.2151268538865189	0.0006430127378080735	0.00504900788710827	0.017545365964594963	0.05737670311529691	0.05262315120723775	0.7361386003257158	0.05796578474934399	0.6122241834277862	0.00011437039669172132	0.017547084748499055	0.08489589941408311	-4.651895785908579e-06	0.0009894053210932423
