tloc	tmcCabe	assertionDensity	assertionRoulette	mysteryGuest	eagerTest	sensitiveEquality	resourceOptimism	conditionalTestLogic	fireAndForget	loc	lcom2	lcom5	cbo	wmc	rfc	mpc	halsteadVocabulary	halsteadLength	halsteadVolume	classDataShouldBePrivate	complexClass	spaghettiCode	functionalDecomposition	godClass
6.915860879745854e-05	5.315114143386992e-06	1.9478046555193757e-07	2.2078756819583634e-05	-9.459639873133245e-07	6.916199034175322e-05	7.332914302977734e-07	-2.4455324153076317e-08	-6.894644623860514e-08	-4.795431565450585e-08	0.1407022554230418	0.21523855064976838	0.0006426991222981501	0.00504784898366496	0.01755534014580852	0.05737164299065209	0.052613807807901716	0.7360134603109804	0.05797612931822359	0.6122881436998285	0.00011439015298610684	0.017543770018721674	0.08484596504330721	-4.631969855705838e-06	0.0009892151933109112
2.3973522808694143e-06	-2.26240732957209e-05	3.643382122290717e-06	3.446992243914666e-05	-1.6659762864026087e-05	0.0002153863761644108	1.4316591808968003e-07	-6.898062982258218e-07	-5.250514317410483e-06	-2.992697107396148e-07	0.043939992425977285	0.8888170559573246	-0.00038125070758727954	-0.005532258317552092	0.009472072581008614	-0.045204064363435555	-0.04757545667037865	0.1059301804407579	-0.04427210153581707	-0.43610323887071767	0.00028518539265296464	0.01056825124944902	-0.012903978327181738	1.7447273609474395e-06	-0.0007923397920611673
-0.000695481742875975	-5.7915115829211054e-05	1.544855615156406e-06	-9.232523980664334e-06	-9.400489364346851e-05	1.618921824527725e-05	8.069789512828828e-07	-5.441539741952534e-06	-3.293924257531068e-05	-1.510428852145662e-06	-0.09064281638451069	-0.3882028627217774	-0.0006672317273585031	-0.007928210780346496	-0.025440477550769232	-0.06082074006584978	-0.05302111375269448	0.6566830238792906	-0.07292917909821554	-0.624688714754286	-0.0008213804244602207	-0.022042470238485774	0.0808515206681031	2.3582946913055137e-05	-0.007087724891950008
