tloc	tmcCabe	assertionDensity	assertionRoulette	mysteryGuest	eagerTest	sensitiveEquality	resourceOptimism	conditionalTestLogic	fireAndForget	loc	lcom2	lcom5	cbo	wmc	rfc	mpc	halsteadVocabulary	halsteadLength	halsteadVolume	classDataShouldBePrivate	complexClass	spaghettiCode	functionalDecomposition	godClass
6.861631547955751e-05	5.35190208370421e-06	1.9567587247983323e-07	2.196277433352349e-05	-1.060709771008421e-06	6.890266527633444e-05	6.562780995951913e-07	-2.9311850256473655e-08	-2.1064819325798258e-07	-3.752597868452244e-08	0.14047303308302303	0.21519434661445014	0.0006431892301933683	0.005046270195086123	0.017550019437661924	0.05738505495959065	0.052630115249017735	0.7361172550577443	0.057960038082984604	0.6122204045861949	0.00011474314608292228	0.01755014800733081	0.08491791380422362	-4.525977635537885e-06	0.0009894167047692776
1.5430889533307938e-06	-2.301921698482817e-05	3.5819512793690206e-06	3.37187409095343e-05	-1.7010457963973437e-05	0.0002157145065821933	4.34413615637724e-07	-7.303135151776377e-07	-5.307123442623081e-06	-3.0849381100360925e-07	0.04540914264693038	0.8888008879895485	-0.00037747425134429194	-0.005518876906265012	0.009518810976703174	-0.045080273094515975	-0.04746804354511105	0.10563306854909128	-0.044283721111256065	-0.4360787591995042	0.000283857406839925	0.01059720500509422	-0.012930553262764096	1.6487779681490025e-06	-0.0007939881850546457
