tloc	tmcCabe	assertionDensity	assertionRoulette	mysteryGuest	eagerTest	sensitiveEquality	resourceOptimism	conditionalTestLogic	fireAndForget	loc	lcom2	lcom5	cbo	wmc	rfc	mpc	halsteadVocabulary	halsteadLength	halsteadVolume	classDataShouldBePrivate	complexClass	spaghettiCode	functionalDecomposition	godClass
6.803379241344208e-05	5.6944406356502996e-06	2.2239307450368851e-07	2.2237818516056265e-05	-1.0803791824174337e-06	6.827086280286093e-05	6.050024191793039e-07	-2.982965321188683e-08	-7.982948058946678e-07	-5.051300937192737e-08	0.14063020206263324	0.2164832056430414	0.0006439099164041616	0.005080751939901974	0.017591041656781787	0.05774405665483085	0.052975637954865026	0.7348677733655913	0.05802488473842879	0.61315343084545	0.0001153852253010549	0.017591834029758238	0.08495025998693999	-4.164508738665805e-06	0.0009982263882935011
