tloc	tmcCabe	assertionDensity	assertionRoulette	mysteryGuest	eagerTest	sensitiveEquality	resourceOptimism	conditionalTestLogic	fireAndForget	loc	lcom2	lcom5	cbo	wmc	rfc	mpc	halsteadVocabulary	halsteadLength	halsteadVolume	classDataShouldBePrivate	complexClass	spaghettiCode	functionalDecomposition	godClass
6.645200258664061e-05	5.245378017649806e-06	1.8524317698987888e-07	2.1843741984199455e-05	-1.1989546837530543e-06	6.878521454279403e-05	6.420913656732328e-07	-3.595731955022976e-08	-2.5479656701307625e-07	-5.689583280963365e-08	0.14040685039599973	0.21517132759828694	0.0006433922255735064	0.005047681567158864	0.01754069320463764	0.057405331243197584	0.05265525076507059	0.7362800792822953	0.057926857271448765	0.6120382404079535	0.00011302060348242183	0.017555776906131294	0.0849812484803903	-4.4633223280617815e-06	0.00098776811406359
