tloc	tmcCabe	assertionDensity	assertionRoulette	mysteryGuest	eagerTest	sensitiveEquality	resourceOptimism	conditionalTestLogic	fireAndForget	loc	lcom2	lcom5	cbo	wmc	rfc	mpc	halsteadVocabulary	halsteadLength	halsteadVolume	classDataShouldBePrivate	complexClass	spaghettiCode	functionalDecomposition	godClass
6.30524170592527e-05	4.499233901722381e-06	3.3795183242674024e-07	2.2861823854467384e-05	-2.4504059979898553e-06	7.157238940437661e-05	4.841055129791284e-07	-2.7479119022543286e-07	-1.445386375014006e-06	-4.892214229590583e-08	0.13966751085231138	0.22154185335869825	0.0006799637891248935	0.005229486193047002	0.018132821200292432	0.060277205872714616	0.05537304420259697	0.7338290372639477	0.057551085910865246	0.6122478781278509	7.423487351410088e-05	0.01821170718102789	0.08578586773656262	-4.4194316054643254e-06	0.0007243716525669044
-8.223424482919188e-06	-2.3946223836283785e-05	3.920349373954699e-06	3.487355912349376e-05	-1.762127032359901e-05	0.00023179263286274995	1.0689318298397474e-06	-5.193699764700433e-07	-4.3683641759690545e-06	-3.162334780727762e-07	0.030673204445823762	0.8754363872686985	-0.0004729945826627875	-0.006679542792708255	0.007831407908299693	-0.05619944792800904	-0.05791469811315323	0.12462370546022239	-0.045505841002969255	-0.45616839605798154	0.00040913224087867853	0.008692707821376528	-0.016849521547441557	1.6874451466916405e-06	-0.0006908292513292763
