tloc	tmcCabe	assertionDensity	assertionRoulette	mysteryGuest	eagerTest	sensitiveEquality	resourceOptimism	conditionalTestLogic	fireAndForget	loc	lcom2	lcom5	cbo	wmc	rfc	mpc	halsteadVocabulary	halsteadLength	halsteadVolume	classDataShouldBePrivate	complexClass	spaghettiCode	functionalDecomposition	godClass
6.94329785081471e-05	5.446617893059749e-06	2.041886605698873e-07	2.2148999552511397e-05	-8.265892654286205e-07	6.877669141828114e-05	6.690072700836149e-07	-1.8785726949061784e-08	3.700036349187049e-08	-4.4950630804626624e-08	0.14042685173537084	0.21486931267966428	0.0006427746648110619	0.005047689692198194	0.017540020161430456	0.057351424153519986	0.0525997201941737	0.7360279834893538	0.05800282935334975	0.6124673679903804	0.00011430385134346185	0.017530747603110703	0.08482858720910584	-4.6166544825500175e-06	0.0009897986671951746
-9.302417525023717e-06	-2.451254373445193e-05	3.827266671750704e-06	3.5607212443103575e-05	-1.673840311005471e-05	0.00020901294340884216	3.862761773524114e-07	-7.792564504935559e-07	-5.533654447019097e-06	-2.8541446251417187e-07	0.0411456960002339	0.8844421677664616	-0.00038809251191693385	-0.005743074152904946	0.008738036155769145	-0.047001408478428486	-0.049148220009588274	0.1141607754217116	-0.044890938065716146	-0.44275028258326443	0.00023204128930607643	0.009772886395947446	-0.01276544002728591	1.968867109115224e-06	-0.000812145493162755
-0.0006814045390403832	-5.383801304470347e-05	9.965773967319636e-07	-1.3474285660802543e-05	-9.779033960086739e-05	3.646822743687196e-05	4.107777383718569e-07	-5.392851741241683e-06	-3.371465250182135e-05	-1.6215402109296998e-06	-0.08163561800033012	-0.39958380220037487	-0.000659420155817766	-0.007274764736179504	-0.023807537059874387	-0.05544004101712283	-0.048138975197930485	0.6544176590372675	-0.07336043552093913	-0.6216326266417366	-0.0006839563366141295	-0.02005484936223422	0.08443565376027429	2.3683723864385137e-05	-0.007309108569029051
