tloc	tmcCabe	assertionDensity	assertionRoulette	mysteryGuest	eagerTest	sensitiveEquality	resourceOptimism	conditionalTestLogic	fireAndForget	loc	lcom2	lcom5	cbo	wmc	rfc	mpc	halsteadVocabulary	halsteadLength	halsteadVolume	classDataShouldBePrivate	complexClass	spaghettiCode	functionalDecomposition	godClass
5.3720339500186035e-05	3.92422472590517e-06	1.8547722660613192e-07	2.2340520707693377e-05	-1.741381738499736e-06	6.859635168133156e-05	6.375385566840572e-07	-4.8508351819790345e-08	-1.5137728584493362e-06	-9.42418014254211e-08	0.14180595981165087	0.21228909976599572	0.0006600475483116942	0.005127519341865053	0.017660298460063437	0.05833060897031102	0.053567861088151154	0.7420754751396818	0.057089734366674784	0.605430582325489	0.00011642416152916597	0.017693718057656634	0.08612930202125575	-4.611204245910671e-06	0.001017023753349785
