tloc	tmcCabe	assertionDensity	assertionRoulette	mysteryGuest	eagerTest	sensitiveEquality	resourceOptimism	conditionalTestLogic	fireAndForget	loc	lcom2	lcom5	cbo	wmc	rfc	mpc	halsteadVocabulary	halsteadLength	halsteadVolume	classDataShouldBePrivate	complexClass	spaghettiCode	functionalDecomposition	godClass
7.224457732690973e-05	5.952671824108061e-06	2.0457973272668646e-07	2.2884765283158055e-05	-5.585087621701266e-07	6.926986885545792e-05	6.979542721135532e-07	-5.5409638689661544e-09	4.003287231475807e-07	-3.985434121772269e-08	0.14015634357531054	0.21602248876382807	0.0006458630877342662	0.005071488809420822	0.017508551604142802	0.05687284516106376	0.05221569084548685	0.7356114042954442	0.05801224468379298	0.6127261258095998	0.00011533936383956534	0.01748665176941602	0.08465894564159614	-4.57920990365169e-06	0.0009951974707182306
