tloc	tmcCabe	assertionDensity	assertionRoulette	mysteryGuest	eagerTest	sensitiveEquality	resourceOptimism	conditionalTestLogic	fireAndForget	loc	lcom2	lcom5	cbo	wmc	rfc	mpc	halsteadVocabulary	halsteadLength	halsteadVolume	classDataShouldBePrivate	complexClass	spaghettiCode	functionalDecomposition	godClass
6.687388246761285e-05	5.155753835496735e-06	1.901785642485755e-07	2.18095667869063e-05	-1.1540425720362953e-06	6.842771369379665e-05	6.902444855961688e-07	-4.7166663032947686e-08	-3.72844302463072e-07	-5.313830559822435e-08	0.14051247183757787	0.21342963371986143	0.0006441851979348129	0.005056469538974919	0.017515752286759882	0.05743970953032791	0.05270474036517646	0.736742636820611	0.05791655202120968	0.6120536906123315	0.00011445127889854938	0.01751206911390774	0.08504531213445819	-4.386705132420111e-06	0.0009908714104941412
3.367354104824362e-06	-2.279882015012281e-05	3.5702458786314393e-06	3.431086303029375e-05	-1.7231590266434954e-05	0.00021879472199952898	4.388940537008489e-07	-7.560228532114524e-07	-6.17031740344591e-06	-3.02043664828889e-07	0.046202796686708056	0.8876871237904862	-0.0003737369943963948	-0.0055015004528183266	0.009556567783238974	-0.044943149324309074	-0.04732159644913988	0.10886282795400051	-0.04449624967554527	-0.43748837407071844	0.0002864653090108026	0.010614282340938997	-0.0124654885793222	1.5895310023565808e-06	-0.000790644262767554
