tloc	tmcCabe	assertionDensity	assertionRoulette	mysteryGuest	eagerTest	sensitiveEquality	resourceOptimism	conditionalTestLogic	fireAndForget	loc	lcom2	lcom5	cbo	wmc	rfc	mpc	halsteadVocabulary	halsteadLength	halsteadVolume	classDataShouldBePrivate	complexClass	spaghettiCode	functionalDecomposition	godClass
6.81276318508874e-05	5.225503085513422e-06	2.4882642202398165e-07	2.194507770110508e-05	-1.1744825416269636e-06	6.897937710719572e-05	6.507916654946955e-07	-4.138970214706157e-08	-1.3524387713346835e-07	-4.6828081146086684e-08	0.1404145438954692	0.21507664626581102	0.0006431975907700857	0.0050455494823887885	0.017541347024528146	0.05737783493102068	0.0526266790003856	0.7361830599830638	0.05795718900030408	0.612199163758481	0.00011418324627005832	0.01754402088173616	0.08490756789496422	-4.577458038219716e-06	0.0009890846797576175
2.1271781421077255e-06	-2.3086762058693783e-05	3.601331821008539e-06	3.413692421069443e-05	-1.693732116309917e-05	0.00021683847740753596	4.37945794563517e-07	-6.88217647935287e-07	-5.622727498507756e-06	-3.0152304516701197e-07	0.04542720029636758	0.8889897891985448	-0.00037773233792683884	-0.005515148888559425	0.009539354108145031	-0.04501238545479133	-0.04741653479634653	0.10541569943241025	-0.04425433596411899	-0.4357598605725539	0.00028443277135732354	0.010624280531679972	-0.012896184497722655	1.6407433159788121e-06	-0.0007961388027325803
