tloc	tmcCabe	assertionDensity	assertionRoulette	mysteryGuest	eagerTest	sensitiveEquality	resourceOptimism	conditionalTestLogic	fireAndForget	loc	lcom2	lcom5	cbo	wmc	rfc	mpc	halsteadVocabulary	halsteadLength	halsteadVolume	classDataShouldBePrivate	complexClass	spaghettiCode	functionalDecomposition	godClass
6.524452008718938e-05	5.0688493041496925e-06	1.1681464198973077e-07	2.186355437916407e-05	-4.742048373151483e-07	6.772213618721644e-05	6.307888951955721e-07	-9.789232309729185e-08	-3.7936712733001314e-07	-7.268221512014384e-08	0.140943187793271	0.21624738828057383	0.0006456504719649555	0.005068669576316719	0.017601755243462747	0.057700486169495316	0.05293847241465208	0.7375020322810113	0.057580847035751545	0.6099467637120656	0.00011716066869692777	0.017671481486379214	0.08562469130049523	-4.418767288822689e-06	0.0007606631563881707
1.9173971694403204e-05	-2.2671481332147032e-05	3.6989480782030346e-06	3.710677060686034e-05	-7.892542664547662e-06	0.00022022487290678536	4.0799353034514134e-07	-4.964817586264036e-07	-3.7207057754221745e-06	-2.6455835234813037e-07	0.04123620176184471	0.8849961212934139	-0.00040443736810008953	-0.0059182910821638235	0.008805993274692838	-0.04898757362457483	-0.05110784493643327	0.11049949144657141	-0.04452591443689317	-0.4421138823564273	0.00022206960147041916	0.009808098809925026	-0.014240158735591665	1.4934516440923394e-06	-0.000671411198788146
