tloc	tmcCabe	assertionDensity	assertionRoulette	mysteryGuest	eagerTest	sensitiveEquality	resourceOptimism	conditionalTestLogic	fireAndForget	loc	lcom2	lcom5	cbo	wmc	rfc	mpc	halsteadVocabulary	halsteadLength	halsteadVolume	classDataShouldBePrivate	complexClass	spaghettiCode	functionalDecomposition	godClass
6.73012403424103e-05	4.735093514791481e-06	3.651186863910209e-07	2.2087135983800206e-05	-1.4004344363623916e-06	6.87688397772545e-05	6.520201981841908e-07	-4.220598165512267e-08	-6.302784301299259e-07	-5.8895471505373076e-08	0.14033754146603444	0.215139946603358	0.0006434150600422512	0.00504149755505513	0.017537261833878225	0.0573763241214876	0.05262522810599278	0.7362859396607551	0.05793183509832308	0.6120681350505353	0.00011395760745089752	0.017546808126103007	0.08494682353145566	-4.518444542791087e-06	0.0009868679946354673
3.69443270580704e-06	-2.2642557022343338e-05	3.5205905366375e-06	3.4061081907357685e-05	-1.674413780139012e-05	0.0002172670932561538	4.4972923407169215e-07	-6.950133589382559e-07	-5.266460934373024e-06	-3.0119037908545944e-07	0.045512467055639536	0.8889546774378215	-0.00037758531222563987	-0.005512716292601098	0.00953983906913561	-0.04500552566394208	-0.04740531146425676	0.10531761968919204	-0.04426002868788438	-0.435847165816129	0.00028468375834682705	0.010630559829223837	-0.012908375963481515	1.6277744576231148e-06	-0.000791472436508362
