tloc	tmcCabe	assertionDensity	assertionRoulette	mysteryGuest	eagerTest	sensitiveEquality	resourceOptimism	conditionalTestLogic	fireAndForget	loc	lcom2	lcom5	cbo	wmc	rfc	mpc	halsteadVocabulary	halsteadLength	halsteadVolume	classDataShouldBePrivate	complexClass	spaghettiCode	functionalDecomposition	godClass
6.878862731294691e-05	5.491889088078213e-06	1.9888029740890794e-07	2.2043380617200394e-05	-1.0313496000393808e-06	6.862648644574728e-05	6.796503242332781e-07	-2.7628466812419512e-08	5.598973528143746e-08	-4.8858918681654146e-08	0.14040527650233417	0.2150199824102961	0.0006429771081813584	0.0050440165482226445	0.017538540261409385	0.05736065341444092	0.052609845516808765	0.7361242811423626	0.057972682776396674	0.6122978662317379	0.00011429729374456079	0.017540127038814912	0.08487724213404933	-4.560148230270908e-06	0.0009887426119739285
