tloc	tmcCabe	assertionDensity	assertionRoulette	mysteryGuest	eagerTest	sensitiveEquality	resourceOptimism	conditionalTestLogic	fireAndForget	loc	lcom2	lcom5	cbo	wmc	rfc	mpc	halsteadVocabulary	halsteadLength	halsteadVolume	classDataShouldBePrivate	complexClass	spaghettiCode	functionalDecomposition	godClass
6.675984486524714e-05	5.360821179849973e-06	1.4662549773019013e-07	2.1590651240692722e-05	-9.01715643550696e-07	6.855513369800168e-05	6.496457374110615e-07	4.425575576977863e-08	-2.773232310497223e-07	-4.579831487471834e-08	0.14036013018615082	0.21497402251479944	0.0006431458575843781	0.005044092694954893	0.01753461303390082	0.05735447904799583	0.0526053323663047	0.7360994502955944	0.05798652069121696	0.6123533820293399	0.00011410624029133542	0.01753888873880892	0.08488176185626953	-4.6078301664134475e-06	0.0009881686199500169
