tloc	tmcCabe	assertionDensity	assertionRoulette	mysteryGuest	eagerTest	sensitiveEquality	resourceOptimism	conditionalTestLogic	fireAndForget	loc	lcom2	lcom5	cbo	wmc	rfc	mpc	halsteadVocabulary	halsteadLength	halsteadVolume	classDataShouldBePrivate	complexClass	spaghettiCode	functionalDecomposition	godClass
6.925657594335837e-05	5.4667150822114075e-06	2.0681845692305212e-07	2.2141550067341415e-05	-8.723239379771216e-07	6.880789082665576e-05	6.68620941418316e-07	-2.0956069339247612e-08	1.1672546339844301e-08	-4.502190882188906e-08	0.14043637084885136	0.21501570803480283	0.0006427559090284172	0.005047484353374366	0.01754375439858144	0.05735425216994442	0.05260147165365314	0.7360443547557014	0.05799031081153217	0.6123919382162838	0.0001144655843951463	0.017537909286088105	0.08484772944018935	-4.6036944756177005e-06	0.0009896917977272254
7.387960034937105e-07	-2.306195262550776e-05	3.5847613270114027e-06	3.391115437655351e-05	-1.7064265264273805e-05	0.00021698482380169514	4.293013523617478e-07	-7.096116921570421e-07	-5.664959364734363e-06	-3.097824171259423e-07	0.04548474711130167	0.888980581203677	-0.00037685730431162313	-0.005513744749974208	0.009548010864344163	-0.04496288081553188	-0.04736944264208569	0.10558477577110986	-0.04426342305026057	-0.4357420346769027	0.00028425425940993305	0.010629804124248451	-0.012851606143417682	1.6611125649492026e-06	-0.000792881596797389
