tloc	tmcCabe	assertionDensity	assertionRoulette	mysteryGuest	eagerTest	sensitiveEquality	resourceOptimism	conditionalTestLogic	fireAndForget	loc	lcom2	lcom5	cbo	wmc	rfc	mpc	halsteadVocabulary	halsteadLength	halsteadVolume	classDataShouldBePrivate	complexClass	spaghettiCode	functionalDecomposition	godClass
7.035384385350866e-05	5.4086300275682235e-06	2.257610275458919e-07	2.2716162789740107e-05	-9.351003779007715e-07	6.81911667174775e-05	6.58775983585935e-07	-2.4775368953451867e-08	5.08233228806613e-08	-4.708041736032499e-08	0.14044537323010475	0.21458695359710356	0.0006433875266395756	0.005049092806669732	0.0175263076991161	0.05741227247948638	0.052666186774091725	0.7361190039005988	0.0579831545735213	0.6124279486086578	0.00011445857076862195	0.017520657249946153	0.08494326070081361	-4.5584237408117426e-06	0.0009903961774290438
