tloc	tmcCabe	assertionDensity	assertionRoulette	mysteryGuest	eagerTest	sensitiveEquality	resourceOptimism	conditionalTestLogic	fireAndForget	loc	lcom2	lcom5	cbo	wmc	rfc	mpc	halsteadVocabulary	halsteadLength	halsteadVolume	classDataShouldBePrivate	complexClass	spaghettiCode	functionalDecomposition	godClass
6.95192091146604e-05	5.470066621061375e-06	2.0696231876210594e-07	2.2210849939662815e-05	-8.517384391943477e-07	6.880050418431513e-05	6.698603617093076e-07	-2.178216024322839e-08	1.298037933861564e-07	-4.662290028449947e-08	0.14043635778085262	0.21497615360994307	0.0006427188634866413	0.005048303458021282	0.017542836457036626	0.057354264246447906	0.052601869657136535	0.7360324893698855	0.05799631530379556	0.6124211948136575	0.00011444979141947245	0.01753506809413771	0.08483611372927126	-4.617552634908891e-06	0.0009894628695734094
