tloc	tmcCabe	assertionDensity	assertionRoulette	mysteryGuest	eagerTest	sensitiveEquality	resourceOptimism	conditionalTestLogic	fireAndForget	loc	lcom2	lcom5	cbo	wmc	rfc	mpc	halsteadVocabulary	halsteadLength	halsteadVolume	classDataShouldBePrivate	complexClass	spaghettiCode	functionalDecomposition	godClass
6.867773925172958e-05	5.350892023672846e-06	1.7928045209632387e-07	2.1981766452678887e-05	-9.999463270762948e-07	6.876621407238708e-05	6.580413395403765e-07	-2.8178173675389875e-08	1.0843813016195679e-07	-4.983219153681279e-08	0.14046590707851905	0.21512685388652014	0.0006430127378080724	0.005049007887108264	0.017545365964594942	0.05737670311529675	0.05262315120723764	0.7361386003257163	0.05796578474934401	0.6122241834277862	0.00011437039669172232	0.017547084748499055	0.0848958994140829	-4.651895785908623e-06	0.0009894053210932532
