tloc	tmcCabe	assertionDensity	assertionRoulette	mysteryGuest	eagerTest	sensitiveEquality	resourceOptimism	conditionalTestLogic	fireAndForget	loc	lcom2	lcom5	cbo	wmc	rfc	mpc	halsteadVocabulary	halsteadLength	halsteadVolume	classDataShouldBePrivate	complexClass	spaghettiCode	functionalDecomposition	godClass
6.91586087975067e-05	5.3151141433869106e-06	1.9478046555194133e-07	2.2078756819583627e-05	-9.459639873134308e-07	6.916199034175356e-05	7.332914302977629e-07	-2.445532415308165e-08	-6.894644623870305e-08	-4.795431565450819e-08	0.14070225542304177	0.21523855064977043	0.0006426991222981501	0.005047848983664951	0.01755534014580856	0.057371642990652144	0.052613807807901654	0.7360134603109804	0.0579761293182235	0.6122881436998281	0.00011439015298610718	0.0175437700187217	0.08484596504330726	-4.631969855705816e-06	0.0009892151933109075
2.3973522809617515e-06	-2.262407329582174e-05	3.64338212229073e-06	3.446992243914656e-05	-1.665976286402685e-05	0.00021538637616441085	1.4316591808967966e-07	-6.89806298225868e-07	-5.250514317410688e-06	-2.992697107396267e-07	0.04393999242597643	0.8888170559573207	-0.00038125070758728713	-0.005532258317552146	0.009472072581008392	-0.04520406436343607	-0.04757545667037912	0.10593018044076201	-0.044272101535817884	-0.4361032388707242	0.0002851853926529567	0.01056825124944882	-0.012903978327181318	1.7447273609476462e-06	-0.0007923397920612323
-0.000695481742876018	-5.791511582923887e-05	1.5448556152458992e-06	-9.232523980664863e-06	-9.400489364346866e-05	1.6189218245275625e-05	8.069789512828564e-07	-5.441539741952544e-06	-3.2939242575311005e-05	-1.5104288521456653e-06	-0.0906428163845119	-0.3882028627217847	-0.0006672317273585023	-0.007928210780346522	-0.02544047755076939	-0.06082074006584956	-0.05302111375269429	0.6566830238792901	-0.07292917909821511	-0.6246887147542817	-0.0008213804244602256	-0.02204247023848594	0.08085152066810329	2.3582946913055113e-05	-0.007087724891949961
