tloc	tmcCabe	assertionDensity	assertionRoulette	mysteryGuest	eagerTest	sensitiveEquality	resourceOptimism	conditionalTestLogic	fireAndForget	loc	lcom2	lcom5	cbo	wmc	rfc	mpc	halsteadVocabulary	halsteadLength	halsteadVolume	classDataShouldBePrivate	complexClass	spaghettiCode	functionalDecomposition	godClass
6.106443628589743e-05	4.277150357194322e-06	6.340466988958797e-07	2.2206974799208598e-05	-2.219786500309748e-06	6.780140133938811e-05	5.832816335505584e-07	-2.4180405148111894e-09	-5.617718455867877e-07	-6.962717501639123e-08	0.14065686790581583	0.21613484801098667	0.0006460903845808918	0.005046723188146676	0.017554247118020897	0.057563446871495554	0.05280977476677927	0.7372304691032138	0.05766693625894117	0.6104211761406264	0.00011286235841762601	0.017638374957351582	0.08546680155815027	-4.465903707626165e-06	0.0009753904345935345
2.399178465599183e-06	-2.281729891016648e-05	3.6801675968713006e-06	3.375152977943964e-05	-1.718053481627827e-05	0.000218064257217949	4.4872557761942727e-07	-6.48562480270949e-07	-5.441594137588944e-06	-2.728970703481904e-07	0.04470544761775924	0.8892820160306614	-0.0003867970465445472	-0.0055467452076748275	0.009447431883484448	-0.04562685578119646	-0.04800188625365355	0.1030943992492843	-0.04407367626673038	-0.4356626521011558	0.00028348415750743827	0.010449920865512202	-0.013780478186135625	1.4314218200921342e-06	-0.0007968831234577509
