tloc	tmcCabe	assertionDensity	assertionRoulette	mysteryGuest	eagerTest	sensitiveEquality	resourceOptimism	conditionalTestLogic	fireAndForget	loc	lcom2	lcom5	cbo	wmc	rfc	mpc	halsteadVocabulary	halsteadLength	halsteadVolume	classDataShouldBePrivate	complexClass	spaghettiCode	functionalDecomposition	godClass
6.803379241340108e-05	5.6944406356502996e-06	2.223930745036929e-07	2.223781851605625e-05	-1.0803791824174879e-06	6.827086280286088e-05	6.050024191793036e-07	-2.9829653211890455e-08	-7.982948058946914e-07	-5.051300937192835e-08	0.14063020206263335	0.21648320564304166	0.0006439099164041619	0.005080751939901979	0.017591041656781787	0.05774405665483082	0.05297563795486514	0.7348677733655911	0.05802488473842866	0.6131534308454497	0.0001153852253010547	0.01759183402975825	0.08495025998693989	-4.1645087386657965e-06	0.000998226388293499
