tloc	tmcCabe	assertionDensity	assertionRoulette	mysteryGuest	eagerTest	sensitiveEquality	resourceOptimism	conditionalTestLogic	fireAndForget	loc	lcom2	lcom5	cbo	wmc	rfc	mpc	halsteadVocabulary	halsteadLength	halsteadVolume	classDataShouldBePrivate	complexClass	spaghettiCode	functionalDecomposition	godClass
6.645200258672044e-05	5.245378017650015e-06	1.852431769898557e-07	2.184374198419922e-05	-1.1989546837529773e-06	6.878521454279225e-05	6.420913656732254e-07	-3.5957319550227416e-08	-2.547965670130258e-07	-5.689583280963192e-08	0.1404068503959998	0.2151713275982803	0.00064339222557351	0.005047681567158934	0.01754069320463761	0.05740533124319805	0.052655250765070966	0.7362800792822953	0.057926857271449084	0.6120382404079558	0.00011302060348241967	0.01755577690613125	0.08498124848039038	-4.4633223280617925e-06	0.0009877681140635865
