tloc	tmcCabe	assertionDensity	assertionRoulette	mysteryGuest	eagerTest	sensitiveEquality	resourceOptimism	conditionalTestLogic	fireAndForget	loc	lcom2	lcom5	cbo	wmc	rfc	mpc	halsteadVocabulary	halsteadLength	halsteadVolume	classDataShouldBePrivate	complexClass	spaghettiCode	functionalDecomposition	godClass
6.305241705918358e-05	4.499233901722281e-06	3.3795183242675167e-07	2.2861823854467476e-05	-2.4504059979898926e-06	7.157238940437725e-05	4.841055129791357e-07	-2.747911902254331e-07	-1.4453863750140044e-06	-4.8922142295905744e-08	0.13966751085231122	0.22154185335870075	0.0006799637891248903	0.005229486193046973	0.01813282120029243	0.06027720587271439	0.05537304420259669	0.733829037263948	0.05755108591086499	0.6122478781278493	7.423487351410177e-05	0.018211707181027867	0.0857858677365625	-4.419431605464323e-06	0.0007243716525669063
-8.223424482900819e-06	-2.3946223836312655e-05	3.920349373954697e-06	3.4873559123493716e-05	-1.762127032359889e-05	0.00023179263286274965	1.0689318298397438e-06	-5.193699764700369e-07	-4.368364175969002e-06	-3.1623347807277404e-07	0.030673204445823513	0.875436387268698	-0.0004729945826627897	-0.0066795427927082655	0.00783140790829969	-0.05619944792800931	-0.05791469811315339	0.1246237054602202	-0.04550584100296943	-0.45616839605798337	0.0004091322408786794	0.008692707821376464	-0.01684952154744205	1.6874451466916213e-06	-0.0006908292513292326
