tloc	tmcCabe	assertionDensity	assertionRoulette	mysteryGuest	eagerTest	sensitiveEquality	resourceOptimism	conditionalTestLogic	fireAndForget	loc	lcom2	lcom5	cbo	wmc	rfc	mpc	halsteadVocabulary	halsteadLength	halsteadVolume	classDataShouldBePrivate	complexClass	spaghettiCode	functionalDecomposition	godClass
5.372033950018888e-05	3.924224725905281e-06	1.8547722660611887e-07	2.2340520707693234e-05	-1.7413817384996541e-06	6.859635168133076e-05	6.375385566840602e-07	-4.8508351819787176e-08	-1.5137728584493142e-06	-9.424180142542057e-08	0.14180595981165103	0.21228909976599195	0.000660047548311696	0.00512751934186509	0.017660298460063437	0.05833060897031134	0.0535678610881514	0.7420754751396809	0.05708973436667497	0.6054305823254911	0.00011642416152916523	0.017693718057656606	0.08612930202125578	-4.611204245910675e-06	0.0010170237533497937
