tloc	tmcCabe	assertionDensity	assertionRoulette	mysteryGuest	eagerTest	sensitiveEquality	resourceOptimism	conditionalTestLogic	fireAndForget	loc	lcom2	lcom5	cbo	wmc	rfc	mpc	halsteadVocabulary	halsteadLength	halsteadVolume	classDataShouldBePrivate	complexClass	spaghettiCode	functionalDecomposition	godClass
7.224457732688058e-05	5.952671824108057e-06	2.0457973272668762e-07	2.2884765283158014e-05	-5.585087621701875e-07	6.92698688554578e-05	6.979542721135484e-07	-5.540963868971428e-09	4.003287231475309e-07	-3.9854341217723645e-08	0.14015634357531076	0.2160224887638281	0.0006458630877342678	0.005071488809420835	0.01750855160414284	0.05687284516106388	0.05221569084548699	0.7356114042954447	0.058012244683793006	0.6127261258096	0.00011533936383956538	0.017486651769416005	0.08465894564159622	-4.579209903651679e-06	0.0009951974707182376
