tloc	tmcCabe	assertionDensity	assertionRoulette	mysteryGuest	eagerTest	sensitiveEquality	resourceOptimism	conditionalTestLogic	fireAndForget	loc	lcom2	lcom5	cbo	wmc	rfc	mpc	halsteadVocabulary	halsteadLength	halsteadVolume	classDataShouldBePrivate	complexClass	spaghettiCode	functionalDecomposition	godClass
6.687388246763124e-05	5.1557538354967494e-06	1.9017856424858546e-07	2.1809566786906455e-05	-1.1540425720362127e-06	6.84277136937975e-05	6.902444855961849e-07	-4.716666303294178e-08	-3.7284430246296977e-07	-5.3138305598222105e-08	0.14051247183757787	0.2134296337198634	0.0006441851979348109	0.005056469538974899	0.017515752286759875	0.057439709530327614	0.05270474036517624	0.7367426368206115	0.05791655202120963	0.6120536906123303	0.00011445127889855049	0.01751206911390771	0.08504531213445808	-4.386705132420143e-06	0.000990871410494157
3.367354104793664e-06	-2.279882015021115e-05	3.570245878631427e-06	3.431086303029375e-05	-1.723159026643427e-05	0.00021879472199952927	4.388940537008584e-07	-7.560228532114117e-07	-6.170317403445674e-06	-3.020436648288782e-07	0.046202796686708035	0.8876871237904882	-0.0003737369943963932	-0.005501500452818304	0.00955656778323912	-0.044943149324308894	-0.047321596449139865	0.10886282795399474	-0.04449624967554492	-0.43748837407071606	0.00028646530901080893	0.010614282340939142	-0.012465488579322836	1.589531002356427e-06	-0.0007906442627675098
