tloc	tmcCabe	assertionDensity	assertionRoulette	mysteryGuest	eagerTest	sensitiveEquality	resourceOptimism	conditionalTestLogic	fireAndForget	loc	lcom2	lcom5	cbo	wmc	rfc	mpc	halsteadVocabulary	halsteadLength	halsteadVolume	classDataShouldBePrivate	complexClass	spaghettiCode	functionalDecomposition	godClass
6.812763185069893e-05	5.225503085513439e-06	2.488264220239907e-07	2.194507770110522e-05	-1.1744825416268927e-06	6.897937710719632e-05	6.507916654947144e-07	-4.1389702147057115e-08	-1.352438771333843e-07	-4.682808114608526e-08	0.14041454389546915	0.2150766462658116	0.0006431975907700834	0.0050455494823887686	0.0175413470245281	0.05737783493102039	0.05262667900038534	0.7361830599830637	0.057957189000303985	0.61219916375848	0.00011418324627005913	0.017544020881736153	0.08490756789496408	-4.577458038219741e-06	0.0009890846797576199
2.1271781421653263e-06	-2.3086762058651797e-05	3.6013318210085752e-06	3.4136924210694154e-05	-1.6937321163101363e-05	0.00021683847740753564	4.3794579456349345e-07	-6.882176479354113e-07	-5.622727498508609e-06	-3.015230451670547e-07	0.04542720029636521	0.8889897891985359	-0.0003777323379268543	-0.005515148888559617	0.009539354108144453	-0.04501238545479268	-0.047416534796347685	0.10541569943242396	-0.04425433596412075	-0.435759860572568	0.00028443277135730604	0.010624280531679452	-0.01289618449772078	1.6407433159794015e-06	-0.000796138802732758
