tloc	tmcCabe	assertionDensity	assertionRoulette	mysteryGuest	eagerTest	sensitiveEquality	resourceOptimism	conditionalTestLogic	fireAndForget	loc	lcom2	lcom5	cbo	wmc	rfc	mpc	halsteadVocabulary	halsteadLength	halsteadVolume	classDataShouldBePrivate	complexClass	spaghettiCode	functionalDecomposition	godClass
6.895158356526005e-05	5.382261519966371e-06	2.0877070928849832e-07	2.182392462624827e-05	-6.554039654989638e-07	6.793977028801224e-05	6.518429872034228e-07	-1.140037491817999e-08	2.048172664920857e-08	-3.752205860307382e-08	0.14054349004014863	0.21513284925143358	0.0006429572927367977	0.005057683235102703	0.01750527012173595	0.05743052183097996	0.05268901872803387	0.7362632619015831	0.05793004001533106	0.6120385857977758	0.00011503216057177982	0.01749106133700504	0.08497588431599565	-4.599738500128266e-06	0.0009934147527316888
2.1140751866805683e-06	-2.2919458809157213e-05	3.5771450638235245e-06	3.415115032423131e-05	-1.7188623079060588e-05	0.00021756451386547353	4.521034616929767e-07	-7.167293514886299e-07	-5.5714364465039355e-06	-3.136795604188549e-07	0.045362467607150236	0.8889629899844894	-0.00037676272216629047	-0.005525058170121379	0.009557301393127014	-0.04506503832743078	-0.04747260401650355	0.10533106891544204	-0.04425575668555986	-0.4358277137308663	0.00028400736817607217	0.010640649952217206	-0.012943895670248501	1.6513761334526814e-06	-0.000795547942432417
