tloc	tmcCabe	assertionDensity	assertionRoulette	mysteryGuest	eagerTest	sensitiveEquality	resourceOptimism	conditionalTestLogic	fireAndForget	loc	lcom2	lcom5	cbo	wmc	rfc	mpc	halsteadVocabulary	halsteadLength	halsteadVolume	classDataShouldBePrivate	complexClass	spaghettiCode	functionalDecomposition	godClass
6.824646796345215e-05	5.50929944430924e-06	2.1484373946409353e-07	2.2228917530927034e-05	-9.02260123013144e-07	6.870387429628112e-05	6.665690536348326e-07	-9.178830515042615e-09	4.634301238152908e-08	-7.811778735776542e-08	0.14052264581062482	0.21548638375791196	0.0006443960115056323	0.0050490747349407365	0.017548158610433465	0.057437007658727085	0.052683437779309165	0.7365005280986464	0.05787167097736042	0.611630368879172	0.00011451084344442526	0.017549579079367408	0.0850197592623059	-4.592775250108763e-06	0.0006059182264692046
2.0470881658029407e-06	-2.294798232681775e-05	3.6133614975771877e-06	3.448950661274312e-05	-1.6935875660457115e-05	0.00021824605543048077	4.2519045521960173e-07	-7.0537315791279e-07	-5.301543832772324e-06	-2.3454021281425236e-07	0.045324419718659525	0.8886616944297766	-0.0003802607913826511	-0.005532855111296677	0.009527695387205085	-0.04525774630319697	-0.04764078457871323	0.10525920854385021	-0.044286026514859946	-0.4364197319062776	0.00028448809910694623	0.010596867260905569	-0.01307923603073986	1.6444573657822124e-06	-0.0004708066905484746
