tloc	tmcCabe	assertionDensity	assertionRoulette	mysteryGuest	eagerTest	sensitiveEquality	resourceOptimism	conditionalTestLogic	fireAndForget	loc	lcom2	lcom5	cbo	wmc	rfc	mpc	halsteadVocabulary	halsteadLength	halsteadVolume	classDataShouldBePrivate	complexClass	spaghettiCode	functionalDecomposition	godClass
6.730124034242548e-05	4.735093514791299e-06	3.6511868639102707e-07	2.2087135983800294e-05	-1.4004344363625156e-06	6.876883977725529e-05	6.520201981841806e-07	-4.220598165512794e-08	-6.302784301300125e-07	-5.889547150537571e-08	0.14033754146603417	0.2151399466033609	0.0006434150600422477	0.0050414975550550686	0.0175372618338782	0.057376324121487354	0.05262522810599258	0.7362859396607552	0.05793183509832286	0.612068135050533	0.00011395760745089821	0.017546808126103	0.08494682353145563	-4.518444542791043e-06	0.0009868679946354573
3.694432705703608e-06	-2.2642557022302904e-05	3.5205905366375085e-06	3.406108190735775e-05	-1.6744137801390346e-05	0.00021726709325615363	4.497292340717081e-07	-6.950133589382699e-07	-5.266460934373018e-06	-3.011903790854615e-07	0.04551246705563905	0.8889546774378195	-0.000377585312225645	-0.005512716292601133	0.0095398390691355	-0.04500552566394246	-0.04740531146425719	0.10531761968919133	-0.04426002868788481	-0.43584716581613303	0.00028468375834682483	0.010630559829223701	-0.012908375963481577	1.6277744576231908e-06	-0.0007914724365083724
