tloc	tmcCabe	assertionDensity	assertionRoulette	mysteryGuest	eagerTest	sensitiveEquality	resourceOptimism	conditionalTestLogic	fireAndForget	loc	lcom2	lcom5	cbo	wmc	rfc	mpc	halsteadVocabulary	halsteadLength	halsteadVolume	classDataShouldBePrivate	complexClass	spaghettiCode	functionalDecomposition	godClass
6.941149391009956e-05	5.436239281778192e-06	2.0663299006827484e-07	2.2130625243310126e-05	-8.337055359797828e-07	6.883309152697867e-05	6.635645886472329e-07	-1.9244776590311286e-08	4.344330404034135e-08	-4.536008567608799e-08	0.1404523326203904	0.21499576560732292	0.0006425751342316123	0.0050474425726472795	0.017543148468953614	0.057354845202995566	0.05260224104626034	0.7360374606237226	0.057993779638615184	0.6124041961771296	0.00011455027529464474	0.017535187917966176	0.08484061587123064	-4.610637240331025e-06	0.0009898554365738031
