tloc	tmcCabe	assertionDensity	assertionRoulette	mysteryGuest	eagerTest	sensitiveEquality	resourceOptimism	conditionalTestLogic	fireAndForget	loc	lcom2	lcom5	cbo	wmc	rfc	mpc	halsteadVocabulary	halsteadLength	halsteadVolume	classDataShouldBePrivate	complexClass	spaghettiCode	functionalDecomposition	godClass
6.925872618077398e-05	5.4017273867471766e-06	1.9941758416529673e-07	2.2127374718224982e-05	-8.712680506951078e-07	6.880504189389695e-05	6.674425791307377e-07	-2.0840552553501264e-08	2.8981068861652747e-09	-4.615323800778415e-08	0.14043691250028859	0.21498221838039874	0.0006427382602881561	0.005047092737524643	0.01754258578552251	0.05735404276106443	0.05260167907528076	0.7360341263934849	0.05799527868902659	0.6124171298154012	0.00011445019404917854	0.01753542077223874	0.08483599519357929	-4.619325454300965e-06	0.0009895760627132012
