tloc	tmcCabe	assertionDensity	assertionRoulette	mysteryGuest	eagerTest	sensitiveEquality	resourceOptimism	conditionalTestLogic	fireAndForget	loc	lcom2	lcom5	cbo	wmc	rfc	mpc	halsteadVocabulary	halsteadLength	halsteadVolume	classDataShouldBePrivate	complexClass	spaghettiCode	functionalDecomposition	godClass
0.00012718757948337279	8.512765030150641e-07	1.3526951788646354e-06	4.056368764604633e-05	3.3847285776992763e-06	0.0001767258248620918	2.255872920933016e-06	3.516159996390965e-07	8.557908573102308e-06	1.152751528296454e-07	0.12858415454649377	0.5577254730099359	0.0002496770244611853	0.0008680917480025628	0.017337714972896018	0.017355474587503264	0.012668430214886756	0.7246167340200645	0.0369062212213149	0.3757191537983085	0.00027552084056946296	0.01687124202078095	0.06132699483899768	-6.130941232305313e-06	0.0017807116239699195
