tloc	tmcCabe	assertionDensity	assertionRoulette	mysteryGuest	eagerTest	sensitiveEquality	resourceOptimism	conditionalTestLogic	fireAndForget	loc	lcom2	lcom5	cbo	wmc	rfc	mpc	halsteadVocabulary	halsteadLength	halsteadVolume	classDataShouldBePrivate	complexClass	spaghettiCode	functionalDecomposition	godClass
6.878862731296765e-05	5.491889088078208e-06	1.9888029740890493e-07	2.2043380617200384e-05	-1.0313496000393262e-06	6.862648644574739e-05	6.79650324233285e-07	-2.762846681241566e-08	5.598973528147697e-08	-4.885891868165355e-08	0.14040527650233395	0.21501998241029602	0.0006429771081813577	0.00504401654822263	0.01753854026140937	0.05736065341444088	0.052609845516808716	0.7361242811423618	0.05797268277639674	0.6122978662317387	0.00011429729374456121	0.017540127038814888	0.08487724213404926	-4.560148230270915e-06	0.0009887426119739367
