tloc	tmcCabe	assertionDensity	assertionRoulette	mysteryGuest	eagerTest	sensitiveEquality	resourceOptimism	conditionalTestLogic	fireAndForget	loc	lcom2	lcom5	cbo	wmc	rfc	mpc	halsteadVocabulary	halsteadLength	halsteadVolume	classDataShouldBePrivate	complexClass	spaghettiCode	functionalDecomposition	godClass
6.675984486519023e-05	5.360821179849993e-06	1.466254977301972e-07	2.1590651240692837e-05	-9.017156435506093e-07	6.855513369800221e-05	6.496457374110805e-07	4.42557557697855e-08	-2.7732323104961963e-07	-4.579831487471612e-08	0.1403601301861508	0.21497402251480072	0.000643145857584376	0.00504409269495488	0.01753461303390082	0.05735447904799566	0.05260533236630444	0.7360994502955941	0.05798652069121691	0.6123533820293392	0.0001141062402913363	0.017538888738808905	0.08488176185626937	-4.607830166413482e-06	0.0009881686199500184
