tloc	tmcCabe	assertionDensity	assertionRoulette	mysteryGuest	eagerTest	sensitiveEquality	resourceOptimism	conditionalTestLogic	fireAndForget	loc	lcom2	lcom5	cbo	wmc	rfc	mpc	halsteadVocabulary	halsteadLength	halsteadVolume	classDataShouldBePrivate	complexClass	spaghettiCode	functionalDecomposition	godClass
7.035384385359877e-05	5.408630027568121e-06	2.257610275459015e-07	2.2716162789740147e-05	-9.351003779008781e-07	6.819116671747808e-05	6.5877598358592e-07	-2.4775368953458025e-08	5.0823322880565587e-08	-4.708041736032747e-08	0.14044537323010509	0.2145869535971075	0.0006433875266395751	0.005049092806669715	0.017526307699116138	0.05741227247948628	0.052666186774091614	0.7361190039005994	0.05798315457352112	0.6124279486086565	0.00011445857076862279	0.017520657249946246	0.08494326070081362	-4.55842374081172e-06	0.0009903961774290308
