tloc	tmcCabe	assertionDensity	assertionRoulette	mysteryGuest	eagerTest	sensitiveEquality	resourceOptimism	conditionalTestLogic	fireAndForget	loc	lcom2	lcom5	cbo	wmc	rfc	mpc	halsteadVocabulary	halsteadLength	halsteadVolume	classDataShouldBePrivate	complexClass	spaghettiCode	functionalDecomposition	godClass
6.9256575943326e-05	5.466715082211461e-06	2.068184569230489e-07	2.2141550067341404e-05	-8.723239379771229e-07	6.880789082665542e-05	6.686209414183066e-07	-2.0956069339249372e-08	1.1672546339813034e-08	-4.502190882188896e-08	0.1404363708488516	0.21501570803480227	0.0006427559090284193	0.0050474843533743945	0.017543754398581458	0.057354252169944615	0.05260147165365325	0.7360443547557012	0.05799031081153228	0.6123919382162841	0.00011446558439514573	0.017537909286088154	0.08484772944018949	-4.603694475617695e-06	0.0009896917977272332
7.387960034868447e-07	-2.306195262546033e-05	3.58476132701141e-06	3.391115437655339e-05	-1.7064265264273967e-05	0.0002169848238016955	4.2930135236173627e-07	-7.096116921570496e-07	-5.664959364734503e-06	-3.0978241712594484e-07	0.04548474711130173	0.8889805812036774	-0.0003768573043116226	-0.005513744749974216	0.009548010864344177	-0.044962880815531805	-0.04736944264208553	0.10558477577111078	-0.04426342305026069	-0.4357420346769028	0.0002842542594099331	0.010629804124248484	-0.012851606143417614	1.6611125649492314e-06	-0.0007928815967974079
