tloc	tmcCabe	assertionDensity	assertionRoulette	mysteryGuest	eagerTest	sensitiveEquality	resourceOptimism	conditionalTestLogic	fireAndForget	loc	lcom2	lcom5	cbo	wmc	rfc	mpc	halsteadVocabulary	halsteadLength	halsteadVolume	classDataShouldBePrivate	complexClass	spaghettiCode	functionalDecomposition	godClass
6.974083973094113e-05	5.609841943367097e-06	1.6450527756959437e-07	2.2194610092586854e-05	-1.298445035753526e-06	6.824396220288061e-05	6.432795226074963e-07	-3.803647747369741e-08	1.1462078313256076e-08	-4.9349310949860325e-08	0.1405466217729923	0.21526593587925116	0.000643176492580965	0.005058209467772839	0.017552442620752638	0.05741281969062729	0.05265753437349586	0.7361590131350175	0.05793805243007312	0.6121228239054518	0.000115462944487075	0.017553021120649374	0.08493361078539526	-4.671304870162486e-06	0.000988174371212686
7.973029004890238e-07	-2.3130291898211017e-05	3.607532180440689e-06	3.402306709997736e-05	-1.6949728305114113e-05	0.00021743742626206236	4.3956317710117897e-07	-7.057293145827064e-07	-5.692699409910323e-06	-3.106477217758219e-07	0.045211646980199444	0.888988563193974	-0.000377718031782872	-0.005531500175965356	0.009521249760506419	-0.0450954008739939	-0.047492748673848645	0.10524312868428842	-0.044235086422260234	-0.43580999101499335	0.0002835383924872397	0.01061031070506562	-0.01296707352026362	1.6817768515361015e-06	-0.0007937902050525236
