tloc	tmcCabe	assertionDensity	assertionRoulette	mysteryGuest	eagerTest	sensitiveEquality	resourceOptimism	conditionalTestLogic	fireAndForget	loc	lcom2	lcom5	cbo	wmc	rfc	mpc	halsteadVocabulary	halsteadLength	halsteadVolume	classDataShouldBePrivate	complexClass	spaghettiCode	functionalDecomposition	godClass
6.867773925169586e-05	5.350892023672705e-06	1.792804520963255e-07	2.1981766452678795e-05	-9.999463270764381e-07	6.876621407238701e-05	6.580413395403624e-07	-2.8178173675399275e-08	1.0843813016181301e-07	-4.983219153681569e-08	0.1404659070785188	0.21512685388652045	0.0006430127378080723	0.005049007887108241	0.01754536596459491	0.057376703115296676	0.052623151207237595	0.7361386003257172	0.0579657847493439	0.6122241834277847	0.0001143703966917218	0.017547084748499045	0.08489589941408285	-4.651895785908575e-06	0.0009894053210932454
