tloc	tmcCabe	assertionDensity	assertionRoulette	mysteryGuest	eagerTest	sensitiveEquality	resourceOptimism	conditionalTestLogic	fireAndForget	loc	lcom2	lcom5	cbo	wmc	rfc	mpc	halsteadVocabulary	halsteadLength	halsteadVolume	classDataShouldBePrivate	complexClass	spaghettiCode	functionalDecomposition	godClass
6.915860879733322e-05	5.315114143387055e-06	1.9478046555193368e-07	2.207875681958354e-05	-9.459639873133223e-07	6.916199034175295e-05	7.332914302977658e-07	-2.445532415307585e-08	-6.894644623862793e-08	-4.795431565450559e-08	0.14070225542304193	0.215238550649768	0.0006426991222981515	0.005047848983664982	0.01755534014580855	0.05737164299065228	0.05261380780790182	0.7360134603109795	0.05797612931822359	0.6122881436998295	0.00011439015298610678	0.01754377001872169	0.08484596504330726	-4.631969855705852e-06	0.0009892151933109214
2.3973522809481295e-06	-2.2624073295899348e-05	3.6433821222907177e-06	3.4469922439146434e-05	-1.6659762864026636e-05	0.00021538637616441055	1.4316591808967995e-07	-6.898062982258533e-07	-5.25051431741067e-06	-2.9926971073962346e-07	0.04393999242597665	0.8888170559573223	-0.0003812507075872845	-0.00553225831755213	0.009472072581008437	-0.04520406436343594	-0.047575456670378886	0.10593018044076306	-0.04427210153581744	-0.4361032388707214	0.0002851853926529592	0.01056825124944883	-0.012903978327181287	1.7447273609475742e-06	-0.0007923397920612043
-0.0006954817428759984	-5.7915115829176136e-05	1.5448556151530462e-06	-9.232523980665293e-06	-9.400489364346843e-05	1.618921824527419e-05	8.069789512828075e-07	-5.441539741952546e-06	-3.293924257531089e-05	-1.5104288521456736e-06	-0.09064281638451153	-0.3882028627217831	-0.0006672317273585031	-0.007928210780346496	-0.025440477550769405	-0.060820740065849546	-0.05302111375269415	0.6566830238792908	-0.07292917909821528	-0.6246887147542823	-0.000821380424460222	-0.02204247023848588	0.08085152066810378	2.3582946913055398e-05	-0.007087724891950074
