tloc	tmcCabe	assertionDensity	assertionRoulette	mysteryGuest	eagerTest	sensitiveEquality	resourceOptimism	conditionalTestLogic	fireAndForget	loc	lcom2	lcom5	cbo	wmc	rfc	mpc	halsteadVocabulary	halsteadLength	halsteadVolume	classDataShouldBePrivate	complexClass	spaghettiCode	functionalDecomposition	godClass
8.440994772037865e-05	1.2448319008195351e-05	-7.682206833820712e-07	1.0337184960101943e-05	3.094377613579274e-06	9.032362756031434e-06	-1.0268725151603028e-07	1.7260132387082688e-07	2.5857199516756377e-06	3.672109785004629e-08	0.138275320573908	0.025763416938173665	0.0007472949210277077	0.006595296824865364	0.016202876754518432	0.07025973462460958	0.06572969591494629	0.6792481272994116	0.0673516392822984	0.7050433357925593	5.5755598075733026e-05	0.01602558201625273	0.08598789432205543	-5.268486072660125e-06	0.0012861797244805837
0.0003967345426695128	1.763757966085282e-05	-2.033889003563429e-06	1.5138942463141142e-05	1.8990591859969413e-06	0.00018478813404684493	1.4383031760564117e-06	7.360358920685906e-07	1.468394978722436e-05	1.6731762190973836e-07	0.13930109503241409	0.9881590129352459	-3.4403790824820555e-05	0.0022670977854368623	0.024943284928542683	0.01928082915518065	0.010551100915990002	-0.030724877228664068	-0.0032779652471553312	-0.03637080978319772	0.0005991653064831435	0.025314972516387098	-0.010036940031743878	-8.675541973845693e-06	0.0026167288207609874
