tloc	tmcCabe	assertionDensity	assertionRoulette	mysteryGuest	eagerTest	sensitiveEquality	resourceOptimism	conditionalTestLogic	fireAndForget	loc	lcom2	lcom5	cbo	wmc	rfc	mpc	halsteadVocabulary	halsteadLength	halsteadVolume	classDataShouldBePrivate	complexClass	spaghettiCode	functionalDecomposition	godClass
6.930919013677385e-05	5.390892028854182e-06	1.8797757731495204e-07	2.1997955342764234e-05	-7.536434775897834e-07	6.87937799454488e-05	6.758565707275889e-07	-1.793048916504115e-08	-2.0244882245297134e-08	-4.768507615867015e-08	0.14045624391541164	0.21503707366047337	0.0006427745644774513	0.005047658706632221	0.01754406916366939	0.05736948039753796	0.05261702033020167	0.7360866957031453	0.05797840558376522	0.6123250385362076	0.00011438642017192947	0.01753984862228638	0.08486392508975221	-4.563944581280511e-06	0.0009893717441082938
