tloc	tmcCabe	assertionDensity	assertionRoulette	mysteryGuest	eagerTest	sensitiveEquality	resourceOptimism	conditionalTestLogic	fireAndForget	loc	lcom2	lcom5	cbo	wmc	rfc	mpc	halsteadVocabulary	halsteadLength	halsteadVolume	classDataShouldBePrivate	complexClass	spaghettiCode	functionalDecomposition	godClass
6.106443628603979e-05	4.277150357194418e-06	6.340466988958589e-07	2.2206974799208472e-05	-2.219786500309562e-06	6.78014013393874e-05	5.832816335505554e-07	-2.4180405148007007e-09	-5.617718455866943e-07	-6.962717501638845e-08	0.14065686790581547	0.2161348480109836	0.0006460903845808918	0.005046723188146672	0.017554247118020835	0.05756344687149567	0.0528097747667793	0.7372304691032134	0.05766693625894129	0.6104211761406286	0.00011286235841762516	0.017638374957351488	0.08546680155815027	-4.465903707626183e-06	0.00097539043459354
2.399178465565291e-06	-2.2817298910181765e-05	3.680167596871315e-06	3.375152977943971e-05	-1.7180534816278552e-05	0.00021806425721794976	4.4872557761945146e-07	-6.485624802709668e-07	-5.441594137588968e-06	-2.7289707034819484e-07	0.04470544761775974	0.8892820160306611	-0.00038679704654454787	-0.005546745207674838	0.009447431883484382	-0.045626855781196664	-0.04800188625365372	0.1030943992492897	-0.0440736762667305	-0.4356626521011563	0.00028348415750743654	0.010449920865512212	-0.013780478186135032	1.431421820092171e-06	-0.0007968831234577732
