tloc	tmcCabe	assertionDensity	assertionRoulette	mysteryGuest	eagerTest	sensitiveEquality	resourceOptimism	conditionalTestLogic	fireAndForget	loc	lcom2	lcom5	cbo	wmc	rfc	mpc	halsteadVocabulary	halsteadLength	halsteadVolume	classDataShouldBePrivate	complexClass	spaghettiCode	functionalDecomposition	godClass
6.322140099807877e-05	4.941083354744598e-06	1.3810582614098343e-07	2.2095829197254948e-05	-1.3161470491629364e-06	6.823127294481577e-05	6.556455653115071e-07	-2.3541787206369666e-08	-1.000427240193721e-06	-5.6013879891352635e-08	0.14073999318929914	0.21389919234600402	0.0006442075006213098	0.005075834263172499	0.0175183702743954	0.05775660790445956	0.05301599215694645	0.7377219090435697	0.057655252376069575	0.6105354740878277	0.00011518820948753066	0.01758267110322983	0.08566424073933653	-4.510569885023356e-06	0.0009762199255437663
-5.428452917308425e-06	-2.30908949040815e-05	3.7550018332671604e-06	3.706432956220923e-05	-1.6255414415901893e-05	0.00022418208853557694	4.0571752507026644e-07	-6.265101414924643e-07	-3.336052175746703e-06	-2.9201719083358727e-07	0.04483074563477908	0.8879897278102986	-0.0003793751371135413	-0.005612943720835101	0.009243241107219958	-0.046966933671417195	-0.04924659902996835	0.10746406767687015	-0.04421178457433768	-0.4369317873833021	0.00028899334732582807	0.010234858526078833	-0.014077055876775582	1.5799702676550516e-06	-0.0007708488577231482
