tloc	tmcCabe	assertionDensity	assertionRoulette	mysteryGuest	eagerTest	sensitiveEquality	resourceOptimism	conditionalTestLogic	fireAndForget	loc	lcom2	lcom5	cbo	wmc	rfc	mpc	halsteadVocabulary	halsteadLength	halsteadVolume	classDataShouldBePrivate	complexClass	spaghettiCode	functionalDecomposition	godClass
6.645200258675112e-05	5.245378017649803e-06	1.8524317698988584e-07	2.184374198419951e-05	-1.198954683753057e-06	6.878521454279439e-05	6.420913656732352e-07	-3.595731955023008e-08	-2.5479656701304396e-07	-5.6895832809633446e-08	0.1404068503959998	0.2151713275982884	0.0006433922255735053	0.005047681567158864	0.01754069320463764	0.05740533124319757	0.05265525076507048	0.7362800792822956	0.057926857271448695	0.6120382404079522	0.00011302060348242245	0.017555776906131283	0.08498124848039021	-4.463322328061781e-06	0.0009877681140635936
