tloc	tmcCabe	assertionDensity	assertionRoulette	mysteryGuest	eagerTest	sensitiveEquality	resourceOptimism	conditionalTestLogic	fireAndForget	loc	lcom2	lcom5	cbo	wmc	rfc	mpc	halsteadVocabulary	halsteadLength	halsteadVolume	classDataShouldBePrivate	complexClass	spaghettiCode	functionalDecomposition	godClass
6.305241705915351e-05	4.499233901722348e-06	3.379518324267412e-07	2.2861823854467496e-05	-2.450405997989764e-06	7.157238940437707e-05	4.841055129791377e-07	-2.7479119022542746e-07	-1.4453863750139364e-06	-4.8922142295903766e-08	0.13966751085231102	0.2215418533586992	0.0006799637891248909	0.0052294861930469675	0.018132821200292398	0.060277205872714464	0.05537304420259664	0.7338290372639465	0.057551085910865114	0.6122478781278505	7.4234873514101e-05	0.018211707181027832	0.08578586773656247	-4.41943160546434e-06	0.0007243716525669134
-8.223424482974438e-06	-2.394622383626698e-05	3.920349373954692e-06	3.487355912349381e-05	-1.762127032359887e-05	0.00023179263286274973	1.0689318298397527e-06	-5.193699764700388e-07	-4.368364175968995e-06	-3.162334780727739e-07	0.030673204445823547	0.8754363872686975	-0.00047299458266278767	-0.006679542792708264	0.007831407908299686	-0.05619944792800927	-0.05791469811315331	0.12462370546022203	-0.045505841002969324	-0.4561683960579822	0.00040913224087867815	0.008692707821376471	-0.016849521547441865	1.6874451466916232e-06	-0.0006908292513292492
