tloc	tmcCabe	assertionDensity	assertionRoulette	mysteryGuest	eagerTest	sensitiveEquality	resourceOptimism	conditionalTestLogic	fireAndForget	loc	lcom2	lcom5	cbo	wmc	rfc	mpc	halsteadVocabulary	halsteadLength	halsteadVolume	classDataShouldBePrivate	complexClass	spaghettiCode	functionalDecomposition	godClass
6.94329785082035e-05	5.446617893060102e-06	2.041886605698677e-07	2.2148999552511258e-05	-8.265892654285013e-07	6.877669141828026e-05	6.690072700836179e-07	-1.8785726949055428e-08	3.7000363491918924e-08	-4.495063080462479e-08	0.14042685173537045	0.21486931267965953	0.0006427746648110634	0.005047689692198214	0.0175400201614304	0.057351424153520195	0.052599720194173964	0.7360279834893543	0.058002829353350084	0.612467367990382	0.0001143038513434612	0.01753074760311065	0.08482858720910591	-4.6166544825500395e-06	0.0009897986671951811
-9.302417525119477e-06	-2.451254373468295e-05	3.827266671750692e-06	3.560721244310366e-05	-1.6738403110055242e-05	0.00020901294340884297	3.8627617735241117e-07	-7.79256450493583e-07	-5.53365444701927e-06	-2.8541446251418066e-07	0.04114569600023332	0.8844421677664603	-0.0003880925119169371	-0.005743074152904979	0.008738036155769091	-0.047001408478428645	-0.04914822000958836	0.1141607754217192	-0.04489093806571624	-0.44275028258326504	0.0002320412893060726	0.009772886395947466	-0.012765440027285207	1.968867109115348e-06	-0.0008121454931627832
-0.0006814045390404715	-5.383801304473179e-05	9.965773968501344e-07	-1.347428566080272e-05	-9.779033960086743e-05	3.646822743687122e-05	4.1077773837186025e-07	-5.3928517412416846e-06	-3.3714652501821444e-05	-1.621540210929695e-06	-0.08163561800033066	-0.39958380220038076	-0.0006594201558177652	-0.0072747647361795145	-0.023807537059874432	-0.055440041017122535	-0.048138975197930325	0.6544176590372661	-0.07336043552093886	-0.6216326266417352	-0.0006839563366141319	-0.02005484936223431	0.08443565376027422	2.368372386438504e-05	-0.007309108569028968
