tloc	tmcCabe	assertionDensity	assertionRoulette	mysteryGuest	eagerTest	sensitiveEquality	resourceOptimism	conditionalTestLogic	fireAndForget	loc	lcom2	lcom5	cbo	wmc	rfc	mpc	halsteadVocabulary	halsteadLength	halsteadVolume	classDataShouldBePrivate	complexClass	spaghettiCode	functionalDecomposition	godClass
6.809794261982837e-05	5.1858825877378295e-06	1.9453017609878605e-07	2.2320048062856344e-05	-1.0889215600444905e-06	6.891918999071891e-05	6.677022032696878e-07	-3.5635949647901956e-08	-2.7213431494858687e-07	-4.412088718216656e-08	0.14041217047550275	0.21510083727386087	0.0006429615655417545	0.005041323633865693	0.01754280098595122	0.057381194216194344	0.0526286503062185	0.7362232622085276	0.057948857515895416	0.6121401587686409	0.00011416657345287133	0.01755322074884079	0.08492761955469856	-4.5515706411042286e-06	0.0009605839084006061
