tloc	tmcCabe	assertionDensity	assertionRoulette	mysteryGuest	eagerTest	sensitiveEquality	resourceOptimism	conditionalTestLogic	fireAndForget	loc	lcom2	lcom5	cbo	wmc	rfc	mpc	halsteadVocabulary	halsteadLength	halsteadVolume	classDataShouldBePrivate	complexClass	spaghettiCode	functionalDecomposition	godClass
7.224457732674551e-05	5.952671824108102e-06	2.0457973272667674e-07	2.2884765283157953e-05	-5.585087621700862e-07	6.926986885545739e-05	6.979542721135443e-07	-5.5409638689656184e-09	4.003287231475756e-07	-3.985434121772229e-08	0.14015634357531045	0.21602248876382651	0.0006458630877342659	0.005071488809420835	0.01750855160414279	0.05687284516106388	0.05221569084548701	0.7356114042954438	0.05801224468379312	0.6127261258096013	0.00011533936383956503	0.017486651769415978	0.08465894564159614	-4.579209903651679e-06	0.0009951974707182384
