tloc	tmcCabe	assertionDensity	assertionRoulette	mysteryGuest	eagerTest	sensitiveEquality	resourceOptimism	conditionalTestLogic	fireAndForget	loc	lcom2	lcom5	cbo	wmc	rfc	mpc	halsteadVocabulary	halsteadLength	halsteadVolume	classDataShouldBePrivate	complexClass	spaghettiCode	functionalDecomposition	godClass
5.372033950002747e-05	3.924224725905283e-06	1.8547722660610757e-07	2.2340520707693146e-05	-1.7413817384996514e-06	6.859635168133014e-05	6.375385566840517e-07	-4.850835181978804e-08	-1.5137728584493125e-06	-9.424180142541974e-08	0.14180595981165037	0.21228909976598978	0.0006600475483116959	0.005127519341865084	0.017660298460063374	0.05833060897031126	0.05356786108815137	0.7420754751396813	0.057089734366675055	0.6054305823254915	0.00011642416152916376	0.017693718057656554	0.0861293020212558	-4.611204245910664e-06	0.0010170237533497883
