tloc	tmcCabe	assertionDensity	assertionRoulette	mysteryGuest	eagerTest	sensitiveEquality	resourceOptimism	conditionalTestLogic	fireAndForget	loc	lcom2	lcom5	cbo	wmc	rfc	mpc	halsteadVocabulary	halsteadLength	halsteadVolume	classDataShouldBePrivate	complexClass	spaghettiCode	functionalDecomposition	godClass
6.6873882467614e-05	5.155753835496782e-06	1.9017856424857236e-07	2.1809566786906265e-05	-1.1540425720362364e-06	6.842771369379655e-05	6.902444855961742e-07	-4.7166663032945085e-08	-3.728443024630133e-07	-5.313830559822346e-08	0.140512471837578	0.21342963371986	0.0006441851979348124	0.005056469538974924	0.017515752286759882	0.05743970953032789	0.0527047403651765	0.7367426368206115	0.05791655202120983	0.6120536906123316	0.00011445127889854908	0.017512069113907704	0.08504531213445832	-4.386705132420119e-06	0.000990871410494156
3.3673541047597603e-06	-2.2798820150283737e-05	3.570245878631435e-06	3.43108630302937e-05	-1.72315902664349e-05	0.00021879472199952922	4.388940537008425e-07	-7.560228532114495e-07	-6.1703174034459295e-06	-3.0204366482888873e-07	0.04620279668670862	0.887687123790487	-0.00037373699439639254	-0.00550150045281829	0.00955656778323908	-0.04494314932430879	-0.04732159644913962	0.10886282795400042	-0.04449624967554511	-0.43748837407071695	0.000286465309010804	0.010614282340939103	-0.012465488579322163	1.5895310023565414e-06	-0.0007906442627675448
