tloc	tmcCabe	assertionDensity	assertionRoulette	mysteryGuest	eagerTest	sensitiveEquality	resourceOptimism	conditionalTestLogic	fireAndForget	loc	lcom2	lcom5	cbo	wmc	rfc	mpc	halsteadVocabulary	halsteadLength	halsteadVolume	classDataShouldBePrivate	complexClass	spaghettiCode	functionalDecomposition	godClass
6.81276318508178e-05	5.225503085513443e-06	2.488264220239725e-07	2.194507770110505e-05	-1.1744825416268938e-06	6.897937710719555e-05	6.507916654946988e-07	-4.138970214705741e-08	-1.3524387713343328e-07	-4.682808114608543e-08	0.14041454389546876	0.21507664626580938	0.0006431975907700837	0.005045549482388769	0.017541347024528083	0.05737783493102069	0.05262667900038552	0.7361830599830637	0.057957189000304145	0.612199163758481	0.00011418324627005757	0.017544020881736115	0.08490756789496424	-4.577458038219718e-06	0.0009890846797576138
2.1271781421718052e-06	-2.3086762058527862e-05	3.6013318210085714e-06	3.4136924210694324e-05	-1.6937321163100953e-05	0.00021683847740753648	4.379457945635134e-07	-6.88217647935389e-07	-5.62272749850839e-06	-3.015230451670468e-07	0.045427200296365704	0.8889897891985373	-0.000377732337926852	-0.005515148888559581	0.00953935410814455	-0.04501238545479233	-0.047416534796347456	0.10541569943242403	-0.04425433596412037	-0.4357598605725649	0.000284432771357308	0.010624280531679546	-0.012896184497720866	1.6407433159792757e-06	-0.0007961388027327232
