tloc	tmcCabe	assertionDensity	assertionRoulette	mysteryGuest	eagerTest	sensitiveEquality	resourceOptimism	conditionalTestLogic	fireAndForget	loc	lcom2	lcom5	cbo	wmc	rfc	mpc	halsteadVocabulary	halsteadLength	halsteadVolume	classDataShouldBePrivate	complexClass	spaghettiCode	functionalDecomposition	godClass
6.524452008702422e-05	5.068849304149667e-06	1.1681464198973682e-07	2.1863554379164117e-05	-4.74204837315151e-07	6.772213618721675e-05	6.307888951955777e-07	-9.789232309729205e-08	-3.7936712732999816e-07	-7.268221512014429e-08	0.14094318779327092	0.21624738828057471	0.0006456504719649546	0.005068669576316697	0.017601755243462736	0.05770048616949516	0.052938472414652	0.7375020322810116	0.05758084703575151	0.6099467637120651	0.00011716066869692793	0.017671481486379204	0.08562469130049516	-4.418767288822684e-06	0.0007606631563881657
1.917397169432494e-05	-2.2671481332218275e-05	3.6989480782030397e-06	3.710677060686045e-05	-7.892542664547735e-06	0.0002202248729067863	4.0799353034515723e-07	-4.964817586264076e-07	-3.720705775422143e-06	-2.6455835234813196e-07	0.041236201761844435	0.8849961212934131	-0.0004044373681000919	-0.005918291082163847	0.008805993274692782	-0.04898757362457506	-0.051107844936433555	0.11049949144657291	-0.04452591443689349	-0.44211388235643023	0.00022206960147041848	0.009808098809925002	-0.014240158735591724	1.4934516440923547e-06	-0.0006714111987881552
