tloc	tmcCabe	assertionDensity	assertionRoulette	mysteryGuest	eagerTest	sensitiveEquality	resourceOptimism	conditionalTestLogic	fireAndForget	loc	lcom2	lcom5	cbo	wmc	rfc	mpc	halsteadVocabulary	halsteadLength	halsteadVolume	classDataShouldBePrivate	complexClass	spaghettiCode	functionalDecomposition	godClass
6.89515835654004e-05	5.382261519966441e-06	2.0877070928849197e-07	2.182392462624828e-05	-6.554039654988523e-07	6.793977028801179e-05	6.518429872034318e-07	-1.1400374918173902e-08	2.0481726649287775e-08	-3.7522058603072e-08	0.14054349004014882	0.2151328492514317	0.0006429572927367978	0.005057683235102706	0.017505270121735923	0.05743052183098007	0.05268901872803402	0.736263261901583	0.05793004001533121	0.612038585797777	0.00011503216057177995	0.017491061337005	0.08497588431599574	-4.599738500128291e-06	0.0009934147527316981
2.114075186713585e-06	-2.291945880918911e-05	3.577145063823516e-06	3.415115032423157e-05	-1.718862307905982e-05	0.00021756451386547375	4.5210346169298427e-07	-7.167293514885863e-07	-5.571436446503614e-06	-3.13679560418842e-07	0.045362467607151506	0.888962989984493	-0.0003767627221662845	-0.005525058170121315	0.009557301393127262	-0.04506503832743028	-0.047472604016503106	0.1053310689154393	-0.04425575668555916	-0.43582771373086093	0.0002840073681760794	0.010640649952217423	-0.012943895670248883	1.651376133452465e-06	-0.0007955479424323527
