tloc	tmcCabe	assertionDensity	assertionRoulette	mysteryGuest	eagerTest	sensitiveEquality	resourceOptimism	conditionalTestLogic	fireAndForget	loc	lcom2	lcom5	cbo	wmc	rfc	mpc	halsteadVocabulary	halsteadLength	halsteadVolume	classDataShouldBePrivate	complexClass	spaghettiCode	functionalDecomposition	godClass
6.824646796348277e-05	5.509299444309369e-06	2.1484373946408657e-07	2.2228917530926977e-05	-9.022601230130192e-07	6.870387429628069e-05	6.665690536348452e-07	-9.178830515035577e-09	4.6343012381625345e-08	-7.811778735776383e-08	0.1405226458106249	0.21548638375790957	0.0006443960115056339	0.005049074734940767	0.017548158610433465	0.05743700765872716	0.05268343777930933	0.7365005280986453	0.057871670977360554	0.611630368879174	0.00011451084344442524	0.017549579079367366	0.0850197592623058	-4.592775250108794e-06	0.0006059182264692059
2.0470881658492484e-06	-2.2947982326907733e-05	3.613361497577166e-06	3.448950661274321e-05	-1.693587566045604e-05	0.00021824605543048053	4.2519045521958934e-07	-7.053731579127308e-07	-5.3015438327719856e-06	-2.3454021281424124e-07	0.04532441971866115	0.8886616944297815	-0.00038026079138264	-0.005532855111296549	0.009527695387205434	-0.04525774630319594	-0.047640784578712306	0.10525920854384477	-0.044286026514858856	-0.4364197319062682	0.0002844880991069558	0.010596867260905876	-0.013079236030740545	1.6444573657819303e-06	-0.00047080669054841494
