tloc	tmcCabe	assertionDensity	assertionRoulette	mysteryGuest	eagerTest	sensitiveEquality	resourceOptimism	conditionalTestLogic	fireAndForget	loc	lcom2	lcom5	cbo	wmc	rfc	mpc	halsteadVocabulary	halsteadLength	halsteadVolume	classDataShouldBePrivate	complexClass	spaghettiCode	functionalDecomposition	godClass
6.730124034245449e-05	4.735093514791196e-06	3.6511868639104046e-07	2.2087135983800325e-05	-1.4004344363626073e-06	6.8768839777256e-05	6.52020198184185e-07	-4.22059816551327e-08	-6.302784301300598e-07	-5.8895471505377616e-08	0.14033754146603436	0.21513994660336438	0.000643415060042247	0.005041497555055061	0.01753726183387825	0.057376324121487125	0.0526252281059924	0.7362859396607557	0.05793183509832262	0.6120681350505309	0.00011395760745089889	0.017546808126103042	0.08494682353145562	-4.518444542791026e-06	0.0009868679946354552
3.6944327057404437e-06	-2.264255702221185e-05	3.520590536637502e-06	3.406108190735752e-05	-1.6744137801391196e-05	0.00021726709325615369	4.4972923407170247e-07	-6.950133589383188e-07	-5.266460934373325e-06	-3.011903790854756e-07	0.045512467055636746	0.8889546774378144	-0.0003775853122256554	-0.005512716292601264	0.009539839069135053	-0.04500552566394348	-0.04740531146425799	0.10531761968919517	-0.044260028687885714	-0.4358471658161417	0.00028468375834681485	0.010630559829223313	-0.012908375963481154	1.6277744576234593e-06	-0.0007914724365084523
