tloc	tmcCabe	assertionDensity	assertionRoulette	mysteryGuest	eagerTest	sensitiveEquality	resourceOptimism	conditionalTestLogic	fireAndForget	loc	lcom2	lcom5	cbo	wmc	rfc	mpc	halsteadVocabulary	halsteadLength	halsteadVolume	classDataShouldBePrivate	complexClass	spaghettiCode	functionalDecomposition	godClass
6.925872618070801e-05	5.401727386747132e-06	1.9941758416529196e-07	2.2127374718224897e-05	-8.712680506952389e-07	6.880504189389645e-05	6.674425791307261e-07	-2.084055255350901e-08	2.89810688606939e-09	-4.615323800778658e-08	0.14043691250028845	0.21498221838039694	0.0006427382602881573	0.00504709273752465	0.017542585785522483	0.05735404276106456	0.052601679075280856	0.7360341263934858	0.05799527868902665	0.6124171298154016	0.00011445019404917746	0.01753542077223872	0.08483599519357934	-4.619325454300923e-06	0.000989576062713193
