tloc	tmcCabe	assertionDensity	assertionRoulette	mysteryGuest	eagerTest	sensitiveEquality	resourceOptimism	conditionalTestLogic	fireAndForget	loc	lcom2	lcom5	cbo	wmc	rfc	mpc	halsteadVocabulary	halsteadLength	halsteadVolume	classDataShouldBePrivate	complexClass	spaghettiCode	functionalDecomposition	godClass
0.00012718757948318397	8.512765030153667e-07	1.3526951788645962e-06	4.0563687646046344e-05	3.384728577699711e-06	0.0001767258248620909	2.2558729209330537e-06	3.516159996391212e-07	8.55790857310265e-06	1.1527515282965357e-07	0.12858415454649305	0.5577254730099312	0.0002496770244611837	0.0008680917480025725	0.01733771497289593	0.017355474587503236	0.012668430214886749	0.7246167340200658	0.03690622122131546	0.3757191537983127	0.0002755208405694641	0.016871242020780813	0.061326994838997645	-6.130941232305391e-06	0.001780711623969931
