tloc	tmcCabe	assertionDensity	assertionRoulette	mysteryGuest	eagerTest	sensitiveEquality	resourceOptimism	conditionalTestLogic	fireAndForget	loc	lcom2	lcom5	cbo	wmc	rfc	mpc	halsteadVocabulary	halsteadLength	halsteadVolume	classDataShouldBePrivate	complexClass	spaghettiCode	functionalDecomposition	godClass
6.878862731290798e-05	5.491889088078289e-06	1.9888029740890718e-07	2.204338061720045e-05	-1.0313496000392641e-06	6.86264864457473e-05	6.796503242332886e-07	-2.76284668124121e-08	5.598973528154167e-08	-4.8858918681651704e-08	0.1404052765023343	0.21501998241029607	0.0006429771081813584	0.005044016548222648	0.017538540261409382	0.057360653414440896	0.0526098455168087	0.7361242811423616	0.05797268277639664	0.6122978662317388	0.00011429729374456149	0.017540127038814884	0.08487724213404918	-4.56014823027094e-06	0.0009887426119739467
