tloc	tmcCabe	assertionDensity	assertionRoulette	mysteryGuest	eagerTest	sensitiveEquality	resourceOptimism	conditionalTestLogic	fireAndForget	loc	lcom2	lcom5	cbo	wmc	rfc	mpc	halsteadVocabulary	halsteadLength	halsteadVolume	classDataShouldBePrivate	complexClass	spaghettiCode	functionalDecomposition	godClass
6.925872618077443e-05	5.401727386746902e-06	1.9941758416531597e-07	2.212737471822516e-05	-8.71268050695295e-07	6.880504189389801e-05	6.6744257913073e-07	-2.084055255350948e-08	2.898106886077674e-09	-4.6153238007787845e-08	0.14043691250028847	0.2149822183804034	0.0006427382602881519	0.005047092737524594	0.017542585785522525	0.057354042761063956	0.052601679075280385	0.7360341263934852	0.057995278689026215	0.6124171298153985	0.00011445019404917974	0.017535420772238783	0.08483599519357907	-4.619325454300914e-06	0.0009895760627131871
1.7252819178304304e-06	-2.305216497864489e-05	3.6016395860014812e-06	3.4063197153784796e-05	-1.7009229391901832e-05	0.00021721423662168226	4.3425349804901557e-07	-7.068866975697337e-07	-5.618454203853869e-06	-3.078560942250988e-07	0.045492404569561946	0.8889972500064304	-0.0003767385625868769	-0.005512105082392731	0.009552271377739481	-0.04495734446219629	-0.04736544512905437	0.10560043589800104	-0.04426370428294315	-0.4357050193848051	0.0002843350918050345	0.01063544969388186	-0.01282378308612591	1.6735598274549018e-06	-0.0007921565704389887
-0.0006890936962770378	-5.662658041417258e-05	1.7020882555837497e-06	-7.528810854385576e-06	-9.265243088500174e-05	1.315650490323148e-05	2.7807342018969204e-07	-5.368880525191459e-06	-3.1837689570183e-05	-1.480568082180661e-06	-0.09529486436726035	-0.38708670842146936	-0.0006891566881782245	-0.008012735918785487	-0.025673134875442448	-0.06160658442385791	-0.053705947937006435	0.6569894042013631	-0.07280645216842918	-0.624282576128912	-0.0008162834906217998	-0.02223498665796598	0.08043191576385467	2.3742142133849e-05	-0.007060176896227476
0.0002926020558218116	6.83272486844917e-05	8.276385978313418e-06	1.6873715827653236e-07	-9.24889858700348e-05	-0.00022989401047825587	-3.384436634645072e-06	-7.955135677499107e-06	-3.39600289214224e-05	-8.61640180465639e-07	0.8691766621954576	-0.09338768546339041	0.0034134908056311936	0.05307821224922663	0.08097096094267887	0.29704802812869885	0.27572858971512954	-0.05672026823579082	-0.04617633729888363	-0.1705345924169581	-0.00031709085245604956	0.08400628497333881	0.14357092238679278	-8.580760304865879e-06	-0.007760760438741249
