tloc	tmcCabe	assertionDensity	assertionRoulette	mysteryGuest	eagerTest	sensitiveEquality	resourceOptimism	conditionalTestLogic	fireAndForget	loc	lcom2	lcom5	cbo	wmc	rfc	mpc	halsteadVocabulary	halsteadLength	halsteadVolume	classDataShouldBePrivate	complexClass	spaghettiCode	functionalDecomposition	godClass
6.925872618089995e-05	5.401727386746977e-06	1.9941758416531483e-07	2.2127374718225118e-05	-8.71268050695289e-07	6.880504189389805e-05	6.674425791307294e-07	-2.0840552553509797e-08	2.898106886048218e-09	-4.6153238007788236e-08	0.1404369125002886	0.2149822183804037	0.0006427382602881546	0.005047092737524612	0.01754258578552254	0.057354042761064226	0.05260167907528035	0.7360341263934856	0.057995278689026285	0.6124171298153983	0.00011445019404917993	0.017535420772238814	0.08483599519357911	-4.6193254543009205e-06	0.0009895760627131878
1.725281917820635e-06	-2.305216497863302e-05	3.6016395860014605e-06	3.406319715378489e-05	-1.700922939190093e-05	0.00021721423662168256	4.3425349804901546e-07	-7.068866975696756e-07	-5.61845420385354e-06	-3.0785609422508463e-07	0.04549240456956287	0.8889972500064339	-0.0003767385625868696	-0.005512105082392665	0.009552271377739783	-0.04495734446219583	-0.04736544512905404	0.10560043589799477	-0.04426370428294247	-0.4357050193847998	0.0002843350918050433	0.010635449693882061	-0.012823783086127112	1.6735598274546642e-06	-0.00079215657043891
-0.0006890936962771619	-5.66265804143214e-05	1.702088255513073e-06	-7.528810854385109e-06	-9.265243088500181e-05	1.3156504903233506e-05	2.780734201896797e-07	-5.368880525191462e-06	-3.1837689570182944e-05	-1.4805680821806617e-06	-0.09529486436726008	-0.38708670842146126	-0.0006891566881782307	-0.008012735918785555	-0.025673134875442375	-0.061606584423858565	-0.05370594793700696	0.6569894042013636	-0.07280645216842964	-0.6242825761289161	-0.0008162834906217968	-0.022234986657965996	0.08043191576385447	2.3742142133849003e-05	-0.0070601768962275
0.0002926020558218219	6.83272486844755e-05	8.276385978311619e-06	1.6873715827584449e-07	-9.248898587004014e-05	-0.00022989401047826763	-3.384436634645874e-06	-7.955135677499432e-06	-3.396002892142759e-05	-8.616401804657427e-07	0.8691766621954541	-0.09338768546338996	0.0034134908056312205	0.053078212249226854	0.08097096094267896	0.29704802812870357	0.2757285897151331	-0.05672026823579112	-0.04617633729888486	-0.17053459241695848	-0.00031709085245608653	0.08400628497333927	0.14357092238679642	-8.580760304864235e-06	-0.0077607604387417315
