tloc	tmcCabe	assertionDensity	assertionRoulette	mysteryGuest	eagerTest	sensitiveEquality	resourceOptimism	conditionalTestLogic	fireAndForget	loc	lcom2	lcom5	cbo	wmc	rfc	mpc	halsteadVocabulary	halsteadLength	halsteadVolume	classDataShouldBePrivate	complexClass	spaghettiCode	functionalDecomposition	godClass
0.00012718757948342765	8.512765030155496e-07	1.3526951788645772e-06	4.056368764604641e-05	3.384728577699966e-06	0.00017672582486209052	2.2558729209330783e-06	3.5161599963913497e-07	8.557908573102882e-06	1.1527515282966112e-07	0.12858415454649327	0.5577254730099275	0.00024967702446118374	0.0008680917480025806	0.01733771497289588	0.017355474587503243	0.012668430214886776	0.7246167340200669	0.03690622122131578	0.3757191537983157	0.00027552084056946377	0.01687124202078078	0.061326994838997735	-6.130941232305468e-06	0.001780711623969975
-0.0002682321133546838	-4.44822805258852e-05	4.4692791987635035e-06	-2.8917836404265026e-06	-5.823907165837432e-05	7.263020826434803e-05	-5.460007964067735e-06	-3.2035885791233855e-06	-4.844089765430336e-05	-1.3605734921672874e-06	0.05687477156368215	0.7363462821999486	0.0001125898244225171	-0.001447611245728109	0.011842105917446498	0.001262377291088775	-0.0016102062278568238	-0.25142695346116617	-0.07150870041923946	-0.6210988223707112	9.246840414965265e-06	0.016337852261784417	-0.004521560047380753	1.375579490221168e-05	-0.005716068749777968
-0.0007790135525745847	-6.9246758684978e-05	2.311920838938736e-06	-1.7763432425775132e-05	-0.00010952022056967095	-1.4304739422517016e-05	-1.973449841627694e-06	-6.401941036552493e-06	-4.649720334731956e-05	-1.8689728058523808e-06	-0.07325898466878947	-0.352372798581276	-0.00048392857199559835	-0.007076273355696383	-0.022787845840793675	-0.04282957399173468	-0.035754779525029645	0.6315535700491458	-0.08169603566773494	-0.6722117639423661	-0.0008987197253459678	-0.018037604646694714	0.09472595965352161	2.674189094279426e-05	-0.009030752277222857
0.0018338020010963375	5.0436011322290026e-05	1.1127785098389036e-05	6.085053433095539e-05	9.571342226092566e-05	0.00012096984416124377	2.5335434425251456e-05	8.084791083259032e-07	0.00012318301627963987	4.551883951286387e-06	0.9621696066396347	-0.1469944824664587	0.0017216072386421072	0.016829833537868436	0.05703277042515165	0.1460909524946143	0.12432221381144763	-0.0347121116477194	-0.018903703157738427	-0.06835732863240604	0.0007765146214755876	0.04243008955256795	0.06437763401635213	-7.22640325196289e-05	0.010046514253803918
