tloc	tmcCabe	assertionDensity	assertionRoulette	mysteryGuest	eagerTest	sensitiveEquality	resourceOptimism	conditionalTestLogic	fireAndForget	loc	lcom2	lcom5	cbo	wmc	rfc	mpc	halsteadVocabulary	halsteadLength	halsteadVolume	classDataShouldBePrivate	complexClass	spaghettiCode	functionalDecomposition	godClass
6.925872618084735e-05	5.401727386747131e-06	1.9941758416531046e-07	2.2127374718225097e-05	-8.712680506952837e-07	6.880504189389766e-05	6.6744257913073e-07	-2.084055255351024e-08	2.898106886041705e-09	-4.6153238007787574e-08	0.14043691250028867	0.21498221838040227	0.0006427382602881533	0.005047092737524601	0.017542585785522525	0.057354042761064136	0.05260167907528057	0.7360341263934855	0.05799527868902637	0.6124171298153992	0.00011445019404917932	0.01753542077223876	0.0848359951935791	-4.619325454300923e-06	0.0009895760627131856
1.7252819178710713e-06	-2.3052164978464726e-05	3.6016395860014825e-06	3.406319715378487e-05	-1.700922939190149e-05	0.00021721423662168256	4.342534980490211e-07	-7.068866975697094e-07	-5.6184542038537555e-06	-3.0785609422509326e-07	0.045492404569562196	0.8889972500064327	-0.00037673856258687183	-0.005512105082392692	0.009552271377739641	-0.044957344462196076	-0.047365445129053975	0.10560043589799913	-0.04426370428294277	-0.4357050193848018	0.0002843350918050383	0.010635449693881966	-0.012823783086126203	1.6735598274548e-06	-0.0007921565704389621
-0.0006890936962769782	-5.662658041424314e-05	1.702088255617024e-06	-7.5288108543853005e-06	-9.26524308850017e-05	1.3156504903232453e-05	2.7807342018969845e-07	-5.368880525191445e-06	-3.183768957018294e-05	-1.4805680821806655e-06	-0.09529486436726103	-0.387086708421465	-0.0006891566881782292	-0.008012735918785558	-0.025673134875442448	-0.06160658442385837	-0.053705947937006816	0.6569894042013631	-0.07280645216842928	-0.6242825761289134	-0.0008162834906217933	-0.022234986657966048	0.0804319157638544	2.3742142133849047e-05	-0.00706017689622764
0.00029260205582185537	6.83272486845029e-05	8.276385978293338e-06	1.6873715827742714e-07	-9.248898587003525e-05	-0.00022989401047825717	-3.3844366346451052e-06	-7.955135677499129e-06	-3.396002892142266e-05	-8.616401804656512e-07	0.8691766621954581	-0.09338768546339059	0.0034134908056311954	0.053078212249226694	0.08097096094267876	0.29704802812869835	0.2757285897151291	-0.056720268235790273	-0.0461763372988844	-0.17053459241695892	-0.0003170908524560492	0.08400628497333847	0.14357092238679253	-8.580760304865833e-06	-0.0077607604387414705
