tloc	tmcCabe	assertionDensity	assertionRoulette	mysteryGuest	eagerTest	sensitiveEquality	resourceOptimism	conditionalTestLogic	fireAndForget	loc	lcom2	lcom5	cbo	wmc	rfc	mpc	halsteadVocabulary	halsteadLength	halsteadVolume	classDataShouldBePrivate	complexClass	spaghettiCode	functionalDecomposition	godClass
7.224457732679262e-05	5.952671824108165e-06	2.0457973272668204e-07	2.2884765283157974e-05	-5.585087621701201e-07	6.926986885545751e-05	6.979542721135502e-07	-5.540963868967627e-09	4.003287231475937e-07	-3.9854341217722434e-08	0.1401563435753107	0.2160224887638262	0.0006458630877342666	0.005071488809420835	0.017508551604142778	0.05687284516106396	0.052215690845487	0.7356114042954444	0.05801224468379308	0.6127261258096002	0.00011533936383956473	0.01748665176941597	0.08465894564159614	-4.579209903651685e-06	0.000995197470718236
-1.0791444248390744e-06	-2.357876605091869e-05	3.6013609227244985e-06	3.33249310796528e-05	-1.7319252338374498e-05	0.00021687552856528532	4.0473944936618936e-07	-7.220260341964564e-07	-6.002277857322142e-06	-3.139503655183414e-07	0.045693491941095385	0.888464132657613	-0.0003804867996055314	-0.005543044520410392	0.009577924119517984	-0.04457674526116506	-0.04707391774913922	0.10555918825107602	-0.044362291551657745	-0.43684153914652807	0.0002835751971779699	0.010675267828178158	-0.012725064787284067	1.6473807195920268e-06	-0.0007997091660022122
-0.0006733665035876558	-5.2362233430571386e-05	1.505535305618548e-06	-1.602462501553669e-06	-9.055930020105504e-05	1.5715046331484145e-05	5.154356420987219e-07	-5.2659318934324106e-06	-2.8464673665022773e-05	-1.4254846688837336e-06	-0.1019450757654085	-0.38694353509749313	-0.0006712501842526579	-0.007957875374783081	-0.026558923200060335	-0.06768884153169882	-0.05868054888867314	0.6579430451150156	-0.07260630827971357	-0.6213865080372483	-0.0008160753775443716	-0.02330760074526604	0.07881469328093818	2.412327545714716e-05	-0.007036347997886731
0.0003529796084279115	8.417709282996006e-05	8.062241567898844e-06	1.862497231926018e-05	-8.798462626951126e-05	-0.0002261582917030967	-2.6260518502693063e-06	-7.827630918670684e-06	-2.3288606004602488e-05	-6.907938397142366e-07	0.8747633266906224	-0.09844934487224502	0.003555608755212319	0.05471664841836912	0.08034445507173935	0.28557162644007794	0.26712662202918325	-0.050003723833176215	-0.04769649516528259	-0.1749529000475069	-0.0003244480963019546	0.08288953820570741	0.14286278838080546	-7.477451384844279e-06	-0.00791727684883069
