tloc	tmcCabe	assertionDensity	assertionRoulette	mysteryGuest	eagerTest	sensitiveEquality	resourceOptimism	conditionalTestLogic	fireAndForget	loc	lcom2	lcom5	cbo	wmc	rfc	mpc	halsteadVocabulary	halsteadLength	halsteadVolume	classDataShouldBePrivate	complexClass	spaghettiCode	functionalDecomposition	godClass
6.925872618089629e-05	5.401727386747005e-06	1.9941758416531364e-07	2.212737471822518e-05	-8.712680506953058e-07	6.880504189389789e-05	6.674425791307304e-07	-2.0840552553510303e-08	2.8981068860487167e-09	-4.615323800778807e-08	0.14043691250028875	0.21498221838040338	0.0006427382602881529	0.005047092737524611	0.017542585785522532	0.05735404276106408	0.05260167907528045	0.7360341263934859	0.057995278689026285	0.6124171298153983	0.00011445019404917913	0.01753542077223877	0.0848359951935791	-4.6193254543009146e-06	0.0009895760627131871
1.7252819178962345e-06	-2.3052164978473396e-05	3.6016395860014677e-06	3.406319715378481e-05	-1.700922939190123e-05	0.00021721423662168256	4.34253498049011e-07	-7.06886697569695e-07	-5.6184542038537004e-06	-3.0785609422508945e-07	0.04549240456956227	0.8889972500064321	-0.00037673856258687313	-0.005512105082392689	0.009552271377739617	-0.04495734446219606	-0.04736544512905405	0.10560043589799777	-0.044263704282942615	-0.4357050193848022	0.00028433509180503973	0.010635449693882016	-0.012823783086126856	1.67355982745475e-06	-0.0007921565704389462
-0.0006890936962769433	-5.66265804143674e-05	1.7020882555568687e-06	-7.528810854385592e-06	-9.265243088500142e-05	1.315650490323312e-05	2.7807342018969845e-07	-5.368880525191434e-06	-3.183768957018275e-05	-1.4805680821806557e-06	-0.09529486436726076	-0.38708670842146486	-0.00068915668817823	-0.008012735918785534	-0.02567313487544242	-0.06160658442385856	-0.053705947937006976	0.6569894042013633	-0.07280645216842925	-0.6242825761289144	-0.0008162834906217951	-0.022234986657966027	0.08043191576385401	2.37421421338489e-05	-0.00706017689622749
0.00029260205582175	6.832724868447739e-05	8.27638597831313e-06	1.6873715837261204e-07	-9.248898587004306e-05	-0.00022989401047827118	-3.3844366346461627e-06	-7.955135677499601e-06	-3.396002892143049e-05	-8.61640180465796e-07	0.8691766621954521	-0.09338768546338981	0.0034134908056312244	0.053078212249226715	0.0809709609426789	0.29704802812870534	0.27572858971513564	-0.05672026823579084	-0.04617633729888576	-0.17053459241695915	-0.00031709085245610073	0.08400628497333963	0.14357092238679808	-8.580760304863424e-06	-0.007760760438741951
