tloc	tmcCabe	assertionDensity	assertionRoulette	mysteryGuest	eagerTest	sensitiveEquality	resourceOptimism	conditionalTestLogic	fireAndForget	loc	lcom2	lcom5	cbo	wmc	rfc	mpc	halsteadVocabulary	halsteadLength	halsteadVolume	classDataShouldBePrivate	complexClass	spaghettiCode	functionalDecomposition	godClass
0.0001271875794832475	8.51276503015602e-07	1.3526951788645732e-06	4.056368764604626e-05	3.384728577699981e-06	0.00017672582486209055	2.2558729209330766e-06	3.5161599963913534e-07	8.557908573102883e-06	1.1527515282966067e-07	0.128584154546493	0.5577254730099271	0.00024967702446118353	0.0008680917480025804	0.017337714972895883	0.017355474587503243	0.012668430214886764	0.7246167340200674	0.03690622122131577	0.37571915379831544	0.0002755208405694636	0.016871242020780754	0.06132699483899763	-6.130941232305473e-06	0.0017807116239699728
-0.00026823211335465414	-4.4482280525869446e-05	4.469279198763445e-06	-2.8917836404265018e-06	-5.8239071658374414e-05	7.263020826434823e-05	-5.460007964067739e-06	-3.203588579123387e-06	-4.844089765430327e-05	-1.360573492167288e-06	0.056874771563682085	0.7363462821999491	0.000112589824422517	-0.0014476112457281105	0.011842105917446505	0.0012623772910887862	-0.0016102062278568006	-0.2514269534611656	-0.07150870041923936	-0.6210988223707118	9.246840414964885e-06	0.016337852261784407	-0.004521560047380693	1.3755794902211696e-05	-0.005716068749777972
-0.0007790135525743804	-6.924675868479296e-05	2.3119208390681287e-06	-1.776343242577608e-05	-0.00010952022056967187	-1.4304739422518947e-05	-1.973449841627982e-06	-6.401941036552497e-06	-4.6497203347320894e-05	-1.8689728058524298e-06	-0.07325898466879986	-0.352372798581275	-0.0004839285719956182	-0.007076273355696549	-0.02278784584079428	-0.04282957399173615	-0.035754779525030936	0.6315535700491458	-0.08169603566773459	-0.6722117639423653	-0.0008987197253459773	-0.018037604646695158	0.09472595965352097	2.6741890942795028e-05	-0.009030752277222965
0.0018338020010963615	5.0436011322292485e-05	1.1127785098386722e-05	6.085053433093492e-05	9.571342226092243e-05	0.00012096984416123943	2.5335434425250978e-05	8.084791083255981e-07	0.00012318301627963778	4.55188395128644e-06	0.962169606639632	-0.14699448246646224	0.0017216072386420935	0.016829833537868516	0.05703277042515202	0.14609095249461843	0.1243222138114513	-0.0347121116477126	-0.018903703157739534	-0.06835732863241327	0.0007765146214755457	0.04243008955256852	0.06437763401635539	-7.226403251962852e-05	0.01004651425380421
