tloc	tmcCabe	assertionDensity	assertionRoulette	mysteryGuest	eagerTest	sensitiveEquality	resourceOptimism	conditionalTestLogic	fireAndForget	loc	lcom2	lcom5	cbo	wmc	rfc	mpc	halsteadVocabulary	halsteadLength	halsteadVolume	classDataShouldBePrivate	complexClass	spaghettiCode	functionalDecomposition	godClass
7.035384385363983e-05	5.4086300275680575e-06	2.2576102754590177e-07	2.2716162789740168e-05	-9.351003779009656e-07	6.819116671747806e-05	6.587759835859176e-07	-2.4775368953463828e-08	5.0823322880520476e-08	-4.7080417360328874e-08	0.14044537323010498	0.21458695359710728	0.000643387526639575	0.005049092806669708	0.01752630769911615	0.05741227247948635	0.05266618677409167	0.7361190039005994	0.05798315457352122	0.6124279486086566	0.0001144585707686221	0.01752065724994623	0.08494326070081369	-4.5584237408116985e-06	0.0009903961774290317
