tloc	tmcCabe	assertionDensity	assertionRoulette	mysteryGuest	eagerTest	sensitiveEquality	resourceOptimism	conditionalTestLogic	fireAndForget	loc	lcom2	lcom5	cbo	wmc	rfc	mpc	halsteadVocabulary	halsteadLength	halsteadVolume	classDataShouldBePrivate	complexClass	spaghettiCode	functionalDecomposition	godClass
6.974083973111973e-05	5.609841943367056e-06	1.6450527756958254e-07	2.2194610092586766e-05	-1.2984450357535475e-06	6.824396220288026e-05	6.432795226074878e-07	-3.803647747369789e-08	1.1462078313206544e-08	-4.934931094986144e-08	0.14054662177299176	0.215265935879249	0.0006431764925809644	0.005058209467772826	0.017552442620752586	0.057412819690627274	0.05265753437349585	0.7361590131350177	0.05793805243007319	0.6121228239054527	0.00011546294448707419	0.01755302112064932	0.08493361078539517	-4.671304870162461e-06	0.000988174371212689
7.973029005932763e-07	-2.313029189819287e-05	3.6075321804406727e-06	3.402306709997742e-05	-1.6949728305113568e-05	0.00021743742626206166	4.3956317710115864e-07	-7.057293145826763e-07	-5.692699409910181e-06	-3.106477217758137e-07	0.04521164698020035	0.8889885631939775	-0.0003777180317828657	-0.005531500175965277	0.009521249760506658	-0.045095400873993184	-0.04749274867384808	0.10524312868428533	-0.04423508642225955	-0.4358099910149873	0.0002835383924872447	0.010610310705065781	-0.012967073520263907	1.6817768515359515e-06	-0.0007937902050524799
