tloc	tmcCabe	assertionDensity	assertionRoulette	mysteryGuest	eagerTest	sensitiveEquality	resourceOptimism	conditionalTestLogic	fireAndForget	loc	lcom2	lcom5	cbo	wmc	rfc	mpc	halsteadVocabulary	halsteadLength	halsteadVolume	classDataShouldBePrivate	complexClass	spaghettiCode	functionalDecomposition	godClass
6.951920911475421e-05	5.470066621061389e-06	2.0696231876210467e-07	2.221084993966282e-05	-8.517384391943518e-07	6.88005041843151e-05	6.698603617093022e-07	-2.1782160243229184e-08	1.2980379338615645e-07	-4.6622900284500124e-08	0.14043635778085262	0.21497615360994343	0.0006427188634866415	0.005048303458021282	0.017542836457036644	0.057354264246447885	0.05260186965713652	0.7360324893698859	0.05799631530379555	0.6124211948136571	0.00011444979141947253	0.01753506809413771	0.08483611372927122	-4.61755263490888e-06	0.0009894628695734028
