tloc	tmcCabe	assertionDensity	assertionRoulette	mysteryGuest	eagerTest	sensitiveEquality	resourceOptimism	conditionalTestLogic	fireAndForget	loc	lcom2	lcom5	cbo	wmc	rfc	mpc	halsteadVocabulary	halsteadLength	halsteadVolume	classDataShouldBePrivate	complexClass	spaghettiCode	functionalDecomposition	godClass
6.867773925197468e-05	5.350892023672833e-06	1.7928045209631987e-07	2.1981766452678734e-05	-9.999463270763723e-07	6.876621407238658e-05	6.580413395403625e-07	-2.8178173675397478e-08	1.0843813016186443e-07	-4.983219153681434e-08	0.1404659070785188	0.2151268538865184	0.0006430127378080735	0.005049007887108278	0.01754536596459493	0.0573767031152968	0.0526231512072377	0.7361386003257168	0.057965784749344	0.6122241834277858	0.00011437039669172154	0.017547084748499052	0.08489589941408299	-4.651895785908599e-06	0.0009894053210932438
