tloc	tmcCabe	assertionDensity	assertionRoulette	mysteryGuest	eagerTest	sensitiveEquality	resourceOptimism	conditionalTestLogic	fireAndForget	loc	lcom2	lcom5	cbo	wmc	rfc	mpc	halsteadVocabulary	halsteadLength	halsteadVolume	classDataShouldBePrivate	complexClass	spaghettiCode	functionalDecomposition	godClass
6.915860879722001e-05	5.315114143386901e-06	1.9478046555194006e-07	2.2078756819583654e-05	-9.459639873133455e-07	6.916199034175364e-05	7.332914302977751e-07	-2.445532415307561e-08	-6.894644623862815e-08	-4.795431565450637e-08	0.14070225542304163	0.2152385506497699	0.0006426991222981485	0.005047848983664942	0.017555340145808514	0.057371642990652005	0.0526138078079015	0.7360134603109805	0.057976129318223504	0.6122881436998281	0.00011439015298610745	0.017543770018721663	0.08484596504330712	-4.6319698557058346e-06	0.0009892151933109077
2.3973522807793442e-06	-2.2624073295941347e-05	3.643382122290737e-06	3.4469922439146624e-05	-1.6659762864026707e-05	0.0002153863761644108	1.431659180896946e-07	-6.898062982258591e-07	-5.250514317410595e-06	-2.9926971073962336e-07	0.04393999242597661	0.8888170559573213	-0.0003812507075872844	-0.005532258317552132	0.009472072581008427	-0.045204064363436144	-0.04757545667037903	0.1059301804407618	-0.04427210153581771	-0.4361032388707236	0.00028518539265295754	0.010568251249448901	-0.012903978327181322	1.7447273609475859e-06	-0.0007923397920612138
-0.0006954817428761148	-5.7915115829191545e-05	1.544855615316597e-06	-9.232523980664478e-06	-9.400489364346816e-05	1.618921824527607e-05	8.069789512829142e-07	-5.441539741952511e-06	-3.29392425753104e-05	-1.5104288521456586e-06	-0.09064281638451245	-0.3882028627217844	-0.0006672317273585083	-0.007928210780346577	-0.0254404775507695	-0.06082074006585026	-0.053021113752694915	0.6566830238792902	-0.07292917909821521	-0.6246887147542822	-0.0008213804244602222	-0.02204247023848607	0.0808515206681029	2.35829469130552e-05	-0.007087724891949907
