tloc	tmcCabe	assertionDensity	assertionRoulette	mysteryGuest	eagerTest	sensitiveEquality	resourceOptimism	conditionalTestLogic	fireAndForget	loc	lcom2	lcom5	cbo	wmc	rfc	mpc	halsteadVocabulary	halsteadLength	halsteadVolume	classDataShouldBePrivate	complexClass	spaghettiCode	functionalDecomposition	godClass
8.440994772034788e-05	1.2448319008195312e-05	-7.682206833820642e-07	1.0337184960101884e-05	3.094377613579279e-06	9.032362756030632e-06	-1.0268725151603867e-07	1.7260132387082338e-07	2.5857199516755652e-06	3.672109785004593e-08	0.13827532057390735	0.025763416938169508	0.0007472949210277085	0.006595296824865374	0.016202876754518366	0.07025973462460959	0.06572969591494633	0.6792481272994113	0.06735163928229838	0.7050433357925598	5.575559807573041e-05	0.016025582016252628	0.08598789432205552	-5.268486072660104e-06	0.0012861797244805805
0.00039673454266952654	1.7637579660898468e-05	-2.033889003563425e-06	1.5138942463141313e-05	1.8990591859970402e-06	0.00018478813404684488	1.438303176056416e-06	7.360358920685938e-07	1.468394978722441e-05	1.6731762190973913e-07	0.13930109503241472	0.9881590129352466	-3.4403790824817316e-05	0.002267097785436884	0.024943284928542767	0.019280829155180992	0.010551100915990316	-0.03072487722866132	-0.003277965247155037	-0.03637080978319467	0.0005991653064831451	0.025314972516387223	-0.010036940031743515	-8.675541973845695e-06	0.002616728820761007
