tloc	tmcCabe	assertionDensity	assertionRoulette	mysteryGuest	eagerTest	sensitiveEquality	resourceOptimism	conditionalTestLogic	fireAndForget	loc	lcom2	lcom5	cbo	wmc	rfc	mpc	halsteadVocabulary	halsteadLength	halsteadVolume	classDataShouldBePrivate	complexClass	spaghettiCode	functionalDecomposition	godClass
6.930919013685191e-05	5.390892028854318e-06	1.879775773149335e-07	2.1997955342764078e-05	-7.536434775896748e-07	6.879377994544752e-05	6.758565707275885e-07	-1.7930489165036815e-08	-2.0244882245267786e-08	-4.768507615866825e-08	0.14045624391541148	0.2150370736604686	0.0006427745644774536	0.005047658706632254	0.017544069163669355	0.0573694803975382	0.05261702033020194	0.7360866957031449	0.05797840558376543	0.6123250385362099	0.00011438642017192786	0.017539848622286327	0.08486392508975231	-4.563944581280525e-06	0.0009893717441082943
