tloc	tmcCabe	assertionDensity	assertionRoulette	mysteryGuest	eagerTest	sensitiveEquality	resourceOptimism	conditionalTestLogic	fireAndForget	loc	lcom2	lcom5	cbo	wmc	rfc	mpc	halsteadVocabulary	halsteadLength	halsteadVolume	classDataShouldBePrivate	complexClass	spaghettiCode	functionalDecomposition	godClass
6.106443628597902e-05	4.27715035719435e-06	6.340466988958808e-07	2.220697479920865e-05	-2.2197865003096867e-06	6.780140133938827e-05	5.832816335505559e-07	-2.4180405148085354e-09	-5.617718455867399e-07	-6.962717501639029e-08	0.14065686790581602	0.2161348480109879	0.0006460903845808916	0.005046723188146673	0.017554247118020914	0.05756344687149564	0.0528097747667792	0.7372304691032133	0.057666936258941044	0.6104211761406264	0.00011286235841762684	0.0176383749573516	0.0854668015581503	-4.4659037076261775e-06	0.000975390434593539
2.399178465631762e-06	-2.2817298910179833e-05	3.6801675968712942e-06	3.375152977943964e-05	-1.718053481627814e-05	0.00021806425721794873	4.487255776194347e-07	-6.485624802709429e-07	-5.441594137588814e-06	-2.728970703481885e-07	0.044705447617759506	0.8892820160306607	-0.00038679704654454787	-0.005546745207674813	0.009447431883484379	-0.045626855781196574	-0.048001886253653585	0.10309439924928343	-0.0440736762667304	-0.4356626521011562	0.00028348415750743925	0.010449920865512155	-0.013780478186135694	1.4314218200921148e-06	-0.0007968831234577544
