tloc	tmcCabe	assertionDensity	assertionRoulette	mysteryGuest	eagerTest	sensitiveEquality	resourceOptimism	conditionalTestLogic	fireAndForget	loc	lcom2	lcom5	cbo	wmc	rfc	mpc	halsteadVocabulary	halsteadLength	halsteadVolume	classDataShouldBePrivate	complexClass	spaghettiCode	functionalDecomposition	godClass
6.861631547940227e-05	5.3519020837042405e-06	1.956758724798199e-07	2.1962774333523344e-05	-1.0607097710083846e-06	6.890266527633365e-05	6.562780995951822e-07	-2.931185025647251e-08	-2.1064819325800775e-07	-3.7525978684522345e-08	0.14047303308302286	0.21519434661444747	0.0006431892301933682	0.005046270195086133	0.01755001943766188	0.05738505495959069	0.05263011524901791	0.7361172550577433	0.05796003808298469	0.6122204045861959	0.00011474314608292162	0.01755014800733077	0.08491791380422349	-4.5259776355378725e-06	0.0009894167047692773
1.543088953348319e-06	-2.3019216984695217e-05	3.5819512793690126e-06	3.3718740909534305e-05	-1.7010457963973176e-05	0.00021571450658219288	4.344136156377012e-07	-7.303135151776268e-07	-5.307123442623091e-06	-3.084938110036052e-07	0.045409142646931765	0.8888008879895507	-0.0003774742513442836	-0.005518876906264943	0.009518810976703429	-0.04508027309451519	-0.04746804354511031	0.10563306854909067	-0.04428372111125554	-0.43607875919949984	0.0002838574068399282	0.010597205005094472	-0.012930553262763742	1.6487779681489242e-06	-0.0007939881850546188
