tloc	tmcCabe	assertionDensity	assertionRoulette	mysteryGuest	eagerTest	sensitiveEquality	resourceOptimism	conditionalTestLogic	fireAndForget	loc	lcom2	lcom5	cbo	wmc	rfc	mpc	halsteadVocabulary	halsteadLength	halsteadVolume	classDataShouldBePrivate	complexClass	spaghettiCode	functionalDecomposition	godClass
6.80337924134583e-05	5.694440635650217e-06	2.223930745037087e-07	2.2237818516056404e-05	-1.0803791824175472e-06	6.827086280286178e-05	6.05002419179301e-07	-2.982965321189345e-08	-7.982948058947024e-07	-5.051300937192922e-08	0.1406302020626336	0.2164832056430458	0.0006439099164041608	0.005080751939901962	0.017591041656781853	0.05774405665483072	0.05297563795486493	0.7348677733655913	0.058024884738428546	0.6131534308454476	0.0001153852253010558	0.017591834029758325	0.08495025998693989	-4.164508738665797e-06	0.0009982263882934955
