tloc	tmcCabe	assertionDensity	assertionRoulette	mysteryGuest	eagerTest	sensitiveEquality	resourceOptimism	conditionalTestLogic	fireAndForget	loc	lcom2	lcom5	cbo	wmc	rfc	mpc	halsteadVocabulary	halsteadLength	halsteadVolume	classDataShouldBePrivate	complexClass	spaghettiCode	functionalDecomposition	godClass
6.305241705904576e-05	4.499233901722254e-06	3.379518324267619e-07	2.2861823854467608e-05	-2.4504059979898862e-06	7.157238940437802e-05	4.841055129791432e-07	-2.7479119022543185e-07	-1.445386375013965e-06	-4.89221422959057e-08	0.1396675108523112	0.2215418533587031	0.0006799637891248884	0.005229486193046951	0.018132821200292443	0.06027720587271417	0.0553730442025964	0.7338290372639484	0.0575510859108649	0.6122478781278476	7.423487351410281e-05	0.01821170718102789	0.08578586773656231	-4.419431605464334e-06	0.0007243716525669068
-8.22342448281254e-06	-2.3946223836313634e-05	3.920349373954685e-06	3.4873559123493574e-05	-1.762127032359964e-05	0.00023179263286274952	1.0689318298397622e-06	-5.193699764700846e-07	-4.368364175969424e-06	-3.162334780727858e-07	0.030673204445820817	0.8754363872686934	-0.0004729945826628004	-0.00667954279270837	0.007831407908299334	-0.056199447928010064	-0.057914698113154	0.12462370546022437	-0.04550584100297025	-0.4561683960579907	0.0004091322408786716	0.008692707821376187	-0.016849521547441633	1.6874451466919683e-06	-0.000690829251329325
