tloc	tmcCabe	assertionDensity	assertionRoulette	mysteryGuest	eagerTest	sensitiveEquality	resourceOptimism	conditionalTestLogic	fireAndForget	loc	lcom2	lcom5	cbo	wmc	rfc	mpc	halsteadVocabulary	halsteadLength	halsteadVolume	classDataShouldBePrivate	complexClass	spaghettiCode	functionalDecomposition	godClass
7.224457732680124e-05	5.9526718241080925e-06	2.0457973272668609e-07	2.2884765283158048e-05	-5.585087621700482e-07	6.926986885545793e-05	6.979542721135653e-07	-5.540963868961881e-09	4.003287231476426e-07	-3.9854341217721514e-08	0.1401563435753103	0.21602248876382735	0.0006458630877342653	0.0050714888094208115	0.017508551604142795	0.05687284516106365	0.0522156908454868	0.7356114042954448	0.058012244683793054	0.6127261258096	0.00011533936383956583	0.01748665176941599	0.08465894564159612	-4.579209903651703e-06	0.000995197470718237
