tloc	tmcCabe	assertionDensity	assertionRoulette	mysteryGuest	eagerTest	sensitiveEquality	resourceOptimism	conditionalTestLogic	fireAndForget	loc	lcom2	lcom5	cbo	wmc	rfc	mpc	halsteadVocabulary	halsteadLength	halsteadVolume	classDataShouldBePrivate	complexClass	spaghettiCode	functionalDecomposition	godClass
6.812763185077879e-05	5.225503085513388e-06	2.48826422023996e-07	2.194507770110526e-05	-1.1744825416269833e-06	6.897937710719648e-05	6.50791665494706e-07	-4.138970214706304e-08	-1.3524387713344733e-07	-4.682808114608659e-08	0.14041454389546948	0.21507664626581333	0.0006431975907700845	0.005045549482388778	0.01754134702452818	0.057377834931020576	0.05262667900038549	0.7361830599830634	0.05795718900030395	0.61219916375848	0.00011418324627005945	0.017544020881736205	0.08490756789496424	-4.5774580382197325e-06	0.000989084679757628
2.127178142167458e-06	-2.3086762058540124e-05	3.6013318210085485e-06	3.4136924210694296e-05	-1.6937321163100052e-05	0.000216838477407536	4.379457945634934e-07	-6.882176479353375e-07	-5.6227274985081435e-06	-3.015230451670299e-07	0.045427200296366	0.8889897891985405	-0.00037773233792684713	-0.005515148888559529	0.009539354108144722	-0.04501238545479195	-0.04741653479634707	0.1054156994324138	-0.044254335964119845	-0.4357598605725602	0.00028443277135731525	0.010624280531679693	-0.012896184497722027	1.6407433159790923e-06	-0.0007961388027326492
