tloc	tmcCabe	assertionDensity	assertionRoulette	mysteryGuest	eagerTest	sensitiveEquality	resourceOptimism	conditionalTestLogic	fireAndForget	loc	lcom2	lcom5	cbo	wmc	rfc	mpc	halsteadVocabulary	halsteadLength	halsteadVolume	classDataShouldBePrivate	complexClass	spaghettiCode	functionalDecomposition	godClass
6.524452008713064e-05	5.068849304149705e-06	1.1681464198972671e-07	2.1863554379164113e-05	-4.7420483731510935e-07	6.772213618721663e-05	6.307888951955736e-07	-9.789232309728804e-08	-3.7936712732998174e-07	-7.268221512014277e-08	0.14094318779327086	0.2162473882805739	0.0006456504719649544	0.005068669576316703	0.017601755243462715	0.05770048616949514	0.052938472414652056	0.7375020322810115	0.05758084703575162	0.609946763712066	0.00011716066869692815	0.017671481486379193	0.08562469130049519	-4.4187672888226976e-06	0.0007606631563881702
1.917397169436088e-05	-2.2671481332167402e-05	3.6989480782030406e-06	3.7106770606860495e-05	-7.892542664547553e-06	0.00022022487290678604	4.079935303451649e-07	-4.964817586263949e-07	-3.72070577542199e-06	-2.645583523481278e-07	0.04123620176184524	0.884996121293415	-0.00040443736810008855	-0.005918291082163807	0.008805993274692883	-0.048987573624574995	-0.051107844936433396	0.11049949144657177	-0.04452591443689326	-0.44211388235642796	0.00022206960147042097	0.009808098809925109	-0.014240158735591774	1.4934516440922822e-06	-0.0006714111987881334
