tloc	tmcCabe	assertionDensity	assertionRoulette	mysteryGuest	eagerTest	sensitiveEquality	resourceOptimism	conditionalTestLogic	fireAndForget	loc	lcom2	lcom5	cbo	wmc	rfc	mpc	halsteadVocabulary	halsteadLength	halsteadVolume	classDataShouldBePrivate	complexClass	spaghettiCode	functionalDecomposition	godClass
6.895158356540746e-05	5.382261519966281e-06	2.0877070928851156e-07	2.182392462624844e-05	-6.554039654989729e-07	6.793977028801312e-05	6.518429872034343e-07	-1.1400374918178818e-08	2.0481726649241615e-08	-3.75220586030737e-08	0.14054349004014893	0.2151328492514365	0.0006429572927367963	0.005057683235102672	0.017505270121735986	0.05743052183097983	0.0526890187280337	0.736263261901583	0.05793004001533101	0.6120385857977748	0.00011503216057178127	0.017491061337005048	0.08497588431599576	-4.599738500128277e-06	0.0009934147527316947
2.114075186728247e-06	-2.291945880911546e-05	3.5771450638235207e-06	3.415115032423134e-05	-1.7188623079060456e-05	0.00021756451386547343	4.5210346169297093e-07	-7.167293514886222e-07	-5.571436446503894e-06	-3.1367956041885216e-07	0.0453624676071508	0.8889629899844891	-0.00037676272216629074	-0.0055250581701213695	0.009557301393127039	-0.045065038327430744	-0.04747260401650359	0.10533106891543875	-0.04425575668555993	-0.43582771373086715	0.0002840073681760736	0.010640649952217253	-0.012943895670248859	1.6513761334526446e-06	-0.0007955479424324092
