tloc	tmcCabe	assertionDensity	assertionRoulette	mysteryGuest	eagerTest	sensitiveEquality	resourceOptimism	conditionalTestLogic	fireAndForget	loc	lcom2	lcom5	cbo	wmc	rfc	mpc	halsteadVocabulary	halsteadLength	halsteadVolume	classDataShouldBePrivate	complexClass	spaghettiCode	functionalDecomposition	godClass
6.824646796356658e-05	5.509299444309147e-06	2.1484373946409628e-07	2.2228917530927014e-05	-9.022601230132372e-07	6.870387429628134e-05	6.665690536348227e-07	-9.178830515047674e-09	4.634301238144521e-08	-7.811778735776711e-08	0.14052264581062493	0.2154863837579132	0.0006443960115056317	0.005049074734940729	0.017548158610433504	0.057437007658727106	0.052683437779309165	0.7365005280986462	0.057871670977360394	0.6116303688791718	0.00011451084344442558	0.01754957907936742	0.08501975926230586	-4.592775250108737e-06	0.000605918226469199
2.047088165883941e-06	-2.294798232689984e-05	3.6133614975771746e-06	3.448950661274321e-05	-1.6935875660456285e-05	0.00021824605543048053	4.2519045521959564e-07	-7.053731579127428e-07	-5.30154383277205e-06	-2.3454021281424304e-07	0.04532441971866034	0.8886616944297798	-0.00038026079138264366	-0.0055328551112966045	0.009527695387205373	-0.04525774630319631	-0.04764078457871269	0.10525920854384366	-0.044286026514859335	-0.436419731906273	0.00028448809910695436	0.010596867260905793	-0.013079236030740583	1.6444573657819945e-06	-0.0004708066905484257
