tloc	tmcCabe	assertionDensity	assertionRoulette	mysteryGuest	eagerTest	sensitiveEquality	resourceOptimism	conditionalTestLogic	fireAndForget	loc	lcom2	lcom5	cbo	wmc	rfc	mpc	halsteadVocabulary	halsteadLength	halsteadVolume	classDataShouldBePrivate	complexClass	spaghettiCode	functionalDecomposition	godClass
6.730124034249051e-05	4.735093514791237e-06	3.6511868639103845e-07	2.2087135983800372e-05	-1.4004344363626099e-06	6.876883977725569e-05	6.520201981841866e-07	-4.2205981655134415e-08	-6.302784301300621e-07	-5.889547150537681e-08	0.1403375414660345	0.21513994660336277	0.0006434150600422483	0.005041497555055074	0.017537261833878274	0.05737632412148729	0.05262522810599257	0.7362859396607554	0.057931835098322795	0.6120681350505325	0.00011395760745089822	0.01754680812610305	0.08494682353145569	-4.518444542791035e-06	0.0009868679946354682
3.6944327057209624e-06	-2.2642557022359408e-05	3.520590536637495e-06	3.406108190735767e-05	-1.674413780138987e-05	0.00021726709325615323	4.497292340716981e-07	-6.950133589382412e-07	-5.266460934372875e-06	-3.011903790854546e-07	0.04551246705563857	0.8889546774378213	-0.00037758531222564264	-0.0055127162926011134	0.009539839069135565	-0.04500552566394225	-0.04740531146425706	0.10531761968918615	-0.04426002868788457	-0.4358471658161306	0.00028468375834682754	0.010630559829223696	-0.012908375963482129	1.6277744576230932e-06	-0.0007914724365083476
