tloc	tmcCabe	assertionDensity	assertionRoulette	mysteryGuest	eagerTest	sensitiveEquality	resourceOptimism	conditionalTestLogic	fireAndForget	loc	lcom2	lcom5	cbo	wmc	rfc	mpc	halsteadVocabulary	halsteadLength	halsteadVolume	classDataShouldBePrivate	complexClass	spaghettiCode	functionalDecomposition	godClass
6.941149390993718e-05	5.436239281778247e-06	2.0663299006825898e-07	2.213062524331e-05	-8.337055359797086e-07	6.883309152697775e-05	6.635645886472248e-07	-1.9244776590307497e-08	4.344330404032139e-08	-4.5360085676087346e-08	0.1404523326203898	0.2149957656073203	0.0006425751342316124	0.0050474425726472795	0.01754314846895357	0.05735484520299568	0.05260224104626038	0.7360374606237212	0.0579937796386152	0.6124041961771319	0.00011455027529464402	0.017535187917966117	0.08484061587123062	-4.610637240331011e-06	0.0009898554365738049
