tloc	tmcCabe	assertionDensity	assertionRoulette	mysteryGuest	eagerTest	sensitiveEquality	resourceOptimism	conditionalTestLogic	fireAndForget	loc	lcom2	lcom5	cbo	wmc	rfc	mpc	halsteadVocabulary	halsteadLength	halsteadVolume	classDataShouldBePrivate	complexClass	spaghettiCode	functionalDecomposition	godClass
6.925872618074914e-05	5.401727386746952e-06	1.9941758416530445e-07	2.2127374718225033e-05	-8.712680506953106e-07	6.880504189389738e-05	6.674425791307233e-07	-2.0840552553510647e-08	2.8981068860190262e-09	-4.615323800778849e-08	0.14043691250028822	0.21498221838040155	0.0006427382602881541	0.005047092737524599	0.017542585785522497	0.057354042761064185	0.05260167907528047	0.7360341263934854	0.05799527868902641	0.6124171298153998	0.00011445019404917867	0.017535420772238748	0.08483599519357927	-4.619325454300899e-06	0.0009895760627131852
