tloc	tmcCabe	assertionDensity	assertionRoulette	mysteryGuest	eagerTest	sensitiveEquality	resourceOptimism	conditionalTestLogic	fireAndForget	loc	lcom2	lcom5	cbo	wmc	rfc	mpc	halsteadVocabulary	halsteadLength	halsteadVolume	classDataShouldBePrivate	complexClass	spaghettiCode	functionalDecomposition	godClass
0.00012718757948318901	8.512765030155405e-07	1.3526951788645801e-06	4.056368764604629e-05	3.3847285776998997e-06	0.00017672582486209025	2.25587292093307e-06	3.516159996391297e-07	8.557908573102833e-06	1.1527515282966014e-07	0.128584154546493	0.5577254730099277	0.0002496770244611835	0.0008680917480025777	0.017337714972895883	0.01735547458750324	0.012668430214886782	0.7246167340200673	0.03690622122131564	0.3757191537983143	0.00027552084056946296	0.016871242020780757	0.06132699483899771	-6.130941232305452e-06	0.0017807116239699644
