tloc	tmcCabe	assertionDensity	assertionRoulette	mysteryGuest	eagerTest	sensitiveEquality	resourceOptimism	conditionalTestLogic	fireAndForget	loc	lcom2	lcom5	cbo	wmc	rfc	mpc	halsteadVocabulary	halsteadLength	halsteadVolume	classDataShouldBePrivate	complexClass	spaghettiCode	functionalDecomposition	godClass
6.878862731294506e-05	5.491889088078309e-06	1.9888029740889966e-07	2.20433806172003e-05	-1.0313496000392842e-06	6.86264864457466e-05	6.796503242332893e-07	-2.7628466812414774e-08	5.598973528150894e-08	-4.885891868165204e-08	0.14040527650233414	0.21501998241029305	0.000642977108181361	0.005044016548222666	0.017538540261409344	0.05736065341444099	0.052609845516808966	0.736124281142362	0.057972682776396826	0.6122978662317394	0.00011429729374456029	0.017540127038814864	0.08487724213404937	-4.560148230270929e-06	0.000988742611973948
