tloc	tmcCabe	assertionDensity	assertionRoulette	mysteryGuest	eagerTest	sensitiveEquality	resourceOptimism	conditionalTestLogic	fireAndForget	loc	lcom2	lcom5	cbo	wmc	rfc	mpc	halsteadVocabulary	halsteadLength	halsteadVolume	classDataShouldBePrivate	complexClass	spaghettiCode	functionalDecomposition	godClass
6.925872618083566e-05	5.4017273867470165e-06	1.9941758416531433e-07	2.2127374718225125e-05	-8.712680506953335e-07	6.880504189389795e-05	6.674425791307311e-07	-2.084055255351211e-08	2.898106886021216e-09	-4.6153238007788514e-08	0.14043691250028875	0.2149822183804034	0.0006427382602881541	0.0050470927375246095	0.01754258578552255	0.057354042761064136	0.052601679075280454	0.736034126393486	0.05799527868902642	0.6124171298153985	0.00011445019404917956	0.01753542077223881	0.08483599519357919	-4.619325454300911e-06	0.0009895760627131882
1.725281917808716e-06	-2.3052164978512512e-05	3.6016395860014546e-06	3.406319715378503e-05	-1.70092293919002e-05	0.00021721423662168253	4.342534980490185e-07	-7.068866975696365e-07	-5.618454203853277e-06	-3.0785609422507256e-07	0.045492404569562994	0.8889972500064376	-0.00037673856258686544	-0.0055121050823925995	0.009552271377739922	-0.04495734446219533	-0.047365445129053774	0.10560043589798992	-0.044263704282941886	-0.43570501938479483	0.0002843350918050484	0.010635449693882167	-0.01282378308612754	1.6735598274545012e-06	-0.000792156570438868
-0.0006890936962770665	-5.662658041424336e-05	1.7020882554255219e-06	-7.52881085438522e-06	-9.26524308850021e-05	1.3156504903235809e-05	2.78073420189706e-07	-5.368880525191465e-06	-3.183768957018318e-05	-1.4805680821806678e-06	-0.0952948643672606	-0.3870867084214539	-0.0006891566881782339	-0.00801273591878567	-0.025673134875442344	-0.061606584423858954	-0.053705947937007455	0.6569894042013645	-0.07280645216842985	-0.6242825761289192	-0.0008162834906217938	-0.022234986657965933	0.08043191576385406	2.3742142133849053e-05	-0.007060176896227549
0.0002926020558218396	6.832724868446481e-05	8.276385978341406e-06	1.6873715828970472e-07	-9.248898587003748e-05	-0.00022989401047826004	-3.3844366346453543e-06	-7.955135677499252e-06	-3.396002892142465e-05	-8.616401804656917e-07	0.869176662195456	-0.09338768546339009	0.003413490805631199	0.05307821224922667	0.08097096094267864	0.2970480281286997	0.27572858971513015	-0.056720268235790315	-0.0461763372988848	-0.17053459241695906	-0.00031709085245606625	0.0840062849733386	0.14357092238679428	-8.580760304865137e-06	-0.00776076043874156
