tloc	tmcCabe	assertionDensity	assertionRoulette	mysteryGuest	eagerTest	sensitiveEquality	resourceOptimism	conditionalTestLogic	fireAndForget	loc	lcom2	lcom5	cbo	wmc	rfc	mpc	halsteadVocabulary	halsteadLength	halsteadVolume	classDataShouldBePrivate	complexClass	spaghettiCode	functionalDecomposition	godClass
6.925872618077395e-05	5.401727386746978e-06	1.99417584165312e-07	2.212737471822513e-05	-8.712680506952891e-07	6.880504189389786e-05	6.674425791307292e-07	-2.08405525535087e-08	2.8981068860634893e-09	-4.6153238007787475e-08	0.1404369125002886	0.21498221838040285	0.0006427382602881541	0.005047092737524596	0.017542585785522518	0.05735404276106411	0.052601679075280475	0.7360341263934851	0.05799527868902627	0.612417129815399	0.00011445019404917926	0.017535420772238765	0.0848359951935791	-4.619325454300916e-06	0.0009895760627131912
1.7252819179171982e-06	-2.305216497855285e-05	3.601639586001456e-06	3.406319715378495e-05	-1.700922939190039e-05	0.00021721423662168267	4.3425349804900964e-07	-7.06886697569644e-07	-5.61845420385337e-06	-3.078560942250759e-07	0.045492404569563424	0.8889972500064374	-0.0003767385625868658	-0.005512105082392611	0.009552271377739948	-0.04495734446219542	-0.0473654451290537	0.10560043589799148	-0.044263704282941914	-0.43570501938479544	0.0002843350918050487	0.01063544969388224	-0.01282378308612729	1.6735598274545236e-06	-0.0007921565704388879
-0.000689093696276929	-5.662658041435053e-05	1.7020882555238092e-06	-7.528810854386494e-06	-9.265243088500235e-05	1.3156504903234462e-05	2.780734201896215e-07	-5.36888052519149e-06	-3.183768957018348e-05	-1.4805680821806714e-06	-0.09529486436726038	-0.38708670842145526	-0.0006891566881782321	-0.008012735918785608	-0.0256731348754423	-0.06160658442385845	-0.053705947937006955	0.656989404201365	-0.07280645216842992	-0.6242825761289185	-0.0008162834906217985	-0.02223498665796584	0.08043191576385478	2.374214213384914e-05	-0.0070601768962275
0.0002926020558217408	6.832724868445652e-05	8.276385978316057e-06	1.6873715839116614e-07	-9.248898587004349e-05	-0.0002298940104782735	-3.3844366346463178e-06	-7.955135677499638e-06	-3.39600289214311e-05	-8.61640180465813e-07	0.8691766621954519	-0.09338768546338955	0.0034134908056312314	0.05307821224922675	0.0809709609426791	0.2970480281287062	0.2757285897151368	-0.056720268235791044	-0.04617633729888537	-0.1705345924169591	-0.0003170908524561009	0.08400628497333966	0.14357092238679936	-8.580760304863104e-06	-0.007760760438742008
