tloc	tmcCabe	assertionDensity	assertionRoulette	mysteryGuest	eagerTest	sensitiveEquality	resourceOptimism	conditionalTestLogic	fireAndForget	loc	lcom2	lcom5	cbo	wmc	rfc	mpc	halsteadVocabulary	halsteadLength	halsteadVolume	classDataShouldBePrivate	complexClass	spaghettiCode	functionalDecomposition	godClass
7.03538438535733e-05	5.4086300275681e-06	2.2576102754591038e-07	2.2716162789740286e-05	-9.351003779009121e-07	6.81911667174784e-05	6.587759835859261e-07	-2.4775368953459818e-08	5.082332288058366e-08	-4.708041736032766e-08	0.14044537323010522	0.21458695359710867	0.0006433875266395745	0.005049092806669719	0.01752630769911618	0.0574122724794863	0.05266618677409162	0.7361190039005995	0.05798315457352107	0.612427948608656	0.00011445857076862309	0.017520657249946264	0.08494326070081362	-4.558423740811727e-06	0.0009903961774290323
