tloc	tmcCabe	assertionDensity	assertionRoulette	mysteryGuest	eagerTest	sensitiveEquality	resourceOptimism	conditionalTestLogic	fireAndForget	loc	lcom2	lcom5	cbo	wmc	rfc	mpc	halsteadVocabulary	halsteadLength	halsteadVolume	classDataShouldBePrivate	complexClass	spaghettiCode	functionalDecomposition	godClass
6.925657594313145e-05	5.466715082211422e-06	2.068184569230536e-07	2.2141550067341415e-05	-8.72323937977127e-07	6.880789082665587e-05	6.686209414183168e-07	-2.0956069339248307e-08	1.1672546339843878e-08	-4.502190882188915e-08	0.1404363708488515	0.21501570803480285	0.0006427559090284171	0.00504748435337437	0.017543754398581447	0.057354252169944414	0.05260147165365313	0.7360443547557016	0.05799031081153219	0.6123919382162833	0.00011446558439514616	0.017537909286088116	0.0848477294401894	-4.6036944756177e-06	0.0009896917977272337
7.387960034600718e-07	-2.306195262553077e-05	3.584761327011419e-06	3.3911154376553195e-05	-1.70642652642751e-05	0.00021698482380169492	4.2930135236173166e-07	-7.09611692157116e-07	-5.664959364734907e-06	-3.0978241712596496e-07	0.04548474711130024	0.888980581203672	-0.00037685730431163283	-0.00551374474997433	0.009548010864343799	-0.04496288081553268	-0.04736944264208631	0.10558477577111833	-0.04426342305026156	-0.4357420346769111	0.0002842542594099225	0.01062980412424816	-0.01285160614341665	1.6611125649495645e-06	-0.0007928815967975013
