tloc	tmcCabe	assertionDensity	assertionRoulette	mysteryGuest	eagerTest	sensitiveEquality	resourceOptimism	conditionalTestLogic	fireAndForget	loc	lcom2	lcom5	cbo	wmc	rfc	mpc	halsteadVocabulary	halsteadLength	halsteadVolume	classDataShouldBePrivate	complexClass	spaghettiCode	functionalDecomposition	godClass
6.951920911454263e-05	5.470066621061395e-06	2.0696231876211174e-07	2.2210849939662873e-05	-8.517384391943518e-07	6.88005041843153e-05	6.698603617093081e-07	-2.1782160243228714e-08	1.298037933861837e-07	-4.6622900284500064e-08	0.14043635778085276	0.2149761536099445	0.0006427188634866419	0.005048303458021284	0.01754283645703667	0.05735426424644788	0.05260186965713653	0.7360324893698859	0.057996315303795565	0.6124211948136573	0.000114449791419473	0.017535068094137757	0.08483611372927119	-4.617552634908894e-06	0.0009894628695733872
