tloc	tmcCabe	assertionDensity	assertionRoulette	mysteryGuest	eagerTest	sensitiveEquality	resourceOptimism	conditionalTestLogic	fireAndForget	loc	lcom2	lcom5	cbo	wmc	rfc	mpc	halsteadVocabulary	halsteadLength	halsteadVolume	classDataShouldBePrivate	complexClass	spaghettiCode	functionalDecomposition	godClass
6.867773925189965e-05	5.350892023672813e-06	1.7928045209632596e-07	2.19817664526789e-05	-9.999463270763502e-07	6.876621407238718e-05	6.580413395403727e-07	-2.8178173675394103e-08	1.0843813016190949e-07	-4.983219153681385e-08	0.14046590707851922	0.21512685388652006	0.0006430127378080727	0.005049007887108262	0.017545365964594953	0.057376703115296676	0.05262315120723762	0.736138600325717	0.057965784749343954	0.6122241834277856	0.00011437039669172223	0.017547084748499062	0.08489589941408293	-4.651895785908616e-06	0.0009894053210932447
