tloc	tmcCabe	assertionDensity	assertionRoulette	mysteryGuest	eagerTest	sensitiveEquality	resourceOptimism	conditionalTestLogic	fireAndForget	loc	lcom2	lcom5	cbo	wmc	rfc	mpc	halsteadVocabulary	halsteadLength	halsteadVolume	classDataShouldBePrivate	complexClass	spaghettiCode	functionalDecomposition	godClass
6.915860879736193e-05	5.3151141433871156e-06	1.9478046555193315e-07	2.207875681958359e-05	-9.459639873132624e-07	6.916199034175279e-05	7.332914302977749e-07	-2.4455324153073607e-08	-6.894644623854605e-08	-4.795431565450445e-08	0.14070225542304204	0.21523855064976674	0.0006426991222981526	0.005047848983664994	0.017555340145808524	0.05737164299065232	0.05261380780790189	0.7360134603109799	0.057976129318223685	0.6122881436998305	0.0001143901529861067	0.017543770018721695	0.0848459650433073	-4.631969855705872e-06	0.0009892151933109173
2.3973522809179802e-06	-2.262407329581021e-05	3.6433821222907177e-06	3.446992243914659e-05	-1.6659762864026565e-05	0.00021538637616441085	1.4316591808968307e-07	-6.898062982258503e-07	-5.250514317410621e-06	-2.9926971073962315e-07	0.04393999242597658	0.8888170559573233	-0.0003812507075872829	-0.005532258317552127	0.009472072581008507	-0.04520406436343581	-0.04757545667037885	0.10593018044076437	-0.04427210153581734	-0.43610323887072105	0.00028518539265296	0.01056825124944891	-0.01290397832718108	1.7447273609475755e-06	-0.0007923397920612167
-0.000695481742875978	-5.791511582923461e-05	1.544855615249994e-06	-9.232523980664585e-06	-9.400489364346864e-05	1.618921824527581e-05	8.069789512828736e-07	-5.441539741952541e-06	-3.2939242575310923e-05	-1.5104288521456679e-06	-0.09064281638451244	-0.38820286272178356	-0.0006672317273585056	-0.007928210780346551	-0.025440477550769447	-0.06082074006584991	-0.05302111375269457	0.6566830238792909	-0.0729291790982152	-0.6246887147542822	-0.0008213804244602234	-0.02204247023848599	0.08085152066810317	2.3582946913055215e-05	-0.007087724891950076
