tloc	tmcCabe	assertionDensity	assertionRoulette	mysteryGuest	eagerTest	sensitiveEquality	resourceOptimism	conditionalTestLogic	fireAndForget	loc	lcom2	lcom5	cbo	wmc	rfc	mpc	halsteadVocabulary	halsteadLength	halsteadVolume	classDataShouldBePrivate	complexClass	spaghettiCode	functionalDecomposition	godClass
8.440994772054458e-05	1.2448319008195357e-05	-7.682206833820721e-07	1.0337184960101925e-05	3.0943776135792553e-06	9.032362756031425e-06	-1.0268725151603244e-07	1.72601323870826e-07	2.585719951675611e-06	3.672109785004607e-08	0.13827532057390798	0.025763416938174025	0.0007472949210277079	0.006595296824865375	0.01620287675451845	0.07025973462460962	0.06572969591494637	0.6792481272994112	0.0673516392822984	0.7050433357925596	5.57555980757331e-05	0.016025582016252742	0.08598789432205532	-5.268486072660125e-06	0.0012861797244805814
0.00039673454266952774	1.7637579660999035e-05	-2.0338890035634185e-06	1.5138942463141332e-05	1.8990591859970425e-06	0.00018478813404684512	1.4383031760564202e-06	7.360358920685936e-07	1.4683949787224467e-05	1.6731762190974236e-07	0.13930109503241409	0.9881590129352468	-3.440379082482164e-05	0.0022670977854368484	0.024943284928542697	0.019280829155180586	0.010551100915989849	-0.03072487722866419	-0.0032779652471553217	-0.03637080978319808	0.0005991653064831428	0.025314972516387042	-0.010036940031743996	-8.67554197384574e-06	0.0026167288207610026
