tloc	tmcCabe	assertionDensity	assertionRoulette	mysteryGuest	eagerTest	sensitiveEquality	resourceOptimism	conditionalTestLogic	fireAndForget	loc	lcom2	lcom5	cbo	wmc	rfc	mpc	halsteadVocabulary	halsteadLength	halsteadVolume	classDataShouldBePrivate	complexClass	spaghettiCode	functionalDecomposition	godClass
6.930919013669875e-05	5.390892028854263e-06	1.8797757731495355e-07	2.199795534276422e-05	-7.536434775897627e-07	6.879377994544848e-05	6.758565707275981e-07	-1.793048916504167e-08	-2.024488224526051e-08	-4.768507615866962e-08	0.14045624391541206	0.21503707366047187	0.0006427745644774534	0.005047658706632249	0.017544069163669424	0.05736948039753811	0.05261702033020181	0.7360866957031453	0.05797840558376531	0.6123250385362078	0.00011438642017192895	0.017539848622286396	0.08486392508975246	-4.563944581280527e-06	0.00098937174410829
