tloc	tmcCabe	assertionDensity	assertionRoulette	mysteryGuest	eagerTest	sensitiveEquality	resourceOptimism	conditionalTestLogic	fireAndForget	loc	lcom2	lcom5	cbo	wmc	rfc	mpc	halsteadVocabulary	halsteadLength	halsteadVolume	classDataShouldBePrivate	complexClass	spaghettiCode	functionalDecomposition	godClass
6.86163154793761e-05	5.351902083704189e-06	1.9567587247983085e-07	2.1962774333523446e-05	-1.060709771008388e-06	6.89026652763345e-05	6.562780995951898e-07	-2.9311850256471432e-08	-2.106481932579722e-07	-3.752597868452197e-08	0.14047303308302278	0.2151943466144502	0.000643189230193366	0.005046270195086108	0.017550019437661886	0.05738505495959045	0.0526301152490176	0.7361172550577436	0.0579600380829845	0.6122204045861944	0.00011474314608292265	0.01755014800733078	0.08491791380422337	-4.525977635537876e-06	0.000989416704769279
1.5430889533457654e-06	-2.3019216984784203e-05	3.5819512793690134e-06	3.371874090953426e-05	-1.7010457963973447e-05	0.0002157145065821925	4.3441361563771175e-07	-7.303135151776379e-07	-5.30712344262309e-06	-3.0849381100360983e-07	0.04540914264693045	0.888800887989548	-0.000377474251344291	-0.005518876906265022	0.009518810976703138	-0.04508027309451598	-0.047468043545110916	0.10563306854909203	-0.04428372111125616	-0.4360787591995052	0.0002838574068399246	0.010597205005094212	-0.01293055326276404	1.6487779681490182e-06	-0.0007939881850546445
