tloc	tmcCabe	assertionDensity	assertionRoulette	mysteryGuest	eagerTest	sensitiveEquality	resourceOptimism	conditionalTestLogic	fireAndForget	loc	lcom2	lcom5	cbo	wmc	rfc	mpc	halsteadVocabulary	halsteadLength	halsteadVolume	classDataShouldBePrivate	complexClass	spaghettiCode	functionalDecomposition	godClass
6.322140099806693e-05	4.9410833547447245e-06	1.3810582614096625e-07	2.209582919725484e-05	-1.316147049162821e-06	6.823127294481474e-05	6.556455653115101e-07	-2.3541787206364584e-08	-1.0004272401936666e-06	-5.601387989135027e-08	0.1407399931892989	0.2138991923459994	0.0006442075006213117	0.005075834263172528	0.017518370274395356	0.05775660790445968	0.05301599215694667	0.7377219090435695	0.057655252376069784	0.6105354740878293	0.00011518820948752937	0.01758267110322978	0.08566424073933648	-4.510569885023374e-06	0.0009762199255437802
-5.42845291721596e-06	-2.3090894904010746e-05	3.755001833267173e-06	3.706432956220923e-05	-1.6255414415902395e-05	0.00022418208853557732	4.0571752507026946e-07	-6.265101414924936e-07	-3.3360521757468916e-06	-2.920171908335961e-07	0.04483074563477924	0.887989727810298	-0.0003793751371135421	-0.005612943720835124	0.009243241107219887	-0.04696693367141729	-0.049246599029968474	0.1074640676768771	-0.044211784574337824	-0.4369317873833023	0.0002889933473258236	0.010234858526078769	-0.014077055876775019	1.579970267655141e-06	-0.0007708488577231731
