tloc	tmcCabe	assertionDensity	assertionRoulette	mysteryGuest	eagerTest	sensitiveEquality	resourceOptimism	conditionalTestLogic	fireAndForget	loc	lcom2	lcom5	cbo	wmc	rfc	mpc	halsteadVocabulary	halsteadLength	halsteadVolume	classDataShouldBePrivate	complexClass	spaghettiCode	functionalDecomposition	godClass
6.645200258664737e-05	5.245378017649864e-06	1.852431769898683e-07	2.1843741984199292e-05	-1.1989546837530395e-06	6.87852145427932e-05	6.420913656732262e-07	-3.595731955023048e-08	-2.547965670130759e-07	-5.689583280963305e-08	0.14040685039599965	0.21517132759828467	0.0006433922255735075	0.005047681567158883	0.01754069320463762	0.05740533124319786	0.0526552507650707	0.736280079282295	0.05792685727144884	0.612038240407955	0.00011302060348242073	0.017555776906131252	0.08498124848039022	-4.4633223280617764e-06	0.000987768114063592
