tloc	tmcCabe	assertionDensity	assertionRoulette	mysteryGuest	eagerTest	sensitiveEquality	resourceOptimism	conditionalTestLogic	fireAndForget	loc	lcom2	lcom5	cbo	wmc	rfc	mpc	halsteadVocabulary	halsteadLength	halsteadVolume	classDataShouldBePrivate	complexClass	spaghettiCode	functionalDecomposition	godClass
6.943297850798557e-05	5.446617893060062e-06	2.0418866056987536e-07	2.2148999552511275e-05	-8.265892654285453e-07	6.877669141828047e-05	6.690072700836167e-07	-1.8785726949058313e-08	3.700036349189544e-08	-4.49506308046252e-08	0.14042685173537087	0.21486931267966103	0.0006427746648110645	0.005047689692198231	0.017540020161430463	0.05735142415352022	0.052599720194173964	0.7360279834893538	0.058002829353349925	0.612467367990382	0.00011430385134346157	0.0175307476031107	0.08482858720910598	-4.616654482550055e-06	0.0009897986671951844
-9.302417525055494e-06	-2.4512543734522537e-05	3.827266671750701e-06	3.560721244310381e-05	-1.673840311005481e-05	0.0002090129434088435	3.8627617735242875e-07	-7.792564504935579e-07	-5.533654447019063e-06	-2.854144625141734e-07	0.04114569600023422	0.8844421677664617	-0.0003880925119169353	-0.005743074152904963	0.008738036155769189	-0.04700140847842872	-0.04914822000958832	0.11416077542171574	-0.04489093806571618	-0.4427502825832636	0.00023204128930607768	0.00977288639594754	-0.012765440027285496	1.968867109115234e-06	-0.0008121454931627632
-0.0006814045390404225	-5.3838013044769226e-05	9.965773968949412e-07	-1.3474285660802242e-05	-9.779033960086757e-05	3.646822743687284e-05	4.107777383719158e-07	-5.392851741241686e-06	-3.371465250182148e-05	-1.621540210929698e-06	-0.08163561800032929	-0.3995838022003775	-0.0006594201558177618	-0.007274764736179495	-0.023807537059874314	-0.055440041017122674	-0.04813897519793038	0.6544176590372677	-0.0733604355209391	-0.6216326266417369	-0.0006839563366141307	-0.02005484936223421	0.08443565376027422	2.3683723864384964e-05	-0.007309108569029053
