tloc	tmcCabe	assertionDensity	assertionRoulette	mysteryGuest	eagerTest	sensitiveEquality	resourceOptimism	conditionalTestLogic	fireAndForget	loc	lcom2	lcom5	cbo	wmc	rfc	mpc	halsteadVocabulary	halsteadLength	halsteadVolume	classDataShouldBePrivate	complexClass	spaghettiCode	functionalDecomposition	godClass
6.809794261992554e-05	5.185882587737812e-06	1.9453017609879852e-07	2.2320048062856466e-05	-1.0889215600445268e-06	6.89191899907194e-05	6.677022032696939e-07	-3.5635949647903657e-08	-2.721343149485692e-07	-4.412088718216756e-08	0.14041217047550306	0.21510083727386275	0.0006429615655417533	0.005041323633865688	0.017542800985951266	0.05738119421619426	0.0526286503062183	0.7362232622085283	0.05794885751589525	0.6121401587686389	0.00011416657345287228	0.01755322074884083	0.08492761955469855	-4.551570641104237e-06	0.00096058390840058
