tloc	tmcCabe	assertionDensity	assertionRoulette	mysteryGuest	eagerTest	sensitiveEquality	resourceOptimism	conditionalTestLogic	fireAndForget	loc	lcom2	lcom5	cbo	wmc	rfc	mpc	halsteadVocabulary	halsteadLength	halsteadVolume	classDataShouldBePrivate	complexClass	spaghettiCode	functionalDecomposition	godClass
5.3720339500125353e-05	3.924224725905329e-06	1.8547722660611604e-07	2.234052070769326e-05	-1.7413817384996177e-06	6.859635168133056e-05	6.375385566840624e-07	-4.850835181978532e-08	-1.5137728584492752e-06	-9.424180142541922e-08	0.14180595981165084	0.21228909976599125	0.0006600475483116972	0.005127519341865094	0.01766029846006343	0.058330608970311275	0.053567861088151404	0.7420754751396805	0.05708973436667501	0.6054305823254914	0.00011642416152916503	0.01769371805765659	0.08612930202125582	-4.61120424591069e-06	0.001017023753349793
