tloc	tmcCabe	assertionDensity	assertionRoulette	mysteryGuest	eagerTest	sensitiveEquality	resourceOptimism	conditionalTestLogic	fireAndForget	loc	lcom2	lcom5	cbo	wmc	rfc	mpc	halsteadVocabulary	halsteadLength	halsteadVolume	classDataShouldBePrivate	complexClass	spaghettiCode	functionalDecomposition	godClass
6.68738824675896e-05	5.155753835496866e-06	1.9017856424856442e-07	2.1809566786906248e-05	-1.154042572036165e-06	6.842771369379604e-05	6.902444855961789e-07	-4.7166663032940876e-08	-3.728443024629526e-07	-5.3138305598221403e-08	0.1405124718375779	0.21342963371985757	0.0006441851979348132	0.005056469538974938	0.017515752286759844	0.05743970953032798	0.05270474036517659	0.73674263682061	0.05791655202120987	0.6120536906123332	0.00011445127889854848	0.017512069113907663	0.08504531213445826	-4.38670513242014e-06	0.0009908714104941577
3.3673541047268323e-06	-2.279882015015572e-05	3.570245878631448e-06	3.431086303029389e-05	-1.7231590266435022e-05	0.0002187947219995298	4.388940537008741e-07	-7.560228532114569e-07	-6.170317403445881e-06	-3.020436648288903e-07	0.04620279668670864	0.8876871237904868	-0.0003737369943963932	-0.005501500452818314	0.009556567783239045	-0.044943149324308915	-0.04732159644913989	0.10886282795400397	-0.04449624967554509	-0.4374883740707161	0.00028646530901080253	0.010614282340939104	-0.012465488579321804	1.5895310023565579e-06	-0.000790644262767558
