tloc	tmcCabe	assertionDensity	assertionRoulette	mysteryGuest	eagerTest	sensitiveEquality	resourceOptimism	conditionalTestLogic	fireAndForget	loc	lcom2	lcom5	cbo	wmc	rfc	mpc	halsteadVocabulary	halsteadLength	halsteadVolume	classDataShouldBePrivate	complexClass	spaghettiCode	functionalDecomposition	godClass
6.812763185066499e-05	5.225503085513376e-06	2.4882642202400574e-07	2.1945077701105374e-05	-1.1744825416269338e-06	6.897937710719702e-05	6.507916654947187e-07	-4.138970214705924e-08	-1.3524387713335564e-07	-4.682808114608593e-08	0.14041454389546967	0.2150766462658153	0.0006431975907700826	0.005045549482388766	0.017541347024528173	0.057377834931020354	0.05262667900038527	0.736183059983064	0.05795718900030389	0.612199163758479	0.00011418324627006055	0.01754402088173621	0.08490756789496419	-4.577458038219749e-06	0.0009890846797576257
2.1271781422258896e-06	-2.308676205860992e-05	3.6013318210085485e-06	3.4136924210694425e-05	-1.6937321163099855e-05	0.00021683847740753607	4.3794579456350885e-07	-6.882176479353254e-07	-5.622727498508031e-06	-3.0152304516702447e-07	0.045427200296366196	0.8889897891985404	-0.00037773233792684805	-0.005515148888559525	0.009539354108144755	-0.04501238545479204	-0.047416534796347214	0.10541569943241176	-0.0442543359641198	-0.4357598605725615	0.0002844327713573175	0.010624280531679657	-0.01289618449772242	1.6407433159790205e-06	-0.0007961388027326382
