tloc	tmcCabe	assertionDensity	assertionRoulette	mysteryGuest	eagerTest	sensitiveEquality	resourceOptimism	conditionalTestLogic	fireAndForget	loc	lcom2	lcom5	cbo	wmc	rfc	mpc	halsteadVocabulary	halsteadLength	halsteadVolume	classDataShouldBePrivate	complexClass	spaghettiCode	functionalDecomposition	godClass
6.524452008714689e-05	5.0688493041498035e-06	1.1681464198971562e-07	2.1863554379163927e-05	-4.742048373151043e-07	6.772213618721548e-05	6.307888951955718e-07	-9.789232309728962e-08	-3.793671273299832e-07	-7.268221512014264e-08	0.14094318779327092	0.2162473882805699	0.0006456504719649576	0.005068669576316746	0.017601755243462715	0.05770048616949542	0.05293847241465234	0.7375020322810114	0.05758084703575175	0.609946763712068	0.00011716066869692693	0.017671481486379186	0.08562469130049533	-4.418767288822699e-06	0.000760663156388178
1.9173971694469002e-05	-2.2671481332237136e-05	3.698948078203035e-06	3.7106770606860583e-05	-7.892542664547387e-06	0.00022022487290678658	4.079935303451732e-07	-4.964817586263834e-07	-3.7207057754219652e-06	-2.64558352348124e-07	0.04123620176184604	0.8849961212934162	-0.00040443736810008595	-0.00591829108216379	0.008805993274692975	-0.048987573624574635	-0.05110784493643318	0.11049949144657349	-0.04452591443689289	-0.44211388235642357	0.00022206960147042252	0.009808098809925128	-0.014240158735591632	1.4934516440922104e-06	-0.0006714111987881149
