tloc	tmcCabe	assertionDensity	assertionRoulette	mysteryGuest	eagerTest	sensitiveEquality	resourceOptimism	conditionalTestLogic	fireAndForget	loc	lcom2	lcom5	cbo	wmc	rfc	mpc	halsteadVocabulary	halsteadLength	halsteadVolume	classDataShouldBePrivate	complexClass	spaghettiCode	functionalDecomposition	godClass
6.895158356546021e-05	5.3822615199663545e-06	2.0877070928850335e-07	2.1823924626248384e-05	-6.554039654989166e-07	6.793977028801271e-05	6.518429872034276e-07	-1.1400374918176126e-08	2.0481726649249748e-08	-3.7522058603073114e-08	0.14054349004014868	0.21513284925143505	0.0006429572927367965	0.0050576832351026885	0.01750527012173596	0.057430521830979825	0.052689018728033735	0.7362632619015829	0.05793004001533103	0.6120385857977756	0.00011503216057178106	0.017491061337005034	0.08497588431599559	-4.599738500128283e-06	0.000993414752731702
2.1140751866988045e-06	-2.2919458809168316e-05	3.5771450638235084e-06	3.41511503242314e-05	-1.7188623079059883e-05	0.00021756451386547286	4.521034616929775e-07	-7.167293514885905e-07	-5.5714364465036416e-06	-3.1367956041884327e-07	0.04536246760715146	0.8889629899844917	-0.0003767627221662848	-0.0055250581701213036	0.00955730139312722	-0.04506503832743022	-0.04747260401650309	0.1053310689154365	-0.044255756685559366	-0.43582771373086293	0.0002840073681760773	0.010640649952217352	-0.012943895670249115	1.6513761334525006e-06	-0.0007955479424323638
