tloc	tmcCabe	assertionDensity	assertionRoulette	mysteryGuest	eagerTest	sensitiveEquality	resourceOptimism	conditionalTestLogic	fireAndForget	loc	lcom2	lcom5	cbo	wmc	rfc	mpc	halsteadVocabulary	halsteadLength	halsteadVolume	classDataShouldBePrivate	complexClass	spaghettiCode	functionalDecomposition	godClass
6.730124034246507e-05	4.735093514791269e-06	3.6511868639102876e-07	2.208713598380022e-05	-1.4004344363626349e-06	6.876883977725512e-05	6.520201981841739e-07	-4.220598165513586e-08	-6.302784301300957e-07	-5.889547150537742e-08	0.14033754146603436	0.2151399466033611	0.0006434150600422493	0.005041497555055095	0.017537261833878253	0.05737632412148746	0.052625228105992655	0.7362859396607553	0.05793183509832275	0.6120681350505327	0.00011395760745089727	0.017546808126103042	0.08494682353145565	-4.518444542791022e-06	0.000986867994635448
3.6944327057135373e-06	-2.2642557022251147e-05	3.5205905366374984e-06	3.4061081907357624e-05	-1.674413780139036e-05	0.00021726709325615358	4.4972923407170263e-07	-6.950133589382716e-07	-5.266460934373085e-06	-3.011903790854624e-07	0.04551246705563889	0.888954677437819	-0.00037758531222564556	-0.005512716292601158	0.009539839069135435	-0.04500552566394247	-0.047405311464257124	0.10531761968919089	-0.04426002868788472	-0.4358471658161329	0.00028468375834682385	0.010630559829223672	-0.012908375963481608	1.62777445762321e-06	-0.0007914724365083697
