tloc	tmcCabe	assertionDensity	assertionRoulette	mysteryGuest	eagerTest	sensitiveEquality	resourceOptimism	conditionalTestLogic	fireAndForget	loc	lcom2	lcom5	cbo	wmc	rfc	mpc	halsteadVocabulary	halsteadLength	halsteadVolume	classDataShouldBePrivate	complexClass	spaghettiCode	functionalDecomposition	godClass
6.941149390993616e-05	5.436239281778168e-06	2.0663299006828744e-07	2.213062524331029e-05	-8.33705535979754e-07	6.883309152697935e-05	6.635645886472375e-07	-1.924477659030937e-08	4.3443304040379415e-08	-4.5360085676087293e-08	0.1404523326203903	0.21499576560732636	0.0006425751342316094	0.005047442572647257	0.01754314846895364	0.05735484520299532	0.052602241046260045	0.7360374606237228	0.05799377963861489	0.6124041961771283	0.00011455027529464599	0.017535187917966197	0.08484061587123042	-4.6106372403310365e-06	0.0009898554365737964
