tloc	tmcCabe	assertionDensity	assertionRoulette	mysteryGuest	eagerTest	sensitiveEquality	resourceOptimism	conditionalTestLogic	fireAndForget	loc	lcom2	lcom5	cbo	wmc	rfc	mpc	halsteadVocabulary	halsteadLength	halsteadVolume	classDataShouldBePrivate	complexClass	spaghettiCode	functionalDecomposition	godClass
6.925872618091474e-05	5.401727386747273e-06	1.994175841652661e-07	2.2127374718224684e-05	-8.712680506950968e-07	6.880504189389505e-05	6.674425791307256e-07	-2.08405525535025e-08	2.8981068861250902e-09	-4.6153238007784464e-08	0.1404369125002882	0.21498221838039105	0.0006427382602881593	0.005047092737524685	0.017542585785522414	0.05735404276106476	0.052601679075281106	0.7360341263934848	0.057995278689026916	0.6124171298154045	0.00011445019404917554	0.017535420772238658	0.0848359951935795	-4.6193254543009315e-06	0.0009895760627132038
