tloc	tmcCabe	assertionDensity	assertionRoulette	mysteryGuest	eagerTest	sensitiveEquality	resourceOptimism	conditionalTestLogic	fireAndForget	loc	lcom2	lcom5	cbo	wmc	rfc	mpc	halsteadVocabulary	halsteadLength	halsteadVolume	classDataShouldBePrivate	complexClass	spaghettiCode	functionalDecomposition	godClass
0.00012718757948334443	8.512765030155798e-07	1.3526951788645795e-06	4.0563687646046324e-05	3.3847285776999607e-06	0.0001767258248620904	2.2558729209330774e-06	3.516159996391341e-07	8.557908573102867e-06	1.1527515282966094e-07	0.1285841545464929	0.557725473009928	0.0002496770244611838	0.000868091748002582	0.017337714972895907	0.01735547458750325	0.01266843021488679	0.7246167340200673	0.0369062212213157	0.37571915379831505	0.00027552084056946377	0.01687124202078077	0.06132699483899775	-6.130941232305466e-06	0.0017807116239699676
