tloc	tmcCabe	assertionDensity	assertionRoulette	mysteryGuest	eagerTest	sensitiveEquality	resourceOptimism	conditionalTestLogic	fireAndForget	loc	lcom2	lcom5	cbo	wmc	rfc	mpc	halsteadVocabulary	halsteadLength	halsteadVolume	classDataShouldBePrivate	complexClass	spaghettiCode	functionalDecomposition	godClass
6.675984486497337e-05	5.360821179849978e-06	1.466254977301963e-07	2.159065124069285e-05	-9.017156435506005e-07	6.855513369800228e-05	6.496457374110752e-07	4.425575576978657e-08	-2.773232310496298e-07	-4.579831487471667e-08	0.14036013018615062	0.21497402251480133	0.0006431458575843748	0.00504409269495487	0.017534613033900817	0.057354479047995635	0.052605332366304436	0.7360994502955938	0.057986520691216896	0.6123533820293392	0.00011410624029133678	0.017538888738808902	0.08488176185626944	-4.607830166413475e-06	0.000988168619950022
