tloc	tmcCabe	assertionDensity	assertionRoulette	mysteryGuest	eagerTest	sensitiveEquality	resourceOptimism	conditionalTestLogic	fireAndForget	loc	lcom2	lcom5	cbo	wmc	rfc	mpc	halsteadVocabulary	halsteadLength	halsteadVolume	classDataShouldBePrivate	complexClass	spaghettiCode	functionalDecomposition	godClass
6.95192091146626e-05	5.470066621061391e-06	2.069623187621066e-07	2.2210849939662798e-05	-8.517384391943965e-07	6.880050418431503e-05	6.698603617092994e-07	-2.1782160243232122e-08	1.2980379338612172e-07	-4.662290028450062e-08	0.1404363577808528	0.21497615360994346	0.0006427188634866419	0.005048303458021287	0.017542836457036665	0.05735426424644804	0.0526018696571366	0.7360324893698859	0.057996315303795565	0.612421194813657	0.00011444979141947206	0.017535068094137747	0.08483611372927131	-4.617552634908876e-06	0.0009894628695733963
