tloc	tmcCabe	assertionDensity	assertionRoulette	mysteryGuest	eagerTest	sensitiveEquality	resourceOptimism	conditionalTestLogic	fireAndForget	loc	lcom2	lcom5	cbo	wmc	rfc	mpc	halsteadVocabulary	halsteadLength	halsteadVolume	classDataShouldBePrivate	complexClass	spaghettiCode	functionalDecomposition	godClass
6.974083973110104e-05	5.609841943367101e-06	1.645052775695839e-07	2.219461009258683e-05	-1.2984450357534933e-06	6.824396220288027e-05	6.432795226074958e-07	-3.803647747369451e-08	1.1462078313254772e-08	-4.934931094986003e-08	0.14054662177299185	0.21526593587924925	0.0006431764925809652	0.00505820946777283	0.017552442620752604	0.0574128196906273	0.052657534373495886	0.7361590131350174	0.05793805243007326	0.6121228239054531	0.00011546294448707449	0.017553021120649326	0.08493361078539521	-4.671304870162485e-06	0.0009881743712126891
7.973029004512097e-07	-2.313029189802447e-05	3.6075321804406605e-06	3.4023067099977426e-05	-1.6949728305113168e-05	0.00021743742626206223	4.395631771011622e-07	-7.05729314582653e-07	-5.6926994099100586e-06	-3.1064772177580874e-07	0.04521164698020053	0.8889885631939787	-0.0003777180317828625	-0.005531500175965251	0.009521249760506749	-0.04509540087399302	-0.047492748673847854	0.10524312868428294	-0.044235086422259214	-0.4358099910149851	0.000283538392487248	0.010610310705065866	-0.012967073520264182	1.6817768515358584e-06	-0.0007937902050524516
