tloc	tmcCabe	assertionDensity	assertionRoulette	mysteryGuest	eagerTest	sensitiveEquality	resourceOptimism	conditionalTestLogic	fireAndForget	loc	lcom2	lcom5	cbo	wmc	rfc	mpc	halsteadVocabulary	halsteadLength	halsteadVolume	classDataShouldBePrivate	complexClass	spaghettiCode	functionalDecomposition	godClass
6.867773925176192e-05	5.350892023672882e-06	1.7928045209632075e-07	2.19817664526788e-05	-9.99946327076324e-07	6.876621407238669e-05	6.580413395403738e-07	-2.817817367539419e-08	1.0843813016192484e-07	-4.983219153681314e-08	0.1404659070785193	0.21512685388651767	0.0006430127378080745	0.005049007887108283	0.01754536596459494	0.057376703115296836	0.05262315120723772	0.7361386003257162	0.057965784749344045	0.6122241834277871	0.0001143703966917215	0.01754708474849903	0.08489589941408307	-4.651895785908623e-06	0.000989405321093249
