tloc	tmcCabe	assertionDensity	assertionRoulette	mysteryGuest	eagerTest	sensitiveEquality	resourceOptimism	conditionalTestLogic	fireAndForget	loc	lcom2	lcom5	cbo	wmc	rfc	mpc	halsteadVocabulary	halsteadLength	halsteadVolume	classDataShouldBePrivate	complexClass	spaghettiCode	functionalDecomposition	godClass
6.915860879748418e-05	5.315114143386907e-06	1.9478046555193566e-07	2.207875681958356e-05	-9.459639873133745e-07	6.916199034175307e-05	7.332914302977671e-07	-2.4455324153078518e-08	-6.894644623865653e-08	-4.7954315654507035e-08	0.14070225542304193	0.21523855064976863	0.0006426991222981508	0.005047848983664968	0.017555340145808538	0.05737164299065219	0.05261380780790182	0.7360134603109807	0.057976129318223525	0.6122881436998293	0.00011439015298610688	0.017543770018721677	0.08484596504330728	-4.631969855705822e-06	0.0009892151933109147
2.397352280880387e-06	-2.262407329569249e-05	3.6433821222907177e-06	3.44699224391467e-05	-1.665976286402614e-05	0.0002153863761644107	1.431659180896762e-07	-6.898062982258248e-07	-5.250514317410483e-06	-2.992697107396153e-07	0.04393999242597737	0.8888170559573252	-0.00038125070758728046	-0.005532258317552092	0.009472072581008663	-0.0452040643634356	-0.047575456670378616	0.10593018044075801	-0.04427210153581717	-0.43610323887071795	0.0002851853926529638	0.010568251249449045	-0.012903978327181749	1.7447273609474571e-06	-0.0007923397920611703
-0.000695481742876052	-5.791511582913617e-05	1.5448556152580165e-06	-9.232523980664626e-06	-9.400489364346888e-05	1.6189218245276096e-05	8.069789512828313e-07	-5.44153974195256e-06	-3.2939242575311025e-05	-1.5104288521456744e-06	-0.09064281638450909	-0.3882028627217777	-0.0006672317273584972	-0.007928210780346428	-0.025440477550769103	-0.06082074006584921	-0.05302111375269401	0.6566830238792907	-0.07292917909821568	-0.624688714754286	-0.000821380424460221	-0.02204247023848564	0.08085152066810364	2.358294691305524e-05	-0.007087724891950049
