tloc	tmcCabe	assertionDensity	assertionRoulette	mysteryGuest	eagerTest	sensitiveEquality	resourceOptimism	conditionalTestLogic	fireAndForget	loc	lcom2	lcom5	cbo	wmc	rfc	mpc	halsteadVocabulary	halsteadLength	halsteadVolume	classDataShouldBePrivate	complexClass	spaghettiCode	functionalDecomposition	godClass
8.440994772039451e-05	1.244831900819545e-05	-7.682206833820767e-07	1.0337184960102023e-05	3.094377613579225e-06	9.032362756032103e-06	-1.0268725151602828e-07	1.726013238708251e-07	2.5857199516756055e-06	3.672109785004654e-08	0.13827532057390907	0.02576341693817758	0.0007472949210277102	0.006595296824865417	0.016202876754518588	0.07025973462460984	0.06572969591494655	0.6792481272994113	0.06735163928229829	0.7050433357925591	5.5755598075735364e-05	0.016025582016252864	0.08598789432205554	-5.268486072660166e-06	0.0012861797244805972
0.00039673454266951104	1.7637579660971662e-05	-2.033889003563423e-06	1.5138942463141124e-05	1.8990591859969108e-06	0.00018478813404684472	1.438303176056409e-06	7.360358920685848e-07	1.4683949787224323e-05	1.6731762190973881e-07	0.13930109503241356	0.9881590129352458	-3.4403790824823205e-05	0.002267097785436828	0.0249432849285426	0.019280829155180396	0.01055110091598975	-0.03072487722866664	-0.0032779652471556504	-0.03637080978320073	0.0005991653064831426	0.025314972516387004	-0.010036940031744256	-8.67554197384567e-06	0.0026167288207610065
