tloc	tmcCabe	assertionDensity	assertionRoulette	mysteryGuest	eagerTest	sensitiveEquality	resourceOptimism	conditionalTestLogic	fireAndForget	loc	lcom2	lcom5	cbo	wmc	rfc	mpc	halsteadVocabulary	halsteadLength	halsteadVolume	classDataShouldBePrivate	complexClass	spaghettiCode	functionalDecomposition	godClass
6.93091901367628e-05	5.390892028854182e-06	1.8797757731495892e-07	2.1997955342764275e-05	-7.536434775897912e-07	6.879377994544895e-05	6.758565707275949e-07	-1.7930489165041593e-08	-2.024488224529128e-08	-4.768507615867025e-08	0.14045624391541195	0.21503707366047414	0.0006427745644774518	0.005047658706632227	0.017544069163669403	0.05736948039753794	0.05261702033020171	0.7360866957031452	0.057978405583765186	0.6123250385362075	0.00011438642017193007	0.017539848622286414	0.08486392508975232	-4.563944581280517e-06	0.000989371744108298
