tloc	tmcCabe	assertionDensity	assertionRoulette	mysteryGuest	eagerTest	sensitiveEquality	resourceOptimism	conditionalTestLogic	fireAndForget	loc	lcom2	lcom5	cbo	wmc	rfc	mpc	halsteadVocabulary	halsteadLength	halsteadVolume	classDataShouldBePrivate	complexClass	spaghettiCode	functionalDecomposition	godClass
6.8616315479352e-05	5.351902083704317e-06	1.956758724798096e-07	2.196277433352321e-05	-1.0607097710083776e-06	6.890266527633296e-05	6.562780995951784e-07	-2.9311850256473625e-08	-2.106481932580149e-07	-3.7525978684522405e-08	0.14047303308302267	0.21519434661444475	0.0006431892301933699	0.005046270195086159	0.01755001943766186	0.05738505495959084	0.05263011524901805	0.7361172550577431	0.05796003808298473	0.6122204045861973	0.00011474314608292014	0.017550148007330728	0.08491791380422352	-4.525977635537865e-06	0.0009894167047692685
1.5430889532897225e-06	-2.3019216984777657e-05	3.5819512793690105e-06	3.371874090953437e-05	-1.701045796397313e-05	0.000215714506582193	4.344136156377116e-07	-7.303135151776222e-07	-5.307123442623025e-06	-3.084938110036048e-07	0.04540914264693176	0.8888008879895515	-0.00037747425134428445	-0.005518876906264941	0.009518810976703382	-0.045080273094515205	-0.04746804354511039	0.10563306854909339	-0.044283721111255496	-0.43607875919949846	0.00028385740683992865	0.010597205005094432	-0.012930553262763694	1.6487779681488967e-06	-0.0007939881850546003
