tloc	tmcCabe	assertionDensity	assertionRoulette	mysteryGuest	eagerTest	sensitiveEquality	resourceOptimism	conditionalTestLogic	fireAndForget	loc	lcom2	lcom5	cbo	wmc	rfc	mpc	halsteadVocabulary	halsteadLength	halsteadVolume	classDataShouldBePrivate	complexClass	spaghettiCode	functionalDecomposition	godClass
6.803379241324322e-05	5.694440635650411e-06	2.2239307450367772e-07	2.223781851605613e-05	-1.0803791824173642e-06	6.827086280286009e-05	6.050024191793082e-07	-2.982965321188375e-08	-7.982948058946317e-07	-5.051300937192564e-08	0.1406302020626331	0.2164832056430385	0.0006439099164041637	0.005080751939901993	0.01759104165678176	0.05774405665483102	0.05297563795486527	0.7348677733655902	0.05802488473842897	0.6131534308454519	0.00011538522530105382	0.01759183402975821	0.08495025998693997	-4.164508738665822e-06	0.0009982263882935053
