tloc	tmcCabe	assertionDensity	assertionRoulette	mysteryGuest	eagerTest	sensitiveEquality	resourceOptimism	conditionalTestLogic	fireAndForget	loc	lcom2	lcom5	cbo	wmc	rfc	mpc	halsteadVocabulary	halsteadLength	halsteadVolume	classDataShouldBePrivate	complexClass	spaghettiCode	functionalDecomposition	godClass
6.943297850812756e-05	5.4466178930599836e-06	2.0418866056988465e-07	2.2148999552511438e-05	-8.265892654285216e-07	6.877669141828128e-05	6.690072700836262e-07	-1.8785726949054574e-08	3.700036349195634e-08	-4.495063080462474e-08	0.14042685173537073	0.21486931267966375	0.0006427746648110608	0.005047689692198185	0.017540020161430425	0.05735142415351975	0.05259972019417358	0.7360279834893538	0.05800282935334977	0.6124673679903806	0.00011430385134346248	0.017530747603110654	0.0848285872091058	-4.616654482550046e-06	0.0009897986671951894
-9.302417525034827e-06	-2.4512543734602216e-05	3.827266671750693e-06	3.5607212443103805e-05	-1.6738403110054015e-05	0.00020901294340884276	3.862761773524123e-07	-7.792564504935154e-07	-5.53365444701885e-06	-2.8541446251416075e-07	0.04114569600023413	0.8844421677664647	-0.00038809251191693135	-0.005743074152904916	0.008738036155769393	-0.04700140847842827	-0.04914822000958795	0.11416077542170722	-0.04489093806571554	-0.4427502825832594	0.00023204128930608126	0.009772886395947653	-0.012765440027286407	1.968867109115064e-06	-0.0008121454931627032
-0.0006814045390405274	-5.3838013044621395e-05	9.965773967969319e-07	-1.3474285660801622e-05	-9.779033960086755e-05	3.646822743687474e-05	4.107777383719129e-07	-5.392851741241691e-06	-3.371465250182123e-05	-1.6215402109296934e-06	-0.08163561800032973	-0.39958380220036893	-0.0006594201558177689	-0.007274764736179569	-0.02380753705987428	-0.055440041017123236	-0.04813897519793096	0.654417659037269	-0.0733604355209395	-0.6216326266417409	-0.0006839563366141299	-0.020054849362234155	0.08443565376027411	2.368372386438504e-05	-0.007309108569029024
