tloc	tmcCabe	assertionDensity	assertionRoulette	mysteryGuest	eagerTest	sensitiveEquality	resourceOptimism	conditionalTestLogic	fireAndForget	loc	lcom2	lcom5	cbo	wmc	rfc	mpc	halsteadVocabulary	halsteadLength	halsteadVolume	classDataShouldBePrivate	complexClass	spaghettiCode	functionalDecomposition	godClass
6.809794261972977e-05	5.185882587737741e-06	1.945301760987879e-07	2.2320048062856317e-05	-1.0889215600446276e-06	6.891918999071891e-05	6.677022032696705e-07	-3.563594964790971e-08	-2.7213431494869667e-07	-4.4120887182169175e-08	0.14041217047550264	0.21510083727386198	0.0006429615655417546	0.005041323633865685	0.017542800985951238	0.057381194216194364	0.05262865030621849	0.7362232622085281	0.05794885751589524	0.6121401587686398	0.00011416657345287066	0.017553220748840807	0.08492761955469867	-4.551570641104193e-06	0.0009605839084005866
