tloc	tmcCabe	assertionDensity	assertionRoulette	mysteryGuest	eagerTest	sensitiveEquality	resourceOptimism	conditionalTestLogic	fireAndForget	loc	lcom2	lcom5	cbo	wmc	rfc	mpc	halsteadVocabulary	halsteadLength	halsteadVolume	classDataShouldBePrivate	complexClass	spaghettiCode	functionalDecomposition	godClass
5.3720339500158374e-05	3.92422472590526e-06	1.854772266061091e-07	2.2340520707693122e-05	-1.7413817384996548e-06	6.859635168133026e-05	6.375385566840541e-07	-4.850835181978674e-08	-1.5137728584493281e-06	-9.424180142542014e-08	0.14180595981165034	0.2122890997659898	0.0006600475483116958	0.005127519341865076	0.017660298460063374	0.058330608970311275	0.053567861088151356	0.7420754751396812	0.05708973436667503	0.6054305823254914	0.00011642416152916397	0.017693718057656547	0.08612930202125572	-4.611204245910657e-06	0.0010170237533497783
