tloc	tmcCabe	assertionDensity	assertionRoulette	mysteryGuest	eagerTest	sensitiveEquality	resourceOptimism	conditionalTestLogic	fireAndForget	loc	lcom2	lcom5	cbo	wmc	rfc	mpc	halsteadVocabulary	halsteadLength	halsteadVolume	classDataShouldBePrivate	complexClass	spaghettiCode	functionalDecomposition	godClass
7.224457732672917e-05	5.952671824108267e-06	2.045797327266607e-07	2.2884765283157757e-05	-5.585087621700122e-07	6.926986885545617e-05	6.979542721135495e-07	-5.54096386896325e-09	4.003287231476203e-07	-3.985434121772034e-08	0.14015634357531045	0.216022488763821	0.0006458630877342697	0.005071488809420875	0.01750855160414277	0.056872845161064216	0.05221569084548727	0.7356114042954432	0.05801224468379334	0.6127261258096037	0.00011533936383956307	0.017486651769415936	0.08465894564159632	-4.579209903651698e-06	0.0009951974707182445
