tloc	tmcCabe	assertionDensity	assertionRoulette	mysteryGuest	eagerTest	sensitiveEquality	resourceOptimism	conditionalTestLogic	fireAndForget	loc	lcom2	lcom5	cbo	wmc	rfc	mpc	halsteadVocabulary	halsteadLength	halsteadVolume	classDataShouldBePrivate	complexClass	spaghettiCode	functionalDecomposition	godClass
6.812763185063545e-05	5.225503085513491e-06	2.488264220239827e-07	2.194507770110516e-05	-1.1744825416268504e-06	6.897937710719584e-05	6.507916654947095e-07	-4.138970214705602e-08	-1.352438771333697e-07	-4.682808114608416e-08	0.1404145438954693	0.21507664626581047	0.0006431975907700853	0.005045549482388793	0.0175413470245281	0.05737783493102064	0.05262667900038555	0.7361830599830634	0.057957189000304124	0.6121991637584817	0.00011418324627005883	0.017544020881736143	0.08490756789496418	-4.577458038219747e-06	0.00098908467975764
2.127178142248229e-06	-2.3086762058519944e-05	3.601331821008549e-06	3.413692421069445e-05	-1.6937321163099727e-05	0.00021683847740753585	4.379457945635047e-07	-6.882176479353199e-07	-5.622727498508015e-06	-3.0152304516702277e-07	0.04542720029636718	0.8889897891985432	-0.00037773233792684014	-0.005515148888559467	0.00953935410814493	-0.045012385454791436	-0.04741653479634662	0.1054156994324136	-0.04425433596411927	-0.4357598605725558	0.00028443277135731894	0.010624280531679837	-0.012896184497721947	1.6407433159789618e-06	-0.0007961388027326214
