tloc	tmcCabe	assertionDensity	assertionRoulette	mysteryGuest	eagerTest	sensitiveEquality	resourceOptimism	conditionalTestLogic	fireAndForget	loc	lcom2	lcom5	cbo	wmc	rfc	mpc	halsteadVocabulary	halsteadLength	halsteadVolume	classDataShouldBePrivate	complexClass	spaghettiCode	functionalDecomposition	godClass
6.895158356532886e-05	5.382261519966455e-06	2.0877070928848628e-07	2.1823924626248184e-05	-6.554039654988526e-07	6.793977028801164e-05	6.518429872034263e-07	-1.1400374918174756e-08	2.0481726649260104e-08	-3.752205860307198e-08	0.14054349004014852	0.21513284925143095	0.0006429572927367991	0.0050576832351027215	0.017505270121735944	0.05743052183098014	0.052689018728034116	0.7362632619015826	0.05793004001533125	0.612038585797777	0.00011503216057177947	0.017491061337004985	0.0849758843159957	-4.599738500128287e-06	0.000993414752731703
2.1140751866554555e-06	-2.291945880919691e-05	3.5771450638235304e-06	3.415115032423137e-05	-1.7188623079061055e-05	0.0002175645138654737	4.521034616929921e-07	-7.167293514886565e-07	-5.571436446504072e-06	-3.136795604188626e-07	0.045362467607150694	0.8889629899844878	-0.0003767627221662912	-0.005525058170121395	0.009557301393126914	-0.04506503832743085	-0.047472604016503626	0.10533106891544798	-0.04425575668556001	-0.4358277137308681	0.00028400736817606854	0.010640649952217147	-0.012943895670247733	1.6513761334527742e-06	-0.000795547942432442
