tloc	tmcCabe	assertionDensity	assertionRoulette	mysteryGuest	eagerTest	sensitiveEquality	resourceOptimism	conditionalTestLogic	fireAndForget	loc	lcom2	lcom5	cbo	wmc	rfc	mpc	halsteadVocabulary	halsteadLength	halsteadVolume	classDataShouldBePrivate	complexClass	spaghettiCode	functionalDecomposition	godClass
6.824646796345192e-05	5.509299444309233e-06	2.148437394640785e-07	2.2228917530926783e-05	-9.022601230131986e-07	6.870387429628023e-05	6.665690536348193e-07	-9.17883051504625e-09	4.634301238144187e-08	-7.811778735776694e-08	0.1405226458106246	0.21548638375790893	0.0006443960115056345	0.005049074734940749	0.017548158610433465	0.0574370076587273	0.05268343777930946	0.7365005280986463	0.05787167097736062	0.6116303688791739	0.00011451084344442368	0.017549579079367394	0.08501975926230608	-4.59277525010874e-06	0.0006059182264691997
2.0470881657813316e-06	-2.294798232690624e-05	3.6133614975771593e-06	3.4489506612743314e-05	-1.6935875660455492e-05	0.00021824605543048085	4.251904552196015e-07	-7.053731579126979e-07	-5.301543832771758e-06	-2.3454021281423507e-07	0.045324419718662065	0.8886616944297842	-0.00038026079138263395	-0.0055328551112964865	0.009527695387205656	-0.045257746303195484	-0.04764078457871196	0.10525920854384094	-0.04428602651485838	-0.43641973190626415	0.0002844880991069613	0.010596867260906013	-0.01307923603074088	1.6444573657817605e-06	-0.00047080669054838463
