tloc	tmcCabe	assertionDensity	assertionRoulette	mysteryGuest	eagerTest	sensitiveEquality	resourceOptimism	conditionalTestLogic	fireAndForget	loc	lcom2	lcom5	cbo	wmc	rfc	mpc	halsteadVocabulary	halsteadLength	halsteadVolume	classDataShouldBePrivate	complexClass	spaghettiCode	functionalDecomposition	godClass
6.730124034258843e-05	4.7350935147913335e-06	3.6511868639102194e-07	2.2087135983800162e-05	-1.4004344363624765e-06	6.876883977725486e-05	6.520201981841828e-07	-4.220598165512596e-08	-6.30278430130002e-07	-5.8895471505374856e-08	0.14033754146603392	0.21513994660335964	0.0006434150600422483	0.005041497555055083	0.017537261833878187	0.057376324121487327	0.05262522810599259	0.7362859396607553	0.057931835098322976	0.6120681350505334	0.00011395760745089722	0.017546808126102965	0.0849468235314556	-4.51844454279105e-06	0.0009868679946354567
3.6944327056857995e-06	-2.2642557022324137e-05	3.520590536637507e-06	3.406108190735766e-05	-1.6744137801390766e-05	0.00021726709325615369	4.497292340716989e-07	-6.950133589382944e-07	-5.266460934373215e-06	-3.0119037908546945e-07	0.045512467055638765	0.888954677437818	-0.00037758531222564513	-0.005512716292601163	0.009539839069135391	-0.0450055256639426	-0.04740531146425719	0.10531761968919476	-0.04426002868788504	-0.43584716581613464	0.00028468375834682103	0.010630559829223639	-0.012908375963481045	1.6277744576232904e-06	-0.0007914724365084197
