tloc	tmcCabe	assertionDensity	assertionRoulette	mysteryGuest	eagerTest	sensitiveEquality	resourceOptimism	conditionalTestLogic	fireAndForget	loc	lcom2	lcom5	cbo	wmc	rfc	mpc	halsteadVocabulary	halsteadLength	halsteadVolume	classDataShouldBePrivate	complexClass	spaghettiCode	functionalDecomposition	godClass
6.941149390999772e-05	5.436239281778182e-06	2.0663299006826271e-07	2.213062524331005e-05	-8.337055359797159e-07	6.883309152697823e-05	6.635645886472227e-07	-1.9244776590308755e-08	4.3443304040326555e-08	-4.5360085676087327e-08	0.14045233262038978	0.21499576560732125	0.0006425751342316118	0.005047442572647263	0.01754314846895356	0.05735484520299551	0.05260224104626034	0.7360374606237214	0.057993779638615246	0.6124041961771313	0.00011455027529464459	0.01753518791796612	0.08484061587123062	-4.6106372403310145e-06	0.0009898554365738027
