tloc	tmcCabe	assertionDensity	assertionRoulette	mysteryGuest	eagerTest	sensitiveEquality	resourceOptimism	conditionalTestLogic	fireAndForget	loc	lcom2	lcom5	cbo	wmc	rfc	mpc	halsteadVocabulary	halsteadLength	halsteadVolume	classDataShouldBePrivate	complexClass	spaghettiCode	functionalDecomposition	godClass
0.00012718757948342266	8.512765030155189e-07	1.3526951788645912e-06	4.056368764604635e-05	3.384728577699875e-06	0.0001767258248620904	2.255872920933075e-06	3.5161599963913005e-07	8.557908573102816e-06	1.1527515282965836e-07	0.128584154546493	0.5577254730099285	0.0002496770244611839	0.0008680917480025782	0.017337714972895924	0.01735547458750321	0.012668430214886747	0.7246167340200672	0.036906221221315684	0.3757191537983145	0.0002755208405694638	0.016871242020780768	0.061326994838997784	-6.130941232305448e-06	0.0017807116239699574
