tloc	tmcCabe	assertionDensity	assertionRoulette	mysteryGuest	eagerTest	sensitiveEquality	resourceOptimism	conditionalTestLogic	fireAndForget	loc	lcom2	lcom5	cbo	wmc	rfc	mpc	halsteadVocabulary	halsteadLength	halsteadVolume	classDataShouldBePrivate	complexClass	spaghettiCode	functionalDecomposition	godClass
6.67598448651097e-05	5.36082117984999e-06	1.4662549773018325e-07	2.1590651240692587e-05	-9.017156435507007e-07	6.855513369800117e-05	6.496457374110547e-07	4.425575576977839e-08	-2.773232310497523e-07	-4.5798314874718495e-08	0.14036013018615065	0.21497402251479802	0.0006431458575843792	0.005044092694954909	0.01753461303390083	0.05735447904799603	0.052605332366304845	0.7360994502955932	0.05798652069121702	0.6123533820293414	0.0001141062402913349	0.01753888873880893	0.08488176185626965	-4.6078301664134416e-06	0.0009881686199500134
