tloc	tmcCabe	assertionDensity	assertionRoulette	mysteryGuest	eagerTest	sensitiveEquality	resourceOptimism	conditionalTestLogic	fireAndForget	loc	lcom2	lcom5	cbo	wmc	rfc	mpc	halsteadVocabulary	halsteadLength	halsteadVolume	classDataShouldBePrivate	complexClass	spaghettiCode	functionalDecomposition	godClass
6.925872618099146e-05	5.401727386746938e-06	1.9941758416531502e-07	2.212737471822511e-05	-8.712680506953168e-07	6.880504189389802e-05	6.674425791307288e-07	-2.084055255351169e-08	2.898106886054157e-09	-4.6153238007788156e-08	0.14043691250028864	0.2149822183804038	0.000642738260288153	0.0050470927375246095	0.017542585785522553	0.05735404276106411	0.0526016790752804	0.7360341263934861	0.057995278689026326	0.6124171298153991	0.00011445019404917929	0.01753542077223877	0.08483599519357919	-4.619325454300911e-06	0.0009895760627131778
1.725281917894899e-06	-2.3052164978465106e-05	3.601639586001474e-06	3.406319715378485e-05	-1.7009229391901144e-05	0.0002172142366216828	4.342534980490177e-07	-7.06886697569691e-07	-5.61845420385363e-06	-3.0785609422508865e-07	0.04549240456956244	0.8889972500064333	-0.0003767385625868734	-0.005512105082392699	0.009552271377739703	-0.044957344462196076	-0.04736544512905408	0.1056004358979963	-0.04426370428294274	-0.43570501938480094	0.00028433509180504147	0.010635449693882013	-0.012823783086126505	1.673559827454724e-06	-0.0007921565704389462
-0.0006890936962769652	-5.662658041422704e-05	1.7020882555859283e-06	-7.5288108543855436e-06	-9.265243088500187e-05	1.3156504903233559e-05	2.7807342018970745e-07	-5.368880525191454e-06	-3.183768957018292e-05	-1.480568082180662e-06	-0.095294864367261	-0.38708670842146287	-0.000689156688178232	-0.008012735918785622	-0.025673134875442434	-0.06160658442385871	-0.05370594793700715	0.656989404201364	-0.07280645216842939	-0.624282576128915	-0.0008162834906218006	-0.022234986657966027	0.08043191576385463	2.374214213384909e-05	-0.007060176896227479
0.0002926020558218154	6.832724868448036e-05	8.276385978359339e-06	1.6873715819102787e-07	-9.248898587003371e-05	-0.00022989401047825316	-3.384436634644877e-06	-7.955135677499032e-06	-3.396002892142096e-05	-8.616401804656173e-07	0.8691766621954596	-0.09338768546339092	0.003413490805631181	0.053078212249226694	0.08097096094267871	0.29704802812869663	0.27572858971512804	-0.05672026823579008	-0.04617633729888428	-0.17053459241695876	-0.00031709085245604246	0.08400628497333844	0.1435709223867918	-8.580760304866316e-06	-0.0077607604387412875
