tloc	tmcCabe	assertionDensity	assertionRoulette	mysteryGuest	eagerTest	sensitiveEquality	resourceOptimism	conditionalTestLogic	fireAndForget	loc	lcom2	lcom5	cbo	wmc	rfc	mpc	halsteadVocabulary	halsteadLength	halsteadVolume	classDataShouldBePrivate	complexClass	spaghettiCode	functionalDecomposition	godClass
7.035384385346007e-05	5.408630027568181e-06	2.257610275458986e-07	2.271616278974011e-05	-9.35100377900873e-07	6.819116671747766e-05	6.587759835859186e-07	-2.477536895345879e-08	5.082332288056774e-08	-4.70804173603272e-08	0.14044537323010506	0.214586953597106	0.0006433875266395765	0.0050490928066697395	0.017526307699116152	0.057412272479486534	0.05266618677409175	0.7361190039005985	0.057983154573521205	0.6124279486086577	0.00011445857076862225	0.01752065724994624	0.08494326070081372	-4.5584237408117265e-06	0.0009903961774290297
