tloc	tmcCabe	assertionDensity	assertionRoulette	mysteryGuest	eagerTest	sensitiveEquality	resourceOptimism	conditionalTestLogic	fireAndForget	loc	lcom2	lcom5	cbo	wmc	rfc	mpc	halsteadVocabulary	halsteadLength	halsteadVolume	classDataShouldBePrivate	complexClass	spaghettiCode	functionalDecomposition	godClass
6.951920911479527e-05	5.470066621061461e-06	2.069623187620961e-07	2.221084993966267e-05	-8.517384391943484e-07	6.880050418431438e-05	6.698603617092973e-07	-2.1782160243230865e-08	1.2980379338615367e-07	-4.662290028449969e-08	0.1404363577808529	0.2149761536099406	0.0006427188634866436	0.005048303458021311	0.017542836457036633	0.05735426424644817	0.052601869657136806	0.7360324893698859	0.057996315303795606	0.6124211948136586	0.00011444979141947118	0.01753506809413773	0.08483611372927137	-4.617552634908883e-06	0.0009894628695734002
