tloc	tmcCabe	assertionDensity	assertionRoulette	mysteryGuest	eagerTest	sensitiveEquality	resourceOptimism	conditionalTestLogic	fireAndForget	loc	lcom2	lcom5	cbo	wmc	rfc	mpc	halsteadVocabulary	halsteadLength	halsteadVolume	classDataShouldBePrivate	complexClass	spaghettiCode	functionalDecomposition	godClass
6.867773925182308e-05	5.350892023672688e-06	1.7928045209633168e-07	2.1981766452678805e-05	-9.99946327076501e-07	6.87662140723872e-05	6.580413395403591e-07	-2.8178173675402894e-08	1.0843813016178893e-07	-4.9832191536816994e-08	0.14046590707851897	0.21512685388652114	0.0006430127378080721	0.005049007887108257	0.017545365964594974	0.0573767031152967	0.05262315120723758	0.736138600325717	0.057965784749343816	0.6122241834277848	0.00011437039669172181	0.017547084748499076	0.08489589941408303	-4.651895785908567e-06	0.000989405321093236
