tloc	tmcCabe	assertionDensity	assertionRoulette	mysteryGuest	eagerTest	sensitiveEquality	resourceOptimism	conditionalTestLogic	fireAndForget	loc	lcom2	lcom5	cbo	wmc	rfc	mpc	halsteadVocabulary	halsteadLength	halsteadVolume	classDataShouldBePrivate	complexClass	spaghettiCode	functionalDecomposition	godClass
6.91586087974949e-05	5.3151141433867115e-06	1.947804655519363e-07	2.2078756819583678e-05	-9.459639873132874e-07	6.916199034175345e-05	7.332914302977764e-07	-2.445532415307256e-08	-6.894644623856637e-08	-4.795431565450538e-08	0.1407022554230418	0.215238550649769	0.0006426991222981509	0.005047848983664965	0.017555340145808535	0.05737164299065216	0.052613807807901605	0.7360134603109806	0.05797612931822362	0.6122881436998286	0.00011439015298610728	0.01754377001872168	0.08484596504330724	-4.63196985570586e-06	0.0009892151933109201
2.3973522809396994e-06	-2.2624073295673857e-05	3.6433821222907147e-06	3.446992243914663e-05	-1.6659762864026165e-05	0.00021538637616441104	1.4316591808967188e-07	-6.898062982258282e-07	-5.250514317410527e-06	-2.992697107396156e-07	0.043939992425977036	0.8888170559573245	-0.00038125070758728106	-0.005532258317552097	0.009472072581008632	-0.045204064363435645	-0.04757545667037865	0.10593018044075814	-0.044272101535817183	-0.43610323887071867	0.0002851853926529628	0.010568251249449009	-0.012903978327181759	1.7447273609474616e-06	-0.0007923397920611878
-0.0006954817428759542	-5.791511582914157e-05	1.5448556151702962e-06	-9.232523980662628e-06	-9.400489364346866e-05	1.6189218245276913e-05	8.06978951282869e-07	-5.441539741952553e-06	-3.293924257531094e-05	-1.5104288521456725e-06	-0.09064281638451094	-0.3882028627217783	-0.0006672317273585051	-0.007928210780346546	-0.02544047755076934	-0.060820740065849935	-0.053021113752694686	0.6566830238792907	-0.07292917909821552	-0.6246887147542854	-0.0008213804244602219	-0.022042470238485847	0.08085152066810325	2.3582946913055157e-05	-0.007087724891950017
