tloc	tmcCabe	assertionDensity	assertionRoulette	mysteryGuest	eagerTest	sensitiveEquality	resourceOptimism	conditionalTestLogic	fireAndForget	loc	lcom2	lcom5	cbo	wmc	rfc	mpc	halsteadVocabulary	halsteadLength	halsteadVolume	classDataShouldBePrivate	complexClass	spaghettiCode	functionalDecomposition	godClass
6.9309190136735e-05	5.390892028854285e-06	1.8797757731494598e-07	2.1997955342764183e-05	-7.536434775896804e-07	6.879377994544826e-05	6.758565707276012e-07	-1.793048916503654e-08	-2.02448822452097e-08	-4.768507615866812e-08	0.14045624391541187	0.2150370736604708	0.0006427745644774526	0.005047658706632246	0.017544069163669372	0.057369480397538065	0.05261702033020173	0.7360866957031451	0.05797840558376533	0.6123250385362082	0.00011438642017192904	0.017539848622286344	0.08486392508975231	-4.563944581280539e-06	0.0009893717441083038
