tloc	tmcCabe	assertionDensity	assertionRoulette	mysteryGuest	eagerTest	sensitiveEquality	resourceOptimism	conditionalTestLogic	fireAndForget	loc	lcom2	lcom5	cbo	wmc	rfc	mpc	halsteadVocabulary	halsteadLength	halsteadVolume	classDataShouldBePrivate	complexClass	spaghettiCode	functionalDecomposition	godClass
6.106443628599347e-05	4.2771503571943895e-06	6.340466988958693e-07	2.2206974799208554e-05	-2.21978650030961e-06	6.780140133938775e-05	5.832816335505582e-07	-2.418040514803683e-09	-5.617718455867262e-07	-6.962717501638893e-08	0.14065686790581566	0.2161348480109855	0.0006460903845808915	0.005046723188146673	0.017554247118020866	0.05756344687149552	0.05280977476677916	0.7372304691032132	0.057666936258941155	0.6104211761406271	0.00011286235841762615	0.017638374957351512	0.0854668015581503	-4.465903707626183e-06	0.0009753904345935348
2.3991784656476888e-06	-2.2817298910097014e-05	3.6801675968713056e-06	3.375152977943965e-05	-1.7180534816277844e-05	0.00021806425721794865	4.4872557761941573e-07	-6.485624802709284e-07	-5.441594137588795e-06	-2.7289707034818414e-07	0.044705447617760505	0.8892820160306635	-0.0003867970465445392	-0.005546745207674725	0.009447431883484687	-0.04562685578119577	-0.04800188625365293	0.103094399249282	-0.044073676266729846	-0.4356626521011519	0.00028348415750744277	0.01044992086551243	-0.01378047818613583	1.4314218200920125e-06	-0.0007968831234577143
