tloc	tmcCabe	assertionDensity	assertionRoulette	mysteryGuest	eagerTest	sensitiveEquality	resourceOptimism	conditionalTestLogic	fireAndForget	loc	lcom2	lcom5	cbo	wmc	rfc	mpc	halsteadVocabulary	halsteadLength	halsteadVolume	classDataShouldBePrivate	complexClass	spaghettiCode	functionalDecomposition	godClass
6.861631547919718e-05	5.3519020837042575e-06	1.956758724798233e-07	2.1962774333523348e-05	-1.0607097710083831e-06	6.89026652763338e-05	6.56278099595182e-07	-2.9311850256473566e-08	-2.1064819325798192e-07	-3.752597868452221e-08	0.14047303308302297	0.21519434661444814	0.0006431892301933681	0.005046270195086137	0.0175500194376619	0.057385054959590745	0.0526301152490178	0.736117255057744	0.05796003808298465	0.6122204045861953	0.00011474314608292174	0.017550148007330756	0.08491791380422355	-4.525977635537883e-06	0.0009894167047692737
1.543088953324477e-06	-2.3019216984822424e-05	3.5819512793689855e-06	3.3718740909534366e-05	-1.7010457963972183e-05	0.00021571450658219288	4.3441361563771413e-07	-7.303135151775641e-07	-5.307123442622655e-06	-3.0849381100358775e-07	0.04540914264693207	0.8888008879895545	-0.00037747425134428234	-0.0055188769062649145	0.009518810976703526	-0.04508027309451513	-0.047468043545110285	0.10563306854908394	-0.044283721111254844	-0.4360787591994945	0.00028385740683993586	0.010597205005094515	-0.012930553262764924	1.6487779681486874e-06	-0.0007939881850545403
