tloc	tmcCabe	assertionDensity	assertionRoulette	mysteryGuest	eagerTest	sensitiveEquality	resourceOptimism	conditionalTestLogic	fireAndForget	loc	lcom2	lcom5	cbo	wmc	rfc	mpc	halsteadVocabulary	halsteadLength	halsteadVolume	classDataShouldBePrivate	complexClass	spaghettiCode	functionalDecomposition	godClass
6.803379241334267e-05	5.694440635650175e-06	2.223930745037061e-07	2.2237818516056404e-05	-1.0803791824175192e-06	6.827086280286193e-05	6.050024191793034e-07	-2.982965321189046e-08	-7.982948058947048e-07	-5.05130093719286e-08	0.14063020206263338	0.21648320564304616	0.0006439099164041593	0.005080751939901942	0.017591041656781808	0.05774405665483059	0.052975637954864804	0.7348677733655908	0.05802488473842853	0.6131534308454476	0.00011538522530105618	0.017591834029758297	0.08495025998693972	-4.164508738665798e-06	0.0009982263882934968
