tloc	tmcCabe	assertionDensity	assertionRoulette	mysteryGuest	eagerTest	sensitiveEquality	resourceOptimism	conditionalTestLogic	fireAndForget	loc	lcom2	lcom5	cbo	wmc	rfc	mpc	halsteadVocabulary	halsteadLength	halsteadVolume	classDataShouldBePrivate	complexClass	spaghettiCode	functionalDecomposition	godClass
6.322140099801459e-05	4.941083354744682e-06	1.3810582614096853e-07	2.2095829197254836e-05	-1.316147049162884e-06	6.823127294481478e-05	6.556455653115034e-07	-2.3541787206369233e-08	-1.0004272401937254e-06	-5.601387989135153e-08	0.14073999318929917	0.21389919234599988	0.0006442075006213118	0.005075834263172536	0.017518370274395362	0.05775660790445981	0.05301599215694673	0.7377219090435698	0.057655252376069804	0.6105354740878295	0.00011518820948752949	0.01758267110322983	0.08566424073933662	-4.510569885023359e-06	0.0009762199255437683
-5.428452917324814e-06	-2.3090894904047978e-05	3.7550018332671447e-06	3.7064329562209414e-05	-1.625541441590065e-05	0.00022418208853557708	4.057175250702662e-07	-6.265101414923926e-07	-3.3360521757462957e-06	-2.9201719083356726e-07	0.044830745634780934	0.8879897278103053	-0.00037937513711352994	-0.005612943720834983	0.009243241107220393	-0.04696693367141622	-0.04924659902996751	0.10746406767686462	-0.04421178457433641	-0.4369317873832911	0.0002889933473258409	0.010234858526079242	-0.014077055876776443	1.579970267654716e-06	-0.0007708488577230347
