tloc	tmcCabe	assertionDensity	assertionRoulette	mysteryGuest	eagerTest	sensitiveEquality	resourceOptimism	conditionalTestLogic	fireAndForget	loc	lcom2	lcom5	cbo	wmc	rfc	mpc	halsteadVocabulary	halsteadLength	halsteadVolume	classDataShouldBePrivate	complexClass	spaghettiCode	functionalDecomposition	godClass
6.64520025866468e-05	5.245378017649882e-06	1.8524317698986776e-07	2.184374198419935e-05	-1.1989546837530003e-06	6.878521454279344e-05	6.42091365673229e-07	-3.595731955022649e-08	-2.547965670130475e-07	-5.689583280963251e-08	0.14040685039599946	0.21517132759828458	0.0006433922255735074	0.0050476815671588815	0.017540693204637615	0.05740533124319778	0.05265525076507072	0.736280079282295	0.05792685727144886	0.6120382404079547	0.00011302060348242088	0.01755577690613124	0.08498124848039018	-4.463322328061783e-06	0.0009877681140635843
