tloc	tmcCabe	assertionDensity	assertionRoulette	mysteryGuest	eagerTest	sensitiveEquality	resourceOptimism	conditionalTestLogic	fireAndForget	loc	lcom2	lcom5	cbo	wmc	rfc	mpc	halsteadVocabulary	halsteadLength	halsteadVolume	classDataShouldBePrivate	complexClass	spaghettiCode	functionalDecomposition	godClass
6.305241705906035e-05	4.499233901722314e-06	3.3795183242674796e-07	2.286182385446744e-05	-2.4504059979898934e-06	7.157238940437708e-05	4.841055129791318e-07	-2.7479119022543386e-07	-1.445386375014016e-06	-4.892214229590622e-08	0.1396675108523111	0.22154185335870014	0.0006799637891248902	0.005229486193046977	0.018132821200292415	0.060277205872714505	0.05537304420259672	0.7338290372639479	0.05755108591086506	0.6122478781278494	7.423487351410134e-05	0.018211707181027867	0.0857858677365625	-4.419431605464313e-06	0.0007243716525669048
-8.223424482921133e-06	-2.394622383638916e-05	3.92034937395469e-06	3.487355912349382e-05	-1.7621270323598856e-05	0.00023179263286274922	1.0689318298397512e-06	-5.193699764700358e-07	-4.368364175968998e-06	-3.1623347807277504e-07	0.030673204445823027	0.8754363872686983	-0.0004729945826627904	-0.006679542792708286	0.007831407908299644	-0.05619944792800927	-0.05791469811315332	0.12462370546022042	-0.045505841002969366	-0.45616839605798276	0.0004091322408786782	0.008692707821376443	-0.016849521547442015	1.6874451466916488e-06	-0.0006908292513292475
