tloc	tmcCabe	assertionDensity	assertionRoulette	mysteryGuest	eagerTest	sensitiveEquality	resourceOptimism	conditionalTestLogic	fireAndForget	loc	lcom2	lcom5	cbo	wmc	rfc	mpc	halsteadVocabulary	halsteadLength	halsteadVolume	classDataShouldBePrivate	complexClass	spaghettiCode	functionalDecomposition	godClass
6.943297850821149e-05	5.446617893060045e-06	2.041886605698839e-07	2.2148999552511384e-05	-8.265892654285673e-07	6.877669141828078e-05	6.690072700836181e-07	-1.8785726949059898e-08	3.700036349189295e-08	-4.495063080462548e-08	0.1404268517353711	0.21486931267966286	0.0006427746648110622	0.005047689692198213	0.017540020161430463	0.057351424153520056	0.05259972019417386	0.7360279834893535	0.05800282935334986	0.6124673679903814	0.00011430385134346233	0.01753074760311071	0.08482858720910595	-4.616654482550042e-06	0.0009897986671951846
-9.30241752511166e-06	-2.4512543734603242e-05	3.82726667175069e-06	3.56072124431036e-05	-1.6738403110054896e-05	0.00020901294340884297	3.862761773524269e-07	-7.792564504935629e-07	-5.533654447019139e-06	-2.8541446251417526e-07	0.04114569600023345	0.8844421677664607	-0.00038809251191693564	-0.0057430741529049725	0.008738036155769154	-0.04700140847842868	-0.04914822000958839	0.11416077542171454	-0.044890938065716326	-0.44275028258326476	0.00023204128930607548	0.009772886395947466	-0.012765440027285677	1.968867109115255e-06	-0.0008121454931627636
-0.0006814045390403684	-5.38380130447731e-05	9.965773968843838e-07	-1.347428566080253e-05	-9.779033960086753e-05	3.646822743687264e-05	4.1077773837188953e-07	-5.392851741241682e-06	-3.371465250182147e-05	-1.621540210929697e-06	-0.0816356180003311	-0.3995838022003775	-0.000659420155817769	-0.00727476473617958	-0.023807537059874456	-0.055440041017123014	-0.048138975197930714	0.6544176590372682	-0.07336043552093903	-0.621632626641736	-0.0006839563366141294	-0.020054849362234346	0.08443565376027412	2.3683723864385062e-05	-0.007309108569029028
