tloc	tmcCabe	assertionDensity	assertionRoulette	mysteryGuest	eagerTest	sensitiveEquality	resourceOptimism	conditionalTestLogic	fireAndForget	loc	lcom2	lcom5	cbo	wmc	rfc	mpc	halsteadVocabulary	halsteadLength	halsteadVolume	classDataShouldBePrivate	complexClass	spaghettiCode	functionalDecomposition	godClass
6.809794261970173e-05	5.185882587737803e-06	1.9453017609879804e-07	2.2320048062856493e-05	-1.088921560044497e-06	6.891918999071963e-05	6.677022032696973e-07	-3.563594964790237e-08	-2.721343149485694e-07	-4.4120887182166475e-08	0.14041217047550292	0.21510083727386328	0.0006429615655417529	0.005041323633865673	0.017542800985951266	0.05738119421619421	0.05262865030621833	0.7362232622085284	0.05794885751589526	0.6121401587686389	0.00011416657345287236	0.01755322074884083	0.08492761955469849	-4.551570641104242e-06	0.0009605839084006024
