tloc	tmcCabe	assertionDensity	assertionRoulette	mysteryGuest	eagerTest	sensitiveEquality	resourceOptimism	conditionalTestLogic	fireAndForget	loc	lcom2	lcom5	cbo	wmc	rfc	mpc	halsteadVocabulary	halsteadLength	halsteadVolume	classDataShouldBePrivate	complexClass	spaghettiCode	functionalDecomposition	godClass
5.3720339500027436e-05	3.924224725905177e-06	1.8547722660612528e-07	2.23405207076933e-05	-1.7413817384997429e-06	6.859635168133112e-05	6.375385566840512e-07	-4.850835181979101e-08	-1.5137728584493838e-06	-9.42418014254218e-08	0.14180595981165064	0.21228909976599386	0.0006600475483116955	0.005127519341865062	0.01766029846006343	0.05833060897031111	0.05356786108815125	0.7420754751396814	0.05708973436667493	0.6054305823254897	0.00011642416152916539	0.01769371805765661	0.08612930202125575	-4.611204245910656e-06	0.001017023753349783
