tloc	tmcCabe	assertionDensity	assertionRoulette	mysteryGuest	eagerTest	sensitiveEquality	resourceOptimism	conditionalTestLogic	fireAndForget	loc	lcom2	lcom5	cbo	wmc	rfc	mpc	halsteadVocabulary	halsteadLength	halsteadVolume	classDataShouldBePrivate	complexClass	spaghettiCode	functionalDecomposition	godClass
6.812763185068936e-05	5.225503085513472e-06	2.488264220239743e-07	2.1945077701105015e-05	-1.174482541626909e-06	6.897937710719532e-05	6.50791665494699e-07	-4.138970214705923e-08	-1.3524387713343365e-07	-4.6828081146085586e-08	0.14041454389546884	0.21507664626580858	0.000643197590770085	0.005045549482388791	0.01754134702452809	0.05737783493102066	0.05262667900038567	0.7361830599830634	0.05795718900030413	0.6121991637584819	0.00011418324627005749	0.01754402088173611	0.08490756789496423	-4.577458038219722e-06	0.000989084679757623
2.1271781422241066e-06	-2.3086762058613887e-05	3.6013318210085714e-06	3.413692421069444e-05	-1.6937321163100912e-05	0.00021683847740753664	4.3794579456351796e-07	-6.88217647935389e-07	-5.622727498508392e-06	-3.015230451670464e-07	0.0454272002963662	0.8889897891985388	-0.00037773233792684984	-0.005515148888559574	0.009539354108144646	-0.04501238545479222	-0.04741653479634732	0.10541569943242311	-0.044254335964120185	-0.4357598605725626	0.00028443277135730826	0.010624280531679613	-0.012896184497720781	1.6407433159792553e-06	-0.000796138802732714
