tloc	tmcCabe	assertionDensity	assertionRoulette	mysteryGuest	eagerTest	sensitiveEquality	resourceOptimism	conditionalTestLogic	fireAndForget	loc	lcom2	lcom5	cbo	wmc	rfc	mpc	halsteadVocabulary	halsteadLength	halsteadVolume	classDataShouldBePrivate	complexClass	spaghettiCode	functionalDecomposition	godClass
6.524452008711731e-05	5.068849304149742e-06	1.1681464198972944e-07	2.1863554379164168e-05	-4.7420483731507447e-07	6.772213618721682e-05	6.307888951955889e-07	-9.789232309728546e-08	-3.793671273299111e-07	-7.268221512014167e-08	0.14094318779327095	0.21624738828057355	0.0006456504719649546	0.005068669576316699	0.017601755243462715	0.057700486169495135	0.052938472414651966	0.7375020322810117	0.05758084703575163	0.6099467637120659	0.00011716066869692826	0.017671481486379165	0.08562469130049502	-4.41876728882272e-06	0.0007606631563881741
1.9173971694410184e-05	-2.2671481332295222e-05	3.6989480782030363e-06	3.710677060686047e-05	-7.892542664547462e-06	0.00022022487290678623	4.079935303451436e-07	-4.964817586263904e-07	-3.72070577542208e-06	-2.64558352348126e-07	0.041236201761845795	0.8849961212934156	-0.0004044373681000868	-0.005918291082163772	0.008805993274692952	-0.04898757362457467	-0.05110784493643302	0.11049949144657029	-0.04452591443689304	-0.4421138823564261	0.00022206960147042127	0.009808098809925218	-0.014240158735591778	1.4934516440922678e-06	-0.0006714111987881264
