tloc	tmcCabe	assertionDensity	assertionRoulette	mysteryGuest	eagerTest	sensitiveEquality	resourceOptimism	conditionalTestLogic	fireAndForget	loc	lcom2	lcom5	cbo	wmc	rfc	mpc	halsteadVocabulary	halsteadLength	halsteadVolume	classDataShouldBePrivate	complexClass	spaghettiCode	functionalDecomposition	godClass
6.895158356530541e-05	5.382261519966415e-06	2.0877070928848877e-07	2.1823924626248218e-05	-6.554039654988866e-07	6.793977028801156e-05	6.518429872034242e-07	-1.1400374918175873e-08	2.048172664924867e-08	-3.7522058603072465e-08	0.14054349004014857	0.2151328492514312	0.0006429572927367983	0.005057683235102713	0.01750527012173592	0.057430521830980075	0.05268901872803399	0.736263261901583	0.05793004001533126	0.6120385857977771	0.00011503216057177924	0.01749106133700498	0.08497588431599566	-4.599738500128277e-06	0.000993414752731703
2.1140751867028855e-06	-2.2919458809185325e-05	3.577145063823527e-06	3.4151150324231475e-05	-1.718862307906052e-05	0.00021756451386547353	4.521034616929761e-07	-7.167293514886272e-07	-5.5714364465039685e-06	-3.136795604188543e-07	0.045362467607150944	0.8889629899844902	-0.00037676272216628776	-0.005525058170121354	0.009557301393127108	-0.045065038327430494	-0.047472604016503314	0.10533106891544397	-0.04425575668555961	-0.4358277137308647	0.0002840073681760737	0.010640649952217321	-0.01294389567024832	1.6513761334526488e-06	-0.0007955479424324065
