tloc	tmcCabe	assertionDensity	assertionRoulette	mysteryGuest	eagerTest	sensitiveEquality	resourceOptimism	conditionalTestLogic	fireAndForget	loc	lcom2	lcom5	cbo	wmc	rfc	mpc	halsteadVocabulary	halsteadLength	halsteadVolume	classDataShouldBePrivate	complexClass	spaghettiCode	functionalDecomposition	godClass
6.82464679634693e-05	5.509299444309184e-06	2.148437394640929e-07	2.222891753092699e-05	-9.022601230132056e-07	6.870387429628128e-05	6.665690536348246e-07	-9.178830515045795e-09	4.634301238147064e-08	-7.811778735776698e-08	0.14052264581062474	0.21548638375791246	0.0006443960115056324	0.005049074734940733	0.017548158610433493	0.05743700765872712	0.05268343777930916	0.7365005280986462	0.057871670977360415	0.6116303688791721	0.00011451084344442526	0.017549579079367425	0.085019759262306	-4.592775250108743e-06	0.0006059182264692014
2.0470881658315513e-06	-2.294798232676427e-05	3.6133614975771932e-06	3.448950661274326e-05	-1.6935875660457034e-05	0.0002182460554304808	4.251904552196188e-07	-7.053731579127866e-07	-5.301543832772197e-06	-2.3454021281425072e-07	0.045324419718660004	0.8886616944297764	-0.00038026079138264854	-0.005532855111296667	0.009527695387205099	-0.0452577463031969	-0.04764078457871319	0.1052592085438497	-0.04428602651485981	-0.4364197319062774	0.00028448809910694656	0.010596867260905545	-0.013079236030739875	1.644457365782159e-06	-0.00047080669054847235
