tloc	tmcCabe	assertionDensity	assertionRoulette	mysteryGuest	eagerTest	sensitiveEquality	resourceOptimism	conditionalTestLogic	fireAndForget	loc	lcom2	lcom5	cbo	wmc	rfc	mpc	halsteadVocabulary	halsteadLength	halsteadVolume	classDataShouldBePrivate	complexClass	spaghettiCode	functionalDecomposition	godClass
6.730124034252821e-05	4.73509351479142e-06	3.6511868639102707e-07	2.208713598380025e-05	-1.4004344363624356e-06	6.8768839777255e-05	6.520201981841899e-07	-4.220598165512482e-08	-6.302784301299411e-07	-5.889547150537394e-08	0.14033754146603442	0.21513994660335983	0.0006434150600422488	0.0050414975550551015	0.01753726183387821	0.05737632412148739	0.052625228105992614	0.7362859396607551	0.05793183509832284	0.6120681350505336	0.00011395760745089798	0.017546808126102997	0.08494682353145552	-4.518444542791076e-06	0.0009868679946354666
3.6944327058005182e-06	-2.2642557022267034e-05	3.520590536637516e-06	3.406108190735762e-05	-1.6744137801391304e-05	0.0002172670932561541	4.4972923407170183e-07	-6.950133589383248e-07	-5.2664609343733826e-06	-3.011903790854778e-07	0.04551246705563751	0.8889546774378152	-0.0003775853122256509	-0.005512716292601233	0.009539839069135197	-0.04500552566394312	-0.0474053114642577	0.10531761968919945	-0.044260028687885464	-0.43584716581613875	0.00028468375834681605	0.010630559829223464	-0.012908375963480693	1.6277744576234473e-06	-0.000791472436508453
