tloc	tmcCabe	assertionDensity	assertionRoulette	mysteryGuest	eagerTest	sensitiveEquality	resourceOptimism	conditionalTestLogic	fireAndForget	loc	lcom2	lcom5	cbo	wmc	rfc	mpc	halsteadVocabulary	halsteadLength	halsteadVolume	classDataShouldBePrivate	complexClass	spaghettiCode	functionalDecomposition	godClass
6.941149390998397e-05	5.436239281778208e-06	2.066329900682683e-07	2.2130625243310095e-05	-8.337055359797325e-07	6.883309152697827e-05	6.635645886472312e-07	-1.9244776590308894e-08	4.3443304040352555e-08	-4.5360085676087274e-08	0.1404523326203902	0.21499576560732175	0.0006425751342316116	0.005047442572647267	0.017543148468953572	0.05735484520299552	0.05260224104626025	0.7360374606237226	0.05799377963861513	0.61240419617713	0.00011455027529464459	0.017535187917966138	0.08484061587123057	-4.610637240331024e-06	0.0009898554365738094
