tloc	tmcCabe	assertionDensity	assertionRoulette	mysteryGuest	eagerTest	sensitiveEquality	resourceOptimism	conditionalTestLogic	fireAndForget	loc	lcom2	lcom5	cbo	wmc	rfc	mpc	halsteadVocabulary	halsteadLength	halsteadVolume	classDataShouldBePrivate	complexClass	spaghettiCode	functionalDecomposition	godClass
6.925872618084208e-05	5.401727386746978e-06	1.9941758416531547e-07	2.2127374718225138e-05	-8.71268050695299e-07	6.880504189389801e-05	6.674425791307293e-07	-2.0840552553510978e-08	2.8981068860555607e-09	-4.615323800778773e-08	0.14043691250028886	0.21498221838040357	0.0006427382602881542	0.005047092737524613	0.017542585785522546	0.05735404276106414	0.05260167907528045	0.7360341263934863	0.057995278689026285	0.6124171298153983	0.00011445019404917957	0.017535420772238807	0.08483599519357922	-4.6193254543009205e-06	0.0009895760627131893
