tloc	tmcCabe	assertionDensity	assertionRoulette	mysteryGuest	eagerTest	sensitiveEquality	resourceOptimism	conditionalTestLogic	fireAndForget	loc	lcom2	lcom5	cbo	wmc	rfc	mpc	halsteadVocabulary	halsteadLength	halsteadVolume	classDataShouldBePrivate	complexClass	spaghettiCode	functionalDecomposition	godClass
0.00012718757948338615	8.512765030155908e-07	1.3526951788645772e-06	4.0563687646046344e-05	3.3847285776999814e-06	0.00017672582486209055	2.2558729209330846e-06	3.5161599963913465e-07	8.557908573102907e-06	1.1527515282966168e-07	0.1285841545464928	0.5577254730099266	0.0002496770244611842	0.0008680917480025811	0.017337714972895886	0.017355474587503243	0.012668430214886775	0.7246167340200675	0.036906221221315774	0.3757191537983154	0.0002755208405694632	0.016871242020780754	0.06132699483899775	-6.130941232305485e-06	0.0017807116239699778
