tloc	tmcCabe	assertionDensity	assertionRoulette	mysteryGuest	eagerTest	sensitiveEquality	resourceOptimism	conditionalTestLogic	fireAndForget	loc	lcom2	lcom5	cbo	wmc	rfc	mpc	halsteadVocabulary	halsteadLength	halsteadVolume	classDataShouldBePrivate	complexClass	spaghettiCode	functionalDecomposition	godClass
6.878862731310072e-05	5.491889088078263e-06	1.9888029740890805e-07	2.2043380617200398e-05	-1.0313496000393577e-06	6.86264864457471e-05	6.79650324233287e-07	-2.762846681241884e-08	5.5989735281479754e-08	-4.885891868165331e-08	0.1404052765023343	0.2150199824102955	0.0006429771081813591	0.005044016548222662	0.017538540261409385	0.05736065341444101	0.052609845516808876	0.7361242811423627	0.05797268277639673	0.6122978662317381	0.00011429729374456126	0.017540127038814888	0.08487724213404937	-4.560148230270926e-06	0.0009887426119739378
