tloc	tmcCabe	assertionDensity	assertionRoulette	mysteryGuest	eagerTest	sensitiveEquality	resourceOptimism	conditionalTestLogic	fireAndForget	loc	lcom2	lcom5	cbo	wmc	rfc	mpc	halsteadVocabulary	halsteadLength	halsteadVolume	classDataShouldBePrivate	complexClass	spaghettiCode	functionalDecomposition	godClass
6.675984486513146e-05	5.360821179849857e-06	1.4662549773020988e-07	2.1590651240692922e-05	-9.017156435507446e-07	6.85551336980029e-05	6.496457374110761e-07	4.425575576977933e-08	-2.7732323104969666e-07	-4.579831487471889e-08	0.14036013018615076	0.21497402251480405	0.0006431458575843746	0.005044092694954854	0.017534613033900855	0.05735447904799558	0.05260533236630436	0.7360994502955939	0.057986520691216764	0.6123533820293379	0.00011410624029133741	0.01753888873880895	0.0848817618562694	-4.607830166413451e-06	0.0009881686199500058
