tloc	tmcCabe	assertionDensity	assertionRoulette	mysteryGuest	eagerTest	sensitiveEquality	resourceOptimism	conditionalTestLogic	fireAndForget	loc	lcom2	lcom5	cbo	wmc	rfc	mpc	halsteadVocabulary	halsteadLength	halsteadVolume	classDataShouldBePrivate	complexClass	spaghettiCode	functionalDecomposition	godClass
6.925872618083025e-05	5.401727386746695e-06	1.9941758416531438e-07	2.2127374718225097e-05	-8.712680506953094e-07	6.880504189389783e-05	6.674425791307293e-07	-2.0840552553510945e-08	2.8981068860499893e-09	-4.615323800778814e-08	0.14043691250028867	0.21498221838040293	0.0006427382602881544	0.005047092737524612	0.017542585785522518	0.05735404276106407	0.05260167907528039	0.7360341263934856	0.057995278689026306	0.6124171298153983	0.00011445019404917915	0.01753542077223877	0.08483599519357905	-4.6193254543009095e-06	0.0009895760627131886
1.7252819178704275e-06	-2.3052164978432725e-05	3.6016395860014605e-06	3.406319715378485e-05	-1.700922939190099e-05	0.00021721423662168202	4.34253498049013e-07	-7.068866975696819e-07	-5.6184542038535505e-06	-3.078560942250844e-07	0.04549240456956298	0.8889972500064347	-0.0003767385625868722	-0.005512105082392655	0.009552271377739723	-0.0449573444621958	-0.047365445129054	0.10560043589799445	-0.04426370428294241	-0.43570501938479866	0.00028433509180504244	0.0106354496938821	-0.012823783086126783	1.6735598274546807e-06	-0.0007921565704389154
-0.0006890936962770946	-5.6626580414296604e-05	1.7020882555443396e-06	-7.528810854387947e-06	-9.265243088500196e-05	1.3156504903233608e-05	2.7807342018966065e-07	-5.368880525191475e-06	-3.183768957018319e-05	-1.4805680821806644e-06	-0.09529486436726019	-0.38708670842145987	-0.0006891566881782262	-0.008012735918785529	-0.025673134875442278	-0.06160658442385808	-0.05370594793700662	0.6569894042013634	-0.07280645216842956	-0.6242825761289164	-0.0008162834906217972	-0.022234986657965878	0.08043191576385438	2.374214213384902e-05	-0.007060176896227527
0.0002926020558218589	6.832724868447069e-05	8.276385978380601e-06	1.6873715834251744e-07	-9.248898587002957e-05	-0.00022989401047824635	-3.3844366346443865e-06	-7.955135677498773e-06	-3.39600289214174e-05	-8.616401804655458e-07	0.8691766621954626	-0.0933876854633911	0.0034134908056311667	0.053078212249226535	0.08097096094267846	0.2970480281286936	0.2757285897151244	-0.0567202682357907	-0.04617633729888261	-0.1705345924169581	-0.0003170908524560199	0.08400628497333769	0.1435709223867881	-8.580760304867502e-06	-0.007760760438740928
