tloc	tmcCabe	assertionDensity	assertionRoulette	mysteryGuest	eagerTest	sensitiveEquality	resourceOptimism	conditionalTestLogic	fireAndForget	loc	lcom2	lcom5	cbo	wmc	rfc	mpc	halsteadVocabulary	halsteadLength	halsteadVolume	classDataShouldBePrivate	complexClass	spaghettiCode	functionalDecomposition	godClass
6.925872618100116e-05	5.401727386746713e-06	1.9941758416531282e-07	2.2127374718225135e-05	-8.712680506953113e-07	6.880504189389789e-05	6.674425791307296e-07	-2.0840552553510783e-08	2.898106886051637e-09	-4.6153238007788004e-08	0.14043691250028878	0.21498221838040282	0.0006427382602881539	0.005047092737524613	0.017542585785522532	0.05735404276106422	0.052601679075280565	0.7360341263934861	0.05799527868902626	0.6124171298153992	0.00011445019404917945	0.017535420772238814	0.08483599519357927	-4.619325454300912e-06	0.000989576062713186
1.7252819178341398e-06	-2.3052164978489917e-05	3.6016395860014838e-06	3.4063197153784904e-05	-1.700922939190173e-05	0.00021721423662168302	4.342534980490225e-07	-7.06886697569722e-07	-5.618454203853802e-06	-3.078560942250975e-07	0.045492404569561926	0.8889972500064327	-0.000376738562586875	-0.005512105082392723	0.0095522713777396	-0.04495734446219639	-0.047365445129054426	0.10560043589800061	-0.0442637042829429	-0.4357050193848042	0.00028433509180503675	0.010635449693881931	-0.012823783086126231	1.6735598274548468e-06	-0.0007921565704389786
-0.000689093696277061	-5.662658041419869e-05	1.7020882554299343e-06	-7.5288108543858316e-06	-9.265243088500216e-05	1.3156504903230976e-05	2.7807342018961883e-07	-5.3688805251914785e-06	-3.183768957018342e-05	-1.4805680821806729e-06	-0.09529486436726109	-0.387086708421468	-0.0006891566881782276	-0.008012735918785558	-0.02567313487544254	-0.06160658442385793	-0.05370594793700636	0.6569894042013633	-0.07280645216842935	-0.6242825761289131	-0.0008162834906218012	-0.022234986657966017	0.08043191576385492	2.374214213384918e-05	-0.007060176896227562
0.0002926020558218351	6.832724868450193e-05	8.276385978306076e-06	1.6873715827882644e-07	-9.248898587003078e-05	-0.00022989401047824682	-3.3844366346443814e-06	-7.955135677498849e-06	-3.39600289214182e-05	-8.616401804655646e-07	0.8691766621954624	-0.09338768546339096	0.003413490805631177	0.05307821224922658	0.08097096094267835	0.2970480281286936	0.27572858971512443	-0.05672026823579052	-0.04617633729888329	-0.17053459241695842	-0.00031709085245602115	0.08400628497333783	0.1435709223867891	-8.580760304867222e-06	-0.007760760438740987
