tloc	tmcCabe	assertionDensity	assertionRoulette	mysteryGuest	eagerTest	sensitiveEquality	resourceOptimism	conditionalTestLogic	fireAndForget	loc	lcom2	lcom5	cbo	wmc	rfc	mpc	halsteadVocabulary	halsteadLength	halsteadVolume	classDataShouldBePrivate	complexClass	spaghettiCode	functionalDecomposition	godClass
7.224457732681856e-05	5.952671824108122e-06	2.0457973272668074e-07	2.288476528315798e-05	-5.585087621700925e-07	6.92698688554574e-05	6.979542721135505e-07	-5.540963868966886e-09	4.003287231475942e-07	-3.9854341217722156e-08	0.14015634357531037	0.21602248876382624	0.0006458630877342674	0.005071488809420844	0.017508551604142795	0.056872845161063876	0.052215690845487	0.7356114042954441	0.05801224468379305	0.6127261258096007	0.00011533936383956495	0.01748665176941598	0.08465894564159616	-4.579209903651683e-06	0.0009951974707182343
-1.0791444247944269e-06	-2.3578766050836582e-05	3.601360922724501e-06	3.332493107965293e-05	-1.731925233837419e-05	0.0002168755285652854	4.0473944936619963e-07	-7.22026034196438e-07	-6.002277857322062e-06	-3.13950365518336e-07	0.04569349194109554	0.8884641326576149	-0.00038048679960552847	-0.0055430445204103585	0.009577924119518024	-0.04457674526116457	-0.047073917749138695	0.10555918825107277	-0.04436229155165745	-0.4368415391465244	0.00028357519717797354	0.01067526782817826	-0.012725064787284355	1.6473807195919176e-06	-0.0007997091660021834
-0.00067336650358761	-5.236223343072528e-05	1.505535305515662e-06	-1.60246250155345e-06	-9.055930020105522e-05	1.5715046331485277e-05	5.154356420987549e-07	-5.2659318934324106e-06	-2.8464673665022787e-05	-1.425484668883735e-06	-0.10194507576540734	-0.3869435350974879	-0.000671250184252655	-0.007957875374783088	-0.02655892320006021	-0.06768884153169877	-0.058680548888673155	0.6579430451150158	-0.07260630827971365	-0.6213865080372499	-0.0008160753775443661	-0.023307600745265958	0.07881469328093822	2.412327545714714e-05	-0.007036347997886791
0.000352979608427943	8.417709282993275e-05	8.062241567845088e-06	1.8624972319522697e-05	-8.79846262695154e-05	-0.00022615829170310382	-2.626051850269832e-06	-7.827630918670943e-06	-2.3288606004606262e-05	-6.907938397143066e-07	0.8747633266906205	-0.09844934487224408	0.0035556087552123428	0.05471664841836938	0.0803444550717398	0.285571626440081	0.2671266220291871	-0.050003723833176625	-0.047696495165283	-0.1749529000475067	-0.00032444809630197813	0.08288953820570806	0.14286278838080807	-7.4774513848430974e-06	-0.007917276848831017
