tloc	tmcCabe	assertionDensity	assertionRoulette	mysteryGuest	eagerTest	sensitiveEquality	resourceOptimism	conditionalTestLogic	fireAndForget	loc	lcom2	lcom5	cbo	wmc	rfc	mpc	halsteadVocabulary	halsteadLength	halsteadVolume	classDataShouldBePrivate	complexClass	spaghettiCode	functionalDecomposition	godClass
6.925872618085184e-05	5.401727386746985e-06	1.9941758416531102e-07	2.2127374718225125e-05	-8.712680506952675e-07	6.880504189389783e-05	6.674425791307327e-07	-2.0840552553508774e-08	2.8981068860733154e-09	-4.6153238007787574e-08	0.14043691250028859	0.2149822183804026	0.0006427382602881543	0.005047092737524622	0.017542585785522515	0.05735404276106407	0.052601679075280586	0.7360341263934851	0.05799527868902634	0.6124171298153995	0.00011445019404917921	0.01753542077223878	0.08483599519357918	-4.619325454300926e-06	0.0009895760627131897
1.7252819178621923e-06	-2.3052164978603985e-05	3.601639586001483e-06	3.406319715378485e-05	-1.7009229391902015e-05	0.0002172142366216833	4.3425349804901314e-07	-7.068866975697399e-07	-5.618454203853977e-06	-3.0785609422510247e-07	0.045492404569561946	0.8889972500064303	-0.0003767385625868776	-0.005512105082392735	0.009552271377739553	-0.04495734446219658	-0.047365445129054426	0.10560043589800366	-0.04426370428294323	-0.4357050193848065	0.00028433509180503426	0.010635449693881919	-0.01282378308612575	1.673559827454936e-06	-0.0007921565704390036
-0.0006890936962769888	-5.6626580414222485e-05	1.702088255604264e-06	-7.5288108543858485e-06	-9.26524308850018e-05	1.3156504903230723e-05	2.780734201896555e-07	-5.3688805251914616e-06	-3.183768957018316e-05	-1.4805680821806619e-06	-0.0952948643672602	-0.3870867084214711	-0.0006891566881782219	-0.008012735918785483	-0.025673134875442385	-0.0616065844238575	-0.05370594793700595	0.6569894042013625	-0.07280645216842903	-0.62428257612891	-0.0008162834906218004	-0.022234986657965944	0.08043191576385489	2.374214213384902e-05	-0.007060176896227527
0.0002926020558218557	6.832724868449659e-05	8.276385978296201e-06	1.6873715822567303e-07	-9.248898587003899e-05	-0.00022989401047826492	-3.384436634645718e-06	-7.955135677499357e-06	-3.39600289214267e-05	-8.616401804657207e-07	0.8691766621954551	-0.09338768546338996	0.0034134908056312157	0.053078212249226875	0.08097096094267889	0.2970480281287021	0.2757285897151326	-0.05672026823579131	-0.04617633729888438	-0.17053459241695812	-0.00031709085245607823	0.08400628497333916	0.14357092238679545	-8.580760304864717e-06	-0.007760760438741661
