tloc	tmcCabe	assertionDensity	assertionRoulette	mysteryGuest	eagerTest	sensitiveEquality	resourceOptimism	conditionalTestLogic	fireAndForget	loc	lcom2	lcom5	cbo	wmc	rfc	mpc	halsteadVocabulary	halsteadLength	halsteadVolume	classDataShouldBePrivate	complexClass	spaghettiCode	functionalDecomposition	godClass
0.00012718757948343806	8.512765030156012e-07	1.3526951788645789e-06	4.0563687646046385e-05	3.3847285776999645e-06	0.00017672582486209055	2.255872920933078e-06	3.5161599963913497e-07	8.557908573102885e-06	1.1527515282966077e-07	0.12858415454649297	0.5577254730099278	0.000249677024461184	0.000868091748002582	0.017337714972895907	0.017355474587503274	0.01266843021488679	0.7246167340200669	0.03690622122131581	0.375719153798316	0.0002755208405694639	0.016871242020780778	0.06132699483899778	-6.130941232305472e-06	0.001780711623969977
-0.0002682321133546206	-4.448228052568818e-05	4.469279198763668e-06	-2.891783640426539e-06	-5.823907165837428e-05	7.263020826434785e-05	-5.460007964067729e-06	-3.2035885791233834e-06	-4.8440897654303174e-05	-1.360573492167284e-06	0.05687477156368186	0.7363462821999485	0.00011258982442251668	-0.0014476112457281049	0.011842105917446465	0.001262377291088765	-0.0016102062278567988	-0.25142695346116656	-0.07150870041923936	-0.6210988223707105	9.24684041496402e-06	0.016337852261784337	-0.004521560047380773	1.3755794902211641e-05	-0.005716068749777981
-0.0007790135525744639	-6.924675868498621e-05	2.311920838999973e-06	-1.7763432425775386e-05	-0.00010952022056967104	-1.4304739422516824e-05	-1.9734498416277068e-06	-6.4019410365524966e-06	-4.649720334731966e-05	-1.8689728058523806e-06	-0.07325898466878869	-0.35237279858127507	-0.0004839285719955981	-0.007076273355696371	-0.0227878458407936	-0.042829573991734544	-0.03575477952502956	0.6315535700491457	-0.08169603566773484	-0.6722117639423661	-0.0008987197253459682	-0.018037604646694627	0.09472595965352211	2.674189094279428e-05	-0.009030752277222854
0.0018338020010963147	5.04360113223133e-05	1.112778509839316e-05	6.0850534330802215e-05	9.57134222609271e-05	0.00012096984416124941	2.533543442525189e-05	8.08479108326127e-07	0.0001231830162796409	4.551883951286299e-06	0.9621696066396358	-0.14699448246645794	0.0017216072386421174	0.016829833537868297	0.057032770425151036	0.14609095249461004	0.12432221381144377	-0.03471211164771967	-0.018903703157738136	-0.06835732863240548	0.0007765146214756276	0.042430089552567295	0.06437763401635076	-7.226403251962889e-05	0.01004651425380343
