tloc	tmcCabe	assertionDensity	assertionRoulette	mysteryGuest	eagerTest	sensitiveEquality	resourceOptimism	conditionalTestLogic	fireAndForget	loc	lcom2	lcom5	cbo	wmc	rfc	mpc	halsteadVocabulary	halsteadLength	halsteadVolume	classDataShouldBePrivate	complexClass	spaghettiCode	functionalDecomposition	godClass
7.224457732679834e-05	5.952671824108107e-06	2.0457973272668222e-07	2.2884765283158018e-05	-5.585087621700938e-07	6.926986885545762e-05	6.979542721135548e-07	-5.5409638689671545e-09	4.003287231475937e-07	-3.9854341217721905e-08	0.14015634357531076	0.21602248876382704	0.0006458630877342671	0.005071488809420841	0.017508551604142802	0.056872845161063855	0.052215690845486946	0.7356114042954441	0.058012244683793075	0.6127261258096011	0.00011533936383956488	0.01748665176941603	0.08465894564159612	-4.5792099036516955e-06	0.0009951974707182406
-1.0791444247957084e-06	-2.3578766050879496e-05	3.601360922724493e-06	3.3324931079653015e-05	-1.731925233837361e-05	0.00021687552856528543	4.04739449366196e-07	-7.220260341964034e-07	-6.002277857321874e-06	-3.1395036551832617e-07	0.04569349194109653	0.888464132657617	-0.0003804867996055228	-0.005543044520410328	0.009577924119518178	-0.04457674526116431	-0.04707391774913844	0.10555918825106865	-0.04436229155165689	-0.43684153914652163	0.00028357519717797793	0.010675267828178353	-0.012725064787284985	1.647380719591781e-06	-0.0007997091660021415
-0.0006733665035876415	-5.2362233430597413e-05	1.5055353054794326e-06	-1.6024625015525945e-06	-9.055930020105513e-05	1.571504633148814e-05	5.154356420988197e-07	-5.2659318934324e-06	-2.8464673665022638e-05	-1.4254846688837305e-06	-0.10194507576540772	-0.3869435350974832	-0.000671250184252663	-0.007957875374783221	-0.02655892320006031	-0.06768884153169961	-0.058680548888673995	0.6579430451150172	-0.07260630827971394	-0.621386508037252	-0.0008160753775443645	-0.023307600745266055	0.07881469328093778	2.4123275457147017e-05	-0.007036347997886731
0.00035297960842794	8.41770928299895e-05	8.062241567835873e-06	1.8624972319342814e-05	-8.798462626951645e-05	-0.0002261582917031068	-2.626051850269967e-06	-7.827630918671016e-06	-2.3288606004607153e-05	-6.907938397143317e-07	0.8747633266906194	-0.09844934487224476	0.003555608755212352	0.05471664841836934	0.08034445507173973	0.28557162644008316	0.2671266220291877	-0.05000372383317622	-0.04769649516528346	-0.17495290004750738	-0.0003244480963019873	0.08288953820570807	0.1428627883808092	-7.47745138484276e-06	-0.00791727684883113
