tloc	tmcCabe	assertionDensity	assertionRoulette	mysteryGuest	eagerTest	sensitiveEquality	resourceOptimism	conditionalTestLogic	fireAndForget	loc	lcom2	lcom5	cbo	wmc	rfc	mpc	halsteadVocabulary	halsteadLength	halsteadVolume	classDataShouldBePrivate	complexClass	spaghettiCode	functionalDecomposition	godClass
6.925872618086634e-05	5.4017273867469834e-06	1.9941758416531213e-07	2.212737471822513e-05	-8.712680506952769e-07	6.880504189389801e-05	6.674425791307348e-07	-2.084055255350998e-08	2.898106886062201e-09	-4.6153238007787435e-08	0.14043691250028864	0.21498221838040302	0.0006427382602881545	0.005047092737524606	0.017542585785522563	0.05735404276106418	0.05260167907528044	0.7360341263934858	0.05799527868902637	0.6124171298153988	0.00011445019404917959	0.01753542077223879	0.08483599519357927	-4.6193254543009264e-06	0.000989576062713187
1.725281917850316e-06	-2.305216497856563e-05	3.601639586001493e-06	3.406319715378478e-05	-1.700922939190198e-05	0.00021721423662168264	4.3425349804902166e-07	-7.068866975697358e-07	-5.618454203853891e-06	-3.0785609422510157e-07	0.04549240456956166	0.8889972500064297	-0.0003767385625868778	-0.005512105082392749	0.009552271377739487	-0.04495734446219654	-0.0473654451290545	0.10560043589800315	-0.04426370428294316	-0.43570501938480677	0.00028433509180503323	0.010635449693881862	-0.012823783086126014	1.673559827454928e-06	-0.000792156570439007
-0.0006890936962771138	-5.66265804143616e-05	1.7020882555870515e-06	-7.5288108543847355e-06	-9.265243088500184e-05	1.3156504903231502e-05	2.780734201897462e-07	-5.36888052519146e-06	-3.183768957018299e-05	-1.4805680821806602e-06	-0.09529486436726047	-0.3870867084214716	-0.0006891566881782251	-0.008012735918785527	-0.025673134875442503	-0.06160658442385806	-0.05370594793700641	0.6569894042013626	-0.07280645216842904	-0.6242825761289109	-0.000816283490621799	-0.02223498665796607	0.08043191576385464	2.3742142133849013e-05	-0.007060176896227488
0.0002926020558218467	6.832724868447689e-05	8.276385978326249e-06	1.6873715835771432e-07	-9.24889858700326e-05	-0.00022989401047825183	-3.3844366346447702e-06	-7.955135677498956e-06	-3.3960028921420055e-05	-8.616401804655954e-07	0.8691766621954596	-0.09338768546339062	0.0034134908056311837	0.053078212249226625	0.0809709609426788	0.2970480281286969	0.2757285897151275	-0.05672026823579079	-0.04617633729888401	-0.17053459241695812	-0.0003170908524560338	0.08400628497333823	0.14357092238679037	-8.580760304866622e-06	-0.007760760438741222
