tloc	tmcCabe	assertionDensity	assertionRoulette	mysteryGuest	eagerTest	sensitiveEquality	resourceOptimism	conditionalTestLogic	fireAndForget	loc	lcom2	lcom5	cbo	wmc	rfc	mpc	halsteadVocabulary	halsteadLength	halsteadVolume	classDataShouldBePrivate	complexClass	spaghettiCode	functionalDecomposition	godClass
0.00012718757948325884	8.512765030155788e-07	1.3526951788645808e-06	4.056368764604634e-05	3.384728577699957e-06	0.00017672582486209085	2.255872920933072e-06	3.516159996391342e-07	8.557908573102878e-06	1.1527515282966092e-07	0.12858415454649305	0.557725473009928	0.000249677024461184	0.0008680917480025814	0.017337714972895893	0.017355474587503222	0.01266843021488679	0.7246167340200671	0.036906221221315726	0.3757191537983154	0.0002755208405694641	0.016871242020780754	0.06132699483899772	-6.130941232305469e-06	0.0017807116239699728
-0.0002682321133545253	-4.4482280525688344e-05	4.469279198763742e-06	-2.8917836404266085e-06	-5.823907165837442e-05	7.263020826434781e-05	-5.460007964067739e-06	-3.2035885791233927e-06	-4.8440897654303296e-05	-1.3605734921672872e-06	0.05687477156368179	0.7363462821999491	0.00011258982442251642	-0.0014476112457281127	0.01184210591744647	0.0012623772910887476	-0.0016102062278568292	-0.25142695346116717	-0.07150870041923948	-0.6210988223707112	9.246840414964897e-06	0.016337852261784396	-0.004521560047380858	1.375579490221168e-05	-0.0057160687497779875
-0.0007790135525744012	-6.924675868491929e-05	2.3119208388387204e-06	-1.776343242577459e-05	-0.00010952022056967099	-1.430473942251701e-05	-1.9734498416277042e-06	-6.401941036552493e-06	-4.649720334731962e-05	-1.8689728058523853e-06	-0.07325898466878936	-0.3523727985812757	-0.00048392857199559895	-0.007076273355696385	-0.022787845840793644	-0.04282957399173475	-0.03575477952502967	0.6315535700491461	-0.08169603566773495	-0.6722117639423675	-0.0008987197253459696	-0.018037604646694697	0.09472595965352193	2.6741890942794272e-05	-0.009030752277222883
0.001833802001096333	5.0436011322311974e-05	1.1127785098396812e-05	6.085053433099862e-05	9.571342226092491e-05	0.00012096984416124427	2.5335434425251415e-05	8.084791083258375e-07	0.00012318301627963944	4.55188395128639e-06	0.9621696066396349	-0.14699448246645824	0.0017216072386421098	0.016829833537868447	0.05703277042515178	0.14609095249461534	0.12432221381144835	-0.03471211164771951	-0.018903703157738667	-0.06835732863240611	0.0007765146214755841	0.04243008955256813	0.06437763401635295	-7.226403251962883e-05	0.010046514253804026
