tloc	tmcCabe	assertionDensity	assertionRoulette	mysteryGuest	eagerTest	sensitiveEquality	resourceOptimism	conditionalTestLogic	fireAndForget	loc	lcom2	lcom5	cbo	wmc	rfc	mpc	halsteadVocabulary	halsteadLength	halsteadVolume	classDataShouldBePrivate	complexClass	spaghettiCode	functionalDecomposition	godClass
6.925872618066086e-05	5.401727386742597e-06	1.9941758416531155e-07	2.2127374718225182e-05	-8.712680506953159e-07	6.880504189389787e-05	6.674425791307297e-07	-2.0840552553511762e-08	2.898106886042774e-09	-4.6153238007788176e-08	0.14043691250028864	0.21498221838040327	0.0006427382602881546	0.00504709273752462	0.01754258578552255	0.057354042761064254	0.0526016790752806	0.7360341263934854	0.05799527868902643	0.6124171298153989	0.00011445019404917913	0.017535420772238818	0.0848359951935794	-4.619325454300921e-06	0.0009895760627131886
1.7252819178721364e-06	-2.3052164978672293e-05	3.6016395860014787e-06	3.40631971537848e-05	-1.700922939190114e-05	0.0002172142366216829	4.3425349804901705e-07	-7.068866975696896e-07	-5.618454203853602e-06	-3.0785609422508823e-07	0.04549240456956288	0.8889972500064336	-0.0003767385625868703	-0.00551210508239265	0.009552271377739733	-0.04495734446219587	-0.047365445129054	0.10560043589799661	-0.044263704282942566	-0.43570501938480083	0.00028433509180504076	0.010635449693882084	-0.01282378308612666	1.6735598274547148e-06	-0.0007921565704389409
-0.000689093696276926	-5.662658041427366e-05	1.7020882556877173e-06	-7.5288108543854224e-06	-9.265243088500199e-05	1.3156504903232409e-05	2.7807342018964233e-07	-5.368880525191472e-06	-3.183768957018327e-05	-1.4805680821806701e-06	-0.09529486436726042	-0.38708670842146264	-0.0006891566881782252	-0.008012735918785522	-0.02567313487544234	-0.06160658442385793	-0.05370594793700638	0.6569894042013636	-0.07280645216842943	-0.6242825761289146	-0.000816283490621794	-0.022234986657965892	0.0804319157638545	2.3742142133849125e-05	-0.007060176896227508
0.00029260205582176663	6.832724868446293e-05	8.276385978339088e-06	1.6873715825549492e-07	-9.248898587003495e-05	-0.00022989401047825676	-3.3844366346450904e-06	-7.955135677499107e-06	-3.3960028921422616e-05	-8.616401804656492e-07	0.8691766621954582	-0.09338768546339077	0.003413490805631195	0.05307821224922686	0.08097096094267886	0.2970480281286986	0.27572858971512965	-0.056720268235790926	-0.04617633729888404	-0.17053459241695829	-0.00031709085245604815	0.08400628497333859	0.14357092238679248	-8.580760304865867e-06	-0.007760760438741382
