,tp,fp,tn,fn,precision,recall,accuracy,inspection_rate,f1_score,mcc,auc_pr
0,0.0,3.0,64.0,5.0,0.0,0.0,0.8888888888888888,0.041666666666666664,0.0,-0.056961797141151044,0.0592979242669481
1,1.0,5.0,53.0,4.0,0.16666666666666666,0.2,0.8571428571428571,0.09523809523809523,0.1818181818181818,0.10478566837903289,0.06664120193531958
2,0.0,4.0,67.0,2.0,0.0,0.0,0.9178082191780822,0.0547945205479452,0.0,-0.04041022548488858,0.028606314320600033
3,0.0,7.0,66.0,4.0,0.0,0.0,0.8571428571428571,0.09090909090909091,0.0,-0.07402332101976052,0.04093644679826673
4,0.0,7.0,67.0,3.0,0.0,0.0,0.8701298701298701,0.09090909090909091,0.0,-0.06367145399670132,0.05579670592728274
5,0.0,9.0,63.0,5.0,0.0,0.0,0.8181818181818182,0.11688311688311688,0.0,-0.0958706236059213,0.03627249970518552
6,0.0,2.0,51.0,3.0,0.0,0.0,0.9107142857142857,0.03571428571428571,0.0,-0.04578685464956301,0.03246124031007752
7,0.0,1.0,57.0,10.0,0.0,0.0,0.8382352941176471,0.014705882352941176,0.0,-0.05072810065017076,0.21541579687497536
8,0.0,2.0,65.0,1.0,0.0,0.0,0.9558823529411765,0.029411764705882353,0.0,-0.021266970502955673,0.010638297872340425
9,0.0,3.0,59.0,1.0,0.0,0.0,0.9365079365079365,0.047619047619047616,0.0,-0.028398091712353243,0.00980392156862745
10,1.0,43.0,612.0,38.0,0.022727272727272728,0.02564102564102564,0.8832853025936599,0.06178515615461626,0.024096385542168676,-0.03781071811538158,0.05558703495796234
