tloc	tmcCabe	assertionDensity	assertionRoulette	mysteryGuest	eagerTest	sensitiveEquality	resourceOptimism	conditionalTestLogic	fireAndForget	loc	lcom2	lcom5	cbo	wmc	rfc	mpc	halsteadVocabulary	halsteadLength	halsteadVolume	classDataShouldBePrivate	complexClass	spaghettiCode	functionalDecomposition	godClass
7.035384385367415e-05	5.4086300275681354e-06	2.2576102754590093e-07	2.2716162789740198e-05	-9.35100377900887e-07	6.819116671747796e-05	6.58775983585922e-07	-2.4775368953459292e-08	5.082332288057433e-08	-4.7080417360327034e-08	0.14044537323010509	0.21458695359710672	0.0006433875266395756	0.005049092806669728	0.01752630769911615	0.057412272479486465	0.052666186774091704	0.7361190039005991	0.05798315457352116	0.6124279486086573	0.00011445857076862259	0.017520657249946222	0.08494326070081365	-4.558423740811725e-06	0.000990396177429029
