tloc	tmcCabe	assertionDensity	assertionRoulette	mysteryGuest	eagerTest	sensitiveEquality	resourceOptimism	conditionalTestLogic	fireAndForget	loc	lcom2	lcom5	cbo	wmc	rfc	mpc	halsteadVocabulary	halsteadLength	halsteadVolume	classDataShouldBePrivate	complexClass	spaghettiCode	functionalDecomposition	godClass
6.925657594318095e-05	5.466715082211229e-06	2.068184569230748e-07	2.214155006734167e-05	-8.723239379772166e-07	6.880789082665735e-05	6.686209414183211e-07	-2.09560693392508e-08	1.1672546339804425e-08	-4.5021908821891204e-08	0.14043637084885155	0.2150157080348088	0.0006427559090284146	0.005047484353374323	0.017543754398581485	0.057354252169944026	0.05260147165365277	0.7360443547557028	0.05799031081153199	0.6123919382162808	0.00011446558439514802	0.01753790928608817	0.0848477294401894	-4.603694475617686e-06	0.000989691797727218
7.38796003584876e-07	-2.306195262543961e-05	3.5847613270114065e-06	3.3911154376553405e-05	-1.7064265264273754e-05	0.00021698482380169454	4.2930135236173865e-07	-7.096116921570407e-07	-5.664959364734373e-06	-3.0978241712594156e-07	0.04548474711130081	0.8889805812036752	-0.00037685730431162654	-0.005513744749974231	0.009548010864344082	-0.0449628808155323	-0.04736944264208596	0.10558477577110531	-0.04426342305026098	-0.43574203467690725	0.0002842542594099331	0.010629804124248347	-0.012851606143418372	1.661112564949207e-06	-0.0007928815967974221
