tloc	tmcCabe	assertionDensity	assertionRoulette	mysteryGuest	eagerTest	sensitiveEquality	resourceOptimism	conditionalTestLogic	fireAndForget	loc	lcom2	lcom5	cbo	wmc	rfc	mpc	halsteadVocabulary	halsteadLength	halsteadVolume	classDataShouldBePrivate	complexClass	spaghettiCode	functionalDecomposition	godClass
6.951920911483178e-05	5.470066621061521e-06	2.0696231876209197e-07	2.221084993966275e-05	-8.51738439194217e-07	6.88005041843144e-05	6.69860361709313e-07	-2.178216024322204e-08	1.298037933862619e-07	-4.662290028449737e-08	0.14043635778085253	0.2149761536099397	0.0006427188634866428	0.0050483034580213046	0.017542836457036592	0.05735426424644815	0.052601869657136736	0.7360324893698855	0.05799631530379582	0.6124211948136589	0.00011444979141947156	0.01753506809413768	0.08483611372927134	-4.617552634908917e-06	0.0009894628695734126
