tloc	tmcCabe	assertionDensity	assertionRoulette	mysteryGuest	eagerTest	sensitiveEquality	resourceOptimism	conditionalTestLogic	fireAndForget	loc	lcom2	lcom5	cbo	wmc	rfc	mpc	halsteadVocabulary	halsteadLength	halsteadVolume	classDataShouldBePrivate	complexClass	spaghettiCode	functionalDecomposition	godClass
6.974083973111554e-05	5.6098419433669815e-06	1.6450527756959612e-07	2.219461009258686e-05	-1.2984450357536161e-06	6.824396220288092e-05	6.432795226074901e-07	-3.803647747370068e-08	1.146207831318665e-08	-4.9349310949862635e-08	0.14054662177299182	0.21526593587925183	0.0006431764925809632	0.005058209467772809	0.017552442620752624	0.05741281969062712	0.052657534373495705	0.7361590131350176	0.05793805243007308	0.6121228239054509	0.00011546294448707485	0.017553021120649364	0.0849336107853952	-4.671304870162455e-06	0.000988174371212677
7.973029005083029e-07	-2.313029189801552e-05	3.607532180440684e-06	3.402306709997739e-05	-1.6949728305114306e-05	0.00021743742626206206	4.395631771011765e-07	-7.057293145827172e-07	-5.692699409910416e-06	-3.106477217758245e-07	0.04521164698019834	0.8889885631939725	-0.00037771803178287487	-0.005531500175965397	0.009521249760506287	-0.04509540087399411	-0.04749274867384889	0.10524312868428874	-0.04423508642226036	-0.4358099910149944	0.0002835383924872373	0.010610310705065495	-0.0129670735202634	1.681776851536161e-06	-0.0007937902050525325
