tloc	tmcCabe	assertionDensity	assertionRoulette	mysteryGuest	eagerTest	sensitiveEquality	resourceOptimism	conditionalTestLogic	fireAndForget	loc	lcom2	lcom5	cbo	wmc	rfc	mpc	halsteadVocabulary	halsteadLength	halsteadVolume	classDataShouldBePrivate	complexClass	spaghettiCode	functionalDecomposition	godClass
6.915860879746413e-05	5.315114143386945e-06	1.9478046555196631e-07	2.207875681958387e-05	-9.459639873134723e-07	6.916199034175478e-05	7.332914302977725e-07	-2.4455324153082812e-08	-6.894644623866178e-08	-4.795431565450843e-08	0.14070225542304218	0.21523855064977523	0.0006426991222981483	0.005047848983664926	0.017555340145808618	0.05737164299065188	0.05261380780790142	0.7360134603109809	0.05797612931822321	0.6122881436998256	0.00011439015298610929	0.01754377001872177	0.08484596504330706	-4.631969855705833e-06	0.000989215193310911
2.3973522808671083e-06	-2.262407329577813e-05	3.6433821222907062e-06	3.4469922439146475e-05	-1.6659762864026026e-05	0.0002153863761644102	1.4316591808966216e-07	-6.898062982258199e-07	-5.250514317410474e-06	-2.992697107396135e-07	0.04393999242597616	0.8888170559573235	-0.0003812507075872836	-0.005532258317552108	0.009472072581008515	-0.045204064363435846	-0.04757545667037893	0.105930180440752	-0.04427210153581752	-0.436103238870722	0.00028518539265296405	0.010568251249448926	-0.012903978327182417	1.7447273609474836e-06	-0.0007923397920611807
-0.0006954817428759384	-5.791511582915559e-05	1.5448556151944684e-06	-9.232523980664475e-06	-9.400489364346817e-05	1.618921824527739e-05	8.069789512828894e-07	-5.441539741952523e-06	-3.2939242575310496e-05	-1.510428852145659e-06	-0.09064281638451077	-0.38820286272177695	-0.0006672317273585052	-0.007928210780346516	-0.025440477550769273	-0.06082074006585005	-0.05302111375269473	0.656683023879291	-0.07292917909821547	-0.6246887147542859	-0.0008213804244602205	-0.02204247023848586	0.08085152066810307	2.358294691305513e-05	-0.007087724891949905
