tloc	tmcCabe	assertionDensity	assertionRoulette	mysteryGuest	eagerTest	sensitiveEquality	resourceOptimism	conditionalTestLogic	fireAndForget	loc	lcom2	lcom5	cbo	wmc	rfc	mpc	halsteadVocabulary	halsteadLength	halsteadVolume	classDataShouldBePrivate	complexClass	spaghettiCode	functionalDecomposition	godClass
8.440994772046498e-05	1.2448319008195377e-05	-7.682206833820755e-07	1.0337184960101942e-05	3.0943776135792752e-06	9.032362756031608e-06	-1.0268725151603153e-07	1.726013238708281e-07	2.5857199516756394e-06	3.672109785004612e-08	0.13827532057390815	0.02576341693817503	0.0007472949210277084	0.00659529682486538	0.016202876754518467	0.07025973462460967	0.06572969591494635	0.6792481272994111	0.06735163928229838	0.7050433357925597	5.575559807573391e-05	0.016025582016252753	0.08598789432205532	-5.268486072660133e-06	0.001286179724480586
0.00039673454266950887	1.7637579661017723e-05	-2.0338890035633846e-06	1.5138942463141173e-05	1.8990591859970063e-06	0.00018478813404684483	1.438303176056408e-06	7.360358920685935e-07	1.46839497872244e-05	1.6731762190973754e-07	0.1393010950324139	0.9881590129352462	-3.44037908248222e-05	0.002267097785436846	0.024943284928542624	0.019280829155180507	0.010551100915989898	-0.030724877228665362	-0.0032779652471554483	-0.036370809783198316	0.0005991653064831443	0.025314972516387074	-0.01003694003174408	-8.675541973845681e-06	0.0026167288207610126
