tloc	tmcCabe	assertionDensity	assertionRoulette	mysteryGuest	eagerTest	sensitiveEquality	resourceOptimism	conditionalTestLogic	fireAndForget	loc	lcom2	lcom5	cbo	wmc	rfc	mpc	halsteadVocabulary	halsteadLength	halsteadVolume	classDataShouldBePrivate	complexClass	spaghettiCode	functionalDecomposition	godClass
6.930919013682857e-05	5.39089202885414e-06	1.8797757731495392e-07	2.1997955342764197e-05	-7.536434775898458e-07	6.879377994544891e-05	6.758565707275839e-07	-1.7930489165045593e-08	-2.0244882245342444e-08	-4.7685076158671576e-08	0.14045624391541164	0.21503707366047348	0.0006427745644774513	0.00504765870663222	0.0175440691636694	0.057369480397537954	0.052617020330201686	0.736086695703145	0.057978405583765144	0.6123250385362069	0.00011438642017192927	0.017539848622286382	0.08486392508975224	-4.563944581280495e-06	0.0009893717441082919
