tloc	tmcCabe	assertionDensity	assertionRoulette	mysteryGuest	eagerTest	sensitiveEquality	resourceOptimism	conditionalTestLogic	fireAndForget	loc	lcom2	lcom5	cbo	wmc	rfc	mpc	halsteadVocabulary	halsteadLength	halsteadVolume	classDataShouldBePrivate	complexClass	spaghettiCode	functionalDecomposition	godClass
6.861631547942517e-05	5.3519020837044066e-06	1.956758724798085e-07	2.1962774333523283e-05	-1.0607097710082567e-06	6.890266527633294e-05	6.562780995951907e-07	-2.931185025646673e-08	-2.1064819325792344e-07	-3.7525978684519506e-08	0.1404730330830227	0.21519434661444378	0.0006431892301933707	0.005046270195086167	0.017550019437661844	0.057385054959590946	0.052630115249018096	0.7361172550577423	0.057960038082984916	0.6122204045861983	0.00011474314608292047	0.017550148007330735	0.08491791380422356	-4.525977635537904e-06	0.0009894167047692804
1.5430889533868905e-06	-2.3019216984678256e-05	3.581951279368991e-06	3.371874090953439e-05	-1.701045796397257e-05	0.00021571450658219298	4.344136156377066e-07	-7.303135151775884e-07	-5.307123442622853e-06	-3.0849381100359527e-07	0.0454091426469323	0.8888008879895537	-0.0003774742513442795	-0.0055188769062649015	0.00951881097670359	-0.04508027309451483	-0.04746804354510998	0.10563306854909037	-0.04428372111125487	-0.4360787591994935	0.00028385740683993424	0.010597205005094599	-0.012930553262764191	1.6487779681487512e-06	-0.0007939881850545627
