tloc	tmcCabe	assertionDensity	assertionRoulette	mysteryGuest	eagerTest	sensitiveEquality	resourceOptimism	conditionalTestLogic	fireAndForget	loc	lcom2	lcom5	cbo	wmc	rfc	mpc	halsteadVocabulary	halsteadLength	halsteadVolume	classDataShouldBePrivate	complexClass	spaghettiCode	functionalDecomposition	godClass
6.803379241349633e-05	5.694440635650368e-06	2.2239307450368266e-07	2.223781851605622e-05	-1.08037918241739e-06	6.827086280286073e-05	6.050024191793044e-07	-2.9829653211885154e-08	-7.982948058946448e-07	-5.051300937192663e-08	0.14063020206263302	0.2164832056430405	0.0006439099164041619	0.005080751939901984	0.017591041656781763	0.057744056654830934	0.05297563795486516	0.7348677733655906	0.05802488473842887	0.6131534308454509	0.00011538522530105445	0.017591834029758245	0.08495025998693986	-4.164508738665813e-06	0.0009982263882934998
