tloc	tmcCabe	assertionDensity	assertionRoulette	mysteryGuest	eagerTest	sensitiveEquality	resourceOptimism	conditionalTestLogic	fireAndForget	loc	lcom2	lcom5	cbo	wmc	rfc	mpc	halsteadVocabulary	halsteadLength	halsteadVolume	classDataShouldBePrivate	complexClass	spaghettiCode	functionalDecomposition	godClass
6.322140099802371e-05	4.941083354744614e-06	1.3810582614098454e-07	2.209582919725504e-05	-1.316147049162822e-06	6.82312729448159e-05	6.556455653115233e-07	-2.354178720636281e-08	-1.0004272401936365e-06	-5.601387989135e-08	0.14073999318929892	0.21389919234600346	0.0006442075006213079	0.005075834263172486	0.017518370274395366	0.05775660790445938	0.053015992156946336	0.73772190904357	0.057655252376069575	0.6105354740878273	0.0001151882094875314	0.017582671103229794	0.08566424073933641	-4.510569885023383e-06	0.0009762199255437781
-5.428452917242502e-06	-2.3090894904014368e-05	3.7550018332671523e-06	3.70643295622092e-05	-1.6255414415901036e-05	0.00022418208853557684	4.0571752507024834e-07	-6.265101414924176e-07	-3.336052175746473e-06	-2.9201719083357377e-07	0.04483074563478066	0.8879897278103022	-0.00037937513711353265	-0.005612943720835006	0.009243241107220239	-0.04696693367141638	-0.0492465990299677	0.10746406767686419	-0.044211784574336964	-0.4369317873832961	0.00028899334732583604	0.010234858526079114	-0.014077055876776424	1.5799702676548307e-06	-0.0007708488577230778
