tloc	tmcCabe	assertionDensity	assertionRoulette	mysteryGuest	eagerTest	sensitiveEquality	resourceOptimism	conditionalTestLogic	fireAndForget	loc	lcom2	lcom5	cbo	wmc	rfc	mpc	halsteadVocabulary	halsteadLength	halsteadVolume	classDataShouldBePrivate	complexClass	spaghettiCode	functionalDecomposition	godClass
6.645200258671496e-05	5.2453780176496505e-06	1.8524317698988594e-07	2.184374198419942e-05	-1.198954683753239e-06	6.878521454279436e-05	6.420913656732131e-07	-3.595731955023915e-08	-2.547965670132158e-07	-5.689583280963759e-08	0.1404068503959996	0.2151713275982895	0.0006433922255735057	0.005047681567158841	0.017540693204637674	0.05740533124319752	0.05265525076507048	0.736280079282296	0.05792685727144859	0.6120382404079519	0.00011302060348242182	0.0175557769061313	0.08498124848039024	-4.463322328061726e-06	0.0009877681140635682
