tloc	tmcCabe	assertionDensity	assertionRoulette	mysteryGuest	eagerTest	sensitiveEquality	resourceOptimism	conditionalTestLogic	fireAndForget	loc	lcom2	lcom5	cbo	wmc	rfc	mpc	halsteadVocabulary	halsteadLength	halsteadVolume	classDataShouldBePrivate	complexClass	spaghettiCode	functionalDecomposition	godClass
6.305241705905358e-05	4.499233901722366e-06	3.379518324267469e-07	2.2861823854467482e-05	-2.4504059979898397e-06	7.157238940437708e-05	4.841055129791312e-07	-2.7479119022543127e-07	-1.445386375013978e-06	-4.892214229590516e-08	0.13966751085231133	0.2215418533586997	0.0006799637891248921	0.005229486193046987	0.018132821200292432	0.060277205872714595	0.05537304420259678	0.7338290372639475	0.05755108591086511	0.6122478781278498	7.423487351410145e-05	0.018211707181027884	0.08578586773656256	-4.419431605464331e-06	0.0007243716525669039
-8.223424482982048e-06	-2.394622383642194e-05	3.920349373954699e-06	3.4873559123493737e-05	-1.762127032359857e-05	0.00023179263286274965	1.0689318298397463e-06	-5.193699764700163e-07	-4.368364175968831e-06	-3.1623347807277107e-07	0.03067320444582464	0.8754363872687001	-0.0004729945826627837	-0.006679542792708209	0.007831407908299837	-0.05619944792800888	-0.05791469811315304	0.12462370546021784	-0.04550584100296904	-0.45616839605797976	0.00040913224087868184	0.008692707821376617	-0.01684952154744212	1.6874451466914718e-06	-0.0006908292513292248
