tloc	tmcCabe	assertionDensity	assertionRoulette	mysteryGuest	eagerTest	sensitiveEquality	resourceOptimism	conditionalTestLogic	fireAndForget	loc	lcom2	lcom5	cbo	wmc	rfc	mpc	halsteadVocabulary	halsteadLength	halsteadVolume	classDataShouldBePrivate	complexClass	spaghettiCode	functionalDecomposition	godClass
6.809794261997523e-05	5.1858825877377354e-06	1.9453017609879224e-07	2.2320048062856436e-05	-1.0889215600445196e-06	6.891918999071945e-05	6.677022032696892e-07	-3.563594964790232e-08	-2.721343149485821e-07	-4.4120887182167375e-08	0.14041217047550233	0.2151008372738626	0.0006429615655417515	0.005041323633865647	0.017542800985951186	0.057381194216194094	0.052628650306218175	0.7362232622085283	0.05794885751589523	0.6121401587686387	0.00011416657345287173	0.017553220748840772	0.08492761955469844	-4.5515706411042125e-06	0.0009605839084005925
