tloc	tmcCabe	assertionDensity	assertionRoulette	mysteryGuest	eagerTest	sensitiveEquality	resourceOptimism	conditionalTestLogic	fireAndForget	loc	lcom2	lcom5	cbo	wmc	rfc	mpc	halsteadVocabulary	halsteadLength	halsteadVolume	classDataShouldBePrivate	complexClass	spaghettiCode	functionalDecomposition	godClass
5.3720339500109544e-05	3.924224725905303e-06	1.8547722660610593e-07	2.234052070769319e-05	-1.741381738499585e-06	6.85963516813301e-05	6.375385566840515e-07	-4.850835181978301e-08	-1.5137728584493057e-06	-9.424180142541952e-08	0.14180595981165037	0.21228909976598978	0.0006600475483116972	0.005127519341865081	0.017660298460063367	0.05833060897031134	0.05356786108815145	0.7420754751396808	0.05708973436667519	0.6054305823254923	0.00011642416152916452	0.017693718057656564	0.08612930202125578	-4.611204245910671e-06	0.0010170237533497835
