tloc	tmcCabe	assertionDensity	assertionRoulette	mysteryGuest	eagerTest	sensitiveEquality	resourceOptimism	conditionalTestLogic	fireAndForget	loc	lcom2	lcom5	cbo	wmc	rfc	mpc	halsteadVocabulary	halsteadLength	halsteadVolume	classDataShouldBePrivate	complexClass	spaghettiCode	functionalDecomposition	godClass
7.224457732677866e-05	5.952671824108022e-06	2.045797327266853e-07	2.2884765283157977e-05	-5.585087621701935e-07	6.926986885545777e-05	6.97954272113542e-07	-5.540963868970738e-09	4.003287231475119e-07	-3.9854341217724056e-08	0.14015634357531043	0.21602248876382843	0.0006458630877342661	0.00507148880942082	0.017508551604142802	0.05687284516106382	0.05221569084548692	0.7356114042954442	0.05801224468379302	0.6127261258096001	0.00011533936383956502	0.01748665176941602	0.08465894564159612	-4.579209903651661e-06	0.0009951974707182384
