tloc	tmcCabe	assertionDensity	assertionRoulette	mysteryGuest	eagerTest	sensitiveEquality	resourceOptimism	conditionalTestLogic	fireAndForget	loc	lcom2	lcom5	cbo	wmc	rfc	mpc	halsteadVocabulary	halsteadLength	halsteadVolume	classDataShouldBePrivate	complexClass	spaghettiCode	functionalDecomposition	godClass
6.687388246748652e-05	5.15575383549687e-06	1.9017856424855984e-07	2.1809566786906204e-05	-1.1540425720361286e-06	6.842771369379597e-05	6.902444855961752e-07	-4.71666630329388e-08	-3.7284430246297236e-07	-5.313830559822141e-08	0.14051247183757754	0.21342963371985754	0.0006441851979348136	0.005056469538974935	0.017515752286759816	0.05743970953032793	0.052704740365176576	0.7367426368206098	0.05791655202120993	0.6120536906123343	0.00011445127889854896	0.01751206911390766	0.08504531213445826	-4.386705132420139e-06	0.0009908714104941612
3.3673541047612583e-06	-2.2798820150289246e-05	3.5702458786313944e-06	3.431086303029394e-05	-1.7231590266433128e-05	0.00021879472199952922	4.3889405370084763e-07	-7.560228532113502e-07	-6.170317403445382e-06	-3.020436648288593e-07	0.046202796686710706	0.8876871237904951	-0.000373736994396377	-0.005501500452818136	0.009556567783239595	-0.044943149324307444	-0.04732159644913853	0.10886282795399063	-0.04449624967554349	-0.4374883740707028	0.00028646530901081977	0.010614282340939554	-0.012465488579323473	1.5895310023561039e-06	-0.0007906442627673993
