tloc	tmcCabe	assertionDensity	assertionRoulette	mysteryGuest	eagerTest	sensitiveEquality	resourceOptimism	conditionalTestLogic	fireAndForget	loc	lcom2	lcom5	cbo	wmc	rfc	mpc	halsteadVocabulary	halsteadLength	halsteadVolume	classDataShouldBePrivate	complexClass	spaghettiCode	functionalDecomposition	godClass
6.812763185082477e-05	5.225503085513467e-06	2.4882642202398276e-07	2.194507770110512e-05	-1.1744825416269431e-06	6.89793771071957e-05	6.507916654947053e-07	-4.1389702147062006e-08	-1.3524387713342555e-07	-4.682808114608624e-08	0.14041454389546945	0.21507664626580972	0.0006431975907700861	0.005045549482388802	0.017541347024528135	0.057377834931020694	0.05262667900038569	0.7361830599830637	0.05795718900030407	0.6121991637584814	0.00011418324627005815	0.017544020881736178	0.08490756789496429	-4.5774580382197265e-06	0.000989084679757622
2.127178142133069e-06	-2.3086762058482702e-05	3.6013318210085485e-06	3.413692421069457e-05	-1.6937321163099096e-05	0.00021683847740753653	4.3794579456351627e-07	-6.882176479352842e-07	-5.6227274985076954e-06	-3.015230451670107e-07	0.0454272002963679	0.8889897891985454	-0.0003777323379268372	-0.005515148888559425	0.009539354108145106	-0.04501238545479121	-0.047416534796346395	0.10541569943241086	-0.044254335964118936	-0.4357598605725528	0.00028443277135732474	0.01062428053168	-0.012896184497722537	1.640743315978794e-06	-0.0007961388027325735
