tloc	tmcCabe	assertionDensity	assertionRoulette	mysteryGuest	eagerTest	sensitiveEquality	resourceOptimism	conditionalTestLogic	fireAndForget	loc	lcom2	lcom5	cbo	wmc	rfc	mpc	halsteadVocabulary	halsteadLength	halsteadVolume	classDataShouldBePrivate	complexClass	spaghettiCode	functionalDecomposition	godClass
6.524452008715936e-05	5.0688493041497366e-06	1.1681464198972778e-07	2.1863554379164052e-05	-4.742048373151209e-07	6.77221361872164e-05	6.30788895195576e-07	-9.789232309728995e-08	-3.793671273299684e-07	-7.26822151201432e-08	0.14094318779327103	0.21624738828057286	0.0006456504719649553	0.0050686695763167205	0.017601755243462733	0.05770048616949528	0.05293847241465216	0.7375020322810121	0.05758084703575161	0.6099467637120661	0.00011716066869692781	0.017671481486379204	0.08562469130049521	-4.4187672888227e-06	0.00076066315638817
1.9173971694366406e-05	-2.2671481332281822e-05	3.6989480782030435e-06	3.710677060686049e-05	-7.89254266454776e-06	0.0002202248729067859	4.079935303451501e-07	-4.964817586264112e-07	-3.7207057754221812e-06	-2.6455835234813286e-07	0.04123620176184485	0.8849961212934147	-0.0004044373681000895	-0.005918291082163824	0.008805993274692853	-0.04898757362457496	-0.05110784493643337	0.11049949144657314	-0.044525914436893334	-0.44211388235642796	0.0002220696014704187	0.009808098809925064	-0.014240158735591445	1.493451644092352e-06	-0.0006714111987881483
