tloc	tmcCabe	assertionDensity	assertionRoulette	mysteryGuest	eagerTest	sensitiveEquality	resourceOptimism	conditionalTestLogic	fireAndForget	loc	lcom2	lcom5	cbo	wmc	rfc	mpc	halsteadVocabulary	halsteadLength	halsteadVolume	classDataShouldBePrivate	complexClass	spaghettiCode	functionalDecomposition	godClass
6.73012403423482e-05	4.735093514791258e-06	3.6511868639103633e-07	2.2087135983800274e-05	-1.4004344363626372e-06	6.876883977725546e-05	6.52020198184179e-07	-4.220598165513549e-08	-6.302784301300896e-07	-5.8895471505377814e-08	0.1403375414660346	0.21513994660336214	0.0006434150600422488	0.005041497555055087	0.017537261833878263	0.05737632412148735	0.05262522810599263	0.7362859396607554	0.057931835098322726	0.6120681350505318	0.00011395760745089805	0.017546808126103042	0.08494682353145573	-4.5184445427910235e-06	0.000986867994635457
3.6944327058018565e-06	-2.2642557022323602e-05	3.5205905366375128e-06	3.406108190735769e-05	-1.6744137801390806e-05	0.00021726709325615363	4.497292340717095e-07	-6.95013358938296e-07	-5.266460934373175e-06	-3.0119037908546823e-07	0.04551246705563804	0.8889546774378172	-0.0003775853122256482	-0.005512716292601184	0.009539839069135324	-0.04500552566394276	-0.04740531146425745	0.10531761968919326	-0.0442600286878852	-0.43584716581613697	0.0002846837583468201	0.010630559829223566	-0.012908375963481293	1.6277744576233075e-06	-0.0007914724365084268
