tloc	tmcCabe	assertionDensity	assertionRoulette	mysteryGuest	eagerTest	sensitiveEquality	resourceOptimism	conditionalTestLogic	fireAndForget	loc	lcom2	lcom5	cbo	wmc	rfc	mpc	halsteadVocabulary	halsteadLength	halsteadVolume	classDataShouldBePrivate	complexClass	spaghettiCode	functionalDecomposition	godClass
6.941149391008875e-05	5.436239281778182e-06	2.066329900682633e-07	2.2130625243310014e-05	-8.337055359797648e-07	6.88330915269782e-05	6.63564588647219e-07	-1.9244776590311723e-08	4.3443304040289034e-08	-4.536008567608844e-08	0.14045233262038992	0.21499576560732186	0.0006425751342316116	0.005047442572647277	0.017543148468953586	0.05735484520299557	0.052602241046260385	0.7360374606237223	0.057993779638615225	0.6124041961771309	0.00011455027529464413	0.01753518791796615	0.08484061587123067	-4.610637240331001e-06	0.000989855436573807
