tloc	tmcCabe	assertionDensity	assertionRoulette	mysteryGuest	eagerTest	sensitiveEquality	resourceOptimism	conditionalTestLogic	fireAndForget	loc	lcom2	lcom5	cbo	wmc	rfc	mpc	halsteadVocabulary	halsteadLength	halsteadVolume	classDataShouldBePrivate	complexClass	spaghettiCode	functionalDecomposition	godClass
6.925872618090498e-05	5.401727386746864e-06	1.994175841653225e-07	2.2127374718225125e-05	-8.712680506954441e-07	6.88050418938981e-05	6.674425791307214e-07	-2.0840552553519124e-08	2.8981068859622217e-09	-4.6153238007790446e-08	0.14043691250028878	0.21498221838040524	0.0006427382602881535	0.005047092737524597	0.017542585785522573	0.057354042761064074	0.05260167907528046	0.736034126393486	0.05799527868902614	0.6124171298153973	0.00011445019404917947	0.01753542077223882	0.08483599519357929	-4.619325454300885e-06	0.000989576062713178
