tloc	tmcCabe	assertionDensity	assertionRoulette	mysteryGuest	eagerTest	sensitiveEquality	resourceOptimism	conditionalTestLogic	fireAndForget	loc	lcom2	lcom5	cbo	wmc	rfc	mpc	halsteadVocabulary	halsteadLength	halsteadVolume	classDataShouldBePrivate	complexClass	spaghettiCode	functionalDecomposition	godClass
0.0001271875794833546	8.512765030155612e-07	1.35269517886458e-06	4.0563687646046385e-05	3.384728577699959e-06	0.0001767258248620909	2.2558729209330706e-06	3.516159996391347e-07	8.557908573102853e-06	1.152751528296607e-07	0.12858415454649316	0.5577254730099276	0.0002496770244611841	0.0008680917480025817	0.017337714972895886	0.017355474587503243	0.01266843021488678	0.7246167340200673	0.036906221221315705	0.3757191537983149	0.00027552084056946377	0.016871242020780775	0.06132699483899764	-6.130941232305474e-06	0.0017807116239699885
