tloc	tmcCabe	assertionDensity	assertionRoulette	mysteryGuest	eagerTest	sensitiveEquality	resourceOptimism	conditionalTestLogic	fireAndForget	loc	lcom2	lcom5	cbo	wmc	rfc	mpc	halsteadVocabulary	halsteadLength	halsteadVolume	classDataShouldBePrivate	complexClass	spaghettiCode	functionalDecomposition	godClass
6.878862731290661e-05	5.491889088078278e-06	1.9888029740889868e-07	2.2043380617200333e-05	-1.0313496000392667e-06	6.862648644574691e-05	6.796503242332894e-07	-2.762846681241275e-08	5.5989735281528485e-08	-4.8858918681652e-08	0.14040527650233395	0.21501998241029383	0.0006429771081813595	0.0050440165482226445	0.017538540261409347	0.057360653414440944	0.052609845516808855	0.7361242811423616	0.05797268277639681	0.6122978662317397	0.00011429729374456068	0.017540127038814864	0.08487724213404929	-4.56014823027093e-06	0.0009887426119739426
