tloc	tmcCabe	assertionDensity	assertionRoulette	mysteryGuest	eagerTest	sensitiveEquality	resourceOptimism	conditionalTestLogic	fireAndForget	loc	lcom2	lcom5	cbo	wmc	rfc	mpc	halsteadVocabulary	halsteadLength	halsteadVolume	classDataShouldBePrivate	complexClass	spaghettiCode	functionalDecomposition	godClass
6.974083973107579e-05	5.6098419433671035e-06	1.6450527756958807e-07	2.2194610092586847e-05	-1.2984450357535198e-06	6.824396220288047e-05	6.432795226074921e-07	-3.803647747369694e-08	1.1462078313237982e-08	-4.9349310949860875e-08	0.14054662177299218	0.21526593587925058	0.0006431764925809649	0.0050582094677728414	0.017552442620752628	0.05741281969062739	0.052657534373495886	0.7361590131350175	0.057938052430073224	0.6121228239054526	0.00011546294448707487	0.017553021120649367	0.08493361078539524	-4.6713048701624835e-06	0.0009881743712126803
7.973029005751242e-07	-2.3130291898270502e-05	3.6075321804406723e-06	3.402306709997741e-05	-1.6949728305113585e-05	0.00021743742626206166	4.395631771011606e-07	-7.057293145826755e-07	-5.692699409910217e-06	-3.10647721775814e-07	0.04521164698019999	0.8889885631939766	-0.0003777180317828659	-0.005531500175965302	0.009521249760506577	-0.04509540087399334	-0.04749274867384816	0.10524312868428466	-0.04423508642225955	-0.4358099910149884	0.00028353839248724535	0.010610310705065771	-0.012967073520264109	1.6817768515359797e-06	-0.0007937902050524834
