tloc	tmcCabe	assertionDensity	assertionRoulette	mysteryGuest	eagerTest	sensitiveEquality	resourceOptimism	conditionalTestLogic	fireAndForget	loc	lcom2	lcom5	cbo	wmc	rfc	mpc	halsteadVocabulary	halsteadLength	halsteadVolume	classDataShouldBePrivate	complexClass	spaghettiCode	functionalDecomposition	godClass
6.951920911479813e-05	5.47006662106148e-06	2.06962318762102e-07	2.2210849939662785e-05	-8.51738439194296e-07	6.88005041843147e-05	6.698603617093083e-07	-2.1782160243227656e-08	1.2980379338620526e-07	-4.662290028449878e-08	0.14043635778085298	0.21497615360994166	0.0006427188634866434	0.005048303458021316	0.01754283645703665	0.05735426424644808	0.052601869657136785	0.7360324893698856	0.05799631530379568	0.6124211948136584	0.00011444979141947224	0.017535068094137754	0.08483611372927122	-4.617552634908911e-06	0.0009894628695734013
