tloc	tmcCabe	assertionDensity	assertionRoulette	mysteryGuest	eagerTest	sensitiveEquality	resourceOptimism	conditionalTestLogic	fireAndForget	loc	lcom2	lcom5	cbo	wmc	rfc	mpc	halsteadVocabulary	halsteadLength	halsteadVolume	classDataShouldBePrivate	complexClass	spaghettiCode	functionalDecomposition	godClass
8.440994772058601e-05	1.2448319008195528e-05	-7.682206833820839e-07	1.0337184960102072e-05	3.0943776135793116e-06	9.032362756032531e-06	-1.0268725151602122e-07	1.7260132387083172e-07	2.5857199516757296e-06	3.6721097850047964e-08	0.1382753205739092	0.025763416938179552	0.0007472949210277087	0.006595296824865396	0.016202876754518623	0.0702597346246098	0.06572969591494658	0.6792481272994114	0.06735163928229837	0.7050433357925592	5.5755598075736915e-05	0.01602558201625289	0.08598789432205531	-5.268486072660194e-06	0.0012861797244806046
0.0003967345426695173	1.7637579660973708e-05	-2.033889003563412e-06	1.513894246314103e-05	1.899059185996905e-06	0.00018478813404684458	1.4383031760564056e-06	7.360358920685876e-07	1.4683949787224323e-05	1.673176219097362e-07	0.1393010950324131	0.9881590129352458	-3.4403790824825705e-05	0.0022670977854368194	0.024943284928542545	0.019280829155180222	0.010551100915989592	-0.03072487722866817	-0.003277965247155765	-0.036370809783201896	0.0005991653064831426	0.025314972516386994	-0.010036940031744417	-8.675541973845634e-06	0.0026167288207610087
