tloc	tmcCabe	assertionDensity	assertionRoulette	mysteryGuest	eagerTest	sensitiveEquality	resourceOptimism	conditionalTestLogic	fireAndForget	loc	lcom2	lcom5	cbo	wmc	rfc	mpc	halsteadVocabulary	halsteadLength	halsteadVolume	classDataShouldBePrivate	complexClass	spaghettiCode	functionalDecomposition	godClass
6.86163154795247e-05	5.351902083704157e-06	1.9567587247983185e-07	2.196277433352338e-05	-1.0607097710085485e-06	6.890266527633389e-05	6.562780995951746e-07	-2.9311850256482896e-08	-2.1064819325809275e-07	-3.752597868452543e-08	0.14047303308302306	0.21519434661444953	0.0006431892301933677	0.005046270195086132	0.017550019437661914	0.05738505495959066	0.05263011524901782	0.7361172550577442	0.05796003808298446	0.6122204045861944	0.00011474314608292155	0.01755014800733079	0.08491791380422356	-4.525977635537841e-06	0.0009894167047692622
1.5430889533805244e-06	-2.301921698465497e-05	3.581951279368992e-06	3.371874090953448e-05	-1.7010457963972064e-05	0.0002157145065821928	4.3441361563771255e-07	-7.303135151775606e-07	-5.3071234426225935e-06	-3.0849381100358595e-07	0.04540914264693228	0.8888008879895544	-0.00037747425134428126	-0.0055188769062648885	0.009518810976703587	-0.04508027309451493	-0.04746804354511013	0.10563306854908207	-0.04428372111125489	-0.4360787591994951	0.0002838574068399373	0.010597205005094616	-0.01293055326276516	1.6487779681486474e-06	-0.0007939881850545291
