tloc	tmcCabe	assertionDensity	assertionRoulette	mysteryGuest	eagerTest	sensitiveEquality	resourceOptimism	conditionalTestLogic	fireAndForget	loc	lcom2	lcom5	cbo	wmc	rfc	mpc	halsteadVocabulary	halsteadLength	halsteadVolume	classDataShouldBePrivate	complexClass	spaghettiCode	functionalDecomposition	godClass
6.322140099799586e-05	4.941083354744659e-06	1.3810582614097025e-07	2.2095829197254897e-05	-1.3161470491628424e-06	6.82312729448151e-05	6.556455653115033e-07	-2.3541787206365233e-08	-1.0004272401937062e-06	-5.6013879891350914e-08	0.14073999318929895	0.21389919234600185	0.0006442075006213113	0.0050758342631725085	0.017518370274395373	0.057756607904459606	0.053015992156946655	0.7377219090435696	0.05765525237606981	0.6105354740878286	0.00011518820948753032	0.017582671103229815	0.08566424073933662	-4.510569885023364e-06	0.0009762199255437802
-5.428452917343634e-06	-2.3090894904032704e-05	3.7550018332671637e-06	3.7064329562209184e-05	-1.6255414415902147e-05	0.00022418208853557705	4.05717525070248e-07	-6.265101414924809e-07	-3.336052175746853e-06	-2.920171908335917e-07	0.04483074563477986	0.8879897278102984	-0.0003793751371135385	-0.005612943720835076	0.009243241107219996	-0.046966933671416945	-0.04924659902996816	0.10746406767687271	-0.04421178457433765	-0.4369317873833014	0.00028899334732582655	0.010234858526078926	-0.014077055876775296	1.579970267655101e-06	-0.0007708488577231506
