tloc	tmcCabe	assertionDensity	assertionRoulette	mysteryGuest	eagerTest	sensitiveEquality	resourceOptimism	conditionalTestLogic	fireAndForget	loc	lcom2	lcom5	cbo	wmc	rfc	mpc	halsteadVocabulary	halsteadLength	halsteadVolume	classDataShouldBePrivate	complexClass	spaghettiCode	functionalDecomposition	godClass
6.3052417059103e-05	4.499233901722199e-06	3.379518324267533e-07	2.2861823854467408e-05	-2.4504059979899875e-06	7.157238940437743e-05	4.841055129791228e-07	-2.74791190225437e-07	-1.4453863750140821e-06	-4.8922142295908166e-08	0.1396675108523112	0.22154185335870188	0.0006799637891248887	0.005229486193046963	0.018132821200292422	0.06027720587271431	0.055373044202596526	0.733829037263948	0.05755108591086494	0.6122478781278481	7.42348735141022e-05	0.01821170718102787	0.08578586773656247	-4.419431605464281e-06	0.0007243716525669035
-8.22342448286291e-06	-2.394622383635174e-05	3.92034937395471e-06	3.487355912349372e-05	-1.7621270323597944e-05	0.00023179263286274933	1.0689318298397315e-06	-5.193699764699806e-07	-4.368364175968456e-06	-3.162334780727597e-07	0.030673204445826323	0.8754363872687019	-0.0004729945826627794	-0.0066795427927081544	0.007831407908300028	-0.05619944792800858	-0.05791469811315279	0.12462370546021118	-0.04550584100296881	-0.4561683960579773	0.00040913224087868726	0.008692707821376709	-0.016849521547443087	1.687445146691228e-06	-0.0006908292513291679
