tloc	tmcCabe	assertionDensity	assertionRoulette	mysteryGuest	eagerTest	sensitiveEquality	resourceOptimism	conditionalTestLogic	fireAndForget	loc	lcom2	lcom5	cbo	wmc	rfc	mpc	halsteadVocabulary	halsteadLength	halsteadVolume	classDataShouldBePrivate	complexClass	spaghettiCode	functionalDecomposition	godClass
6.943297850799294e-05	5.446617893060059e-06	2.0418866056987939e-07	2.2148999552511343e-05	-8.265892654285636e-07	6.877669141828056e-05	6.690072700836192e-07	-1.87857269490603e-08	3.700036349191008e-08	-4.495063080462508e-08	0.14042685173537098	0.2148693126796614	0.0006427746648110635	0.005047689692198223	0.01754002016143043	0.05735142415352019	0.05259972019417395	0.7360279834893537	0.058002829353349855	0.6124673679903815	0.00011430385134346103	0.0175307476031107	0.08482858720910597	-4.61665448255005e-06	0.0009897986671951766
-9.302417525183959e-06	-2.4512543734479447e-05	3.827266671750694e-06	3.560721244310369e-05	-1.6738403110054686e-05	0.00020901294340884308	3.862761773524203e-07	-7.792564504935544e-07	-5.53365444701906e-06	-2.854144625141715e-07	0.04114569600023389	0.8844421677664612	-0.0003880925119169351	-0.005743074152904965	0.008738036155769216	-0.04700140847842855	-0.04914822000958829	0.11416077542171507	-0.044890938065716125	-0.4427502825832636	0.00023204128930607657	0.009772886395947518	-0.012765440027285784	1.9688671091152303e-06	-0.0008121454931627464
-0.0006814045390403959	-5.38380130446142e-05	9.965773967910435e-07	-1.3474285660799862e-05	-9.779033960086731e-05	3.64682274368715e-05	4.1077773837184866e-07	-5.39285174124168e-06	-3.371465250182129e-05	-1.6215402109297e-06	-0.08163561800032991	-0.3995838022003771	-0.0006594201558177659	-0.007274764736179459	-0.023807537059874376	-0.05544004101712283	-0.04813897519793048	0.6544176590372673	-0.07336043552093914	-0.6216326266417365	-0.00068395633661413	-0.02005484936223426	0.08443565376027443	2.368372386438509e-05	-0.007309108569029002
