tloc	tmcCabe	assertionDensity	assertionRoulette	mysteryGuest	eagerTest	sensitiveEquality	resourceOptimism	conditionalTestLogic	fireAndForget	loc	lcom2	lcom5	cbo	wmc	rfc	mpc	halsteadVocabulary	halsteadLength	halsteadVolume	classDataShouldBePrivate	complexClass	spaghettiCode	functionalDecomposition	godClass
7.224457732699175e-05	5.9526718241081585e-06	2.0457973272668624e-07	2.288476528315812e-05	-5.585087621699638e-07	6.926986885545815e-05	6.979542721135755e-07	-5.540963868956575e-09	4.0032872314770795e-07	-3.985434121771934e-08	0.14015634357531054	0.2160224887638276	0.0006458630877342655	0.005071488809420827	0.017508551604142813	0.056872845161063716	0.052215690845486905	0.7356114042954437	0.05801224468379321	0.6127261258096011	0.00011533936383956639	0.017486651769415988	0.084658945641596	-4.579209903651744e-06	0.0009951974707182475
