tloc	tmcCabe	assertionDensity	assertionRoulette	mysteryGuest	eagerTest	sensitiveEquality	resourceOptimism	conditionalTestLogic	fireAndForget	loc	lcom2	lcom5	cbo	wmc	rfc	mpc	halsteadVocabulary	halsteadLength	halsteadVolume	classDataShouldBePrivate	complexClass	spaghettiCode	functionalDecomposition	godClass
5.372033950007789e-05	3.924224725905174e-06	1.8547722660612678e-07	2.2340520707693275e-05	-1.7413817384998587e-06	6.859635168133091e-05	6.375385566840454e-07	-4.850835181979939e-08	-1.513772858449411e-06	-9.424180142542233e-08	0.14180595981165095	0.21228909976599375	0.000660047548311696	0.00512751934186508	0.017660298460063447	0.05833060897031121	0.05356786108815133	0.7420754751396812	0.057089734366674826	0.6054305823254897	0.00011642416152916451	0.01769371805765665	0.08612930202125588	-4.61120424591064e-06	0.0010170237533497835
