tloc	tmcCabe	assertionDensity	assertionRoulette	mysteryGuest	eagerTest	sensitiveEquality	resourceOptimism	conditionalTestLogic	fireAndForget	loc	lcom2	lcom5	cbo	wmc	rfc	mpc	halsteadVocabulary	halsteadLength	halsteadVolume	classDataShouldBePrivate	complexClass	spaghettiCode	functionalDecomposition	godClass
6.687388246757339e-05	5.155753835496787e-06	1.9017856424857021e-07	2.180956678690625e-05	-1.1540425720362167e-06	6.842771369379638e-05	6.902444855961737e-07	-4.7166663032943166e-08	-3.7284430246300905e-07	-5.313830559822271e-08	0.14051247183757778	0.2134296337198596	0.0006441851979348118	0.0050564695389749195	0.017515752286759848	0.05743970953032784	0.05270474036517648	0.7367426368206108	0.057916552021209836	0.6120536906123325	0.00011445127889854893	0.017512069113907673	0.08504531213445826	-4.386705132420124e-06	0.0009908714104941456
3.3673541047915986e-06	-2.2798820150217733e-05	3.5702458786314257e-06	3.431086303029388e-05	-1.7231590266434497e-05	0.0002187947219995294	4.3889405370086234e-07	-7.560228532114257e-07	-6.170317403445734e-06	-3.020436648288815e-07	0.046202796686708555	0.8876871237904886	-0.0003737369943963892	-0.005501500452818272	0.009556567783239192	-0.04494314932430857	-0.04732159644913958	0.10886282795399854	-0.044496249675544754	-0.43748837407071367	0.0002864653090108074	0.010614282340939163	-0.012465488579322314	1.5895310023564291e-06	-0.0007906442627675066
