tloc	tmcCabe	assertionDensity	assertionRoulette	mysteryGuest	eagerTest	sensitiveEquality	resourceOptimism	conditionalTestLogic	fireAndForget	loc	lcom2	lcom5	cbo	wmc	rfc	mpc	halsteadVocabulary	halsteadLength	halsteadVolume	classDataShouldBePrivate	complexClass	spaghettiCode	functionalDecomposition	godClass
6.812763185076367e-05	5.225503085513457e-06	2.488264220239808e-07	2.194507770110512e-05	-1.1744825416269067e-06	6.897937710719563e-05	6.507916654947038e-07	-4.13897021470584e-08	-1.3524387713342828e-07	-4.6828081146085466e-08	0.1404145438954692	0.21507664626581027	0.0006431975907700847	0.00504554948238879	0.01754134702452812	0.05737783493102063	0.05262667900038558	0.7361830599830633	0.05795718900030413	0.6121991637584816	0.00011418324627005834	0.017544020881736143	0.08490756789496409	-4.577458038219729e-06	0.0009890846797576216
2.127178142216374e-06	-2.3086762058546938e-05	3.601331821008563e-06	3.413692421069455e-05	-1.693732116309994e-05	0.0002168384774075366	4.379457945635193e-07	-6.88217647935331e-07	-5.622727498508002e-06	-3.015230451670269e-07	0.04542720029636729	0.8889897891985412	-0.0003777323379268433	-0.005515148888559478	0.0095393541081449	-0.04501238545479176	-0.0474165347963469	0.10541569943241623	-0.04425433596411948	-0.4357598605725581	0.0002844327713573173	0.010624280531679822	-0.012896184497721789	1.640743315979001e-06	-0.0007961388027326353
