tloc	tmcCabe	assertionDensity	assertionRoulette	mysteryGuest	eagerTest	sensitiveEquality	resourceOptimism	conditionalTestLogic	fireAndForget	loc	lcom2	lcom5	cbo	wmc	rfc	mpc	halsteadVocabulary	halsteadLength	halsteadVolume	classDataShouldBePrivate	complexClass	spaghettiCode	functionalDecomposition	godClass
6.524452008711759e-05	5.068849304149689e-06	1.1681464198972421e-07	2.1863554379164015e-05	-4.7420483731511634e-07	6.772213618721638e-05	6.307888951955706e-07	-9.7892323097288e-08	-3.7936712733001e-07	-7.268221512014286e-08	0.14094318779327084	0.21624738828057335	0.0006456504719649545	0.0050686695763167	0.017601755243462688	0.05770048616949515	0.05293847241465201	0.7375020322810105	0.057580847035751635	0.6099467637120662	0.00011716066869692805	0.017671481486379165	0.08562469130049503	-4.418767288822686e-06	0.0007606631563881717
1.917397169434158e-05	-2.267148133210987e-05	3.6989480782030562e-06	3.710677060686042e-05	-7.892542664548485e-06	0.00022022487290678557	4.0799353034514944e-07	-4.964817586264578e-07	-3.7207057754223934e-06	-2.645583523481515e-07	0.04123620176184353	0.8849961212934092	-0.00040443736810009793	-0.005918291082163905	0.008805993274692529	-0.048987573624575516	-0.05110784493643393	0.11049949144658036	-0.044525914436894076	-0.44211388235643473	0.00022206960147041227	0.00980809880992479	-0.014240158735590662	1.4934516440926128e-06	-0.0006714111987882285
