tloc	tmcCabe	assertionDensity	assertionRoulette	mysteryGuest	eagerTest	sensitiveEquality	resourceOptimism	conditionalTestLogic	fireAndForget	loc	lcom2	lcom5	cbo	wmc	rfc	mpc	halsteadVocabulary	halsteadLength	halsteadVolume	classDataShouldBePrivate	complexClass	spaghettiCode	functionalDecomposition	godClass
6.895158356543015e-05	5.382261519966479e-06	2.0877070928848355e-07	2.182392462624818e-05	-6.554039654988448e-07	6.793977028801156e-05	6.518429872034267e-07	-1.1400374918173883e-08	2.0481726649279e-08	-3.752205860307144e-08	0.1405434900401486	0.2151328492514309	0.000642957292736799	0.005057683235102721	0.017505270121735927	0.057430521830980144	0.05268901872803407	0.7362632619015823	0.05793004001533134	0.6120385857977779	0.00011503216057177955	0.01749106133700499	0.08497588431599583	-4.599738500128294e-06	0.0009934147527317137
2.114075186731002e-06	-2.291945880918048e-05	3.577145063823541e-06	3.415115032423142e-05	-1.7188623079061265e-05	0.00021756451386547394	4.52103461692984e-07	-7.167293514886687e-07	-5.571436446504183e-06	-3.136795604188667e-07	0.04536246760715049	0.8889629899844881	-0.0003767627221662917	-0.005525058170121405	0.00955730139312698	-0.04506503832743094	-0.047472604016503654	0.10533106891544898	-0.04425575668556008	-0.4358277137308683	0.0002840073681760669	0.010640649952217147	-0.012943895670247648	1.6513761334528265e-06	-0.000795547942432458
