tloc	tmcCabe	assertionDensity	assertionRoulette	mysteryGuest	eagerTest	sensitiveEquality	resourceOptimism	conditionalTestLogic	fireAndForget	loc	lcom2	lcom5	cbo	wmc	rfc	mpc	halsteadVocabulary	halsteadLength	halsteadVolume	classDataShouldBePrivate	complexClass	spaghettiCode	functionalDecomposition	godClass
6.824646796364427e-05	5.509299444309214e-06	2.1484373946409705e-07	2.222891753092705e-05	-9.022601230132006e-07	6.870387429628126e-05	6.665690536348304e-07	-9.178830515046013e-09	4.6343012381499355e-08	-7.811778735776629e-08	0.14052264581062518	0.21548638375791304	0.0006443960115056332	0.005049074734940755	0.017548158610433504	0.05743700765872722	0.05268343777930923	0.7365005280986463	0.05787167097736047	0.6116303688791713	0.00011451084344442536	0.017549579079367456	0.08501975926230593	-4.592775250108758e-06	0.0006059182264692025
2.04708816595505e-06	-2.294798232681306e-05	3.6133614975771716e-06	3.448950661274329e-05	-1.6935875660455997e-05	0.0002182460554304805	4.2519045521961343e-07	-7.053731579127271e-07	-5.30154383277186e-06	-2.3454021281424016e-07	0.045324419718660365	0.8886616944297796	-0.00038026079138264273	-0.005532855111296587	0.009527695387205342	-0.0452577463031963	-0.047640784578712694	0.1052592085438423	-0.04428602651485914	-0.43641973190627126	0.0002844880991069559	0.010596867260905805	-0.013079236030740808	1.6444573657819375e-06	-0.0004708066905484144
