tloc	tmcCabe	assertionDensity	assertionRoulette	mysteryGuest	eagerTest	sensitiveEquality	resourceOptimism	conditionalTestLogic	fireAndForget	loc	lcom2	lcom5	cbo	wmc	rfc	mpc	halsteadVocabulary	halsteadLength	halsteadVolume	classDataShouldBePrivate	complexClass	spaghettiCode	functionalDecomposition	godClass
6.730124034251646e-05	4.735093514791266e-06	3.6511868639103824e-07	2.208713598380032e-05	-1.4004344363625995e-06	6.876883977725564e-05	6.520201981841862e-07	-4.2205981655133006e-08	-6.302784301300468e-07	-5.8895471505376914e-08	0.14033754146603458	0.2151399466033626	0.0006434150600422486	0.005041497555055092	0.017537261833878274	0.05737632412148732	0.05262522810599255	0.736285939660756	0.05793183509832278	0.6120681350505323	0.00011395760745089847	0.01754680812610305	0.08494682353145566	-4.518444542791044e-06	0.0009868679946354523
3.694432705695842e-06	-2.264255702219372e-05	3.5205905366375077e-06	3.4061081907357705e-05	-1.674413780139078e-05	0.00021726709325615363	4.497292340717173e-07	-6.950133589382926e-07	-5.266460934373126e-06	-3.011903790854687e-07	0.04551246705563772	0.8889546774378166	-0.00037758531222565093	-0.005512716292601214	0.009539839069135246	-0.04500552566394314	-0.047405311464257714	0.10531761968919401	-0.04426002868788534	-0.43584716581613814	0.00028468375834681946	0.010630559829223464	-0.012908375963481353	1.627774457623318e-06	-0.0007914724365084138
