tloc	tmcCabe	assertionDensity	assertionRoulette	mysteryGuest	eagerTest	sensitiveEquality	resourceOptimism	conditionalTestLogic	fireAndForget	loc	lcom2	lcom5	cbo	wmc	rfc	mpc	halsteadVocabulary	halsteadLength	halsteadVolume	classDataShouldBePrivate	complexClass	spaghettiCode	functionalDecomposition	godClass
6.925872618075219e-05	5.4017273867470165e-06	1.9941758416531165e-07	2.212737471822519e-05	-8.712680506952179e-07	6.88050418938978e-05	6.674425791307405e-07	-2.0840552553505128e-08	2.8981068861180303e-09	-4.615323800778662e-08	0.14043691250028853	0.21498221838040263	0.0006427382602881531	0.005047092737524604	0.017542585785522518	0.057354042761064115	0.052601679075280475	0.7360341263934861	0.05799527868902637	0.6124171298153985	0.0001144501940491796	0.017535420772238772	0.08483599519357922	-4.619325454300932e-06	0.000989576062713192
