tloc	tmcCabe	assertionDensity	assertionRoulette	mysteryGuest	eagerTest	sensitiveEquality	resourceOptimism	conditionalTestLogic	fireAndForget	loc	lcom2	lcom5	cbo	wmc	rfc	mpc	halsteadVocabulary	halsteadLength	halsteadVolume	classDataShouldBePrivate	complexClass	spaghettiCode	functionalDecomposition	godClass
6.87886273130395e-05	5.491889088078117e-06	1.988802974089207e-07	2.2043380617200506e-05	-1.0313496000394217e-06	6.862648644574786e-05	6.796503242332846e-07	-2.7628466812419916e-08	5.5989735281438256e-08	-4.885891868165516e-08	0.14040527650233417	0.2150199824102992	0.0006429771081813568	0.005044016548222618	0.0175385402614094	0.05736065341444069	0.052609845516808564	0.7361242811423626	0.057972682776396556	0.6122978662317365	0.00011429729374456225	0.017540127038814905	0.08487724213404914	-4.560148230270893e-06	0.0009887426119739356
