tloc	tmcCabe	assertionDensity	assertionRoulette	mysteryGuest	eagerTest	sensitiveEquality	resourceOptimism	conditionalTestLogic	fireAndForget	loc	lcom2	lcom5	cbo	wmc	rfc	mpc	halsteadVocabulary	halsteadLength	halsteadVolume	classDataShouldBePrivate	complexClass	spaghettiCode	functionalDecomposition	godClass
7.224457732674973e-05	5.952671824108082e-06	2.0457973272668283e-07	2.2884765283157997e-05	-5.585087621701143e-07	6.926986885545766e-05	6.979542721135482e-07	-5.540963868967388e-09	4.0032872314758994e-07	-3.9854341217722567e-08	0.14015634357531054	0.21602248876382688	0.0006458630877342664	0.005071488809420838	0.017508551604142816	0.056872845161063904	0.052215690845486995	0.7356114042954446	0.058012244683793006	0.6127261258096001	0.0001153393638395651	0.017486651769416023	0.08465894564159619	-4.579209903651686e-06	0.0009951974707182428
-1.0791444247749638e-06	-2.357876605090927e-05	3.6013609227244887e-06	3.332493107965289e-05	-1.731925233837309e-05	0.00021687552856528526	4.0473944936618624e-07	-7.220260341963739e-07	-6.00227785732173e-06	-3.1395036551831834e-07	0.0456934919410961	0.8884641326576197	-0.00038048679960552207	-0.0055430445204102795	0.00957792411951828	-0.04457674526116415	-0.04707391774913831	0.1055591882510642	-0.04436229155165665	-0.4368415391465175	0.000283575197177983	0.010675267828178453	-0.012725064787285547	1.6473807195916414e-06	-0.0007997091660020935
-0.0006733665035875046	-5.236223343071486e-05	1.5055353056635687e-06	-1.6024625015534417e-06	-9.055930020105558e-05	1.5715046331487452e-05	5.154356420986849e-07	-5.265931893432431e-06	-2.84646736650232e-05	-1.4254846688837461e-06	-0.10194507576540764	-0.3869435350974772	-0.0006712501842526611	-0.007957875374783185	-0.026558923200060175	-0.06768884153169924	-0.05868054888867362	0.6579430451150169	-0.07260630827971432	-0.6213865080372554	-0.0008160753775443674	-0.023307600745265854	0.07881469328093813	2.412327545714727e-05	-0.007036347997886809
0.0003529796084279424	8.417709282996669e-05	8.062241567850621e-06	1.8624972319388876e-05	-8.798462626951328e-05	-0.00022615829170309764	-2.6260518502694037e-06	-7.82763091867081e-06	-2.3288606004603864e-05	-6.907938397142611e-07	0.874763326690622	-0.09844934487224395	0.003555608755212326	0.05471664841836919	0.0803444550717395	0.2855716264400796	0.267126622029185	-0.05000372383317614	-0.047696495165282606	-0.1749529000475074	-0.00032444809630196393	0.08288953820570776	0.14286278838080635	-7.4774513848439055e-06	-0.007917276848830796
