tloc	tmcCabe	assertionDensity	assertionRoulette	mysteryGuest	eagerTest	sensitiveEquality	resourceOptimism	conditionalTestLogic	fireAndForget	loc	lcom2	lcom5	cbo	wmc	rfc	mpc	halsteadVocabulary	halsteadLength	halsteadVolume	classDataShouldBePrivate	complexClass	spaghettiCode	functionalDecomposition	godClass
6.925872618086289e-05	5.4017273867469834e-06	1.994175841653093e-07	2.212737471822512e-05	-8.712680506952875e-07	6.880504189389768e-05	6.67442579130728e-07	-2.0840552553509085e-08	2.898106886027679e-09	-4.615323800778744e-08	0.14043691250028867	0.2149822183804025	0.0006427382602881542	0.005047092737524618	0.017542585785522546	0.05735404276106421	0.05260167907528056	0.7360341263934858	0.05799527868902648	0.6124171298153999	0.0001144501940491793	0.01753542077223879	0.08483599519357932	-4.6193254543009205e-06	0.000989576062713191
1.7252819178828376e-06	-2.3052164978477662e-05	3.601639586001455e-06	3.406319715378512e-05	-1.700922939190038e-05	0.0002172142366216827	4.3425349804901276e-07	-7.068866975696451e-07	-5.618454203853312e-06	-3.0785609422507515e-07	0.04549240456956313	0.8889972500064373	-0.0003767385625868657	-0.005512105082392594	0.009552271377739915	-0.044957344462195466	-0.04736544512905355	0.10560043589799227	-0.04426370428294196	-0.4357050193847952	0.00028433509180504846	0.010635449693882252	-0.012823783086127305	1.6735598274545092e-06	-0.0007921565704388758
-0.0006890936962771195	-5.6626580414102945e-05	1.7020882554319642e-06	-7.528810854384674e-06	-9.265243088500168e-05	1.3156504903234926e-05	2.780734201897143e-07	-5.368880525191441e-06	-3.183768957018271e-05	-1.4805680821806646e-06	-0.09529486436725935	-0.387086708421456	-0.000689156688178232	-0.008012735918785548	-0.0256731348754423	-0.06160658442385881	-0.05370594793700726	0.6569894042013649	-0.07280645216842967	-0.6242825761289187	-0.0008162834906217963	-0.02223498665796585	0.0804319157638543	2.374214213384896e-05	-0.007060176896227559
0.0002926020558218128	6.832724868450929e-05	8.276385978342444e-06	1.6873715825816974e-07	-9.24889858700325e-05	-0.000229894010478252	-3.3844366346447546e-06	-7.955135677498956e-06	-3.3960028921420136e-05	-8.616401804655934e-07	0.8691766621954604	-0.09338768546339028	0.003413490805631178	0.0530782122492266	0.08097096094267868	0.29704802812869624	0.2757285897151268	-0.0567202682357909	-0.04617633729888343	-0.17053459241695812	-0.00031709085245603573	0.08400628497333813	0.14357092238679076	-8.580760304866651e-06	-0.007760760438741131
