tloc	tmcCabe	assertionDensity	assertionRoulette	mysteryGuest	eagerTest	sensitiveEquality	resourceOptimism	conditionalTestLogic	fireAndForget	loc	lcom2	lcom5	cbo	wmc	rfc	mpc	halsteadVocabulary	halsteadLength	halsteadVolume	classDataShouldBePrivate	complexClass	spaghettiCode	functionalDecomposition	godClass
0.00012718757948324499	8.512765030156747e-07	1.352695178864577e-06	4.056368764604637e-05	3.3847285776999865e-06	0.00017672582486209055	2.25587292093308e-06	3.516159996391355e-07	8.557908573102883e-06	1.1527515282966127e-07	0.12858415454649286	0.5577254730099271	0.00024967702446118396	0.0008680917480025815	0.017337714972895896	0.01735547458750324	0.012668430214886783	0.7246167340200677	0.036906221221315795	0.37571915379831594	0.00027552084056946404	0.016871242020780743	0.06132699483899762	-6.130941232305472e-06	0.0017807116239699735
-0.00026823211335458844	-4.448228052591872e-05	4.469279198763503e-06	-2.8917836404265043e-06	-5.823907165837428e-05	7.263020826434804e-05	-5.460007964067732e-06	-3.2035885791233846e-06	-4.844089765430324e-05	-1.3605734921672858e-06	0.056874771563682223	0.7363462821999497	0.00011258982442251743	-0.001447611245728104	0.011842105917446517	0.0012623772910888137	-0.0016102062278567765	-0.25142695346116645	-0.0715087004192393	-0.6210988223707102	9.246840414965565e-06	0.016337852261784434	-0.004521560047380757	1.3755794902211674e-05	-0.005716068749777975
-0.0007790135525745167	-6.924675868482304e-05	2.3119208390011525e-06	-1.7763432425775078e-05	-0.0001095202205696708	-1.4304739422516769e-05	-1.97344984162771e-06	-6.401941036552483e-06	-4.649720334731946e-05	-1.8689728058523832e-06	-0.0732589846687894	-0.35237279858127535	-0.0004839285719955985	-0.007076273355696383	-0.022787845840793634	-0.042829573991734704	-0.035754779525029715	0.6315535700491453	-0.08169603566773496	-0.6722117639423673	-0.000898719725345971	-0.01803760464669468	0.0947259596535216	2.6741890942794252e-05	-0.00903075227722288
0.0018338020010963368	5.043601132228252e-05	1.1127785098414532e-05	6.085053433096653e-05	9.571342226092223e-05	0.00012096984416123508	2.5335434425250643e-05	8.084791083254774e-07	0.00012318301627963708	4.551883951286523e-06	0.9621696066396317	-0.1469944824664583	0.0017216072386420905	0.016829833537868693	0.05703277042515264	0.14609095249462264	0.12432221381145482	-0.03471211164771918	-0.01890370315773901	-0.0683573286324061	0.000776514621475528	0.042430089552569265	0.06437763401635503	-7.22640325196288e-05	0.01004651425380463
