tloc	tmcCabe	assertionDensity	assertionRoulette	mysteryGuest	eagerTest	sensitiveEquality	resourceOptimism	conditionalTestLogic	fireAndForget	loc	lcom2	lcom5	cbo	wmc	rfc	mpc	halsteadVocabulary	halsteadLength	halsteadVolume	classDataShouldBePrivate	complexClass	spaghettiCode	functionalDecomposition	godClass
6.925872618082076e-05	5.401727386746977e-06	1.9941758416531557e-07	2.2127374718225165e-05	-8.712680506953161e-07	6.880504189389805e-05	6.674425791307269e-07	-2.0840552553512133e-08	2.8981068860574707e-09	-4.615323800778869e-08	0.14043691250028909	0.21498221838040393	0.0006427382602881546	0.00504709273752461	0.017542585785522577	0.05735404276106422	0.052601679075280544	0.736034126393486	0.057995278689026396	0.6124171298153986	0.00011445019404917957	0.017535420772238804	0.08483599519357934	-4.619325454300917e-06	0.000989576062713181
1.725281917838526e-06	-2.3052164978486427e-05	3.601639586001465e-06	3.406319715378494e-05	-1.7009229391900944e-05	0.00021721423662168272	4.342534980490116e-07	-7.068866975696774e-07	-5.618454203853579e-06	-3.07856094225085e-07	0.045492404569563084	0.8889972500064349	-0.0003767385625868724	-0.005512105082392666	0.009552271377739759	-0.04495734446219603	-0.04736544512905394	0.10560043589799456	-0.044263704282942615	-0.4357050193848	0.0002843350918050424	0.01063544969388204	-0.012823783086127112	1.6735598274546693e-06	-0.0007921565704389177
-0.000689093696276961	-5.6626580414176597e-05	1.7020882554934653e-06	-7.528810854386109e-06	-9.265243088500192e-05	1.3156504903233557e-05	2.780734201896335e-07	-5.368880525191469e-06	-3.1837689570183235e-05	-1.4805680821806646e-06	-0.09529486436726042	-0.38708670842146053	-0.000689156688178227	-0.008012735918785529	-0.025673134875442316	-0.06160658442385811	-0.05370594793700658	0.6569894042013639	-0.07280645216842949	-0.6242825761289159	-0.000816283490621799	-0.02223498665796588	0.08043191576385453	2.374214213384899e-05	-0.007060176896227587
0.0002926020558217675	6.83272486844855e-05	8.276385978323994e-06	1.6873715834253835e-07	-9.24889858700393e-05	-0.0002298940104782652	-3.3844366346457e-06	-7.95513567749938e-06	-3.3960028921426763e-05	-8.61640180465724e-07	0.8691766621954551	-0.09338768546339037	0.0034134908056312144	0.053078212249226674	0.08097096094267892	0.2970480281287018	0.2757285897151326	-0.05672026823579123	-0.04617633729888501	-0.1705345924169587	-0.00031709085245607693	0.08400628497333912	0.1435709223867953	-8.58076030486452e-06	-0.007760760438741637
