tloc	tmcCabe	assertionDensity	assertionRoulette	mysteryGuest	eagerTest	sensitiveEquality	resourceOptimism	conditionalTestLogic	fireAndForget	loc	lcom2	lcom5	cbo	wmc	rfc	mpc	halsteadVocabulary	halsteadLength	halsteadVolume	classDataShouldBePrivate	complexClass	spaghettiCode	functionalDecomposition	godClass
7.035384385337461e-05	5.408630027568123e-06	2.257610275459011e-07	2.27161627897402e-05	-9.351003779008498e-07	6.819116671747817e-05	6.587759835859255e-07	-2.477536895345608e-08	5.082332288060082e-08	-4.70804173603269e-08	0.14044537323010478	0.21458695359710714	0.0006433875266395745	0.00504909280666971	0.017526307699116134	0.05741227247948624	0.05266618677409154	0.7361190039005991	0.05798315457352113	0.6124279486086568	0.00011445857076862265	0.017520657249946215	0.08494326070081358	-4.558423740811723e-06	0.0009903961774290417
