tloc	tmcCabe	assertionDensity	assertionRoulette	mysteryGuest	eagerTest	sensitiveEquality	resourceOptimism	conditionalTestLogic	fireAndForget	loc	lcom2	lcom5	cbo	wmc	rfc	mpc	halsteadVocabulary	halsteadLength	halsteadVolume	classDataShouldBePrivate	complexClass	spaghettiCode	functionalDecomposition	godClass
6.925657594339443e-05	5.466715082211425e-06	2.0681845692304977e-07	2.2141550067341367e-05	-8.72323937977167e-07	6.880789082665531e-05	6.68620941418309e-07	-2.0956069339251023e-08	1.167254633979353e-08	-4.502190882188958e-08	0.14043637084885138	0.21501570803480158	0.0006427559090284179	0.005047484353374387	0.017543754398581437	0.05735425216994455	0.05260147165365322	0.736044354755702	0.05799031081153222	0.6123919382162837	0.0001144655843951453	0.017537909286088126	0.08484772944018946	-4.603694475617689e-06	0.0009896917977272222
7.387960035821012e-07	-2.306195262541562e-05	3.584761327011397e-06	3.3911154376553595e-05	-1.7064265264273124e-05	0.00021698482380169527	4.2930135236174357e-07	-7.096116921570028e-07	-5.664959364734133e-06	-3.09782417125932e-07	0.045484747111302876	0.88898058120368	-0.00037685730431161586	-0.00551374474997413	0.0095480108643444	-0.04496288081553136	-0.04736944264208516	0.10558477577110613	-0.04426342305026007	-0.435742034676898	0.00028425425940994004	0.010629804124248646	-0.0128516061434182	1.6611125649490254e-06	-0.0007928815967973557
