tloc	tmcCabe	assertionDensity	assertionRoulette	mysteryGuest	eagerTest	sensitiveEquality	resourceOptimism	conditionalTestLogic	fireAndForget	loc	lcom2	lcom5	cbo	wmc	rfc	mpc	halsteadVocabulary	halsteadLength	halsteadVolume	classDataShouldBePrivate	complexClass	spaghettiCode	functionalDecomposition	godClass
6.974083973118394e-05	5.609841943367109e-06	1.6450527756956695e-07	2.2194610092586566e-05	-1.298445035753494e-06	6.824396220287946e-05	6.432795226074811e-07	-3.803647747369481e-08	1.1462078313197202e-08	-4.934931094986097e-08	0.1405466217729914	0.2152659358792465	0.0006431764925809652	0.005058209467772841	0.017552442620752548	0.05741281969062741	0.05265753437349601	0.7361590131350169	0.05793805243007336	0.6121228239054545	0.00011546294448707327	0.017553021120649267	0.08493361078539528	-4.671304870162455e-06	0.0009881743712126798
7.973029005785907e-07	-2.313029189810341e-05	3.6075321804406706e-06	3.402306709997754e-05	-1.694972830511387e-05	0.00021743742626206185	4.395631771011813e-07	-7.057293145826931e-07	-5.6926994099102e-06	-3.1064772177581705e-07	0.04521164698020036	0.8889885631939758	-0.0003777180317828666	-0.005531500175965293	0.009521249760506535	-0.04509540087399335	-0.0474927486738482	0.10524312868429067	-0.044235086422259685	-0.4358099910149881	0.00028353839248724107	0.010610310705065719	-0.012967073520263335	1.6817768515360036e-06	-0.0007937902050524862
