tloc	tmcCabe	assertionDensity	assertionRoulette	mysteryGuest	eagerTest	sensitiveEquality	resourceOptimism	conditionalTestLogic	fireAndForget	loc	lcom2	lcom5	cbo	wmc	rfc	mpc	halsteadVocabulary	halsteadLength	halsteadVolume	classDataShouldBePrivate	complexClass	spaghettiCode	functionalDecomposition	godClass
6.915860879722466e-05	5.315114143386886e-06	1.9478046555195194e-07	2.207875681958374e-05	-9.459639873134221e-07	6.916199034175401e-05	7.332914302977696e-07	-2.4455324153080182e-08	-6.894644623865676e-08	-4.7954315654507604e-08	0.1407022554230419	0.21523855064977238	0.0006426991222981487	0.005047848983664939	0.017555340145808576	0.05737164299065194	0.052613807807901515	0.7360134603109807	0.05797612931822344	0.6122881436998272	0.0001143901529861081	0.017543770018721726	0.08484596504330706	-4.631969855705825e-06	0.0009892151933109158
2.397352280797434e-06	-2.2624073295804615e-05	3.6433821222907037e-06	3.4469922439146495e-05	-1.6659762864025833e-05	0.00021538637616441025	1.4316591808966852e-07	-6.898062982258098e-07	-5.250514317410429e-06	-2.992697107396106e-07	0.04393999242597667	0.8888170559573251	-0.0003812507075872809	-0.005532258317552093	0.009472072581008621	-0.045204064363435624	-0.04757545667037864	0.10593018044075327	-0.044272101535817204	-0.43610323887071895	0.0002851853926529659	0.010568251249448973	-0.012903978327182451	1.7447273609473955e-06	-0.0007923397920611551
-0.0006954817428759792	-5.791511582911006e-05	1.5448556153331366e-06	-9.232523980663094e-06	-9.400489364346868e-05	1.6189218245277428e-05	8.069789512828534e-07	-5.441539741952547e-06	-3.293924257531098e-05	-1.5104288521456702e-06	-0.09064281638451119	-0.3882028627217753	-0.0006672317273585067	-0.007928210780346555	-0.025440477550769284	-0.06082074006585009	-0.053021113752694804	0.6566830238792911	-0.07292917909821572	-0.6246887147542866	-0.0008213804244602219	-0.02204247023848582	0.08085152066810304	2.3582946913055242e-05	-0.007087724891950008
