tloc	tmcCabe	assertionDensity	assertionRoulette	mysteryGuest	eagerTest	sensitiveEquality	resourceOptimism	conditionalTestLogic	fireAndForget	loc	lcom2	lcom5	cbo	wmc	rfc	mpc	halsteadVocabulary	halsteadLength	halsteadVolume	classDataShouldBePrivate	complexClass	spaghettiCode	functionalDecomposition	godClass
8.440994772044257e-05	1.2448319008195258e-05	-7.682206833820629e-07	1.033718496010186e-05	3.094377613579181e-06	9.032362756030758e-06	-1.0268725151604002e-07	1.7260132387081925e-07	2.5857199516754987e-06	3.672109785004402e-08	0.13827532057390746	0.02576341693817044	0.0007472949210277101	0.006595296824865369	0.016202876754518387	0.07025973462460958	0.06572969591494636	0.679248127299411	0.0673516392822983	0.7050433357925597	5.575559807573072e-05	0.016025582016252673	0.08598789432205538	-5.268486072660078e-06	0.0012861797244805694
0.00039673454266952145	1.763757966096125e-05	-2.033889003563426e-06	1.513894246314118e-05	1.8990591859969546e-06	0.00018478813404684477	1.4383031760564066e-06	7.360358920685892e-07	1.4683949787224318e-05	1.673176219097377e-07	0.13930109503241458	0.9881590129352458	-3.440379082481851e-05	0.0022670977854368796	0.02494328492854272	0.019280829155180906	0.01055110091599021	-0.03072487722866231	-0.00327796524715509	-0.036370809783194964	0.0005991653064831438	0.02531497251638712	-0.010036940031743652	-8.675541973845698e-06	0.0026167288207610243
