tloc	tmcCabe	assertionDensity	assertionRoulette	mysteryGuest	eagerTest	sensitiveEquality	resourceOptimism	conditionalTestLogic	fireAndForget	loc	lcom2	lcom5	cbo	wmc	rfc	mpc	halsteadVocabulary	halsteadLength	halsteadVolume	classDataShouldBePrivate	complexClass	spaghettiCode	functionalDecomposition	godClass
6.930919013678088e-05	5.390892028854107e-06	1.879775773149708e-07	2.199795534276441e-05	-7.536434775898628e-07	6.879377994544969e-05	6.758565707275951e-07	-1.793048916504566e-08	-2.02448822453073e-08	-4.76850761586715e-08	0.14045624391541206	0.21503707366047717	0.0006427745644774509	0.005047658706632209	0.01754406916366945	0.05736948039753778	0.052617020330201526	0.7360866957031456	0.05797840558376501	0.6123250385362057	0.00011438642017193074	0.017539848622286445	0.08486392508975227	-4.563944581280515e-06	0.00098937174410829
