tloc	tmcCabe	assertionDensity	assertionRoulette	mysteryGuest	eagerTest	sensitiveEquality	resourceOptimism	conditionalTestLogic	fireAndForget	loc	lcom2	lcom5	cbo	wmc	rfc	mpc	halsteadVocabulary	halsteadLength	halsteadVolume	classDataShouldBePrivate	complexClass	spaghettiCode	functionalDecomposition	godClass
6.106443628599969e-05	4.277150357194298e-06	6.340466988958808e-07	2.2206974799208676e-05	-2.2197865003096393e-06	6.780140133938861e-05	5.832816335505581e-07	-2.418040514803264e-09	-5.61771845586714e-07	-6.96271750163898e-08	0.14065686790581572	0.216134848010989	0.0006460903845808889	0.005046723188146646	0.01755424711802089	0.05756344687149535	0.052809774766779	0.7372304691032138	0.05766693625894111	0.6104211761406256	0.00011286235841762731	0.017638374957351547	0.08546680155815023	-4.465903707626176e-06	0.0009753904345935492
2.399178465644399e-06	-2.2817298910146538e-05	3.6801675968713023e-06	3.375152977943949e-05	-1.7180534816279138e-05	0.00021806425721794867	4.4872557761943246e-07	-6.485624802710046e-07	-5.441594137589196e-06	-2.7289707034820235e-07	0.044705447617758354	0.889282016030657	-0.00038679704654455605	-0.0055467452076749	0.009447431883484115	-0.045626855781197316	-0.048001886253654306	0.1030943992492894	-0.044073676266731275	-0.4356626521011639	0.000283484157507429	0.010449920865511926	-0.013780478186134934	1.4314218200923782e-06	-0.0007968831234578338
