tloc	tmcCabe	assertionDensity	assertionRoulette	mysteryGuest	eagerTest	sensitiveEquality	resourceOptimism	conditionalTestLogic	fireAndForget	loc	lcom2	lcom5	cbo	wmc	rfc	mpc	halsteadVocabulary	halsteadLength	halsteadVolume	classDataShouldBePrivate	complexClass	spaghettiCode	functionalDecomposition	godClass
6.861631547926136e-05	5.351902083704141e-06	1.9567587247982754e-07	2.19627743335234e-05	-1.060709771008428e-06	6.890266527633421e-05	6.562780995951858e-07	-2.931185025647364e-08	-2.1064819325801837e-07	-3.752597868452294e-08	0.14047303308302267	0.21519434661444972	0.0006431892301933664	0.005046270195086105	0.01755001943766186	0.057385054959590454	0.052630115249017645	0.7361172550577441	0.05796003808298457	0.6122204045861945	0.00011474314608292196	0.01755014800733075	0.08491791380422335	-4.5259776355378615e-06	0.0009894167047692702
1.5430889533151328e-06	-2.301921698464552e-05	3.58195127936899e-06	3.37187409095343e-05	-1.7010457963972573e-05	0.00021571450658219277	4.344136156377065e-07	-7.303135151775872e-07	-5.307123442622837e-06	-3.0849381100359453e-07	0.04540914264693113	0.8888008879895523	-0.0003774742513442852	-0.0055188769062649475	0.009518810976703427	-0.04508027309451536	-0.04746804354511046	0.10563306854908544	-0.04428372111125532	-0.43607875919949823	0.0002838574068399332	0.010597205005094429	-0.01293055326276466	1.648777968148786e-06	-0.0007939881850545664
