tloc	tmcCabe	assertionDensity	assertionRoulette	mysteryGuest	eagerTest	sensitiveEquality	resourceOptimism	conditionalTestLogic	fireAndForget	loc	lcom2	lcom5	cbo	wmc	rfc	mpc	halsteadVocabulary	halsteadLength	halsteadVolume	classDataShouldBePrivate	complexClass	spaghettiCode	functionalDecomposition	godClass
6.322140099808062e-05	4.941083354744806e-06	1.3810582614095614e-07	2.2095829197254748e-05	-1.3161470491627522e-06	6.823127294481416e-05	6.556455653115135e-07	-2.3541787206361874e-08	-1.0004272401936348e-06	-5.6013879891348995e-08	0.1407399931892986	0.21389919234599647	0.0006442075006213125	0.005075834263172547	0.017518370274395328	0.05775660790445984	0.053015992156946835	0.7377219090435695	0.05765525237606997	0.6105354740878302	0.00011518820948752869	0.017582671103229745	0.08566424073933661	-4.510569885023387e-06	0.0009762199255437732
-5.4284529172431035e-06	-2.3090894904051485e-05	3.755001833267157e-06	3.706432956220933e-05	-1.6255414415901778e-05	0.00022418208853557732	4.0571752507026216e-07	-6.265101414924581e-07	-3.3360521757467065e-06	-2.9201719083358626e-07	0.04483074563478042	0.8879897278103008	-0.0003793751371135347	-0.005612943720835043	0.009243241107220135	-0.04696693367141664	-0.04924659902996794	0.10746406767687487	-0.044211784574337054	-0.43693178738329624	0.00028899334732583013	0.010234858526079029	-0.014077055876775347	1.5799702676549874e-06	-0.0007708488577231216
