tloc	tmcCabe	assertionDensity	assertionRoulette	mysteryGuest	eagerTest	sensitiveEquality	resourceOptimism	conditionalTestLogic	fireAndForget	loc	lcom2	lcom5	cbo	wmc	rfc	mpc	halsteadVocabulary	halsteadLength	halsteadVolume	classDataShouldBePrivate	complexClass	spaghettiCode	functionalDecomposition	godClass
6.645200258666095e-05	5.245378017649864e-06	1.852431769898665e-07	2.1843741984199312e-05	-1.1989546837530336e-06	6.87852145427933e-05	6.42091365673227e-07	-3.5957319550229547e-08	-2.547965670130772e-07	-5.6895832809633526e-08	0.14040685039599962	0.21517132759828428	0.0006433922255735083	0.00504768156715889	0.01754069320463763	0.05740533124319793	0.05265525076507081	0.7362800792822954	0.05792685727144899	0.6120382404079547	0.00011302060348242075	0.017555776906131273	0.08498124848039035	-4.4633223280617764e-06	0.0009877681140635878
