tloc	tmcCabe	assertionDensity	assertionRoulette	mysteryGuest	eagerTest	sensitiveEquality	resourceOptimism	conditionalTestLogic	fireAndForget	loc	lcom2	lcom5	cbo	wmc	rfc	mpc	halsteadVocabulary	halsteadLength	halsteadVolume	classDataShouldBePrivate	complexClass	spaghettiCode	functionalDecomposition	godClass
6.943297850813976e-05	5.446617893059963e-06	2.0418866056988762e-07	2.214899955251149e-05	-8.265892654285731e-07	6.877669141828137e-05	6.690072700836204e-07	-1.8785726949059223e-08	3.700036349191195e-08	-4.495063080462568e-08	0.14042685173537087	0.21486931267966414	0.0006427746648110618	0.005047689692198194	0.017540020161430463	0.05735142415352001	0.05259972019417375	0.7360279834893544	0.0580028293533498	0.6124673679903797	0.00011430385134346241	0.017530747603110734	0.08482858720910588	-4.616654482550035e-06	0.000989798667195175
-9.302417525164226e-06	-2.4512543734504577e-05	3.827266671750699e-06	3.560721244310366e-05	-1.673840311005504e-05	0.00020901294340884343	3.8627617735242594e-07	-7.792564504935721e-07	-5.53365444701917e-06	-2.8541446251417695e-07	0.04114569600023339	0.8844421677664592	-0.0003880925119169388	-0.005743074152905021	0.00873803615576907	-0.047001408478428944	-0.04914822000958866	0.11416077542171445	-0.044890938065716444	-0.4427502825832673	0.00023204128930607473	0.00977288639594738	-0.012765440027285638	1.9688671091153226e-06	-0.0008121454931627741
-0.0006814045390403918	-5.383801304466034e-05	9.96577396793632e-07	-1.347428566080185e-05	-9.779033960086766e-05	3.646822743687179e-05	4.10777738371888e-07	-5.392851741241702e-06	-3.371465250182144e-05	-1.6215402109296968e-06	-0.08163561800032958	-0.3995838022003796	-0.000659420155817759	-0.007274764736179453	-0.023807537059874307	-0.05544004101712225	-0.048138975197929944	0.6544176590372665	-0.07336043552093904	-0.6216326266417357	-0.0006839563366141343	-0.020054849362234166	0.0844356537602743	2.3683723864385045e-05	-0.007309108569029124
