tloc	tmcCabe	assertionDensity	assertionRoulette	mysteryGuest	eagerTest	sensitiveEquality	resourceOptimism	conditionalTestLogic	fireAndForget	loc	lcom2	lcom5	cbo	wmc	rfc	mpc	halsteadVocabulary	halsteadLength	halsteadVolume	classDataShouldBePrivate	complexClass	spaghettiCode	functionalDecomposition	godClass
6.80979426198112e-05	5.185882587737734e-06	1.945301760987953e-07	2.2320048062856497e-05	-1.0889215600444997e-06	6.891918999071993e-05	6.677022032696924e-07	-3.5635949647900156e-08	-2.7213431494856453e-07	-4.412088718216636e-08	0.14041217047550242	0.2151008372738638	0.0006429615655417507	0.00504132363386564	0.01754280098595119	0.05738119421619399	0.05262865030621801	0.7362232622085282	0.057948857515895145	0.6121401587686383	0.00011416657345287192	0.01755322074884077	0.08492761955469838	-4.55157064110423e-06	0.0009605839084006014
