tloc	tmcCabe	assertionDensity	assertionRoulette	mysteryGuest	eagerTest	sensitiveEquality	resourceOptimism	conditionalTestLogic	fireAndForget	loc	lcom2	lcom5	cbo	wmc	rfc	mpc	halsteadVocabulary	halsteadLength	halsteadVolume	classDataShouldBePrivate	complexClass	spaghettiCode	functionalDecomposition	godClass
5.372033950005976e-05	3.924224725905279e-06	1.8547722660611188e-07	2.2340520707693214e-05	-1.7413817384996455e-06	6.859635168133036e-05	6.375385566840571e-07	-4.850835181978689e-08	-1.5137728584493065e-06	-9.424180142542046e-08	0.14180595981165064	0.2122890997659905	0.0006600475483116952	0.005127519341865077	0.017660298460063395	0.05833060897031124	0.05356786108815141	0.7420754751396813	0.05708973436667509	0.6054305823254912	0.00011642416152916485	0.017693718057656554	0.08612930202125585	-4.611204245910665e-06	0.001017023753349789
