tloc	tmcCabe	assertionDensity	assertionRoulette	mysteryGuest	eagerTest	sensitiveEquality	resourceOptimism	conditionalTestLogic	fireAndForget	loc	lcom2	lcom5	cbo	wmc	rfc	mpc	halsteadVocabulary	halsteadLength	halsteadVolume	classDataShouldBePrivate	complexClass	spaghettiCode	functionalDecomposition	godClass
7.224457732693922e-05	5.952671824108065e-06	2.045797327266901e-07	2.2884765283158072e-05	-5.585087621701186e-07	6.926986885545807e-05	6.979542721135569e-07	-5.540963868966059e-09	4.003287231475984e-07	-3.9854341217722315e-08	0.14015634357531068	0.2160224887638282	0.0006458630877342666	0.005071488809420821	0.01750855160414281	0.056872845161063786	0.052215690845486835	0.7356114042954444	0.05801224468379304	0.6127261258096	0.00011533936383956555	0.017486651769416026	0.08465894564159615	-4.579209903651696e-06	0.0009951974707182402
