tloc	tmcCabe	assertionDensity	assertionRoulette	mysteryGuest	eagerTest	sensitiveEquality	resourceOptimism	conditionalTestLogic	fireAndForget	loc	lcom2	lcom5	cbo	wmc	rfc	mpc	halsteadVocabulary	halsteadLength	halsteadVolume	classDataShouldBePrivate	complexClass	spaghettiCode	functionalDecomposition	godClass
6.687388246766739e-05	5.155753835496836e-06	1.901785642485709e-07	2.1809566786906265e-05	-1.1540425720362453e-06	6.842771369379619e-05	6.902444855961761e-07	-4.7166663032946475e-08	-3.728443024630144e-07	-5.313830559822273e-08	0.14051247183757826	0.2134296337198592	0.0006441851979348144	0.0050564695389749515	0.01751575228675988	0.05743970953032805	0.0527047403651767	0.7367426368206106	0.05791655202120983	0.612053690612333	0.00011445127889854851	0.017512069113907715	0.08504531213445841	-4.3867051324201345e-06	0.0009908714104941469
3.36735410480716e-06	-2.2798820150125217e-05	3.570245878631422e-06	3.431086303029379e-05	-1.7231590266434317e-05	0.00021879472199952903	4.3889405370084175e-07	-7.560228532114176e-07	-6.170317403445776e-06	-3.020436648288793e-07	0.04620279668670948	0.8876871237904894	-0.00037373699439638853	-0.005501500452818249	0.009556567783239244	-0.0449431493243083	-0.04732159644913932	0.10886282795399783	-0.04449624967554459	-0.43748837407071256	0.00028646530901080893	0.010614282340939248	-0.012465488579322512	1.589531002356409e-06	-0.0007906442627674946
