tloc	tmcCabe	assertionDensity	assertionRoulette	mysteryGuest	eagerTest	sensitiveEquality	resourceOptimism	conditionalTestLogic	fireAndForget	loc	lcom2	lcom5	cbo	wmc	rfc	mpc	halsteadVocabulary	halsteadLength	halsteadVolume	classDataShouldBePrivate	complexClass	spaghettiCode	functionalDecomposition	godClass
6.812763185072186e-05	5.2255030855134445e-06	2.4882642202398705e-07	2.1945077701105215e-05	-1.1744825416268669e-06	6.897937710719626e-05	6.507916654947129e-07	-4.1389702147055626e-08	-1.352438771333579e-07	-4.68280811460849e-08	0.14041454389546928	0.21507664626581138	0.0006431975907700833	0.005045549482388772	0.01754134702452811	0.05737783493102048	0.05262667900038548	0.7361830599830639	0.05795718900030406	0.6121991637584804	0.00011418324627005924	0.017544020881736153	0.08490756789496413	-4.577458038219747e-06	0.0009890846797576305
2.12717814216777e-06	-2.3086762058560853e-05	3.601331821008556e-06	3.4136924210694384e-05	-1.6937321163100065e-05	0.00021683847740753612	4.3794579456349594e-07	-6.882176479353387e-07	-5.622727498508145e-06	-3.015230451670284e-07	0.04542720029636656	0.8889897891985413	-0.0003777323379268437	-0.005515148888559492	0.009539354108144852	-0.04501238545479174	-0.04741653479634684	0.10541569943241492	-0.04425433596411962	-0.435759860572559	0.00028443277135731655	0.010624280531679773	-0.012896184497721893	1.6407433159790423e-06	-0.0007961388027326459
