tloc	tmcCabe	assertionDensity	assertionRoulette	mysteryGuest	eagerTest	sensitiveEquality	resourceOptimism	conditionalTestLogic	fireAndForget	loc	lcom2	lcom5	cbo	wmc	rfc	mpc	halsteadVocabulary	halsteadLength	halsteadVolume	classDataShouldBePrivate	complexClass	spaghettiCode	functionalDecomposition	godClass
6.895158356543581e-05	5.382261519966405e-06	2.0877070928849052e-07	2.182392462624828e-05	-6.554039654988224e-07	6.793977028801206e-05	6.518429872034328e-07	-1.140037491816986e-08	2.048172664930382e-08	-3.752205860307143e-08	0.14054349004014827	0.21513284925143272	0.0006429572927367971	0.005057683235102682	0.0175052701217359	0.05743052183097983	0.05268901872803378	0.736263261901583	0.05793004001533115	0.6120385857977771	0.00011503216057178049	0.017491061337004954	0.08497588431599565	-4.599738500128294e-06	0.0009934147527317074
2.114075186698377e-06	-2.2919458809145744e-05	3.577145063823513e-06	3.415115032423134e-05	-1.7188623079059832e-05	0.00021756451386547332	4.5210346169297077e-07	-7.167293514885891e-07	-5.571436446503713e-06	-3.136795604188451e-07	0.045362467607151666	0.8889629899844927	-0.00037676272216628266	-0.005525058170121298	0.009557301393127276	-0.045065038327430036	-0.04747260401650298	0.10533106891543813	-0.04425575668555911	-0.43582771373086077	0.0002840073681760796	0.010640649952217425	-0.012943895670249018	1.6513761334524824e-06	-0.0007955479424323608
