tloc	tmcCabe	assertionDensity	assertionRoulette	mysteryGuest	eagerTest	sensitiveEquality	resourceOptimism	conditionalTestLogic	fireAndForget	loc	lcom2	lcom5	cbo	wmc	rfc	mpc	halsteadVocabulary	halsteadLength	halsteadVolume	classDataShouldBePrivate	complexClass	spaghettiCode	functionalDecomposition	godClass
6.824646796354961e-05	5.5092994443091704e-06	2.1484373946410163e-07	2.2228917530927105e-05	-9.022601230131875e-07	6.870387429628166e-05	6.665690536348364e-07	-9.178830515043232e-09	4.6343012381512e-08	-7.811778735776629e-08	0.14052264581062507	0.21548638375791393	0.0006443960115056324	0.005049074734940726	0.017548158610433507	0.057437007658727016	0.052683437779309145	0.7365005280986467	0.057871670977360394	0.6116303688791711	0.00011451084344442605	0.01754957907936744	0.08501975926230583	-4.592775250108763e-06	0.0006059182264692047
2.0470881659476363e-06	-2.2947982326842383e-05	3.6133614975771708e-06	3.448950661274328e-05	-1.693587566045612e-05	0.00021824605543048028	4.2519045521960766e-07	-7.053731579127333e-07	-5.30154383277192e-06	-2.3454021281424113e-07	0.04532441971866029	0.8886616944297793	-0.00038026079138264474	-0.005532855111296603	0.009527695387205297	-0.0452577463031965	-0.04764078457871282	0.1052592085438426	-0.04428602651485935	-0.4364197319062729	0.0002844880991069546	0.010596867260905713	-0.01307923603074063	1.6444573657819678e-06	-0.00047080669054842404
