tloc	tmcCabe	assertionDensity	assertionRoulette	mysteryGuest	eagerTest	sensitiveEquality	resourceOptimism	conditionalTestLogic	fireAndForget	loc	lcom2	lcom5	cbo	wmc	rfc	mpc	halsteadVocabulary	halsteadLength	halsteadVolume	classDataShouldBePrivate	complexClass	spaghettiCode	functionalDecomposition	godClass
6.941149391005115e-05	5.436239281778216e-06	2.0663299006827314e-07	2.213062524331017e-05	-8.337055359797513e-07	6.883309152697854e-05	6.635645886472322e-07	-1.9244776590311173e-08	4.344330404036569e-08	-4.53600856760872e-08	0.14045233262039036	0.21499576560732264	0.0006425751342316121	0.005047442572647282	0.01754314846895363	0.057354845202995525	0.05260224104626033	0.7360374606237222	0.05799377963861515	0.6124041961771299	0.0001145502752946448	0.017535187917966183	0.08484061587123064	-4.6106372403310255e-06	0.0009898554365738057
