tloc	tmcCabe	assertionDensity	assertionRoulette	mysteryGuest	eagerTest	sensitiveEquality	resourceOptimism	conditionalTestLogic	fireAndForget	loc	lcom2	lcom5	cbo	wmc	rfc	mpc	halsteadVocabulary	halsteadLength	halsteadVolume	classDataShouldBePrivate	complexClass	spaghettiCode	functionalDecomposition	godClass
6.925872618090673e-05	5.401727386746948e-06	1.9941758416531208e-07	2.2127374718225138e-05	-8.712680506953182e-07	6.880504189389801e-05	6.674425791307242e-07	-2.0840552553510766e-08	2.898106886024117e-09	-4.615323800778807e-08	0.14043691250028867	0.21498221838040346	0.0006427382602881537	0.005047092737524601	0.01754258578552256	0.05735404276106412	0.05260167907528052	0.736034126393486	0.0579952786890264	0.6124171298153988	0.00011445019404917952	0.017535420772238793	0.08483599519357932	-4.61932545430091e-06	0.0009895760627131893
