tloc	tmcCabe	assertionDensity	assertionRoulette	mysteryGuest	eagerTest	sensitiveEquality	resourceOptimism	conditionalTestLogic	fireAndForget	loc	lcom2	lcom5	cbo	wmc	rfc	mpc	halsteadVocabulary	halsteadLength	halsteadVolume	classDataShouldBePrivate	complexClass	spaghettiCode	functionalDecomposition	godClass
0.00012718757948341485	8.51276503015601e-07	1.3526951788645736e-06	4.0563687646046276e-05	3.3847285776999963e-06	0.00017672582486209017	2.255872920933077e-06	3.516159996391361e-07	8.557908573102897e-06	1.1527515282966136e-07	0.1285841545464928	0.5577254730099264	0.00024967702446118326	0.0008680917480025801	0.017337714972895844	0.017355474587503236	0.012668430214886771	0.7246167340200681	0.03690622122131582	0.375719153798316	0.0002755208405694634	0.01687124202078072	0.06132699483899769	-6.130941232305468e-06	0.0017807116239699635
