tloc	tmcCabe	assertionDensity	assertionRoulette	mysteryGuest	eagerTest	sensitiveEquality	resourceOptimism	conditionalTestLogic	fireAndForget	loc	lcom2	lcom5	cbo	wmc	rfc	mpc	halsteadVocabulary	halsteadLength	halsteadVolume	classDataShouldBePrivate	complexClass	spaghettiCode	functionalDecomposition	godClass
6.878862731297073e-05	5.4918890880781525e-06	1.9888029740892486e-07	2.2043380617200527e-05	-1.031349600039482e-06	6.862648644574809e-05	6.79650324233279e-07	-2.7628466812425528e-08	5.598973528141914e-08	-4.88589186816556e-08	0.1404052765023347	0.21501998241029968	0.0006429771081813588	0.005044016548222642	0.017538540261409448	0.0573606534144408	0.05260984551680864	0.736124281142363	0.05797268277639646	0.6122978662317365	0.00011429729374456195	0.01754012703881496	0.08487724213404937	-4.560148230270905e-06	0.0009887426119739235
