tloc	tmcCabe	assertionDensity	assertionRoulette	mysteryGuest	eagerTest	sensitiveEquality	resourceOptimism	conditionalTestLogic	fireAndForget	loc	lcom2	lcom5	cbo	wmc	rfc	mpc	halsteadVocabulary	halsteadLength	halsteadVolume	classDataShouldBePrivate	complexClass	spaghettiCode	functionalDecomposition	godClass
6.675984486520822e-05	5.360821179850003e-06	1.466254977301935e-07	2.15906512406928e-05	-9.017156435506173e-07	6.85551336980018e-05	6.496457374110736e-07	4.4255755769785396e-08	-2.7732323104964944e-07	-4.57983148747163e-08	0.14036013018615076	0.21497402251479955	0.0006431458575843768	0.00504409269495489	0.017534613033900824	0.05735447904799583	0.052605332366304554	0.7360994502955936	0.057986520691217035	0.6123533820293401	0.00011410624029133621	0.017538888738808923	0.08488176185626943	-4.607830166413479e-06	0.0009881686199500284
