tloc	tmcCabe	assertionDensity	assertionRoulette	mysteryGuest	eagerTest	sensitiveEquality	resourceOptimism	conditionalTestLogic	fireAndForget	loc	lcom2	lcom5	cbo	wmc	rfc	mpc	halsteadVocabulary	halsteadLength	halsteadVolume	classDataShouldBePrivate	complexClass	spaghettiCode	functionalDecomposition	godClass
6.925872618079709e-05	5.4017273867469606e-06	1.994175841653112e-07	2.212737471822503e-05	-8.712680506953408e-07	6.880504189389757e-05	6.67442579130726e-07	-2.0840552553512503e-08	2.8981068860176267e-09	-4.615323800778831e-08	0.1404369125002888	0.21498221838040243	0.0006427382602881554	0.005047092737524615	0.01754258578552257	0.05735404276106435	0.05260167907528068	0.7360341263934853	0.0579952786890264	0.6124171298154001	0.00011445019404917913	0.017535420772238804	0.08483599519357944	-4.619325454300922e-06	0.0009895760627131912
1.725281917844162e-06	-2.305216497856931e-05	3.601639586001481e-06	3.4063197153785e-05	-1.7009229391901862e-05	0.000217214236621683	4.3425349804901594e-07	-7.068866975697337e-07	-5.618454203853845e-06	-3.0785609422509977e-07	0.04549240456956212	0.8889972500064324	-0.0003767385625868759	-0.0055121050823927365	0.009552271377739547	-0.04495734446219635	-0.04736544512905438	0.10560043589800219	-0.044263704282943045	-0.4357050193848047	0.00028433509180503464	0.010635449693881874	-0.012823783086125761	1.6735598274549044e-06	-0.000792156570438992
-0.0006890936962770085	-5.6626580414233693e-05	1.7020882556721427e-06	-7.528810854385498e-06	-9.265243088500183e-05	1.31565049032316e-05	2.780734201896917e-07	-5.368880525191463e-06	-3.183768957018298e-05	-1.480568082180663e-06	-0.0952948643672598	-0.38708670842146914	-0.0006891566881782245	-0.00801273591878548	-0.02567313487544241	-0.06160658442385778	-0.053705947937006275	0.6569894042013639	-0.07280645216842915	-0.6242825761289122	-0.0008162834906217973	-0.022234986657965996	0.08043191576385463	2.374214213384898e-05	-0.007060176896227499
0.0002926020558218185	6.83272486844929e-05	8.276385978370598e-06	1.6873715833761844e-07	-9.248898587003493e-05	-0.00022989401047825755	-3.3844366346451548e-06	-7.955135677499115e-06	-3.3960028921422745e-05	-8.616401804656476e-07	0.8691766621954581	-0.09338768546339019	0.003413490805631201	0.05307821224922662	0.0809709609426788	0.29704802812869846	0.2757285897151293	-0.056720268235791384	-0.04617633729888361	-0.17053459241695793	-0.00031709085245604804	0.0840062849733386	0.14357092238679228	-8.580760304865838e-06	-0.007760760438741373
