tloc	tmcCabe	assertionDensity	assertionRoulette	mysteryGuest	eagerTest	sensitiveEquality	resourceOptimism	conditionalTestLogic	fireAndForget	loc	lcom2	lcom5	cbo	wmc	rfc	mpc	halsteadVocabulary	halsteadLength	halsteadVolume	classDataShouldBePrivate	complexClass	spaghettiCode	functionalDecomposition	godClass
0.00012718757948332703	8.512765030156038e-07	1.3526951788645765e-06	4.056368764604631e-05	3.3847285776999764e-06	0.00017672582486209058	2.2558729209330736e-06	3.516159996391348e-07	8.557908573102865e-06	1.1527515282966065e-07	0.12858415454649308	0.5577254730099274	0.0002496770244611835	0.000868091748002581	0.017337714972895886	0.01735547458750324	0.012668430214886776	0.7246167340200678	0.036906221221315774	0.37571915379831516	0.0002755208405694634	0.01687124202078075	0.0613269948389978	-6.130941232305466e-06	0.0017807116239699713
-0.0002682321133546636	-4.448228052582934e-05	4.4692791987635314e-06	-2.8917836404265234e-06	-5.823907165837437e-05	7.263020826434784e-05	-5.460007964067743e-06	-3.2035885791233893e-06	-4.844089765430334e-05	-1.360573492167288e-06	0.056874771563682265	0.7363462821999486	0.00011258982442251695	-0.0014476112457281094	0.011842105917446496	0.0012623772910887606	-0.0016102062278568062	-0.25142695346116606	-0.07150870041923942	-0.621098822370711	9.24684041496503e-06	0.01633785226178437	-0.004521560047380755	1.3755794902211663e-05	-0.005716068749777972
-0.0007790135525744886	-6.92467586849867e-05	2.3119208390176968e-06	-1.776343242577533e-05	-0.00010952022056967103	-1.430473942251739e-05	-1.9734498416277042e-06	-6.401941036552486e-06	-4.6497203347319566e-05	-1.8689728058523815e-06	-0.07325898466878933	-0.3523727985812765	-0.0004839285719955985	-0.007076273355696369	-0.022787845840793654	-0.04282957399173461	-0.03575477952502959	0.6315535700491454	-0.08169603566773492	-0.6722117639423668	-0.0008987197253459683	-0.018037604646694686	0.09472595965352162	2.6741890942794265e-05	-0.009030752277222871
0.0018338020010963576	5.0436011322281847e-05	1.112778509836785e-05	6.085053433091214e-05	9.571342226092486e-05	0.0001209698441612435	2.5335434425251327e-05	8.084791083258417e-07	0.00012318301627963922	4.551883951286402e-06	0.9621696066396345	-0.14699448246645858	0.0017216072386421054	0.01682983353786847	0.05703277042515184	0.14609095249461548	0.12432221381144862	-0.03471211164771947	-0.0189037031577385	-0.06835732863240573	0.0007765146214755764	0.04243008955256819	0.06437763401635242	-7.22640325196288e-05	0.010046514253804002
