tloc	tmcCabe	assertionDensity	assertionRoulette	mysteryGuest	eagerTest	sensitiveEquality	resourceOptimism	conditionalTestLogic	fireAndForget	loc	lcom2	lcom5	cbo	wmc	rfc	mpc	halsteadVocabulary	halsteadLength	halsteadVolume	classDataShouldBePrivate	complexClass	spaghettiCode	functionalDecomposition	godClass
0.0001271875794834048	8.512765030155811e-07	1.3526951788645795e-06	4.056368764604633e-05	3.3847285776999747e-06	0.0001767258248620904	2.255872920933075e-06	3.5161599963913476e-07	8.557908573102882e-06	1.1527515282966102e-07	0.12858415454649313	0.5577254730099277	0.000249677024461184	0.0008680917480025809	0.017337714972895903	0.017355474587503254	0.012668430214886756	0.7246167340200673	0.03690622122131578	0.3757191537983154	0.00027552084056946366	0.016871242020780775	0.06132699483899773	-6.130941232305475e-06	0.0017807116239699715
-0.0002682321133547001	-4.44822805258088e-05	4.469279198763537e-06	-2.8917836404265585e-06	-5.823907165837433e-05	7.26302082643478e-05	-5.4600079640677464e-06	-3.2035885791233846e-06	-4.844089765430329e-05	-1.3605734921672887e-06	0.05687477156368209	0.7363462821999491	0.00011258982442251668	-0.0014476112457281073	0.011842105917446498	0.0012623772910887589	-0.0016102062278568212	-0.25142695346116684	-0.07150870041923947	-0.6210988223707111	9.246840414965153e-06	0.016337852261784372	-0.004521560047380819	1.3755794902211684e-05	-0.00571606874977797
-0.000779013552574518	-6.924675868488391e-05	2.3119208389978453e-06	-1.7763432425775362e-05	-0.00010952022056967087	-1.4304739422517221e-05	-1.973449841627714e-06	-6.401941036552487e-06	-4.649720334731961e-05	-1.8689728058523792e-06	-0.07325898466878916	-0.35237279858127585	-0.00048392857199559824	-0.007076273355696362	-0.02278784584079359	-0.04282957399173453	-0.03575477952502951	0.6315535700491457	-0.08169603566773492	-0.6722117639423669	-0.0008987197253459691	-0.018037604646694627	0.09472595965352151	2.6741890942794198e-05	-0.009030752277222852
0.0018338020010963644	5.043601132229536e-05	1.1127785098361607e-05	6.085053433087762e-05	9.571342226092422e-05	0.00012096984416124096	2.5335434425251056e-05	8.084791083257007e-07	0.00012318301627963862	4.5518839512864525e-06	0.9621696066396335	-0.1469944824664584	0.0017216072386421033	0.016829833537868585	0.05703277042515228	0.1460909524946185	0.12432221381145127	-0.034712111647719486	-0.018903703157738573	-0.06835732863240591	0.0007765146214755575	0.042430089552568606	0.0643776340163532	-7.226403251962897e-05	0.010046514253804269
