tloc	tmcCabe	assertionDensity	assertionRoulette	mysteryGuest	eagerTest	sensitiveEquality	resourceOptimism	conditionalTestLogic	fireAndForget	loc	lcom2	lcom5	cbo	wmc	rfc	mpc	halsteadVocabulary	halsteadLength	halsteadVolume	classDataShouldBePrivate	complexClass	spaghettiCode	functionalDecomposition	godClass
7.035384385346312e-05	5.40863002756806e-06	2.2576102754590564e-07	2.2716162789740242e-05	-9.351003779008793e-07	6.81911667174784e-05	6.58775983585931e-07	-2.4775368953457588e-08	5.082332288060942e-08	-4.708041736032711e-08	0.14044537323010484	0.21458695359710772	0.000643387526639573	0.005049092806669689	0.01752630769911612	0.057412272479486125	0.05266618677409142	0.7361190039005998	0.05798315457352113	0.612427948608656	0.00011445857076862288	0.017520657249946205	0.08494326070081355	-4.55842374081172e-06	0.0009903961774290389
