tloc	tmcCabe	assertionDensity	assertionRoulette	mysteryGuest	eagerTest	sensitiveEquality	resourceOptimism	conditionalTestLogic	fireAndForget	loc	lcom2	lcom5	cbo	wmc	rfc	mpc	halsteadVocabulary	halsteadLength	halsteadVolume	classDataShouldBePrivate	complexClass	spaghettiCode	functionalDecomposition	godClass
6.925657594311056e-05	5.466715082211352e-06	2.0681845692305776e-07	2.2141550067341445e-05	-8.723239379771587e-07	6.880789082665634e-05	6.686209414183133e-07	-2.0956069339249353e-08	1.1672546339803685e-08	-4.5021908821889934e-08	0.14043637084885144	0.2150157080348048	0.000642755909028417	0.00504748435337435	0.01754375439858146	0.05735425216994431	0.05260147165365309	0.7360443547557021	0.05799031081153213	0.6123919382162828	0.00011446558439514683	0.017537909286088154	0.08484772944018946	-4.6036944756176954e-06	0.000989691797727226
7.387960035098161e-07	-2.3061952625580482e-05	3.5847613270113913e-06	3.3911154376553635e-05	-1.706426526427285e-05	0.0002169848238016953	4.2930135236174283e-07	-7.096116921569857e-07	-5.664959364734028e-06	-3.0978241712592753e-07	0.045484747111302404	0.8889805812036807	-0.0003768573043116179	-0.005513744749974149	0.009548010864344408	-0.04496288081553144	-0.04736944264208524	0.10558477577110133	-0.04426342305026	-0.43574203467689754	0.0002842542594099425	0.010629804124248675	-0.012851606143418775	1.6611125649489667e-06	-0.0007928815967973368
