tloc	tmcCabe	assertionDensity	assertionRoulette	mysteryGuest	eagerTest	sensitiveEquality	resourceOptimism	conditionalTestLogic	fireAndForget	loc	lcom2	lcom5	cbo	wmc	rfc	mpc	halsteadVocabulary	halsteadLength	halsteadVolume	classDataShouldBePrivate	complexClass	spaghettiCode	functionalDecomposition	godClass
6.97408397310699e-05	5.6098419433670705e-06	1.6450527756958278e-07	2.2194610092586783e-05	-1.298445035753554e-06	6.824396220288023e-05	6.432795226074865e-07	-3.8036477473697995e-08	1.1462078313211896e-08	-4.934931094986078e-08	0.14054662177299174	0.21526593587924966	0.0006431764925809646	0.005058209467772828	0.017552442620752583	0.05741281969062733	0.05265753437349591	0.7361590131350179	0.05793805243007319	0.6121228239054528	0.00011546294448707373	0.017553021120649312	0.0849336107853953	-4.671304870162468e-06	0.0009881743712126842
7.97302900541666e-07	-2.313029189817681e-05	3.6075321804406897e-06	3.40230670999773e-05	-1.694972830511458e-05	0.00021743742626206187	4.3956317710115716e-07	-7.057293145827353e-07	-5.69269940991056e-06	-3.106477217758299e-07	0.045211646980199374	0.8889885631939735	-0.0003777180317828713	-0.005531500175965355	0.00952124976050634	-0.045095400873993836	-0.04749274867384857	0.10524312868429184	-0.04423508642226037	-0.4358099910149944	0.00028353839248723494	0.010610310705065558	-0.012967073520262998	1.6817768515362243e-06	-0.0007937902050525607
