tloc	tmcCabe	assertionDensity	assertionRoulette	mysteryGuest	eagerTest	sensitiveEquality	resourceOptimism	conditionalTestLogic	fireAndForget	loc	lcom2	lcom5	cbo	wmc	rfc	mpc	halsteadVocabulary	halsteadLength	halsteadVolume	classDataShouldBePrivate	complexClass	spaghettiCode	functionalDecomposition	godClass
6.951920911477257e-05	5.470066621061437e-06	2.0696231876208673e-07	2.2210849939662575e-05	-8.517384391943641e-07	6.880050418431401e-05	6.69860361709286e-07	-2.1782160243230908e-08	1.2980379338608874e-07	-4.662290028450004e-08	0.14043635778085234	0.2149761536099393	0.0006427188634866439	0.005048303458021306	0.017542836457036602	0.05735426424644824	0.05260186965713682	0.7360324893698852	0.0579963153037958	0.6124211948136601	0.00011444979141947064	0.017535068094137702	0.08483611372927129	-4.617552634908862e-06	0.0009894628695734024
