tloc	tmcCabe	assertionDensity	assertionRoulette	mysteryGuest	eagerTest	sensitiveEquality	resourceOptimism	conditionalTestLogic	fireAndForget	loc	lcom2	lcom5	cbo	wmc	rfc	mpc	halsteadVocabulary	halsteadLength	halsteadVolume	classDataShouldBePrivate	complexClass	spaghettiCode	functionalDecomposition	godClass
6.867773925173306e-05	5.350892023672939e-06	1.7928045209631066e-07	2.19817664526787e-05	-9.999463270762761e-07	6.876621407238604e-05	6.580413395403734e-07	-2.8178173675391827e-08	1.0843813016194684e-07	-4.983219153681265e-08	0.1404659070785191	0.2151268538865156	0.0006430127378080755	0.005049007887108302	0.01754536596459491	0.05737670311529697	0.05262315120723787	0.7361386003257161	0.057965784749344204	0.6122241834277877	0.00011437039669172086	0.01754708474849903	0.08489589941408307	-4.65189578590862e-06	0.000989405321093258
