tloc	tmcCabe	assertionDensity	assertionRoulette	mysteryGuest	eagerTest	sensitiveEquality	resourceOptimism	conditionalTestLogic	fireAndForget	loc	lcom2	lcom5	cbo	wmc	rfc	mpc	halsteadVocabulary	halsteadLength	halsteadVolume	classDataShouldBePrivate	complexClass	spaghettiCode	functionalDecomposition	godClass
6.915860879752302e-05	5.315114143387001e-06	1.9478046555193722e-07	2.2078756819583597e-05	-9.459639873133124e-07	6.916199034175302e-05	7.332914302977747e-07	-2.4455324153075732e-08	-6.894644623859637e-08	-4.7954315654505765e-08	0.14070225542304188	0.21523855064976807	0.0006426991222981511	0.0050478489836649695	0.017555340145808524	0.05737164299065219	0.05261380780790171	0.7360134603109808	0.05797612931822364	0.6122881436998291	0.00011439015298610689	0.01754377001872167	0.08484596504330731	-4.631969855705846e-06	0.0009892151933109184
2.3973522809206382e-06	-2.2624073295747207e-05	3.6433821222907236e-06	3.4469922439146644e-05	-1.6659762864026443e-05	0.000215386376164411	1.4316591808968694e-07	-6.89806298225843e-07	-5.250514317410565e-06	-2.9926971073961997e-07	0.04393999242597654	0.8888170559573227	-0.00038125070758728393	-0.005532258317552122	0.009472072581008517	-0.045204064363435915	-0.047575456670378914	0.10593018044076195	-0.04427210153581744	-0.4361032388707209	0.0002851853926529613	0.010568251249448954	-0.012903978327181431	1.7447273609475208e-06	-0.0007923397920611883
-0.000695481742875962	-5.791511582916642e-05	1.5448556151761511e-06	-9.232523980665764e-06	-9.40048936434689e-05	1.6189218245276296e-05	8.069789512828537e-07	-5.441539741952563e-06	-3.293924257531115e-05	-1.510428852145672e-06	-0.09064281638451267	-0.3882028627217822	-0.0006672317273585056	-0.007928210780346617	-0.025440477550769475	-0.06082074006584978	-0.053021113752694506	0.65668302387929	-0.0729291790982154	-0.6246887147542834	-0.0008213804244602238	-0.022042470238485982	0.08085152066810344	2.358294691305541e-05	-0.007087724891950046
