tloc	tmcCabe	assertionDensity	assertionRoulette	mysteryGuest	eagerTest	sensitiveEquality	resourceOptimism	conditionalTestLogic	fireAndForget	loc	lcom2	lcom5	cbo	wmc	rfc	mpc	halsteadVocabulary	halsteadLength	halsteadVolume	classDataShouldBePrivate	complexClass	spaghettiCode	functionalDecomposition	godClass
8.440994772045867e-05	1.2448319008195433e-05	-7.682206833820791e-07	1.0337184960101987e-05	3.0943776135792727e-06	9.03236275603211e-06	-1.0268725151602668e-07	1.726013238708289e-07	2.585719951675656e-06	3.6721097850046475e-08	0.13827532057390837	0.025763416938177436	0.0007472949210277094	0.006595296824865385	0.016202876754518526	0.07025973462460969	0.0657296959149463	0.6792481272994114	0.0673516392822983	0.7050433357925593	5.57555980757354e-05	0.016025582016252822	0.0859878943220553	-5.268486072660158e-06	0.0012861797244805974
0.0003967345426695122	1.76375796609812e-05	-2.033889003563426e-06	1.5138942463141195e-05	1.8990591859969739e-06	0.00018478813404684474	1.4383031760564142e-06	7.360358920685892e-07	1.4683949787224379e-05	1.673176219097406e-07	0.13930109503241347	0.9881590129352452	-3.440379082482397e-05	0.0022670977854368194	0.02494328492854259	0.019280829155180364	0.010551100915989724	-0.03072487722866691	-0.003277965247155596	-0.03637080978320008	0.0005991653064831425	0.025314972516387008	-0.010036940031744289	-8.675541973845705e-06	0.002616728820761
