tloc	tmcCabe	assertionDensity	assertionRoulette	mysteryGuest	eagerTest	sensitiveEquality	resourceOptimism	conditionalTestLogic	fireAndForget	loc	lcom2	lcom5	cbo	wmc	rfc	mpc	halsteadVocabulary	halsteadLength	halsteadVolume	classDataShouldBePrivate	complexClass	spaghettiCode	functionalDecomposition	godClass
6.861631547934121e-05	5.3519020837042575e-06	1.9567587247982375e-07	2.1962774333523385e-05	-1.0607097710083888e-06	6.890266527633394e-05	6.562780995951849e-07	-2.9311850256473013e-08	-2.106481932579855e-07	-3.752597868452228e-08	0.14047303308302284	0.21519434661444845	0.0006431892301933675	0.0050462701950861315	0.0175500194376619	0.057385054959590606	0.05263011524901782	0.7361172550577438	0.057960038082984625	0.6122204045861952	0.00011474314608292155	0.017550148007330794	0.08491791380422355	-4.525977635537873e-06	0.000989416704769275
1.5430889533409716e-06	-2.301921698485513e-05	3.5819512793689978e-06	3.371874090953458e-05	-1.701045796397233e-05	0.00021571450658219334	4.3441361563772276e-07	-7.303135151775759e-07	-5.307123442622676e-06	-3.0849381100359135e-07	0.045409142646931494	0.8888008879895533	-0.00037747425134428516	-0.005518876906264959	0.009518810976703445	-0.04508027309451542	-0.047468043545110486	0.10563306854908594	-0.0442837211112552	-0.43607875919949673	0.0002838574068399342	0.010597205005094418	-0.012930553262764748	1.6487779681487537e-06	-0.0007939881850545484
