tloc	tmcCabe	assertionDensity	assertionRoulette	mysteryGuest	eagerTest	sensitiveEquality	resourceOptimism	conditionalTestLogic	fireAndForget	loc	lcom2	lcom5	cbo	wmc	rfc	mpc	halsteadVocabulary	halsteadLength	halsteadVolume	classDataShouldBePrivate	complexClass	spaghettiCode	functionalDecomposition	godClass
6.803379241344641e-05	5.694440635650265e-06	2.2239307450369598e-07	2.2237818516056407e-05	-1.0803791824173786e-06	6.827086280286154e-05	6.050024191793167e-07	-2.9829653211882335e-08	-7.982948058946155e-07	-5.051300937192647e-08	0.1406302020626331	0.2164832056430436	0.0006439099164041593	0.005080751939901937	0.01759104165678177	0.05774405665483061	0.052975637954864825	0.7348677733655908	0.05802488473842872	0.6131534308454497	0.00011538522530105591	0.017591834029758217	0.0849502599869398	-4.164508738665819e-06	0.0009982263882935103
