tloc	tmcCabe	assertionDensity	assertionRoulette	mysteryGuest	eagerTest	sensitiveEquality	resourceOptimism	conditionalTestLogic	fireAndForget	loc	lcom2	lcom5	cbo	wmc	rfc	mpc	halsteadVocabulary	halsteadLength	halsteadVolume	classDataShouldBePrivate	complexClass	spaghettiCode	functionalDecomposition	godClass
6.322140099804511e-05	4.941083354744713e-06	1.381058261409627e-07	2.20958291972548e-05	-1.3161470491628388e-06	6.823127294481454e-05	6.556455653115109e-07	-2.3541787206366874e-08	-1.0004272401936842e-06	-5.6013879891350815e-08	0.14073999318929903	0.2138991923459985	0.0006442075006213115	0.005075834263172526	0.01751837027439534	0.05775660790445978	0.053015992156946724	0.7377219090435693	0.05765525237606992	0.6105354740878295	0.00011518820948752906	0.017582671103229787	0.08566424073933661	-4.510569885023368e-06	0.0009762199255437806
-5.428452917243563e-06	-2.3090894903886252e-05	3.755001833267158e-06	3.706432956220936e-05	-1.6255414415901717e-05	0.00022418208853557716	4.057175250702696e-07	-6.265101414924535e-07	-3.336052175746652e-06	-2.9201719083358414e-07	0.0448307456347803	0.8879897278103	-0.00037937513711353596	-0.005612943720835049	0.009243241107220154	-0.0469669336714167	-0.04924659902996795	0.10746406767687276	-0.04421178457433715	-0.4369317873832967	0.0002889933473258306	0.010234858526079029	-0.01407705587677549	1.5799702676549586e-06	-0.0007708488577231195
