tloc	tmcCabe	assertionDensity	assertionRoulette	mysteryGuest	eagerTest	sensitiveEquality	resourceOptimism	conditionalTestLogic	fireAndForget	loc	lcom2	lcom5	cbo	wmc	rfc	mpc	halsteadVocabulary	halsteadLength	halsteadVolume	classDataShouldBePrivate	complexClass	spaghettiCode	functionalDecomposition	godClass
6.645200258668775e-05	5.245378017649704e-06	1.852431769898789e-07	2.1843741984199387e-05	-1.1989546837531357e-06	6.878521454279409e-05	6.420913656732232e-07	-3.595731955023374e-08	-2.5479656701313194e-07	-5.68958328096347e-08	0.1404068503959995	0.21517132759828758	0.0006433922255735041	0.0050476815671588425	0.017540693204637612	0.05740533124319749	0.05265525076507044	0.736280079282296	0.05792685727144869	0.6120382404079526	0.00011302060348242144	0.01755577690613126	0.0849812484803902	-4.463322328061749e-06	0.0009877681140635897
