tloc	tmcCabe	assertionDensity	assertionRoulette	mysteryGuest	eagerTest	sensitiveEquality	resourceOptimism	conditionalTestLogic	fireAndForget	loc	lcom2	lcom5	cbo	wmc	rfc	mpc	halsteadVocabulary	halsteadLength	halsteadVolume	classDataShouldBePrivate	complexClass	spaghettiCode	functionalDecomposition	godClass
5.372033950003062e-05	3.924224725905156e-06	1.8547722660613197e-07	2.2340520707693404e-05	-1.741381738499742e-06	6.859635168133152e-05	6.375385566840561e-07	-4.8508351819790855e-08	-1.5137728584493436e-06	-9.424180142542158e-08	0.14180595981165092	0.21228909976599586	0.0006600475483116937	0.005127519341865055	0.017660298460063437	0.058330608970311	0.05356786108815116	0.7420754751396813	0.05708973436667482	0.6054305823254887	0.00011642416152916557	0.01769371805765662	0.08612930202125574	-4.611204245910662e-06	0.0010170237533497872
