tloc	tmcCabe	assertionDensity	assertionRoulette	mysteryGuest	eagerTest	sensitiveEquality	resourceOptimism	conditionalTestLogic	fireAndForget	loc	lcom2	lcom5	cbo	wmc	rfc	mpc	halsteadVocabulary	halsteadLength	halsteadVolume	classDataShouldBePrivate	complexClass	spaghettiCode	functionalDecomposition	godClass
6.812763185080386e-05	5.225503085513399e-06	2.488264220239948e-07	2.1945077701105252e-05	-1.1744825416269418e-06	6.897937710719644e-05	6.507916654947095e-07	-4.138970214706022e-08	-1.352438771334141e-07	-4.6828081146086075e-08	0.14041454389546945	0.21507664626581327	0.0006431975907700842	0.005045549482388773	0.01754134702452816	0.05737783493102048	0.052626679000385444	0.7361830599830638	0.05795718900030403	0.6121991637584806	0.0001141832462700595	0.017544020881736195	0.08490756789496413	-4.577458038219733e-06	0.0009890846797576233
2.127178142184191e-06	-2.3086762058553307e-05	3.6013318210085803e-06	3.4136924210694235e-05	-1.6937321163101438e-05	0.0002168384774075363	4.3794579456350827e-07	-6.882176479354172e-07	-5.622727498508597e-06	-3.015230451670555e-07	0.04542720029636492	0.8889897891985353	-0.0003777323379268541	-0.0055151488885596235	0.009539354108144422	-0.04501238545479272	-0.04741653479634769	0.10541569943242371	-0.044254335964120824	-0.43575986057256955	0.00028443277135730414	0.010624280531679459	-0.012896184497720807	1.6407433159794137e-06	-0.000796138802732759
