tloc	tmcCabe	assertionDensity	assertionRoulette	mysteryGuest	eagerTest	sensitiveEquality	resourceOptimism	conditionalTestLogic	fireAndForget	loc	lcom2	lcom5	cbo	wmc	rfc	mpc	halsteadVocabulary	halsteadLength	halsteadVolume	classDataShouldBePrivate	complexClass	spaghettiCode	functionalDecomposition	godClass
6.524452008709774e-05	5.068849304149814e-06	1.168146419897201e-07	2.1863554379164036e-05	-4.7420483731506764e-07	6.772213618721595e-05	6.307888951955835e-07	-9.789232309728562e-08	-3.7936712732991885e-07	-7.26822151201416e-08	0.14094318779327092	0.21624738828057086	0.0006456504719649562	0.005068669576316731	0.01760175524346271	0.05770048616949531	0.05293847241465215	0.7375020322810113	0.057580847035751705	0.6099467637120678	0.00011716066869692773	0.017671481486379162	0.08562469130049526	-4.418767288822723e-06	0.000760663156388175
1.9173971694426823e-05	-2.2671481332096302e-05	3.6989480782030494e-06	3.710677060686044e-05	-7.892542664548246e-06	0.00022022487290678566	4.079935303451391e-07	-4.964817586264428e-07	-3.720705775422394e-06	-2.645583523481456e-07	0.04123620176184468	0.8849961212934118	-0.00040443736810009295	-0.005918291082163855	0.008805993274692708	-0.04898757362457504	-0.051107844936433416	0.11049949144657949	-0.04452591443689367	-0.4421138823564304	0.00022206960147041495	0.009808098809924979	-0.014240158735590744	1.4934516440925156e-06	-0.0006714111987881944
