tloc	tmcCabe	assertionDensity	assertionRoulette	mysteryGuest	eagerTest	sensitiveEquality	resourceOptimism	conditionalTestLogic	fireAndForget	loc	lcom2	lcom5	cbo	wmc	rfc	mpc	halsteadVocabulary	halsteadLength	halsteadVolume	classDataShouldBePrivate	complexClass	spaghettiCode	functionalDecomposition	godClass
6.730124034247095e-05	4.735093514791331e-06	3.6511868639103067e-07	2.2087135983800294e-05	-1.4004344363625048e-06	6.876883977725536e-05	6.520201981841951e-07	-4.220598165512836e-08	-6.302784301299835e-07	-5.8895471505375624e-08	0.14033754146603428	0.2151399466033608	0.0006434150600422487	0.005041497555055086	0.017537261833878222	0.05737632412148731	0.05262522810599256	0.7362859396607554	0.05793183509832285	0.6120681350505331	0.00011395760745089828	0.017546808126103004	0.08494682353145558	-4.518444542791053e-06	0.0009868679946354617
3.6944327057684597e-06	-2.2642557022191133e-05	3.5205905366375013e-06	3.40610819073575e-05	-1.6744137801390857e-05	0.0002172670932561536	4.4972923407168913e-07	-6.950133589383008e-07	-5.2664609343732614e-06	-3.011903790854711e-07	0.04551246705563813	0.8889546774378169	-0.0003775853122256473	-0.005512716292601181	0.009539839069135312	-0.04500552566394264	-0.04740531146425739	0.10531761968919506	-0.04426002868788521	-0.4358471658161362	0.0002846837583468187	0.010630559829223504	-0.012908375963481135	1.6277744576233414e-06	-0.0007914724365084139
