tloc	tmcCabe	assertionDensity	assertionRoulette	mysteryGuest	eagerTest	sensitiveEquality	resourceOptimism	conditionalTestLogic	fireAndForget	loc	lcom2	lcom5	cbo	wmc	rfc	mpc	halsteadVocabulary	halsteadLength	halsteadVolume	classDataShouldBePrivate	complexClass	spaghettiCode	functionalDecomposition	godClass
6.925872618097492e-05	5.401727386746974e-06	1.9941758416531827e-07	2.212737471822521e-05	-8.712680506952889e-07	6.880504189389829e-05	6.67442579130738e-07	-2.0840552553508817e-08	2.8981068860840435e-09	-4.615323800778765e-08	0.1404369125002889	0.21498221838040418	0.0006427382602881538	0.005047092737524599	0.01754258578552256	0.05735404276106416	0.05260167907528047	0.7360341263934863	0.057995278689026306	0.6124171298153984	0.00011445019404917994	0.017535420772238807	0.08483599519357918	-4.619325454300929e-06	0.0009895760627131895
