tloc	tmcCabe	assertionDensity	assertionRoulette	mysteryGuest	eagerTest	sensitiveEquality	resourceOptimism	conditionalTestLogic	fireAndForget	loc	lcom2	lcom5	cbo	wmc	rfc	mpc	halsteadVocabulary	halsteadLength	halsteadVolume	classDataShouldBePrivate	complexClass	spaghettiCode	functionalDecomposition	godClass
0.00012718757948319593	8.512765030156563e-07	1.3526951788645719e-06	4.056368764604636e-05	3.384728577700046e-06	0.0001767258248620904	2.2558729209330884e-06	3.5161599963913915e-07	8.557908573102951e-06	1.1527515282966247e-07	0.12858415454649263	0.5577254730099259	0.0002496770244611833	0.0008680917480025813	0.01733771497289586	0.01735547458750321	0.012668430214886752	0.7246167340200682	0.03690622122131588	0.3757191537983162	0.0002755208405694633	0.016871242020780695	0.061326994838997714	-6.130941232305482e-06	0.001780711623969969
