tloc	tmcCabe	assertionDensity	assertionRoulette	mysteryGuest	eagerTest	sensitiveEquality	resourceOptimism	conditionalTestLogic	fireAndForget	loc	lcom2	lcom5	cbo	wmc	rfc	mpc	halsteadVocabulary	halsteadLength	halsteadVolume	classDataShouldBePrivate	complexClass	spaghettiCode	functionalDecomposition	godClass
6.878862731277184e-05	5.491889088078257e-06	1.9888029740890437e-07	2.204338061720043e-05	-1.0313496000392942e-06	6.862648644574717e-05	6.796503242332865e-07	-2.7628466812414384e-08	5.59897352814954e-08	-4.885891868165262e-08	0.14040527650233411	0.21501998241029516	0.0006429771081813583	0.0050440165482226445	0.017538540261409368	0.057360653414440875	0.05260984551680878	0.7361242811423618	0.05797268277639678	0.6122978662317385	0.00011429729374456117	0.017540127038814884	0.08487724213404924	-4.560148230270931e-06	0.0009887426119739484
