tloc	tmcCabe	assertionDensity	assertionRoulette	mysteryGuest	eagerTest	sensitiveEquality	resourceOptimism	conditionalTestLogic	fireAndForget	loc	lcom2	lcom5	cbo	wmc	rfc	mpc	halsteadVocabulary	halsteadLength	halsteadVolume	classDataShouldBePrivate	complexClass	spaghettiCode	functionalDecomposition	godClass
6.925872618093002e-05	5.401727386746996e-06	1.9941758416531234e-07	2.212737471822516e-05	-8.712680506952863e-07	6.880504189389776e-05	6.67442579130731e-07	-2.0840552553508738e-08	2.898106886077503e-09	-4.6153238007787554e-08	0.14043691250028884	0.21498221838040288	0.0006427382602881532	0.005047092737524607	0.017542585785522553	0.057354042761064074	0.05260167907528049	0.7360341263934853	0.05799527868902636	0.6124171298153995	0.00011445019404917953	0.017535420772238783	0.08483599519357915	-4.6193254543009264e-06	0.0009895760627131871
1.7252819178209106e-06	-2.3052164978603782e-05	3.601639586001463e-06	3.406319715378472e-05	-1.7009229391901822e-05	0.0002172142366216826	4.3425349804901287e-07	-7.068866975697294e-07	-5.618454203853892e-06	-3.078560942251002e-07	0.04549240456956218	0.8889972500064313	-0.0003767385625868757	-0.005512105082392718	0.009552271377739511	-0.04495734446219619	-0.047365445129054266	0.10560043589800158	-0.044263704282942865	-0.4357050193848049	0.00028433509180503415	0.010635449693881893	-0.01282378308612578	1.6735598274548972e-06	-0.0007921565704389913
-0.0006890936962770252	-5.6626580414231166e-05	1.702088255660681e-06	-7.528810854385049e-06	-9.265243088500146e-05	1.3156504903231794e-05	2.78073420189692e-07	-5.368880525191443e-06	-3.183768957018282e-05	-1.4805680821806606e-06	-0.095294864367261	-0.38708670842146914	-0.0006891566881782298	-0.008012735918785551	-0.025673134875442573	-0.06160658442385839	-0.05370594793700683	0.6569894042013639	-0.07280645216842915	-0.6242825761289118	-0.000816283490621797	-0.022234986657966138	0.08043191576385456	2.3742142133849047e-05	-0.007060176896227517
0.0002926020558218764	6.832724868449164e-05	8.276385978347842e-06	1.6873715808557222e-07	-9.248898587003132e-05	-0.0002298940104782488	-3.384436634644519e-06	-7.955135677498895e-06	-3.396002892141862e-05	-8.616401804655732e-07	0.8691766621954615	-0.09338768546339149	0.0034134908056311798	0.05307821224922669	0.08097096094267858	0.2970480281286946	0.275728589715126	-0.056720268235790294	-0.046176337298883936	-0.17053459241695848	-0.00031709085245602684	0.08400628497333804	0.1435709223867898	-8.580760304867068e-06	-0.007760760438741061
