tloc	tmcCabe	assertionDensity	assertionRoulette	mysteryGuest	eagerTest	sensitiveEquality	resourceOptimism	conditionalTestLogic	fireAndForget	loc	lcom2	lcom5	cbo	wmc	rfc	mpc	halsteadVocabulary	halsteadLength	halsteadVolume	classDataShouldBePrivate	complexClass	spaghettiCode	functionalDecomposition	godClass
0.000127187579483388	8.512765030157884e-07	1.3526951788645785e-06	4.0563687646046256e-05	3.384728577699965e-06	0.00017672582486209052	2.2558729209330744e-06	3.5161599963913386e-07	8.557908573102856e-06	1.152751528296607e-07	0.12858415454649283	0.5577254730099274	0.0002496770244611833	0.0008680917480025788	0.017337714972895855	0.017355474587503215	0.01266843021488675	0.7246167340200674	0.036906221221315705	0.37571915379831516	0.0002755208405694632	0.016871242020780733	0.06132699483899767	-6.130941232305467e-06	0.0017807116239699713
-0.0002682321133547214	-4.448228052589722e-05	4.46927919876313e-06	-2.891783640426598e-06	-5.823907165837434e-05	7.263020826434791e-05	-5.460007964067743e-06	-3.2035885791233825e-06	-4.844089765430326e-05	-1.3605734921672866e-06	0.056874771563682244	0.7363462821999492	0.00011258982442251706	-0.0014476112457281068	0.011842105917446487	0.0012623772910887578	-0.0016102062278568067	-0.2514269534611671	-0.07150870041923936	-0.6210988223707107	9.24684041496466e-06	0.016337852261784393	-0.004521560047380739	1.3755794902211665e-05	-0.0057160687497779744
-0.000779013552574566	-6.924675868503508e-05	2.311920839108196e-06	-1.7763432425775362e-05	-0.00010952022056967098	-1.4304739422517326e-05	-1.9734498416277135e-06	-6.401941036552498e-06	-4.649720334731966e-05	-1.8689728058523804e-06	-0.07325898466878929	-0.3523727985812755	-0.0004839285719955982	-0.007076273355696386	-0.022787845840793627	-0.04282957399173467	-0.035754779525029624	0.6315535700491453	-0.08169603566773502	-0.6722117639423674	-0.0008987197253459721	-0.018037604646694648	0.09472595965352175	2.6741890942794262e-05	-0.009030752277222859
0.0018338020010963444	5.043601132228019e-05	1.1127785098409058e-05	6.085053433079351e-05	9.571342226092384e-05	0.00012096984416123874	2.5335434425250978e-05	8.084791083256597e-07	0.00012318301627963835	4.551883951286473e-06	0.9621696066396321	-0.14699448246645822	0.0017216072386421009	0.016829833537868603	0.05703277042515233	0.14609095249461956	0.12432221381145203	-0.03471211164771925	-0.01890370315773861	-0.06835732863240582	0.0007765146214755547	0.042430089552568814	0.06437763401635414	-7.226403251962889e-05	0.010046514253804368
