tloc	tmcCabe	assertionDensity	assertionRoulette	mysteryGuest	eagerTest	sensitiveEquality	resourceOptimism	conditionalTestLogic	fireAndForget	loc	lcom2	lcom5	cbo	wmc	rfc	mpc	halsteadVocabulary	halsteadLength	halsteadVolume	classDataShouldBePrivate	complexClass	spaghettiCode	functionalDecomposition	godClass
7.224457732685167e-05	5.952671824108044e-06	2.0457973272668362e-07	2.2884765283158e-05	-5.585087621701382e-07	6.926986885545754e-05	6.979542721135515e-07	-5.5409638689677335e-09	4.003287231475749e-07	-3.985434121772292e-08	0.14015634357531062	0.2160224887638268	0.0006458630877342674	0.005071488809420833	0.017508551604142834	0.05687284516106386	0.052215690845487085	0.735611404295444	0.058012244683793034	0.6127261258096007	0.00011533936383956511	0.017486651769416026	0.08465894564159612	-4.579209903651686e-06	0.0009951974707182376
-1.0791444247819234e-06	-2.3578766050945656e-05	3.6013609227245006e-06	3.332493107965282e-05	-1.7319252338374667e-05	0.00021687552856528534	4.047394493661909e-07	-7.22026034196465e-07	-6.0022778573222144e-06	-3.1395036551834375e-07	0.045693491941094656	0.8884641326576127	-0.00038048679960553107	-0.005543044520410413	0.009577924119517878	-0.0445767452611652	-0.047073917749139126	0.10555918825107631	-0.04436229155165777	-0.4368415391465284	0.0002835751971779691	0.01067526782817808	-0.012725064787283857	1.647380719592073e-06	-0.0007997091660022246
-0.000673366503587653	-5.2362233430698156e-05	1.5055353056126664e-06	-1.6024625015540514e-06	-9.055930020105583e-05	1.5715046331484403e-05	5.15435642098681e-07	-5.265931893432443e-06	-2.8464673665023366e-05	-1.4254846688837474e-06	-0.10194507576540941	-0.38694353509749296	-0.0006712501842526531	-0.007957875374783126	-0.026558923200060362	-0.06768884153169848	-0.05868054888867277	0.6579430451150156	-0.07260630827971354	-0.6213865080372469	-0.0008160753775443754	-0.023307600745266017	0.07881469328093856	2.4123275457147285e-05	-0.007036347997886803
0.0003529796084279005	8.417709282994403e-05	8.062241567845302e-06	1.8624972319410048e-05	-8.798462626952046e-05	-0.0002261582917031148	-2.6260518502705844e-06	-7.827630918671268e-06	-2.3288606004611057e-05	-6.9079383971441e-07	0.8747633266906161	-0.09844934487224392	0.0035556087552123714	0.05471664841836943	0.08034445507173982	0.28557162644008566	0.26712662202919174	-0.05000372383317593	-0.04769649516528465	-0.1749529000475082	-0.00032444809630201326	0.08288953820570866	0.1428627883808126	-7.477451384841365e-06	-0.00791727684883148
