tloc	tmcCabe	assertionDensity	assertionRoulette	mysteryGuest	eagerTest	sensitiveEquality	resourceOptimism	conditionalTestLogic	fireAndForget	loc	lcom2	lcom5	cbo	wmc	rfc	mpc	halsteadVocabulary	halsteadLength	halsteadVolume	classDataShouldBePrivate	complexClass	spaghettiCode	functionalDecomposition	godClass
0.00012718757948326702	8.512765030155581e-07	1.3526951788645797e-06	4.056368764604636e-05	3.384728577699957e-06	0.00017672582486209074	2.2558729209330804e-06	3.516159996391343e-07	8.557908573102877e-06	1.1527515282966094e-07	0.12858415454649316	0.5577254730099283	0.000249677024461184	0.0008680917480025804	0.017337714972895907	0.017355474587503233	0.012668430214886773	0.7246167340200664	0.036906221221315774	0.3757191537983156	0.0002755208405694638	0.016871242020780775	0.06132699483899773	-6.1309412323054745e-06	0.0017807116239699726
-0.0002682321133545147	-4.448228052589625e-05	4.469279198763584e-06	-2.891783640426589e-06	-5.823907165837434e-05	7.263020826434787e-05	-5.460007964067743e-06	-3.203588579123386e-06	-4.8440897654303276e-05	-1.360573492167287e-06	0.05687477156368208	0.7363462821999489	0.00011258982442251737	-0.0014476112457281064	0.011842105917446489	0.0012623772910887953	-0.00161020622785679	-0.25142695346116717	-0.07150870041923947	-0.6210988223707111	9.24684041496422e-06	0.0163378522617844	-0.004521560047380843	1.3755794902211667e-05	-0.005716068749777968
-0.0007790135525744409	-6.92467586849524e-05	2.3119208390391386e-06	-1.776343242577524e-05	-0.00010952022056967098	-1.4304739422516913e-05	-1.9734498416277e-06	-6.4019410365524915e-06	-4.6497203347319694e-05	-1.8689728058523825e-06	-0.07325898466878901	-0.35237279858127496	-0.00048392857199559716	-0.007076273355696369	-0.02278784584079361	-0.04282957399173463	-0.03575477952502959	0.631553570049146	-0.08169603566773491	-0.6722117639423663	-0.0008987197253459677	-0.01803760464669465	0.09472595965352168	2.6741890942794225e-05	-0.009030752277222867
0.0018338020010963336	5.0436011322262284e-05	1.1127785098376398e-05	6.085053433092314e-05	9.571342226092312e-05	0.00012096984416123632	2.53354344252508e-05	8.08479108325556e-07	0.00012318301627963786	4.5518839512865135e-06	0.9621696066396327	-0.14699448246645844	0.0017216072386420963	0.016829833537868696	0.057032770425152736	0.14609095249462187	0.1243222138114541	-0.0347121116477195	-0.018903703157738753	-0.06835732863240603	0.0007765146214755354	0.04243008955256917	0.06437763401635484	-7.226403251962891e-05	0.010046514253804532
