tloc	tmcCabe	assertionDensity	assertionRoulette	mysteryGuest	eagerTest	sensitiveEquality	resourceOptimism	conditionalTestLogic	fireAndForget	loc	lcom2	lcom5	cbo	wmc	rfc	mpc	halsteadVocabulary	halsteadLength	halsteadVolume	classDataShouldBePrivate	complexClass	spaghettiCode	functionalDecomposition	godClass
7.035384385343866e-05	5.408630027568133e-06	2.2576102754589357e-07	2.271616278974013e-05	-9.351003779008323e-07	6.819116671747789e-05	6.587759835859315e-07	-2.47753689534544e-08	5.0823322880613126e-08	-4.708041736032675e-08	0.1404453732301046	0.21458695359710517	0.0006433875266395743	0.005049092806669717	0.01752630769911608	0.05741227247948631	0.052666186774091704	0.7361190039005991	0.05798315457352122	0.6124279486086577	0.00011445857076862188	0.017520657249946184	0.08494326070081364	-4.558423740811723e-06	0.000990396177429011
