tloc	tmcCabe	assertionDensity	assertionRoulette	mysteryGuest	eagerTest	sensitiveEquality	resourceOptimism	conditionalTestLogic	fireAndForget	loc	lcom2	lcom5	cbo	wmc	rfc	mpc	halsteadVocabulary	halsteadLength	halsteadVolume	classDataShouldBePrivate	complexClass	spaghettiCode	functionalDecomposition	godClass
6.925657594323428e-05	5.466715082211377e-06	2.0681845692304955e-07	2.2141550067341364e-05	-8.723239379771311e-07	6.880789082665588e-05	6.686209414183113e-07	-2.0956069339248115e-08	1.167254633979998e-08	-4.502190882188963e-08	0.14043637084885136	0.2150157080348034	0.0006427559090284174	0.005047484353374361	0.017543754398581458	0.05735425216994437	0.0526014716536531	0.7360443547557016	0.05799031081153228	0.6123919382162838	0.00011446558439514624	0.017537909286088105	0.08484772944018944	-4.603694475617687e-06	0.000989691797727234
7.387960034995376e-07	-2.3061952625606797e-05	3.584761327011419e-06	3.3911154376553486e-05	-1.7064265264274255e-05	0.00021698482380169557	4.293013523617542e-07	-7.096116921570683e-07	-5.664959364734479e-06	-3.097824171259492e-07	0.045484747111301224	0.8889805812036746	-0.00037685730431162817	-0.005513744749974254	0.009548010864343993	-0.04496288081553242	-0.047369442642086035	0.10558477577111373	-0.04426342305026105	-0.4357420346769072	0.00028425425940992914	0.010629804124248304	-0.012851606143417413	1.6611125649493174e-06	-0.0007928815967974322
