tloc	tmcCabe	assertionDensity	assertionRoulette	mysteryGuest	eagerTest	sensitiveEquality	resourceOptimism	conditionalTestLogic	fireAndForget	loc	lcom2	lcom5	cbo	wmc	rfc	mpc	halsteadVocabulary	halsteadLength	halsteadVolume	classDataShouldBePrivate	complexClass	spaghettiCode	functionalDecomposition	godClass
6.974083973128216e-05	5.609841943367091e-06	1.6450527756958524e-07	2.219461009258679e-05	-1.2984450357535304e-06	6.824396220288039e-05	6.432795226074895e-07	-3.803647747369683e-08	1.1462078313223955e-08	-4.934931094986043e-08	0.14054662177299193	0.21526593587924986	0.000643176492580965	0.0050582094677728414	0.017552442620752617	0.05741281969062735	0.05265753437349595	0.7361590131350174	0.05793805243007324	0.6121228239054529	0.00011546294448707445	0.01755302112064934	0.08493361078539531	-4.6713048701624784e-06	0.0009881743712126898
7.973029005260295e-07	-2.3130291898081553e-05	3.607532180440651e-06	3.402306709997757e-05	-1.6949728305112765e-05	0.0002174374262620619	4.395631771011674e-07	-7.057293145826277e-07	-5.692699409909836e-06	-3.1064772177580074e-07	0.04521164698020084	0.8889885631939799	-0.0003777180317828612	-0.005531500175965228	0.00952124976050683	-0.04509540087399284	-0.04749274867384768	0.10524312868427965	-0.04423508642225894	-0.4358099910149825	0.0002835383924872518	0.010610310705065941	-0.012967073520264554	1.6817768515357516e-06	-0.0007937902050524218
