tloc	tmcCabe	assertionDensity	assertionRoulette	mysteryGuest	eagerTest	sensitiveEquality	resourceOptimism	conditionalTestLogic	fireAndForget	loc	lcom2	lcom5	cbo	wmc	rfc	mpc	halsteadVocabulary	halsteadLength	halsteadVolume	classDataShouldBePrivate	complexClass	spaghettiCode	functionalDecomposition	godClass
6.951920911474711e-05	5.4700666210614254e-06	2.0696231876208948e-07	2.2210849939662653e-05	-8.517384391943009e-07	6.880050418431431e-05	6.698603617092992e-07	-2.1782160243226898e-08	1.2980379338617077e-07	-4.662290028449921e-08	0.14043635778085214	0.21497615360994	0.0006427188634866415	0.005048303458021277	0.01754283645703656	0.05735426424644806	0.0526018696571367	0.736032489369886	0.05799631530379566	0.6124211948136593	0.00011444979141947116	0.017535068094137674	0.08483611372927129	-4.6175526349088795e-06	0.0009894628695734011
