tloc	tmcCabe	assertionDensity	assertionRoulette	mysteryGuest	eagerTest	sensitiveEquality	resourceOptimism	conditionalTestLogic	fireAndForget	loc	lcom2	lcom5	cbo	wmc	rfc	mpc	halsteadVocabulary	halsteadLength	halsteadVolume	classDataShouldBePrivate	complexClass	spaghettiCode	functionalDecomposition	godClass
6.867773925163042e-05	5.350892023672661e-06	1.7928045209634717e-07	2.198176645267903e-05	-9.999463270764875e-07	6.876621407238814e-05	6.580413395403742e-07	-2.8178173675401157e-08	1.0843813016185187e-07	-4.98321915368169e-08	0.1404659070785194	0.21512685388652483	0.0006430127378080706	0.00504900788710823	0.017545365964595005	0.05737670311529642	0.05262315120723731	0.7361386003257178	0.05796578474934367	0.6122241834277828	0.00011437039669172339	0.017547084748499114	0.08489589941408289	-4.651895785908587e-06	0.0009894053210932415
