tloc	tmcCabe	assertionDensity	assertionRoulette	mysteryGuest	eagerTest	sensitiveEquality	resourceOptimism	conditionalTestLogic	fireAndForget	loc	lcom2	lcom5	cbo	wmc	rfc	mpc	halsteadVocabulary	halsteadLength	halsteadVolume	classDataShouldBePrivate	complexClass	spaghettiCode	functionalDecomposition	godClass
6.91586087973899e-05	5.315114143386882e-06	1.9478046555194892e-07	2.2078756819583814e-05	-9.459639873133147e-07	6.916199034175417e-05	7.332914302977783e-07	-2.4455324153073313e-08	-6.894644623856886e-08	-4.795431565450604e-08	0.14070225542304207	0.21523855064977213	0.0006426991222981483	0.005047848983664928	0.01755534014580857	0.05737164299065186	0.05261380780790146	0.736013460310981	0.05797612931822341	0.6122881436998273	0.00011439015298610837	0.0175437700187217	0.08484596504330713	-4.631969855705844e-06	0.000989215193310913
2.397352280908194e-06	-2.262407329570375e-05	3.643382122290707e-06	3.446992243914652e-05	-1.6659762864026077e-05	0.000215386376164411	1.4316591808966894e-07	-6.898062982258228e-07	-5.250514317410507e-06	-2.9926971073961515e-07	0.04393999242597614	0.888817055957324	-0.00038125070758728404	-0.0055322583175521295	0.009472072581008548	-0.04520406436343589	-0.04757545667037888	0.10593018044075564	-0.044272101535817385	-0.4361032388707208	0.00028518539265296356	0.01056825124944892	-0.012903978327182408	1.744727360947478e-06	-0.0007923397920611686
-0.0006954817428760575	-5.791511582917198e-05	1.5448556152233722e-06	-9.23252398066447e-06	-9.400489364346851e-05	1.618921824527673e-05	8.069789512828425e-07	-5.441539741952548e-06	-3.293924257531094e-05	-1.5104288521456721e-06	-0.09064281638451198	-0.3882028627217782	-0.0006672317273585079	-0.007928210780346587	-0.025440477550769402	-0.06082074006585004	-0.05302111375269482	0.6566830238792909	-0.07292917909821554	-0.6246887147542857	-0.0008213804244602208	-0.02204247023848592	0.08085152066810322	2.358294691305526e-05	-0.007087724891950037
