tloc	tmcCabe	assertionDensity	assertionRoulette	mysteryGuest	eagerTest	sensitiveEquality	resourceOptimism	conditionalTestLogic	fireAndForget	loc	lcom2	lcom5	cbo	wmc	rfc	mpc	halsteadVocabulary	halsteadLength	halsteadVolume	classDataShouldBePrivate	complexClass	spaghettiCode	functionalDecomposition	godClass
8.44099477204887e-05	1.2448319008195573e-05	-7.682206833820896e-07	1.0337184960102094e-05	3.0943776135793946e-06	9.03236275603289e-06	-1.0268725151601387e-07	1.7260132387084014e-07	2.5857199516758397e-06	3.672109785004999e-08	0.1382753205739088	0.025763416938180687	0.0007472949210277068	0.006595296824865381	0.016202876754518595	0.07025973462460965	0.06572969591494632	0.6792481272994112	0.06735163928229833	0.7050433357925592	5.575559807573796e-05	0.016025582016252895	0.08598789432205527	-5.268486072660223e-06	0.0012861797244806204
0.00039673454266951673	1.7637579660951492e-05	-2.033889003563427e-06	1.5138942463141134e-05	1.8990591859970957e-06	0.00018478813404684488	1.438303176056415e-06	7.360358920685974e-07	1.4683949787224397e-05	1.6731762190973958e-07	0.13930109503241286	0.9881590129352457	-3.4403790824826335e-05	0.002267097785436815	0.024943284928542548	0.019280829155180097	0.0105511009159895	-0.030724877228669546	-0.0032779652471557016	-0.036370809783201986	0.0005991653064831435	0.025314972516386973	-0.010036940031744612	-8.67554197384568e-06	0.002616728820760978
