tloc	tmcCabe	assertionDensity	assertionRoulette	mysteryGuest	eagerTest	sensitiveEquality	resourceOptimism	conditionalTestLogic	fireAndForget	loc	lcom2	lcom5	cbo	wmc	rfc	mpc	halsteadVocabulary	halsteadLength	halsteadVolume	classDataShouldBePrivate	complexClass	spaghettiCode	functionalDecomposition	godClass
6.861631547941749e-05	5.3519020837042245e-06	1.9567587247982643e-07	2.1962774333523392e-05	-1.060709771008465e-06	6.890266527633405e-05	6.562780995951776e-07	-2.931185025647683e-08	-2.1064819325805413e-07	-3.752597868452368e-08	0.14047303308302303	0.21519434661444914	0.0006431892301933682	0.005046270195086138	0.017550019437661935	0.05738505495959072	0.05263011524901786	0.7361172550577441	0.05796003808298467	0.6122204045861952	0.00011474314608292203	0.01755014800733083	0.08491791380422364	-4.525977635537862e-06	0.0009894167047692726
1.5430889533572577e-06	-2.301921698464184e-05	3.5819512793690046e-06	3.3718740909534535e-05	-1.701045796397261e-05	0.00021571450658219342	4.34413615637718e-07	-7.303135151775911e-07	-5.307123442622784e-06	-3.0849381100359495e-07	0.045409142646931695	0.8888008879895524	-0.0003774742513442841	-0.005518876906264936	0.009518810976703516	-0.045080273094515275	-0.047468043545110375	0.10563306854908679	-0.04428372111125527	-0.4360787591994988	0.00028385740683993337	0.010597205005094512	-0.012930553262764497	1.6487779681487914e-06	-0.0007939881850545738
