tloc	tmcCabe	assertionDensity	assertionRoulette	mysteryGuest	eagerTest	sensitiveEquality	resourceOptimism	conditionalTestLogic	fireAndForget	loc	lcom2	lcom5	cbo	wmc	rfc	mpc	halsteadVocabulary	halsteadLength	halsteadVolume	classDataShouldBePrivate	complexClass	spaghettiCode	functionalDecomposition	godClass
6.803379241349455e-05	5.694440635650356e-06	2.2239307450368666e-07	2.223781851605631e-05	-1.0803791824173695e-06	6.82708628028611e-05	6.050024191793083e-07	-2.982965321188264e-08	-7.982948058945993e-07	-5.051300937192604e-08	0.1406302020626332	0.21648320564304138	0.0006439099164041608	0.005080751939901966	0.01759104165678177	0.05774405665483073	0.052975637954864964	0.7348677733655912	0.05802488473842876	0.6131534308454498	0.00011538522530105504	0.017591834029758235	0.08495025998693978	-4.164508738665815e-06	0.0009982263882934957
