tloc	tmcCabe	assertionDensity	assertionRoulette	mysteryGuest	eagerTest	sensitiveEquality	resourceOptimism	conditionalTestLogic	fireAndForget	loc	lcom2	lcom5	cbo	wmc	rfc	mpc	halsteadVocabulary	halsteadLength	halsteadVolume	classDataShouldBePrivate	complexClass	spaghettiCode	functionalDecomposition	godClass
6.322140099804477e-05	4.941083354744648e-06	1.3810582614097022e-07	2.209582919725493e-05	-1.3161470491628189e-06	6.823127294481522e-05	6.556455653115129e-07	-2.35417872063634e-08	-1.0004272401936719e-06	-5.6013879891350186e-08	0.1407399931892988	0.21389919234600163	0.0006442075006213102	0.005075834263172502	0.017518370274395324	0.05775660790445954	0.05301599215694657	0.7377219090435695	0.05765525237606986	0.6105354740878282	0.00011518820948752997	0.017582671103229808	0.08566424073933646	-4.510569885023377e-06	0.0009762199255437819
-5.428452917274449e-06	-2.30908949039414e-05	3.7550018332671464e-06	3.706432956220938e-05	-1.62554144159009e-05	0.00022418208853557694	4.057175250702665e-07	-6.265101414924093e-07	-3.3360521757463914e-06	-2.920171908335714e-07	0.04483074563478069	0.8879897278103026	-0.00037937513711353336	-0.005612943720835005	0.009243241107220277	-0.046966933671416355	-0.04924659902996774	0.10746406767686535	-0.044211784574336735	-0.4369317873832942	0.00028899334732583745	0.010234858526079103	-0.014077055876776335	1.5799702676547937e-06	-0.0007708488577230595
