tloc	tmcCabe	assertionDensity	assertionRoulette	mysteryGuest	eagerTest	sensitiveEquality	resourceOptimism	conditionalTestLogic	fireAndForget	loc	lcom2	lcom5	cbo	wmc	rfc	mpc	halsteadVocabulary	halsteadLength	halsteadVolume	classDataShouldBePrivate	complexClass	spaghettiCode	functionalDecomposition	godClass
6.30524170591121e-05	4.499233901722334e-06	3.3795183242675215e-07	2.2861823854467526e-05	-2.450405997989804e-06	7.157238940437737e-05	4.841055129791431e-07	-2.747911902254289e-07	-1.445386375013927e-06	-4.89221422959044e-08	0.13966751085231108	0.22154185335870039	0.0006799637891248905	0.005229486193046967	0.018132821200292408	0.0602772058727143	0.05537304420259658	0.7338290372639474	0.057551085910864996	0.6122478781278504	7.42348735141017e-05	0.018211707181027843	0.08578586773656233	-4.4194316054643475e-06	0.0007243716525669108
-8.22342448277436e-06	-2.3946223836336247e-05	3.9203493739547e-06	3.487355912349382e-05	-1.762127032359875e-05	0.00023179263286275	1.068931829839751e-06	-5.193699764700258e-07	-4.368364175968921e-06	-3.1623347807277277e-07	0.03067320444582429	0.875436387268699	-0.00047299458266278566	-0.006679542792708251	0.007831407908299764	-0.05619944792800903	-0.057914698113153126	0.12462370546021909	-0.04550584100296911	-0.4561683960579812	0.0004091322408786814	0.008692707821376605	-0.016849521547442136	1.6874451466915524e-06	-0.0006908292513292276
