tloc	tmcCabe	assertionDensity	assertionRoulette	mysteryGuest	eagerTest	sensitiveEquality	resourceOptimism	conditionalTestLogic	fireAndForget	loc	lcom2	lcom5	cbo	wmc	rfc	mpc	halsteadVocabulary	halsteadLength	halsteadVolume	classDataShouldBePrivate	complexClass	spaghettiCode	functionalDecomposition	godClass
6.943297850822156e-05	5.446617893060028e-06	2.0418866056987923e-07	2.2148999552511387e-05	-8.265892654284815e-07	6.877669141828084e-05	6.69007270083622e-07	-1.8785726949054375e-08	3.7000363491965696e-08	-4.495063080462415e-08	0.140426851735371	0.21486931267966228	0.0006427746648110627	0.005047689692198208	0.01754002016143043	0.05735142415352003	0.0525997201941738	0.7360279834893537	0.05800282935334996	0.6124673679903814	0.00011430385134346249	0.017530747603110693	0.08482858720910585	-4.6166544825500615e-06	0.000989798667195186
-9.30241752507498e-06	-2.451254373466415e-05	3.827266671750698e-06	3.5607212443103534e-05	-1.6738403110055493e-05	0.00020901294340884308	3.8627617735241017e-07	-7.792564504935975e-07	-5.533654447019363e-06	-2.8541446251418473e-07	0.041145696000233295	0.8844421677664596	-0.00038809251191693905	-0.0057430741529050046	0.008738036155769029	-0.04700140847842881	-0.04914822000958855	0.11416077542171839	-0.04489093806571658	-0.4427502825832681	0.00023204128930607226	0.009772886395947394	-0.012765440027284974	1.96886710911542e-06	-0.0008121454931628152
-0.0006814045390403562	-5.383801304452095e-05	9.96577396844548e-07	-1.3474285660802083e-05	-9.77903396008672e-05	3.6468227436872325e-05	4.1077773837191256e-07	-5.392851741241661e-06	-3.371465250182116e-05	-1.6215402109296922e-06	-0.08163561800033235	-0.39958380220038203	-0.0006594201558177721	-0.007274764736179629	-0.023807537059874623	-0.05544004101712342	-0.04813897519793102	0.6544176590372672	-0.07336043552093872	-0.6216326266417335	-0.0006839563366141328	-0.02005484936223454	0.08443565376027402	2.368372386438501e-05	-0.007309108569028991
