tloc	tmcCabe	assertionDensity	assertionRoulette	mysteryGuest	eagerTest	sensitiveEquality	resourceOptimism	conditionalTestLogic	fireAndForget	loc	lcom2	lcom5	cbo	wmc	rfc	mpc	halsteadVocabulary	halsteadLength	halsteadVolume	classDataShouldBePrivate	complexClass	spaghettiCode	functionalDecomposition	godClass
6.809794261968258e-05	5.185882587737867e-06	1.9453017609878168e-07	2.2320048062856287e-05	-1.08892156004453e-06	6.891918999071849e-05	6.677022032696791e-07	-3.563594964790583e-08	-2.7213431494860974e-07	-4.412088718216732e-08	0.14041217047550295	0.21510083727385942	0.0006429615655417556	0.005041323633865715	0.01754280098595122	0.05738119421619456	0.052628650306218605	0.7362232622085283	0.057948857515895374	0.6121401587686401	0.00011416657345287009	0.017553220748840817	0.08492761955469874	-4.5515706411042235e-06	0.0009605839084005872
