tloc	tmcCabe	assertionDensity	assertionRoulette	mysteryGuest	eagerTest	sensitiveEquality	resourceOptimism	conditionalTestLogic	fireAndForget	loc	lcom2	lcom5	cbo	wmc	rfc	mpc	halsteadVocabulary	halsteadLength	halsteadVolume	classDataShouldBePrivate	complexClass	spaghettiCode	functionalDecomposition	godClass
7.224457732681488e-05	5.952671824108105e-06	2.0457973272669104e-07	2.2884765283158082e-05	-5.585087621701105e-07	6.926986885545811e-05	6.979542721135567e-07	-5.54096386896664e-09	4.003287231476148e-07	-3.9854341217722044e-08	0.14015634357531093	0.21602248876382843	0.0006458630877342664	0.005071488809420832	0.017508551604142865	0.05687284516106387	0.052215690845486905	0.7356114042954446	0.05801224468379297	0.6127261258096	0.0001153393638395659	0.017486651769416047	0.08465894564159618	-4.579209903651703e-06	0.0009951974707182376
