tloc	tmcCabe	assertionDensity	assertionRoulette	mysteryGuest	eagerTest	sensitiveEquality	resourceOptimism	conditionalTestLogic	fireAndForget	loc	lcom2	lcom5	cbo	wmc	rfc	mpc	halsteadVocabulary	halsteadLength	halsteadVolume	classDataShouldBePrivate	complexClass	spaghettiCode	functionalDecomposition	godClass
5.372033950013555e-05	3.924224725905144e-06	1.8547722660613457e-07	2.2340520707693377e-05	-1.7413817384997975e-06	6.859635168133152e-05	6.375385566840539e-07	-4.850835181979364e-08	-1.5137728584493777e-06	-9.424180142542265e-08	0.14180595981165095	0.2122890997659955	0.0006600475483116951	0.005127519341865056	0.01766029846006347	0.05833060897031108	0.05356786108815121	0.7420754751396815	0.057089734366674784	0.605430582325489	0.00011642416152916614	0.017693718057656665	0.08612930202125572	-4.611204245910652e-06	0.0010170237533497879
