tloc	tmcCabe	assertionDensity	assertionRoulette	mysteryGuest	eagerTest	sensitiveEquality	resourceOptimism	conditionalTestLogic	fireAndForget	loc	lcom2	lcom5	cbo	wmc	rfc	mpc	halsteadVocabulary	halsteadLength	halsteadVolume	classDataShouldBePrivate	complexClass	spaghettiCode	functionalDecomposition	godClass
6.68738824674284e-05	5.155753835496754e-06	1.9017856424857156e-07	2.180956678690623e-05	-1.154042572036253e-06	6.842771369379657e-05	6.90244485596173e-07	-4.7166663032944675e-08	-3.7284430246303753e-07	-5.31383055982237e-08	0.1405124718375778	0.21342963371985996	0.0006441851979348122	0.005056469538974914	0.017515752286759854	0.057439709530327863	0.0527047403651764	0.7367426368206109	0.0579165520212098	0.6120536906123318	0.00011445127889854904	0.017512069113907687	0.08504531213445826	-4.386705132420124e-06	0.0009908714104941406
3.367354104742949e-06	-2.279882015014244e-05	3.5702458786314295e-06	3.4310863030293695e-05	-1.7231590266434836e-05	0.00021879472199952944	4.388940537008526e-07	-7.560228532114443e-07	-6.170317403445866e-06	-3.0204366482888783e-07	0.04620279668670795	0.8876871237904868	-0.00037373699439639476	-0.005501500452818304	0.009556567783239012	-0.044943149324308915	-0.047321596449139844	0.10886282795400085	-0.04449624967554512	-0.4374883740707168	0.0002864653090108038	0.010614282340939004	-0.012465488579322113	1.5895310023565395e-06	-0.0007906442627675516
