tloc	tmcCabe	assertionDensity	assertionRoulette	mysteryGuest	eagerTest	sensitiveEquality	resourceOptimism	conditionalTestLogic	fireAndForget	loc	lcom2	lcom5	cbo	wmc	rfc	mpc	halsteadVocabulary	halsteadLength	halsteadVolume	classDataShouldBePrivate	complexClass	spaghettiCode	functionalDecomposition	godClass
6.524452008711759e-05	5.068849304149777e-06	1.1681464198972187e-07	2.186355437916401e-05	-4.7420483731508156e-07	6.772213618721623e-05	6.307888951955787e-07	-9.789232309728641e-08	-3.793671273299365e-07	-7.268221512014198e-08	0.14094318779327092	0.21624738828057183	0.0006456504719649562	0.005068669576316718	0.017601755243462698	0.057700486169495274	0.052938472414652125	0.7375020322810115	0.05758084703575168	0.6099467637120667	0.00011716066869692785	0.017671481486379165	0.08562469130049519	-4.4187672888227145e-06	0.0007606631563881727
1.9173971694347195e-05	-2.267148133208393e-05	3.698948078203031e-06	3.710677060686047e-05	-7.89254266454747e-06	0.0002202248729067856	4.079935303451446e-07	-4.964817586263893e-07	-3.720705775422104e-06	-2.64558352348125e-07	0.041236201761845115	0.8849961212934156	-0.0004044373681000861	-0.005918291082163805	0.00880599327469295	-0.04898757362457455	-0.05110784493643308	0.11049949144657155	-0.044525914436892994	-0.4421138823564246	0.00022206960147042092	0.009808098809925133	-0.014240158735591636	1.4934516440922674e-06	-0.0006714111987881116
