tloc	tmcCabe	assertionDensity	assertionRoulette	mysteryGuest	eagerTest	sensitiveEquality	resourceOptimism	conditionalTestLogic	fireAndForget	loc	lcom2	lcom5	cbo	wmc	rfc	mpc	halsteadVocabulary	halsteadLength	halsteadVolume	classDataShouldBePrivate	complexClass	spaghettiCode	functionalDecomposition	godClass
6.895158356534474e-05	5.382261519966261e-06	2.0877070928850444e-07	2.1823924626248326e-05	-6.554039654990301e-07	6.79397702880127e-05	6.518429872034207e-07	-1.1400374918181828e-08	2.0481726649154755e-08	-3.752205860307549e-08	0.14054349004014838	0.2151328492514359	0.000642957292736796	0.0050576832351026755	0.017505270121735944	0.05743052183097987	0.05268901872803374	0.7362632619015833	0.05793004001533091	0.6120385857977747	0.00011503216057178069	0.017491061337005013	0.08497588431599555	-4.599738500128246e-06	0.0009934147527316823
2.1140751866680623e-06	-2.2919458809187537e-05	3.5771450638234944e-06	3.4151150324231374e-05	-1.718862307905903e-05	0.0002175645138654731	4.521034616929761e-07	-7.167293514885419e-07	-5.571436446503379e-06	-3.136795604188291e-07	0.04536246760715187	0.8889629899844947	-0.00037676272216628033	-0.005525058170121254	0.00955730139312735	-0.04506503832742991	-0.04747260401650279	0.10533106891543008	-0.04425575668555885	-0.43582771373085827	0.0002840073681760846	0.010640649952217517	-0.012943895670249988	1.6513761334522884e-06	-0.0007955479424323086
