tloc	tmcCabe	assertionDensity	assertionRoulette	mysteryGuest	eagerTest	sensitiveEquality	resourceOptimism	conditionalTestLogic	fireAndForget	loc	lcom2	lcom5	cbo	wmc	rfc	mpc	halsteadVocabulary	halsteadLength	halsteadVolume	classDataShouldBePrivate	complexClass	spaghettiCode	functionalDecomposition	godClass
6.730124034254644e-05	4.7350935147913555e-06	3.651186863910268e-07	2.2087135983800267e-05	-1.4004344363624938e-06	6.876883977725514e-05	6.520201981841827e-07	-4.220598165512733e-08	-6.302784301300032e-07	-5.889547150537495e-08	0.1403375414660343	0.21513994660336067	0.0006434150600422498	0.005041497555055102	0.017537261833878246	0.05737632412148751	0.05262522810599276	0.7362859396607547	0.05793183509832298	0.6120681350505337	0.00011395760745089782	0.017546808126103028	0.08494682353145568	-4.5184445427910625e-06	0.0009868679946354573
3.6944327056759663e-06	-2.2642557022369566e-05	3.5205905366374996e-06	3.4061081907357746e-05	-1.6744137801389983e-05	0.00021726709325615377	4.4972923407170236e-07	-6.950133589382488e-07	-5.266460934372955e-06	-3.0119037908545727e-07	0.0455124670556391	0.8889546774378208	-0.00037758531222564226	-0.00551271629260111	0.009539839069135591	-0.04500552566394214	-0.04740531146425683	0.10531761968918951	-0.04426002868788441	-0.43584716581613037	0.0002846837583468275	0.010630559829223805	-0.012908375963481785	1.6277744576231076e-06	-0.0007914724365083517
