tloc	tmcCabe	assertionDensity	assertionRoulette	mysteryGuest	eagerTest	sensitiveEquality	resourceOptimism	conditionalTestLogic	fireAndForget	loc	lcom2	lcom5	cbo	wmc	rfc	mpc	halsteadVocabulary	halsteadLength	halsteadVolume	classDataShouldBePrivate	complexClass	spaghettiCode	functionalDecomposition	godClass
6.941149391016012e-05	5.436239281778199e-06	2.066329900682713e-07	2.2130625243310122e-05	-8.337055359797289e-07	6.883309152697867e-05	6.635645886472321e-07	-1.9244776590309092e-08	4.3443304040352827e-08	-4.5360085676086824e-08	0.14045233262038997	0.2149957656073228	0.0006425751342316113	0.00504744257264726	0.01754314846895356	0.05735484520299543	0.05260224104626021	0.7360374606237224	0.05799377963861511	0.6124041961771296	0.00011455027529464477	0.01753518791796614	0.08484061587123051	-4.610637240331027e-06	0.0009898554365738016
