tloc	tmcCabe	assertionDensity	assertionRoulette	mysteryGuest	eagerTest	sensitiveEquality	resourceOptimism	conditionalTestLogic	fireAndForget	loc	lcom2	lcom5	cbo	wmc	rfc	mpc	halsteadVocabulary	halsteadLength	halsteadVolume	classDataShouldBePrivate	complexClass	spaghettiCode	functionalDecomposition	godClass
6.925872618066515e-05	5.401727386746866e-06	1.9941758416532e-07	2.2127374718225165e-05	-8.712680506953951e-07	6.880504189389829e-05	6.674425791307252e-07	-2.0840552553515445e-08	2.898106885988452e-09	-4.615323800778964e-08	0.14043691250028867	0.21498221838040463	0.0006427382602881525	0.005047092737524586	0.01754258578552255	0.05735404276106406	0.05260167907528047	0.7360341263934862	0.05799527868902627	0.6124171298153979	0.00011445019404917971	0.017535420772238807	0.08483599519357923	-4.619325454300895e-06	0.000989576062713181
