tloc	tmcCabe	assertionDensity	assertionRoulette	mysteryGuest	eagerTest	sensitiveEquality	resourceOptimism	conditionalTestLogic	fireAndForget	loc	lcom2	lcom5	cbo	wmc	rfc	mpc	halsteadVocabulary	halsteadLength	halsteadVolume	classDataShouldBePrivate	complexClass	spaghettiCode	functionalDecomposition	godClass
6.675984486525405e-05	5.360821179849959e-06	1.4662549773020326e-07	2.159065124069289e-05	-9.017156435507038e-07	6.855513369800244e-05	6.496457374110743e-07	4.4255755769780565e-08	-2.773232310496633e-07	-4.579831487471792e-08	0.140360130186151	0.21497402251480222	0.0006431458575843769	0.005044092694954884	0.017534613033900855	0.05735447904799573	0.05260533236630448	0.7360994502955946	0.05798652069121681	0.6123533820293386	0.0001141062402913366	0.017538888738808964	0.08488176185626943	-4.607830166413466e-06	0.000988168619950013
