tloc	tmcCabe	assertionDensity	assertionRoulette	mysteryGuest	eagerTest	sensitiveEquality	resourceOptimism	conditionalTestLogic	fireAndForget	loc	lcom2	lcom5	cbo	wmc	rfc	mpc	halsteadVocabulary	halsteadLength	halsteadVolume	classDataShouldBePrivate	complexClass	spaghettiCode	functionalDecomposition	godClass
6.925657594326274e-05	5.466715082211475e-06	2.068184569230393e-07	2.2141550067341272e-05	-8.723239379770937e-07	6.88078908266551e-05	6.686209414183084e-07	-2.0956069339246368e-08	1.167254633982375e-08	-4.50219088218885e-08	0.14043637084885122	0.2150157080348001	0.0006427559090284181	0.005047484353374384	0.017543754398581413	0.05735425216994463	0.05260147165365325	0.7360443547557013	0.05799031081153229	0.6123919382162848	0.00011446558439514517	0.017537909286088095	0.08484772944018942	-4.603694475617693e-06	0.0009896917977272254
7.387960034765853e-07	-2.3061952625475867e-05	3.5847613270113926e-06	3.3911154376553446e-05	-1.7064265264273246e-05	0.0002169848238016949	4.29301352361738e-07	-7.096116921570108e-07	-5.664959364734216e-06	-3.0978241712593436e-07	0.04548474711130253	0.8889805812036793	-0.00037685730431161684	-0.005513744749974146	0.009548010864344368	-0.04496288081553135	-0.04736944264208509	0.10558477577110872	-0.04426342305026	-0.43574203467689765	0.0002842542594099388	0.010629804124248602	-0.012851606143418159	1.661112564949065e-06	-0.0007928815967973597
