tloc	tmcCabe	assertionDensity	assertionRoulette	mysteryGuest	eagerTest	sensitiveEquality	resourceOptimism	conditionalTestLogic	fireAndForget	loc	lcom2	lcom5	cbo	wmc	rfc	mpc	halsteadVocabulary	halsteadLength	halsteadVolume	classDataShouldBePrivate	complexClass	spaghettiCode	functionalDecomposition	godClass
7.035384385338926e-05	5.4086300275680855e-06	2.2576102754591562e-07	2.2716162789740293e-05	-9.351003779009292e-07	6.819116671747873e-05	6.587759835859289e-07	-2.477536895346087e-08	5.082332288059122e-08	-4.708041736032779e-08	0.14044537323010514	0.2145869535971092	0.0006433875266395741	0.005049092806669712	0.01752630769911618	0.057412272479486263	0.05266618677409148	0.7361190039005996	0.057983154573521045	0.6124279486086556	0.00011445857076862341	0.017520657249946264	0.08494326070081357	-4.5584237408117265e-06	0.000990396177429032
