tloc	tmcCabe	assertionDensity	assertionRoulette	mysteryGuest	eagerTest	sensitiveEquality	resourceOptimism	conditionalTestLogic	fireAndForget	loc	lcom2	lcom5	cbo	wmc	rfc	mpc	halsteadVocabulary	halsteadLength	halsteadVolume	classDataShouldBePrivate	complexClass	spaghettiCode	functionalDecomposition	godClass
6.951920911462738e-05	5.470066621061288e-06	2.0696231876211796e-07	2.221084993966288e-05	-8.517384391944598e-07	6.880050418431576e-05	6.69860361709303e-07	-2.1782160243235074e-08	1.298037933861074e-07	-4.6622900284501646e-08	0.14043635778085273	0.21497615360994562	0.0006427188634866403	0.005048303458021262	0.017542836457036668	0.057354264246447906	0.05260186965713649	0.7360324893698864	0.05799631530379535	0.6124211948136559	0.00011444979141947268	0.017535068094137768	0.08483611372927123	-4.617552634908874e-06	0.0009894628695733992
