tloc	tmcCabe	assertionDensity	assertionRoulette	mysteryGuest	eagerTest	sensitiveEquality	resourceOptimism	conditionalTestLogic	fireAndForget	loc	lcom2	lcom5	cbo	wmc	rfc	mpc	halsteadVocabulary	halsteadLength	halsteadVolume	classDataShouldBePrivate	complexClass	spaghettiCode	functionalDecomposition	godClass
6.974083973111028e-05	5.609841943367135e-06	1.6450527756957767e-07	2.2194610092586654e-05	-1.2984450357535137e-06	6.824396220287984e-05	6.432795226074808e-07	-3.8036477473697565e-08	1.1462078313199767e-08	-4.9349310949860345e-08	0.1405466217729919	0.2152659358792476	0.0006431764925809659	0.005058209467772858	0.01755244262075259	0.05741281969062751	0.05265753437349607	0.7361590131350172	0.05793805243007327	0.6121228239054534	0.0001154629444870735	0.017553021120649343	0.08493361078539527	-4.6713048701624674e-06	0.0009881743712126859
7.973029005439518e-07	-2.3130291898195895e-05	3.6075321804406808e-06	3.402306709997736e-05	-1.6949728305114056e-05	0.000217437426262062	4.395631771011639e-07	-7.057293145827053e-07	-5.692699409910388e-06	-3.1064772177582266e-07	0.04521164698019989	0.8889885631939752	-0.0003777180317828661	-0.00553150017596531	0.009521249760506575	-0.045095400873993406	-0.047492748673848194	0.1052431286842896	-0.04423508642225988	-0.43580999101498913	0.00028353839248724047	0.010610310705065712	-0.012967073520263396	1.6817768515360574e-06	-0.0007937902050525217
