tloc	tmcCabe	assertionDensity	assertionRoulette	mysteryGuest	eagerTest	sensitiveEquality	resourceOptimism	conditionalTestLogic	fireAndForget	loc	lcom2	lcom5	cbo	wmc	rfc	mpc	halsteadVocabulary	halsteadLength	halsteadVolume	classDataShouldBePrivate	complexClass	spaghettiCode	functionalDecomposition	godClass
6.867773925193998e-05	5.350892023672788e-06	1.792804520963247e-07	2.198176645267881e-05	-9.999463270764477e-07	6.876621407238678e-05	6.580413395403564e-07	-2.8178173675400555e-08	1.0843813016180141e-07	-4.9832191536815274e-08	0.14046590707851925	0.21512685388651973	0.0006430127378080746	0.0050490078871082795	0.017545365964594987	0.057376703115296954	0.05262315120723782	0.7361386003257165	0.057965784749343954	0.6122241834277856	0.00011437039669172152	0.017547084748499097	0.08489589941408303	-4.651895785908595e-06	0.0009894053210932415
