tloc	tmcCabe	assertionDensity	assertionRoulette	mysteryGuest	eagerTest	sensitiveEquality	resourceOptimism	conditionalTestLogic	fireAndForget	loc	lcom2	lcom5	cbo	wmc	rfc	mpc	halsteadVocabulary	halsteadLength	halsteadVolume	classDataShouldBePrivate	complexClass	spaghettiCode	functionalDecomposition	godClass
6.915860879732506e-05	5.315114143386955e-06	1.9478046555195853e-07	2.207875681958375e-05	-9.459639873134922e-07	6.916199034175446e-05	7.332914302977644e-07	-2.4455324153084467e-08	-6.894644623871033e-08	-4.795431565450942e-08	0.14070225542304238	0.21523855064977465	0.0006426991222981498	0.005047848983664943	0.01755534014580864	0.057371642990651985	0.05261380780790155	0.7360134603109815	0.057976129318223366	0.6122881436998261	0.00011439015298610867	0.017543770018721778	0.08484596504330716	-4.6319698557058185e-06	0.0009892151933109069
2.3973522808346225e-06	-2.2624073295946097e-05	3.643382122290719e-06	3.446992243914654e-05	-1.6659762864025823e-05	0.0002153863761644104	1.4316591808967058e-07	-6.89806298225809e-07	-5.2505143174103656e-06	-2.9926971073961e-07	0.04393999242597667	0.8888170559573246	-0.0003812507075872825	-0.005532258317552083	0.00947207258100864	-0.04520406436343588	-0.04757545667037886	0.1059301804407517	-0.04427210153581734	-0.4361032388707209	0.00028518539265296567	0.010568251249449014	-0.012903978327182646	1.7447273609474046e-06	-0.0007923397920611485
-0.0006954817428762455	-5.791511582922236e-05	1.5448556153532183e-06	-9.232523980664581e-06	-9.400489364346864e-05	1.618921824527658e-05	8.069789512828439e-07	-5.441539741952535e-06	-3.2939242575310835e-05	-1.5104288521456675e-06	-0.09064281638451085	-0.38820286272177584	-0.0006672317273585055	-0.007928210780346523	-0.025440477550769242	-0.06082074006584984	-0.05302111375269458	0.6566830238792913	-0.07292917909821583	-0.6246887147542872	-0.000821380424460219	-0.022042470238485774	0.08085152066810303	2.3582946913055273e-05	-0.007087724891950019
