tloc	tmcCabe	assertionDensity	assertionRoulette	mysteryGuest	eagerTest	sensitiveEquality	resourceOptimism	conditionalTestLogic	fireAndForget	loc	lcom2	lcom5	cbo	wmc	rfc	mpc	halsteadVocabulary	halsteadLength	halsteadVolume	classDataShouldBePrivate	complexClass	spaghettiCode	functionalDecomposition	godClass
8.440994772058766e-05	1.2448319008195421e-05	-7.682206833820813e-07	1.0337184960101982e-05	3.094377613579327e-06	9.032362756032213e-06	-1.0268725151602128e-07	1.7260132387083363e-07	2.5857199516757266e-06	3.672109785004793e-08	0.13827532057390823	0.025763416938177384	0.0007472949210277077	0.00659529682486536	0.016202876754518515	0.07025973462460948	0.0657296959149462	0.6792481272994112	0.06735163928229837	0.7050433357925598	5.575559807573541e-05	0.016025582016252787	0.08598789432205522	-5.268486072660172e-06	0.0012861797244806035
0.00039673454266950643	1.763757966094535e-05	-2.0338890035634257e-06	1.5138942463141092e-05	1.8990591859969675e-06	0.00018478813404684466	1.4383031760564115e-06	7.36035892068589e-07	1.4683949787224323e-05	1.6731762190973765e-07	0.1393010950324135	0.9881590129352453	-3.4403790824824384e-05	0.0022670977854368233	0.02494328492854261	0.01928082915518039	0.01055110091598973	-0.030724877228666587	-0.0032779652471556127	-0.036370809783200286	0.000599165306483143	0.025314972516387008	-0.010036940031744239	-8.67554197384569e-06	0.002616728820761011
