tloc	tmcCabe	assertionDensity	assertionRoulette	mysteryGuest	eagerTest	sensitiveEquality	resourceOptimism	conditionalTestLogic	fireAndForget	loc	lcom2	lcom5	cbo	wmc	rfc	mpc	halsteadVocabulary	halsteadLength	halsteadVolume	classDataShouldBePrivate	complexClass	spaghettiCode	functionalDecomposition	godClass
6.930919013660631e-05	5.390892028854225e-06	1.8797757731494497e-07	2.1997955342764136e-05	-7.53643477589749e-07	6.879377994544815e-05	6.758565707275921e-07	-1.7930489165040753e-08	-2.0244882245269602e-08	-4.768507615866915e-08	0.1404562439154115	0.21503707366047084	0.000642774564477452	0.005047658706632227	0.01754406916366935	0.057369480397537996	0.05261702033020175	0.7360866957031451	0.0579784055837653	0.612325038536208	0.00011438642017192827	0.01753984862228634	0.08486392508975228	-4.563944581280516e-06	0.00098937174410831
