tloc	tmcCabe	assertionDensity	assertionRoulette	mysteryGuest	eagerTest	sensitiveEquality	resourceOptimism	conditionalTestLogic	fireAndForget	loc	lcom2	lcom5	cbo	wmc	rfc	mpc	halsteadVocabulary	halsteadLength	halsteadVolume	classDataShouldBePrivate	complexClass	spaghettiCode	functionalDecomposition	godClass
6.106443628607215e-05	4.277150357194433e-06	6.340466988958693e-07	2.2206974799208584e-05	-2.219786500309563e-06	6.780140133938794e-05	5.832816335505618e-07	-2.4180405148008174e-09	-5.617718455866631e-07	-6.962717501638832e-08	0.14065686790581572	0.2161348480109853	0.0006460903845808912	0.00504672318814668	0.017554247118020855	0.05756344687149553	0.05280977476677917	0.737230469103214	0.0576669362589412	0.610421176140627	0.00011286235841762645	0.017638374957351516	0.08546680155815019	-4.465903707626198e-06	0.000975390434593545
2.39917846558056e-06	-2.281729891008955e-05	3.6801675968713078e-06	3.375152977943964e-05	-1.718053481627917e-05	0.00021806425721794935	4.487255776194387e-07	-6.485624802710029e-07	-5.441594137589213e-06	-2.728970703482035e-07	0.04470544761775848	0.8892820160306583	-0.0003867970465445532	-0.005546745207674894	0.00944743188348419	-0.04562685578119708	-0.04800188625365412	0.10309439924929162	-0.044073676266731025	-0.43566265210116095	0.0002834841575074307	0.010449920865511967	-0.013780478186134518	1.4314218200923678e-06	-0.0007968831234578291
