tloc	tmcCabe	assertionDensity	assertionRoulette	mysteryGuest	eagerTest	sensitiveEquality	resourceOptimism	conditionalTestLogic	fireAndForget	loc	lcom2	lcom5	cbo	wmc	rfc	mpc	halsteadVocabulary	halsteadLength	halsteadVolume	classDataShouldBePrivate	complexClass	spaghettiCode	functionalDecomposition	godClass
6.322140099800146e-05	4.941083354744695e-06	1.3810582614097462e-07	2.2095829197254934e-05	-1.3161470491628246e-06	6.823127294481516e-05	6.556455653115138e-07	-2.3541787206364528e-08	-1.0004272401936573e-06	-5.601387989134997e-08	0.14073999318929908	0.21389919234600152	0.0006442075006213117	0.005075834263172527	0.017518370274395373	0.05775660790445968	0.053015992156946606	0.7377219090435698	0.05765525237606977	0.610535474087828	0.00011518820948753035	0.01758267110322982	0.08566424073933653	-4.510569885023387e-06	0.0009762199255437795
-5.428452917276641e-06	-2.3090894903984122e-05	3.755001833267157e-06	3.706432956220921e-05	-1.62554144159017e-05	0.0002241820885355771	4.05717525070272e-07	-6.265101414924524e-07	-3.3360521757466405e-06	-2.9201719083358414e-07	0.04483074563477928	0.8879897278102993	-0.0003793751371135411	-0.005612943720835101	0.009243241107219961	-0.04696693367141716	-0.04924659902996837	0.10746406767687126	-0.044211784574337505	-0.4369317873832999	0.00028899334732582986	0.010234858526078852	-0.014077055876775756	1.5799702676550004e-06	-0.000770848857723126
