tloc	tmcCabe	assertionDensity	assertionRoulette	mysteryGuest	eagerTest	sensitiveEquality	resourceOptimism	conditionalTestLogic	fireAndForget	loc	lcom2	lcom5	cbo	wmc	rfc	mpc	halsteadVocabulary	halsteadLength	halsteadVolume	classDataShouldBePrivate	complexClass	spaghettiCode	functionalDecomposition	godClass
6.64520025867389e-05	5.2453780176499385e-06	1.8524317698985751e-07	2.1843741984199207e-05	-1.1989546837530272e-06	6.87852145427925e-05	6.420913656732203e-07	-3.5957319550230394e-08	-2.547965670130867e-07	-5.689583280963292e-08	0.14040685039599968	0.21517132759828173	0.0006433922255735093	0.005047681567158908	0.017540693204637598	0.05740533124319798	0.05265525076507091	0.7362800792822953	0.05792685727144903	0.6120382404079558	0.0001130206034824196	0.017555776906131228	0.08498124848039032	-4.463322328061777e-06	0.000987768114063582
