tloc	tmcCabe	assertionDensity	assertionRoulette	mysteryGuest	eagerTest	sensitiveEquality	resourceOptimism	conditionalTestLogic	fireAndForget	loc	lcom2	lcom5	cbo	wmc	rfc	mpc	halsteadVocabulary	halsteadLength	halsteadVolume	classDataShouldBePrivate	complexClass	spaghettiCode	functionalDecomposition	godClass
6.305241705913223e-05	4.499233901722472e-06	3.379518324267247e-07	2.2861823854467337e-05	-2.450405997989663e-06	7.157238940437589e-05	4.841055129791396e-07	-2.7479119022542407e-07	-1.4453863750138875e-06	-4.892214229590166e-08	0.13966751085231066	0.2215418533586944	0.0006799637891248925	0.005229486193047004	0.018132821200292342	0.060277205872714665	0.05537304420259691	0.733829037263947	0.057551085910865336	0.6122478781278523	7.423487351409863e-05	0.018211707181027773	0.0857858677365625	-4.419431605464352e-06	0.0007243716525669194
-8.223424482921272e-06	-2.3946223836494462e-05	3.920349373954718e-06	3.4873559123493926e-05	-1.762127032359817e-05	0.00023179263286274992	1.0689318298397495e-06	-5.193699764699921e-07	-4.368364175968615e-06	-3.162334780727659e-07	0.030673204445827516	0.8754363872687033	-0.0004729945826627746	-0.006679542792708117	0.00783140790830015	-0.056199447928008114	-0.057914698113152384	0.12462370546021807	-0.04550584100296834	-0.45616839605797244	0.0004091322408786865	0.008692707821376882	-0.016849521547441917	1.6874451466912647e-06	-0.0006908292513291863
