tloc	tmcCabe	assertionDensity	assertionRoulette	mysteryGuest	eagerTest	sensitiveEquality	resourceOptimism	conditionalTestLogic	fireAndForget	loc	lcom2	lcom5	cbo	wmc	rfc	mpc	halsteadVocabulary	halsteadLength	halsteadVolume	classDataShouldBePrivate	complexClass	spaghettiCode	functionalDecomposition	godClass
6.943297850826123e-05	5.446617893060005e-06	2.041886605698724e-07	2.214899955251131e-05	-8.265892654285662e-07	6.877669141828048e-05	6.690072700836155e-07	-1.8785726949057975e-08	3.7000363491894856e-08	-4.4950630804625427e-08	0.14042685173537037	0.21486931267966083	0.0006427746648110624	0.0050476896921982034	0.017540020161430393	0.057351424153520056	0.052599720194173846	0.7360279834893537	0.05800282935334996	0.6124673679903818	0.00011430385134346136	0.017530747603110672	0.08482858720910592	-4.616654482550032e-06	0.000989798667195179
-9.302417525117267e-06	-2.4512543734508456e-05	3.827266671750699e-06	3.5607212443103826e-05	-1.6738403110054635e-05	0.00020901294340884343	3.8627617735242536e-07	-7.792564504935484e-07	-5.533654447019043e-06	-2.8541446251417076e-07	0.04114569600023444	0.8844421677664621	-0.0003880925119169343	-0.005743074152904958	0.008738036155769265	-0.04700140847842858	-0.04914822000958828	0.11416077542171436	-0.044890938065716014	-0.44275028258326204	0.0002320412893060784	0.009772886395947571	-0.01276544002728575	1.9688671091152074e-06	-0.0008121454931627513
-0.000681404539040177	-5.3838013044547656e-05	9.965773967742388e-07	-1.3474285660802401e-05	-9.779033960086773e-05	3.646822743687391e-05	4.10777738371921e-07	-5.392851741241696e-06	-3.371465250182151e-05	-1.6215402109296977e-06	-0.08163561800033008	-0.3995838022003752	-0.0006594201558177633	-0.007274764736179557	-0.023807537059874317	-0.05544004101712281	-0.04813897519793059	0.654417659037267	-0.07336043552093906	-0.6216326266417369	-0.0006839563366141258	-0.020054849362234235	0.08443565376027415	2.3683723864384967e-05	-0.0073091085690290825
