tloc	tmcCabe	assertionDensity	assertionRoulette	mysteryGuest	eagerTest	sensitiveEquality	resourceOptimism	conditionalTestLogic	fireAndForget	loc	lcom2	lcom5	cbo	wmc	rfc	mpc	halsteadVocabulary	halsteadLength	halsteadVolume	classDataShouldBePrivate	complexClass	spaghettiCode	functionalDecomposition	godClass
6.809794261979802e-05	5.185882587737699e-06	1.945301760988088e-07	2.232004806285661e-05	-1.0889215600445697e-06	6.891918999072039e-05	6.677022032696945e-07	-3.5635949647905066e-08	-2.721343149486009e-07	-4.4120887182168076e-08	0.14041217047550297	0.21510083727386667	0.0006429615655417515	0.005041323633865655	0.01754280098595128	0.05738119421619406	0.05262865030621816	0.7362232622085289	0.05794885751589512	0.612140158768637	0.00011416657345287335	0.01755322074884086	0.08492761955469845	-4.551570641104224e-06	0.0009605839084005997
