tloc	tmcCabe	assertionDensity	assertionRoulette	mysteryGuest	eagerTest	sensitiveEquality	resourceOptimism	conditionalTestLogic	fireAndForget	loc	lcom2	lcom5	cbo	wmc	rfc	mpc	halsteadVocabulary	halsteadLength	halsteadVolume	classDataShouldBePrivate	complexClass	spaghettiCode	functionalDecomposition	godClass
6.687388246761367e-05	5.155753835496748e-06	1.901785642485847e-07	2.1809566786906485e-05	-1.1540425720361485e-06	6.842771369379762e-05	6.902444855961946e-07	-4.716666303293733e-08	-3.728443024629219e-07	-5.31383055982216e-08	0.14051247183757803	0.21342963371986348	0.0006441851979348108	0.005056469538974888	0.01751575228675988	0.05743970953032755	0.05270474036517613	0.7367426368206111	0.057916552021209676	0.6120536906123308	0.00011445127889855087	0.017512069113907708	0.08504531213445808	-4.386705132420157e-06	0.0009908714104941553
3.367354104817422e-06	-2.279882015007702e-05	3.5702458786314193e-06	3.431086303029378e-05	-1.7231590266434195e-05	0.00021879472199952895	4.3889405370084143e-07	-7.560228532114117e-07	-6.170317403445728e-06	-3.020436648288775e-07	0.046202796686708215	0.8876871237904892	-0.0003737369943963912	-0.005501500452818272	0.009556567783239146	-0.04494314932430861	-0.04732159644913953	0.1088628279539927	-0.04449624967554478	-0.4374883740707139	0.00028646530901080893	0.01061428234093915	-0.01246548857932297	1.589531002356418e-06	-0.0007906442627674989
