tloc	tmcCabe	assertionDensity	assertionRoulette	mysteryGuest	eagerTest	sensitiveEquality	resourceOptimism	conditionalTestLogic	fireAndForget	loc	lcom2	lcom5	cbo	wmc	rfc	mpc	halsteadVocabulary	halsteadLength	halsteadVolume	classDataShouldBePrivate	complexClass	spaghettiCode	functionalDecomposition	godClass
6.812763185088053e-05	5.225503085513425e-06	2.488264220239926e-07	2.1945077701105188e-05	-1.1744825416269766e-06	6.897937710719613e-05	6.507916654947034e-07	-4.138970214706322e-08	-1.3524387713343672e-07	-4.682808114608641e-08	0.14041454389546953	0.21507664626581238	0.0006431975907700854	0.005045549482388795	0.01754134702452817	0.05737783493102062	0.0526266790003856	0.7361830599830638	0.05795718900030399	0.6121991637584803	0.00011418324627005867	0.017544020881736202	0.0849075678949642	-4.577458038219735e-06	0.000989084679757617
2.1271781422019986e-06	-2.3086762058449502e-05	3.6013318210085604e-06	3.413692421069441e-05	-1.6937321163100384e-05	0.00021683847740753588	4.379457945635191e-07	-6.882176479353532e-07	-5.622727498508149e-06	-3.015230451670352e-07	0.045427200296366134	0.8889897891985393	-0.00037773233792684887	-0.005515148888559558	0.00953935410814463	-0.045012385454792275	-0.04741653479634733	0.10541569943241705	-0.04425433596412002	-0.4357598605725622	0.00028443277135731254	0.010624280531679594	-0.012896184497721619	1.6407433159791456e-06	-0.0007961388027326758
