tloc	tmcCabe	assertionDensity	assertionRoulette	mysteryGuest	eagerTest	sensitiveEquality	resourceOptimism	conditionalTestLogic	fireAndForget	loc	lcom2	lcom5	cbo	wmc	rfc	mpc	halsteadVocabulary	halsteadLength	halsteadVolume	classDataShouldBePrivate	complexClass	spaghettiCode	functionalDecomposition	godClass
6.895158356544012e-05	5.38226151996645e-06	2.087707092884885e-07	2.182392462624817e-05	-6.554039654988774e-07	6.79397702880116e-05	6.51842987203423e-07	-1.140037491817593e-08	2.048172664926012e-08	-3.75220586030725e-08	0.14054349004014863	0.21513284925143125	0.0006429572927367976	0.0050576832351027145	0.01750527012173593	0.05743052183097999	0.052689018728033984	0.7362632619015825	0.05793004001533115	0.612038585797777	0.00011503216057177925	0.01749106133700497	0.08497588431599566	-4.59973850012828e-06	0.0009934147527316975
2.1140751867424966e-06	-2.2919458809111697e-05	3.5771450638234987e-06	3.415115032423146e-05	-1.71886230790594e-05	0.00021756451386547316	4.5210346169296426e-07	-7.167293514885654e-07	-5.571436446503547e-06	-3.1367956041883585e-07	0.04536246760715242	0.8889629899844949	-0.0003767627221662784	-0.005525058170121237	0.009557301393127451	-0.045065038327429585	-0.04747260401650252	0.10533106891543571	-0.044255756685558804	-0.4358277137308567	0.000284007368176083	0.010640649952217597	-0.012943895670249212	1.6513761334523574e-06	-0.0007955479424323232
