tloc	tmcCabe	assertionDensity	assertionRoulette	mysteryGuest	eagerTest	sensitiveEquality	resourceOptimism	conditionalTestLogic	fireAndForget	loc	lcom2	lcom5	cbo	wmc	rfc	mpc	halsteadVocabulary	halsteadLength	halsteadVolume	classDataShouldBePrivate	complexClass	spaghettiCode	functionalDecomposition	godClass
6.824646796357095e-05	5.509299444309363e-06	2.1484373946406912e-07	2.222891753092681e-05	-9.022601230130519e-07	6.870387429627986e-05	6.665690536348263e-07	-9.178830515039386e-09	4.6343012381538e-08	-7.811778735776458e-08	0.14052264581062474	0.21548638375790663	0.0006443960115056355	0.005049074734940773	0.017548158610433448	0.05743700765872751	0.05268343777930953	0.7365005280986461	0.05787167097736078	0.6116303688791754	0.00011451084344442357	0.017549579079367363	0.08501975926230605	-4.592775250108773e-06	0.0006059182264692046
2.04708816591269e-06	-2.29479823268816e-05	3.613361497577164e-06	3.4489506612743504e-05	-1.693587566045566e-05	0.00021824605543048115	4.251904552196077e-07	-7.05373157912706e-07	-5.301543832771805e-06	-2.3454021281423703e-07	0.045324419718661725	0.8886616944297842	-0.0003802607913826356	-0.005532855111296523	0.009527695387205609	-0.04525774630319567	-0.04764078457871207	0.10525920854384552	-0.0442860265148584	-0.4364197319062648	0.00028448809910696016	0.01059686726090603	-0.013079236030740517	1.6444573657818054e-06	-0.00047080669054838924
