tloc	tmcCabe	assertionDensity	assertionRoulette	mysteryGuest	eagerTest	sensitiveEquality	resourceOptimism	conditionalTestLogic	fireAndForget	loc	lcom2	lcom5	cbo	wmc	rfc	mpc	halsteadVocabulary	halsteadLength	halsteadVolume	classDataShouldBePrivate	complexClass	spaghettiCode	functionalDecomposition	godClass
6.730124034238751e-05	4.735093514791218e-06	3.6511868639104184e-07	2.208713598380037e-05	-1.4004344363625669e-06	6.876883977725608e-05	6.520201981841895e-07	-4.2205981655130054e-08	-6.302784301300331e-07	-5.88954715053766e-08	0.1403375414660342	0.21513994660336427	0.0006434150600422465	0.005041497555055057	0.017537261833878246	0.057376324121487084	0.05262522810599233	0.7362859396607558	0.05793183509832272	0.6120681350505313	0.00011395760745089915	0.01754680812610303	0.08494682353145556	-4.518444542791043e-06	0.000986867994635464
3.6944327057317468e-06	-2.264255702236799e-05	3.520590536637511e-06	3.406108190735748e-05	-1.6744137801391318e-05	0.0002172670932561534	4.4972923407170565e-07	-6.950133589383276e-07	-5.26646093437331e-06	-3.0119037908547696e-07	0.045512467055637114	0.8889546774378134	-0.00037758531222565424	-0.005512716292601232	0.009539839069135112	-0.045005525663943356	-0.04740531146425798	0.10531761968919642	-0.044260028687885866	-0.4358471658161426	0.0002846837583468148	0.010630559829223351	-0.012908375963480944	1.627774457623465e-06	-0.00079147243650845
