tloc	tmcCabe	assertionDensity	assertionRoulette	mysteryGuest	eagerTest	sensitiveEquality	resourceOptimism	conditionalTestLogic	fireAndForget	loc	lcom2	lcom5	cbo	wmc	rfc	mpc	halsteadVocabulary	halsteadLength	halsteadVolume	classDataShouldBePrivate	complexClass	spaghettiCode	functionalDecomposition	godClass
6.941149390999135e-05	5.436239281778148e-06	2.0663299006827343e-07	2.2130625243310105e-05	-8.33705535979789e-07	6.88330915269788e-05	6.635645886472264e-07	-1.92447765903115e-08	4.3443304040315637e-08	-4.536008567608845e-08	0.14045233262039	0.21499576560732378	0.0006425751342316105	0.005047442572647257	0.0175431484689536	0.05735484520299541	0.05260224104626025	0.7360374606237223	0.05799377963861507	0.6124041961771298	0.00011455027529464474	0.017535187917966162	0.08484061587123058	-4.610637240331004e-06	0.0009898554365738027
