tloc	tmcCabe	assertionDensity	assertionRoulette	mysteryGuest	eagerTest	sensitiveEquality	resourceOptimism	conditionalTestLogic	fireAndForget	loc	lcom2	lcom5	cbo	wmc	rfc	mpc	halsteadVocabulary	halsteadLength	halsteadVolume	classDataShouldBePrivate	complexClass	spaghettiCode	functionalDecomposition	godClass
6.925872618083349e-05	5.401727386746954e-06	1.9941758416531406e-07	2.2127374718225155e-05	-8.712680506952828e-07	6.880504189389801e-05	6.674425791307346e-07	-2.08405525535084e-08	2.89810688607251e-09	-4.6153238007787515e-08	0.1404369125002885	0.2149822183804035	0.0006427382602881537	0.0050470927375245965	0.017542585785522525	0.05735404276106409	0.05260167907528042	0.7360341263934862	0.05799527868902639	0.6124171298153984	0.00011445019404917949	0.017535420772238783	0.08483599519357919	-4.619325454300923e-06	0.0009895760627131748
