tloc	tmcCabe	assertionDensity	assertionRoulette	mysteryGuest	eagerTest	sensitiveEquality	resourceOptimism	conditionalTestLogic	fireAndForget	loc	lcom2	lcom5	cbo	wmc	rfc	mpc	halsteadVocabulary	halsteadLength	halsteadVolume	classDataShouldBePrivate	complexClass	spaghettiCode	functionalDecomposition	godClass
0.00012718757948322956	8.512765030155572e-07	1.352695178864577e-06	4.056368764604632e-05	3.3847285776999196e-06	0.00017672582486209052	2.255872920933072e-06	3.516159996391314e-07	8.557908573102843e-06	1.1527515282966022e-07	0.1285841545464929	0.5577254730099275	0.0002496770244611836	0.0008680917480025788	0.01733771497289589	0.017355474587503243	0.012668430214886785	0.7246167340200671	0.03690622122131572	0.3757191537983154	0.00027552084056946323	0.01687124202078075	0.06132699483899774	-6.1309412323054575e-06	0.0017807116239699661
