tloc	tmcCabe	assertionDensity	assertionRoulette	mysteryGuest	eagerTest	sensitiveEquality	resourceOptimism	conditionalTestLogic	fireAndForget	loc	lcom2	lcom5	cbo	wmc	rfc	mpc	halsteadVocabulary	halsteadLength	halsteadVolume	classDataShouldBePrivate	complexClass	spaghettiCode	functionalDecomposition	godClass
6.878862731306368e-05	5.4918890880786065e-06	1.9888029740885127e-07	2.2043380617199863e-05	-1.0313496000390943e-06	6.862648644574366e-05	6.796503242332798e-07	-2.762846681240762e-08	5.59897352815724e-08	-4.8858918681648634e-08	0.1404052765023336	0.21501998241028145	0.0006429771081813652	0.005044016548222742	0.017538540261409222	0.05736065341444162	0.05260984551680959	0.7361242811423607	0.0579726827763973	0.6122978662317451	0.0001142972937445563	0.017540127038814725	0.0848772421340495	-4.560148230270946e-06	0.0009887426119739434
