tloc	tmcCabe	assertionDensity	assertionRoulette	mysteryGuest	eagerTest	sensitiveEquality	resourceOptimism	conditionalTestLogic	fireAndForget	loc	lcom2	lcom5	cbo	wmc	rfc	mpc	halsteadVocabulary	halsteadLength	halsteadVolume	classDataShouldBePrivate	complexClass	spaghettiCode	functionalDecomposition	godClass
6.6759844865113e-05	5.360821179849946e-06	1.466254977301969e-07	2.159065124069277e-05	-9.017156435507085e-07	6.85551336980019e-05	6.496457374110647e-07	4.4255755769779176e-08	-2.7732323104969767e-07	-4.5798314874718224e-08	0.14036013018615087	0.21497402251480066	0.0006431458575843768	0.005044092694954887	0.01753461303390083	0.05735447904799572	0.05260533236630457	0.736099450295594	0.057986520691216785	0.6123533820293392	0.0001141062402913359	0.01753888873880893	0.08488176185626947	-4.6078301664134475e-06	0.0009881686199500123
