tloc	tmcCabe	assertionDensity	assertionRoulette	mysteryGuest	eagerTest	sensitiveEquality	resourceOptimism	conditionalTestLogic	fireAndForget	loc	lcom2	lcom5	cbo	wmc	rfc	mpc	halsteadVocabulary	halsteadLength	halsteadVolume	classDataShouldBePrivate	complexClass	spaghettiCode	functionalDecomposition	godClass
6.925657594320284e-05	5.466715082211505e-06	2.0681845692304093e-07	2.2141550067341323e-05	-8.723239379770414e-07	6.880789082665514e-05	6.68620941418319e-07	-2.095606933924356e-08	1.1672546339889738e-08	-4.5021908821887604e-08	0.14043637084885133	0.21501570803480008	0.0006427559090284194	0.005047484353374393	0.017543754398581416	0.057354252169944574	0.05260147165365322	0.736044354755701	0.057990310811532365	0.6123919382162856	0.00011446558439514566	0.01753790928608809	0.08484772944018946	-4.603694475617715e-06	0.0009896917977272363
7.387960034698051e-07	-2.306195262544756e-05	3.5847613270114133e-06	3.39111543765533e-05	-1.70642652642747e-05	0.0002169848238016956	4.2930135236172864e-07	-7.096116921570936e-07	-5.664959364734777e-06	-3.097824171259584e-07	0.04548474711130104	0.8889805812036744	-0.0003768573043116267	-0.005513744749974276	0.009548010864344003	-0.04496288081553219	-0.04736944264208591	0.10558477577111823	-0.04426342305026108	-0.4357420346769063	0.0002842542594099264	0.010629804124248292	-0.012851606143416775	1.6611125649494406e-06	-0.0007928815967974617
