tloc	tmcCabe	assertionDensity	assertionRoulette	mysteryGuest	eagerTest	sensitiveEquality	resourceOptimism	conditionalTestLogic	fireAndForget	loc	lcom2	lcom5	cbo	wmc	rfc	mpc	halsteadVocabulary	halsteadLength	halsteadVolume	classDataShouldBePrivate	complexClass	spaghettiCode	functionalDecomposition	godClass
6.951920911468597e-05	5.4700666210612755e-06	2.0696231876212405e-07	2.2210849939662985e-05	-8.517384391943801e-07	6.880050418431641e-05	6.698603617093089e-07	-2.178216024322964e-08	1.2980379338617212e-07	-4.66229002845007e-08	0.14043635778085262	0.21497615360994812	0.0006427188634866382	0.005048303458021235	0.017542836457036658	0.05735426424644748	0.05260186965713625	0.7360324893698861	0.05799631530379526	0.6124211948136552	0.00011444979141947413	0.01753506809413777	0.08483611372927108	-4.61755263490888e-06	0.0009894628695734018
