tloc	tmcCabe	assertionDensity	assertionRoulette	mysteryGuest	eagerTest	sensitiveEquality	resourceOptimism	conditionalTestLogic	fireAndForget	loc	lcom2	lcom5	cbo	wmc	rfc	mpc	halsteadVocabulary	halsteadLength	halsteadVolume	classDataShouldBePrivate	complexClass	spaghettiCode	functionalDecomposition	godClass
6.915860879740237e-05	5.3151141433869165e-06	1.9478046555194667e-07	2.2078756819583678e-05	-9.459639873134334e-07	6.916199034175352e-05	7.332914302977687e-07	-2.4455324153081995e-08	-6.89464462386652e-08	-4.795431565450762e-08	0.1407022554230419	0.2152385506497702	0.0006426991222981502	0.005047848983664947	0.01755534014580853	0.05737164299065208	0.05261380780790158	0.7360134603109805	0.05797612931822337	0.6122881436998276	0.00011439015298610703	0.01754377001872168	0.08484596504330719	-4.631969855705822e-06	0.000989215193310912
2.397352280905156e-06	-2.2624073295819256e-05	3.6433821222907346e-06	3.4469922439146434e-05	-1.665976286402696e-05	0.000215386376164411	1.4316591808968532e-07	-6.898062982258721e-07	-5.250514317410771e-06	-2.9926971073962876e-07	0.04393999242597614	0.8888170559573202	-0.00038125070758728865	-0.005532258317552163	0.009472072581008368	-0.045204064363436235	-0.04757545667037914	0.1059301804407628	-0.04427210153581791	-0.43610323887072505	0.00028518539265295765	0.010568251249448771	-0.012903978327181147	1.7447273609476631e-06	-0.0007923397920612372
-0.000695481742876089	-5.791511582920619e-05	1.5448556153020452e-06	-9.232523980664729e-06	-9.400489364346874e-05	1.618921824527446e-05	8.069789512828581e-07	-5.441539741952568e-06	-3.2939242575311e-05	-1.5104288521456692e-06	-0.09064281638451126	-0.3882028627217861	-0.0006672317273584976	-0.007928210780346475	-0.025440477550769346	-0.060820740065849116	-0.053021113752693874	0.6566830238792893	-0.07292917909821521	-0.6246887147542814	-0.0008213804244602234	-0.02204247023848582	0.08085152066810353	2.35829469130553e-05	-0.007087724891950069
