tloc	tmcCabe	assertionDensity	assertionRoulette	mysteryGuest	eagerTest	sensitiveEquality	resourceOptimism	conditionalTestLogic	fireAndForget	loc	lcom2	lcom5	cbo	wmc	rfc	mpc	halsteadVocabulary	halsteadLength	halsteadVolume	classDataShouldBePrivate	complexClass	spaghettiCode	functionalDecomposition	godClass
8.44099477204629e-05	1.2448319008195545e-05	-7.682206833820842e-07	1.0337184960102069e-05	3.094377613579361e-06	9.032362756032387e-06	-1.026872515160222e-07	1.726013238708341e-07	2.5857199516757368e-06	3.672109785004863e-08	0.13827532057390898	0.025763416938178702	0.000747294921027709	0.006595296824865405	0.01620287675451859	0.0702597346246098	0.06572969591494646	0.6792481272994111	0.06735163928229838	0.7050433357925594	5.5755598075736495e-05	0.016025582016252884	0.08598789432205539	-5.268486072660205e-06	0.0012861797244806007
0.00039673454266951527	1.7637579661004977e-05	-2.0338890035634215e-06	1.5138942463140956e-05	1.8990591859968913e-06	0.00018478813404684485	1.43830317605641e-06	7.360358920685885e-07	1.468394978722424e-05	1.6731762190973535e-07	0.13930109503241353	0.9881590129352459	-3.4403790824825224e-05	0.0022670977854368146	0.024943284928542562	0.019280829155180278	0.010551100915989611	-0.030724877228668065	-0.003277965247155673	-0.03637080978320085	0.0005991653064831455	0.025314972516386997	-0.01003694003174439	-8.675541973845666e-06	0.0026167288207609744
