tloc	tmcCabe	assertionDensity	assertionRoulette	mysteryGuest	eagerTest	sensitiveEquality	resourceOptimism	conditionalTestLogic	fireAndForget	loc	lcom2	lcom5	cbo	wmc	rfc	mpc	halsteadVocabulary	halsteadLength	halsteadVolume	classDataShouldBePrivate	complexClass	spaghettiCode	functionalDecomposition	godClass
6.930919013673066e-05	5.3908920288543265e-06	1.8797757731494998e-07	2.199795534276423e-05	-7.536434775897198e-07	6.879377994544822e-05	6.758565707275971e-07	-1.7930489165039535e-08	-2.0244882245234543e-08	-4.7685076158668406e-08	0.14045624391541212	0.21503707366047156	0.0006427745644774546	0.00504765870663227	0.017544069163669424	0.057369480397538176	0.052617020330201984	0.7360866957031448	0.0579784055837653	0.6123250385362083	0.00011438642017192926	0.0175398486222864	0.08486392508975232	-4.563944581280545e-06	0.0009893717441082995
