tloc	tmcCabe	assertionDensity	assertionRoulette	mysteryGuest	eagerTest	sensitiveEquality	resourceOptimism	conditionalTestLogic	fireAndForget	loc	lcom2	lcom5	cbo	wmc	rfc	mpc	halsteadVocabulary	halsteadLength	halsteadVolume	classDataShouldBePrivate	complexClass	spaghettiCode	functionalDecomposition	godClass
6.106443628605066e-05	4.277150357194435e-06	6.340466988958644e-07	2.220697479920847e-05	-2.2197865003096075e-06	6.780140133938753e-05	5.832816335505496e-07	-2.41804051480481e-09	-5.617718455867339e-07	-6.962717501638923e-08	0.14065686790581575	0.2161348480109846	0.0006460903845808928	0.005046723188146694	0.017554247118020873	0.0575634468714958	0.05280977476677943	0.7372304691032133	0.05766693625894128	0.610421176140628	0.00011286235841762555	0.017638374957351568	0.0854668015581504	-4.465903707626179e-06	0.0009753904345935402
2.3991784656707734e-06	-2.2817298910211177e-05	3.680167596871307e-06	3.375152977943964e-05	-1.718053481627862e-05	0.00021806425721794905	4.4872557761942293e-07	-6.485624802709717e-07	-5.441594137589054e-06	-2.728970703481953e-07	0.044705447617760345	0.8892820160306616	-0.00038679704654454543	-0.0055467452076747945	0.009447431883484425	-0.04562685578119638	-0.048001886253653515	0.10309439924928787	-0.04407367626673046	-0.4356626521011562	0.00028348415750743583	0.010449920865512257	-0.013780478186134927	1.4314218200921884e-06	-0.0007968831234577774
