tloc	tmcCabe	assertionDensity	assertionRoulette	mysteryGuest	eagerTest	sensitiveEquality	resourceOptimism	conditionalTestLogic	fireAndForget	loc	lcom2	lcom5	cbo	wmc	rfc	mpc	halsteadVocabulary	halsteadLength	halsteadVolume	classDataShouldBePrivate	complexClass	spaghettiCode	functionalDecomposition	godClass
6.861631547930305e-05	5.351902083704397e-06	1.9567587247980742e-07	2.1962774333523205e-05	-1.0607097710082868e-06	6.890266527633275e-05	6.562780995951855e-07	-2.9311850256468818e-08	-2.1064819325793718e-07	-3.752597868451992e-08	0.14047303308302264	0.21519434661444373	0.0006431892301933699	0.0050462701950861714	0.017550019437661834	0.05738505495959087	0.05263011524901804	0.7361172550577427	0.05796003808298481	0.6122204045861974	0.00011474314608292012	0.01755014800733072	0.08491791380422356	-4.525977635537895e-06	0.0009894167047692843
1.5430889533205716e-06	-2.3019216984811505e-05	3.581951279369005e-06	3.371874090953463e-05	-1.701045796397249e-05	0.00021571450658219342	4.3441361563772557e-07	-7.303135151775831e-07	-5.307123442622741e-06	-3.0849381100359347e-07	0.045409142646932577	0.8888008879895541	-0.00037747425134427963	-0.005518876906264901	0.009518810976703623	-0.04508027309451482	-0.04746804354511004	0.10563306854908974	-0.044283721111254906	-0.43607875919949357	0.0002838574068399344	0.010597205005094566	-0.012930553262764223	1.648777968148725e-06	-0.0007939881850545628
