tloc	tmcCabe	assertionDensity	assertionRoulette	mysteryGuest	eagerTest	sensitiveEquality	resourceOptimism	conditionalTestLogic	fireAndForget	loc	lcom2	lcom5	cbo	wmc	rfc	mpc	halsteadVocabulary	halsteadLength	halsteadVolume	classDataShouldBePrivate	complexClass	spaghettiCode	functionalDecomposition	godClass
6.803379241354059e-05	5.6944406356503385e-06	2.2239307450368693e-07	2.2237818516056248e-05	-1.080379182417361e-06	6.827086280286088e-05	6.050024191793088e-07	-2.982965321188297e-08	-7.982948058946211e-07	-5.0513009371926076e-08	0.140630202062633	0.21648320564304122	0.0006439099164041608	0.005080751939901966	0.017591041656781777	0.057744056654830775	0.052975637954865006	0.7348677733655904	0.05802488473842881	0.6131534308454502	0.000115385225301055	0.017591834029758224	0.08495025998693984	-4.16450873866582e-06	0.0009982263882935061
