tloc	tmcCabe	assertionDensity	assertionRoulette	mysteryGuest	eagerTest	sensitiveEquality	resourceOptimism	conditionalTestLogic	fireAndForget	loc	lcom2	lcom5	cbo	wmc	rfc	mpc	halsteadVocabulary	halsteadLength	halsteadVolume	classDataShouldBePrivate	complexClass	spaghettiCode	functionalDecomposition	godClass
6.322140099806132e-05	4.941083354744694e-06	1.3810582614097496e-07	2.209582919725491e-05	-1.3161470491627996e-06	6.823127294481529e-05	6.556455653115183e-07	-2.354178720636283e-08	-1.0004272401936416e-06	-5.601387989134948e-08	0.14073999318929922	0.21389919234600127	0.0006442075006213107	0.005075834263172512	0.017518370274395373	0.0577566079044596	0.05301599215694652	0.7377219090435699	0.05765525237606982	0.6105354740878282	0.00011518820948753055	0.01758267110322982	0.08566424073933647	-4.510569885023388e-06	0.0009762199255437902
-5.428452917278348e-06	-2.3090894904053308e-05	3.755001833267151e-06	3.7064329562209245e-05	-1.6255414415901304e-05	0.00022418208853557705	4.0571752507025326e-07	-6.265101414924294e-07	-3.336052175746563e-06	-2.9201719083357816e-07	0.04483074563478017	0.8879897278103022	-0.00037937513711353433	-0.0056129437208350345	0.009243241107220232	-0.046966933671416564	-0.04924659902996781	0.1074640676768669	-0.04421178457433699	-0.4369317873832954	0.00028899334732583474	0.010234858526079069	-0.014077055876776122	1.5799702676548794e-06	-0.0007708488577230927
