tloc	tmcCabe	assertionDensity	assertionRoulette	mysteryGuest	eagerTest	sensitiveEquality	resourceOptimism	conditionalTestLogic	fireAndForget	loc	lcom2	lcom5	cbo	wmc	rfc	mpc	halsteadVocabulary	halsteadLength	halsteadVolume	classDataShouldBePrivate	complexClass	spaghettiCode	functionalDecomposition	godClass
6.645200258672823e-05	5.245378017649851e-06	1.852431769898691e-07	2.184374198419927e-05	-1.1989546837531035e-06	6.878521454279302e-05	6.42091365673217e-07	-3.5957319550234344e-08	-2.547965670131254e-07	-5.689583280963464e-08	0.1404068503959998	0.21517132759828445	0.0006433922255735089	0.005047681567158894	0.017540693204637622	0.057405331243197834	0.052655250765070875	0.7362800792822951	0.05792685727144884	0.6120382404079551	0.00011302060348242065	0.017555776906131297	0.08498124848039032	-4.463322328061757e-06	0.000987768114063577
