tloc	tmcCabe	assertionDensity	assertionRoulette	mysteryGuest	eagerTest	sensitiveEquality	resourceOptimism	conditionalTestLogic	fireAndForget	loc	lcom2	lcom5	cbo	wmc	rfc	mpc	halsteadVocabulary	halsteadLength	halsteadVolume	classDataShouldBePrivate	complexClass	spaghettiCode	functionalDecomposition	godClass
6.30524170592629e-05	4.4992339017223015e-06	3.3795183242674304e-07	2.286182385446737e-05	-2.4504059979898816e-06	7.157238940437672e-05	4.841055129791233e-07	-2.747911902254333e-07	-1.4453863750140364e-06	-4.892214229590663e-08	0.13966751085231113	0.22154185335869928	0.0006799637891248905	0.0052294861930469805	0.018132821200292408	0.060277205872714575	0.05537304420259682	0.7338290372639474	0.05755108591086506	0.61224787812785	7.423487351410124e-05	0.018211707181027856	0.08578586773656259	-4.419431605464307e-06	0.0007243716525668971
-8.22342448287363e-06	-2.3946223836316758e-05	3.920349373954689e-06	3.487355912349364e-05	-1.762127032359888e-05	0.00023179263286274933	1.0689318298397383e-06	-5.193699764700372e-07	-4.368364175969009e-06	-3.1623347807277435e-07	0.030673204445823197	0.8754363872686977	-0.00047299458266279054	-0.006679542792708264	0.007831407908299661	-0.05619944792800924	-0.05791469811315334	0.12462370546022178	-0.04550584100296937	-0.4561683960579825	0.00040913224087867864	0.008692707821376471	-0.016849521547441997	1.6874451466916348e-06	-0.000690829251329244
