tloc	tmcCabe	assertionDensity	assertionRoulette	mysteryGuest	eagerTest	sensitiveEquality	resourceOptimism	conditionalTestLogic	fireAndForget	loc	lcom2	lcom5	cbo	wmc	rfc	mpc	halsteadVocabulary	halsteadLength	halsteadVolume	classDataShouldBePrivate	complexClass	spaghettiCode	functionalDecomposition	godClass
6.943297850823202e-05	5.44661789306006e-06	2.0418866056987452e-07	2.2148999552511356e-05	-8.265892654284951e-07	6.877669141828066e-05	6.690072700836237e-07	-1.8785726949055196e-08	3.7000363491956425e-08	-4.495063080462409e-08	0.14042685173537073	0.214869312679661	0.000642774664811063	0.005047689692198211	0.017540020161430425	0.057351424153520125	0.05259972019417387	0.7360279834893543	0.05800282935334996	0.6124673679903818	0.00011430385134346169	0.01753074760311067	0.08482858720910594	-4.61665448255006e-06	0.000989798667195187
-9.30241752511426e-06	-2.4512543734516106e-05	3.827266671750666e-06	3.5607212443104e-05	-1.673840311005338e-05	0.00020901294340884232	3.8627617735240667e-07	-7.792564504934791e-07	-5.5336544470186285e-06	-2.854144625141492e-07	0.041145696000235064	0.8844421677664679	-0.0003880925119169236	-0.005743074152904847	0.008738036155769584	-0.047001408478427625	-0.04914822000958748	0.11416077542170558	-0.044890938065714994	-0.44275028258325405	0.0002320412893060865	0.009772886395947816	-0.012765440027286919	1.968867109114891e-06	-0.0008121454931626509
-0.0006814045390405036	-5.383801304473035e-05	9.965773966973305e-07	-1.3474285660802e-05	-9.779033960086814e-05	3.646822743687662e-05	4.107777383719064e-07	-5.392851741241716e-06	-3.371465250182187e-05	-1.6215402109297063e-06	-0.0816356180003302	-0.3995838022003638	-0.0006594201558177716	-0.007274764736179691	-0.023807537059874297	-0.05544004101712364	-0.048138975197931366	0.654417659037269	-0.07336043552093989	-0.6216326266417436	-0.0006839563366141282	-0.020054849362234204	0.08443565376027393	2.3683723864385035e-05	-0.007309108569029089
