tloc	tmcCabe	assertionDensity	assertionRoulette	mysteryGuest	eagerTest	sensitiveEquality	resourceOptimism	conditionalTestLogic	fireAndForget	loc	lcom2	lcom5	cbo	wmc	rfc	mpc	halsteadVocabulary	halsteadLength	halsteadVolume	classDataShouldBePrivate	complexClass	spaghettiCode	functionalDecomposition	godClass
6.809794261998636e-05	5.185882587737696e-06	1.9453017609880185e-07	2.2320048062856497e-05	-1.088921560044587e-06	6.891918999071986e-05	6.677022032696877e-07	-3.563594964790625e-08	-2.721343149486215e-07	-4.4120887182168414e-08	0.14041217047550278	0.21510083727386473	0.0006429615655417514	0.005041323633865646	0.01754280098595124	0.057381194216194094	0.05262865030621814	0.7362232622085293	0.05794885751589503	0.6121401587686368	0.00011416657345287204	0.017553220748840817	0.08492761955469842	-4.5515706411042065e-06	0.000960583908400598
