tloc	tmcCabe	assertionDensity	assertionRoulette	mysteryGuest	eagerTest	sensitiveEquality	resourceOptimism	conditionalTestLogic	fireAndForget	loc	lcom2	lcom5	cbo	wmc	rfc	mpc	halsteadVocabulary	halsteadLength	halsteadVolume	classDataShouldBePrivate	complexClass	spaghettiCode	functionalDecomposition	godClass
7.224457732665593e-05	5.9526718241081204e-06	2.0457973272666647e-07	2.2884765283157845e-05	-5.585087621701114e-07	6.926986885545684e-05	6.979542721135394e-07	-5.540963868967666e-09	4.0032872314753245e-07	-3.9854341217722534e-08	0.1401563435753102	0.21602248876382396	0.0006458630877342683	0.005071488809420843	0.017508551604142785	0.05687284516106411	0.052215690845487175	0.735611404295444	0.05801224468379329	0.6127261258096023	0.00011533936383956384	0.01748665176941598	0.08465894564159628	-4.57920990365167e-06	0.0009951974707182387
