tloc	tmcCabe	assertionDensity	assertionRoulette	mysteryGuest	eagerTest	sensitiveEquality	resourceOptimism	conditionalTestLogic	fireAndForget	loc	lcom2	lcom5	cbo	wmc	rfc	mpc	halsteadVocabulary	halsteadLength	halsteadVolume	classDataShouldBePrivate	complexClass	spaghettiCode	functionalDecomposition	godClass
5.3720339499967866e-05	3.924224725905255e-06	1.8547722660611993e-07	2.234052070769327e-05	-1.7413817384996408e-06	6.859635168133095e-05	6.37538556684061e-07	-4.85083518197854e-08	-1.513772858449298e-06	-9.424180142541977e-08	0.14180595981165045	0.2122890997659923	0.0006600475483116956	0.0051275193418650715	0.017660298460063405	0.05833060897031115	0.053567861088151265	0.7420754751396809	0.05708973436667498	0.6054305823254905	0.00011642416152916536	0.01769371805765659	0.08612930202125568	-4.611204245910678e-06	0.0010170237533497913
