tloc	tmcCabe	assertionDensity	assertionRoulette	mysteryGuest	eagerTest	sensitiveEquality	resourceOptimism	conditionalTestLogic	fireAndForget	loc	lcom2	lcom5	cbo	wmc	rfc	mpc	halsteadVocabulary	halsteadLength	halsteadVolume	classDataShouldBePrivate	complexClass	spaghettiCode	functionalDecomposition	godClass
6.812763185089054e-05	5.225503085513397e-06	2.488264220239959e-07	2.1945077701105205e-05	-1.174482541626956e-06	6.897937710719643e-05	6.507916654947069e-07	-4.1389702147061264e-08	-1.352438771334348e-07	-4.68280811460867e-08	0.14041454389546948	0.21507664626581316	0.0006431975907700847	0.005045549482388785	0.017541347024528173	0.05737783493102056	0.05262667900038547	0.736183059983064	0.057957189000304006	0.6121991637584802	0.00011418324627005967	0.017544020881736216	0.08490756789496419	-4.577458038219734e-06	0.0009890846797576177
2.1271781422061092e-06	-2.3086762058641436e-05	3.6013318210085684e-06	3.413692421069436e-05	-1.693732116310075e-05	0.00021683847740753607	4.3794579456351547e-07	-6.882176479353772e-07	-5.622727498508331e-06	-3.0152304516704236e-07	0.045427200296365204	0.8889897891985382	-0.000377732337926853	-0.005515148888559594	0.009539354108144564	-0.04501238545479257	-0.04741653479634756	0.10541569943241888	-0.0442543359641204	-0.43575986057256516	0.00028443277135730945	0.010624280531679497	-0.012896184497721374	1.6407433159792536e-06	-0.0007961388027327063
