tloc	tmcCabe	assertionDensity	assertionRoulette	mysteryGuest	eagerTest	sensitiveEquality	resourceOptimism	conditionalTestLogic	fireAndForget	loc	lcom2	lcom5	cbo	wmc	rfc	mpc	halsteadVocabulary	halsteadLength	halsteadVolume	classDataShouldBePrivate	complexClass	spaghettiCode	functionalDecomposition	godClass
6.524452008711785e-05	5.068849304149815e-06	1.168146419897185e-07	2.1863554379163978e-05	-4.742048373150887e-07	6.772213618721592e-05	6.307888951955746e-07	-9.789232309728795e-08	-3.793671273299486e-07	-7.268221512014235e-08	0.14094318779327095	0.21624738828057102	0.0006456504719649579	0.005068669576316745	0.017601755243462722	0.05770048616949546	0.05293847241465229	0.7375020322810114	0.057580847035751705	0.6099467637120672	0.00011716066869692725	0.017671481486379193	0.08562469130049533	-4.418767288822707e-06	0.000760663156388176
1.9173971694387578e-05	-2.2671481332033533e-05	3.6989480782030427e-06	3.7106770606860604e-05	-7.892542664547726e-06	0.0002202248729067862	4.0799353034516337e-07	-4.964817586264044e-07	-3.7207057754220694e-06	-2.645583523481318e-07	0.04123620176184494	0.8849961212934134	-0.0004044373681000895	-0.005918291082163826	0.008805993274692864	-0.048987573624574954	-0.05110784493643344	0.11049949144657632	-0.0445259144368933	-0.44211388235642785	0.00022206960147041945	0.009808098809925038	-0.01424015873559151	1.4934516440923375e-06	-0.0006714111987881495
