tloc	tmcCabe	assertionDensity	assertionRoulette	mysteryGuest	eagerTest	sensitiveEquality	resourceOptimism	conditionalTestLogic	fireAndForget	loc	lcom2	lcom5	cbo	wmc	rfc	mpc	halsteadVocabulary	halsteadLength	halsteadVolume	classDataShouldBePrivate	complexClass	spaghettiCode	functionalDecomposition	godClass
6.824646796365923e-05	5.509299444309232e-06	2.1484373946409316e-07	2.2228917530926977e-05	-9.022601230131901e-07	6.870387429628097e-05	6.665690536348247e-07	-9.17883051504577e-09	4.6343012381481746e-08	-7.811778735776667e-08	0.14052264581062524	0.21548638375791226	0.0006443960115056342	0.005049074734940754	0.017548158610433504	0.05743700765872721	0.052683437779309256	0.7365005280986459	0.057871670977360505	0.6116303688791724	0.00011451084344442547	0.017549579079367442	0.08501975926230601	-4.592775250108748e-06	0.0006059182264692046
2.047088165885231e-06	-2.294798232678277e-05	3.6133614975771763e-06	3.44895066127432e-05	-1.693587566045639e-05	0.00021824605543048083	4.251904552195945e-07	-7.053731579127482e-07	-5.301543832772077e-06	-2.3454021281424444e-07	0.04532441971866056	0.8886616944297794	-0.00038026079138264425	-0.0055328551112966	0.009527695387205284	-0.04525774630319634	-0.04764078457871266	0.10525920854384478	-0.04428602651485929	-0.4364197319062723	0.0002844880991069535	0.010596867260905784	-0.013079236030740522	1.6444573657820174e-06	-0.000470806690548435
