tloc	tmcCabe	assertionDensity	assertionRoulette	mysteryGuest	eagerTest	sensitiveEquality	resourceOptimism	conditionalTestLogic	fireAndForget	loc	lcom2	lcom5	cbo	wmc	rfc	mpc	halsteadVocabulary	halsteadLength	halsteadVolume	classDataShouldBePrivate	complexClass	spaghettiCode	functionalDecomposition	godClass
6.73012403423998e-05	4.7350935147913284e-06	3.651186863910401e-07	2.2087135983800396e-05	-1.4004344363624968e-06	6.876883977725578e-05	6.520201981841977e-07	-4.220598165512686e-08	-6.302784301299544e-07	-5.8895471505374936e-08	0.1403375414660346	0.21513994660336247	0.0006434150600422482	0.005041497555055088	0.01753726183387825	0.05737632412148725	0.05262522810599246	0.7362859396607557	0.05793183509832271	0.6120681350505319	0.00011395760745089875	0.017546808126103014	0.08494682353145565	-4.518444542791075e-06	0.0009868679946354584
3.694432705728649e-06	-2.264255702221425e-05	3.520590536637512e-06	3.40610819073577e-05	-1.6744137801391098e-05	0.00021726709325615393	4.49729234071719e-07	-6.950133589383144e-07	-5.266460934373244e-06	-3.011903790854742e-07	0.04551246705563771	0.8889546774378148	-0.00037758531222565375	-0.005512716292601233	0.00953983906913518	-0.04500552566394328	-0.0474053114642579	0.10531761968919626	-0.04426002868788551	-0.43584716581614	0.00028468375834681713	0.010630559829223412	-0.012908375963480833	1.6277744576234085e-06	-0.0007914724365084371
