tloc	tmcCabe	assertionDensity	assertionRoulette	mysteryGuest	eagerTest	sensitiveEquality	resourceOptimism	conditionalTestLogic	fireAndForget	loc	lcom2	lcom5	cbo	wmc	rfc	mpc	halsteadVocabulary	halsteadLength	halsteadVolume	classDataShouldBePrivate	complexClass	spaghettiCode	functionalDecomposition	godClass
6.941149390989119e-05	5.436239281778163e-06	2.0663299006826907e-07	2.213062524331004e-05	-8.337055359797936e-07	6.883309152697838e-05	6.635645886472197e-07	-1.9244776590313053e-08	4.3443304040272186e-08	-4.53600856760888e-08	0.14045233262039028	0.21499576560732322	0.0006425751342316118	0.005047442572647281	0.01754314846895361	0.0573548452029956	0.052602241046260365	0.7360374606237223	0.05799377963861516	0.61240419617713	0.00011455027529464471	0.01753518791796618	0.08484061587123068	-4.610637240330999e-06	0.000989855436573812
