tloc	tmcCabe	assertionDensity	assertionRoulette	mysteryGuest	eagerTest	sensitiveEquality	resourceOptimism	conditionalTestLogic	fireAndForget	loc	lcom2	lcom5	cbo	wmc	rfc	mpc	halsteadVocabulary	halsteadLength	halsteadVolume	classDataShouldBePrivate	complexClass	spaghettiCode	functionalDecomposition	godClass
6.925872618095863e-05	5.401727386746863e-06	1.99417584165332e-07	2.2127374718225318e-05	-8.712680506954017e-07	6.8805041893899e-05	6.674425791307326e-07	-2.084055255351527e-08	2.898106886008622e-09	-4.615323800778979e-08	0.14043691250028897	0.2149822183804073	0.0006427382602881524	0.005047092737524586	0.0175425857855226	0.05735404276106396	0.05260167907528029	0.7360341263934862	0.057995278689026174	0.6124171298153966	0.00011445019404918058	0.017535420772238852	0.08483599519357912	-4.6193254543009095e-06	0.000989576062713169
