tloc	tmcCabe	assertionDensity	assertionRoulette	mysteryGuest	eagerTest	sensitiveEquality	resourceOptimism	conditionalTestLogic	fireAndForget	loc	lcom2	lcom5	cbo	wmc	rfc	mpc	halsteadVocabulary	halsteadLength	halsteadVolume	classDataShouldBePrivate	complexClass	spaghettiCode	functionalDecomposition	godClass
0.00012718757948325366	8.512765030155062e-07	1.3526951788645804e-06	4.0563687646046276e-05	3.384728577699861e-06	0.00017672582486209063	2.2558729209330723e-06	3.5161599963912856e-07	8.557908573102807e-06	1.1527515282965826e-07	0.12858415454649283	0.5577254730099278	0.0002496770244611837	0.000868091748002574	0.017337714972895876	0.017355474587503184	0.012668430214886733	0.7246167340200675	0.03690622122131567	0.37571915379831444	0.0002755208405694635	0.016871242020780733	0.06132699483899776	-6.13094123230544e-06	0.0017807116239699635
