tloc	tmcCabe	assertionDensity	assertionRoulette	mysteryGuest	eagerTest	sensitiveEquality	resourceOptimism	conditionalTestLogic	fireAndForget	loc	lcom2	lcom5	cbo	wmc	rfc	mpc	halsteadVocabulary	halsteadLength	halsteadVolume	classDataShouldBePrivate	complexClass	spaghettiCode	functionalDecomposition	godClass
6.878862731280911e-05	5.491889088078093e-06	1.9888029740892486e-07	2.204338061720054e-05	-1.031349600039484e-06	6.862648644574824e-05	6.796503242332787e-07	-2.7628466812424015e-08	5.5989735281389446e-08	-4.8858918681655873e-08	0.14040527650233448	0.2150199824103006	0.0006429771081813583	0.0050440165482226245	0.017538540261409434	0.057360653414440695	0.05260984551680868	0.7361242811423626	0.0579726827763965	0.6122978662317361	0.00011429729374456207	0.017540127038814968	0.0848772421340493	-4.560148230270897e-06	0.0009887426119739278
