tloc	tmcCabe	assertionDensity	assertionRoulette	mysteryGuest	eagerTest	sensitiveEquality	resourceOptimism	conditionalTestLogic	fireAndForget	loc	lcom2	lcom5	cbo	wmc	rfc	mpc	halsteadVocabulary	halsteadLength	halsteadVolume	classDataShouldBePrivate	complexClass	spaghettiCode	functionalDecomposition	godClass
6.925872618098734e-05	5.401727386746968e-06	1.9941758416531533e-07	2.2127374718225114e-05	-8.712680506953245e-07	6.880504189389801e-05	6.674425791307294e-07	-2.0840552553511474e-08	2.8981068860525916e-09	-4.615323800778829e-08	0.14043691250028878	0.2149822183804031	0.0006427382602881536	0.005047092737524604	0.017542585785522542	0.05735404276106412	0.05260167907528045	0.7360341263934861	0.057995278689026285	0.6124171298153985	0.00011445019404917959	0.01753542077223879	0.08483599519357927	-4.619325454300917e-06	0.0009895760627131871
1.7252819178670064e-06	-2.3052164978606354e-05	3.601639586001454e-06	3.40631971537849e-05	-1.700922939190056e-05	0.00021721423662168248	4.34253498049009e-07	-7.068866975696544e-07	-5.618454203853461e-06	-3.0785609422507875e-07	0.04549240456956308	0.888997250006436	-0.0003767385625868671	-0.005512105082392628	0.009552271377739901	-0.04495734446219565	-0.04736544512905367	0.10560043589799278	-0.044263704282942004	-0.4357050193847972	0.00028433509180504624	0.010635449693882176	-0.012823783086127272	1.673559827454569e-06	-0.0007921565704388887
-0.0006890936962770717	-5.6626580414156315e-05	1.7020882555534922e-06	-7.528810854385343e-06	-9.265243088500202e-05	1.3156504903233554e-05	2.780734201896366e-07	-5.368880525191462e-06	-3.1837689570183324e-05	-1.4805680821806674e-06	-0.09529486436726052	-0.38708670842145804	-0.0006891566881782307	-0.008012735918785601	-0.025673134875442337	-0.06160658442385843	-0.05370594793700697	0.6569894042013644	-0.07280645216842978	-0.6242825761289184	-0.0008162834906217941	-0.022234986657965947	0.08043191576385406	2.3742142133849098e-05	-0.007060176896227537
0.00029260205582181905	6.832724868447011e-05	8.276385978286794e-06	1.6873715834056654e-07	-9.248898587003539e-05	-0.0002298940104782567	-3.3844366346450942e-06	-7.955135677499125e-06	-3.396002892142292e-05	-8.616401804656527e-07	0.8691766621954579	-0.09338768546339053	0.003413490805631189	0.05307821224922644	0.08097096094267857	0.2970480281286978	0.2757285897151289	-0.056720268235790725	-0.04617633729888401	-0.17053459241695848	-0.0003170908524560499	0.0840062849733385	0.14357092238679267	-8.580760304865765e-06	-0.007760760438741394
