tloc	tmcCabe	assertionDensity	assertionRoulette	mysteryGuest	eagerTest	sensitiveEquality	resourceOptimism	conditionalTestLogic	fireAndForget	loc	lcom2	lcom5	cbo	wmc	rfc	mpc	halsteadVocabulary	halsteadLength	halsteadVolume	classDataShouldBePrivate	complexClass	spaghettiCode	functionalDecomposition	godClass
6.92565759433012e-05	5.466715082211357e-06	2.0681845692305797e-07	2.2141550067341462e-05	-8.723239379772103e-07	6.880789082665607e-05	6.686209414183107e-07	-2.0956069339252493e-08	1.1672546339787163e-08	-4.502190882189037e-08	0.14043637084885155	0.21501570803480394	0.0006427559090284174	0.005047484353374363	0.017543754398581465	0.05735425216994437	0.052601471653653115	0.7360443547557023	0.057990310811532116	0.6123919382162828	0.00011446558439514615	0.017537909286088133	0.08484772944018949	-4.603694475617682e-06	0.0009896917977272204
7.387960034312422e-07	-2.3061952625540956e-05	3.5847613270114057e-06	3.391115437655323e-05	-1.7064265264274387e-05	0.000216984823801695	4.2930135236172287e-07	-7.096116921570763e-07	-5.664959364734654e-06	-3.0978241712595284e-07	0.04548474711130103	0.8889805812036746	-0.00037685730431162725	-0.005513744749974245	0.009548010864344009	-0.04496288081553222	-0.04736944264208594	0.10558477577111267	-0.04426342305026114	-0.4357420346769075	0.00028425425940992855	0.010629804124248314	-0.01285160614341759	1.6611125649493769e-06	-0.0007928815967974665
