tloc	tmcCabe	assertionDensity	assertionRoulette	mysteryGuest	eagerTest	sensitiveEquality	resourceOptimism	conditionalTestLogic	fireAndForget	loc	lcom2	lcom5	cbo	wmc	rfc	mpc	halsteadVocabulary	halsteadLength	halsteadVolume	classDataShouldBePrivate	complexClass	spaghettiCode	functionalDecomposition	godClass
6.951920911459779e-05	5.4700666210614856e-06	2.0696231876209062e-07	2.2210849939662734e-05	-8.517384391942234e-07	6.880050418431433e-05	6.698603617093112e-07	-2.17821602432224e-08	1.2980379338622212e-07	-4.662290028449807e-08	0.1404363577808524	0.2149761536099401	0.0006427188634866423	0.005048303458021293	0.017542836457036595	0.05735426424644807	0.05260186965713663	0.7360324893698855	0.05799631530379582	0.6124211948136593	0.00011444979141947192	0.01753506809413769	0.08483611372927133	-4.617552634908903e-06	0.000989462869573412
