tloc	tmcCabe	assertionDensity	assertionRoulette	mysteryGuest	eagerTest	sensitiveEquality	resourceOptimism	conditionalTestLogic	fireAndForget	loc	lcom2	lcom5	cbo	wmc	rfc	mpc	halsteadVocabulary	halsteadLength	halsteadVolume	classDataShouldBePrivate	complexClass	spaghettiCode	functionalDecomposition	godClass
6.974083973101617e-05	5.609841943367096e-06	1.6450527756957537e-07	2.2194610092586745e-05	-1.2984450357534709e-06	6.824396220288005e-05	6.432795226074899e-07	-3.803647747369202e-08	1.1462078313258271e-08	-4.9349310949859935e-08	0.14054662177299135	0.21526593587924883	0.0006431764925809631	0.005058209467772819	0.017552442620752545	0.05741281969062724	0.05265753437349576	0.736159013135017	0.05793805243007326	0.612122823905453	0.00011546294448707416	0.017553021120649277	0.08493361078539516	-4.671304870162473e-06	0.0009881743712126859
7.973029005712192e-07	-2.31302918979811e-05	3.6075321804406575e-06	3.40230670999775e-05	-1.694972830511319e-05	0.00021743742626206187	4.395631771011724e-07	-7.057293145826531e-07	-5.692699409910024e-06	-3.106477217758078e-07	0.04521164698020053	0.8889885631939779	-0.00037771803178286386	-0.00553150017596527	0.00952124976050668	-0.0450954008739931	-0.04749274867384791	0.10524312868428369	-0.044235086422259214	-0.435809991014985	0.0002835383924872474	0.010610310705065842	-0.012967073520264254	1.6817768515358645e-06	-0.0007937902050524447
