tloc	tmcCabe	assertionDensity	assertionRoulette	mysteryGuest	eagerTest	sensitiveEquality	resourceOptimism	conditionalTestLogic	fireAndForget	loc	lcom2	lcom5	cbo	wmc	rfc	mpc	halsteadVocabulary	halsteadLength	halsteadVolume	classDataShouldBePrivate	complexClass	spaghettiCode	functionalDecomposition	godClass
6.867773925188412e-05	5.350892023672727e-06	1.7928045209633597e-07	2.1981766452678938e-05	-9.99946327076486e-07	6.876621407238757e-05	6.580413395403685e-07	-2.8178173675401806e-08	1.0843813016183182e-07	-4.9832191536816544e-08	0.14046590707851953	0.21512685388652222	0.0006430127378080729	0.005049007887108259	0.017545365964594987	0.05737670311529666	0.052623151207237664	0.7361386003257172	0.05796578474934385	0.6122241834277841	0.00011437039669172257	0.01754708474849911	0.08489589941408306	-4.651895785908587e-06	0.0009894053210932406
