tloc	tmcCabe	assertionDensity	assertionRoulette	mysteryGuest	eagerTest	sensitiveEquality	resourceOptimism	conditionalTestLogic	fireAndForget	loc	lcom2	lcom5	cbo	wmc	rfc	mpc	halsteadVocabulary	halsteadLength	halsteadVolume	classDataShouldBePrivate	complexClass	spaghettiCode	functionalDecomposition	godClass
6.915860879734328e-05	5.3151141433870275e-06	1.9478046555194194e-07	2.207875681958365e-05	-9.459639873133406e-07	6.916199034175337e-05	7.332914302977754e-07	-2.4455324153075838e-08	-6.894644623861747e-08	-4.7954315654506254e-08	0.14070225542304177	0.21523855064976932	0.0006426991222981502	0.005047848983664957	0.01755534014580855	0.05737164299065204	0.05261380780790156	0.7360134603109798	0.05797612931822355	0.6122881436998285	0.00011439015298610719	0.01754377001872168	0.08484596504330713	-4.631969855705841e-06	0.0009892151933109136
2.3973522808529328e-06	-2.262407329585226e-05	3.64338212229072e-06	3.446992243914678e-05	-1.6659762864025874e-05	0.0002153863761644109	1.431659180896845e-07	-6.898062982258098e-07	-5.250514317410342e-06	-2.992697107396108e-07	0.04393999242597726	0.8888170559573252	-0.00038125070758727943	-0.005532258317552084	0.00947207258100865	-0.045204064363435555	-0.04757545667037859	0.10593018044075632	-0.044272101535816996	-0.43610323887071734	0.00028518539265296654	0.010568251249449033	-0.012903978327182002	1.7447273609473917e-06	-0.0007923397920611478
-0.000695481742875941	-5.7915115829257044e-05	1.5448556152514384e-06	-9.232523980664729e-06	-9.400489364346876e-05	1.6189218245277824e-05	8.06978951282863e-07	-5.441539741952558e-06	-3.29392425753111e-05	-1.5104288521456723e-06	-0.090642816384512	-0.38820286272177607	-0.000667231727358508	-0.00792821078034662	-0.025440477550769353	-0.06082074006585025	-0.053021113752694936	0.6566830238792919	-0.07292917909821571	-0.6246887147542864	-0.0008213804244602213	-0.022042470238485875	0.08085152066810296	2.3582946913055232e-05	-0.00708772489194997
