tloc	tmcCabe	assertionDensity	assertionRoulette	mysteryGuest	eagerTest	sensitiveEquality	resourceOptimism	conditionalTestLogic	fireAndForget	loc	lcom2	lcom5	cbo	wmc	rfc	mpc	halsteadVocabulary	halsteadLength	halsteadVolume	classDataShouldBePrivate	complexClass	spaghettiCode	functionalDecomposition	godClass
8.440994772056535e-05	1.2448319008195467e-05	-7.682206833820907e-07	1.0337184960102042e-05	3.094377613579235e-06	9.03236275603324e-06	-1.0268725151601748e-07	1.7260132387083204e-07	2.5857199516757376e-06	3.672109785004729e-08	0.1382753205739091	0.02576341693818322	0.0007472949210277062	0.006595296824865374	0.016202876754518668	0.07025973462460972	0.06572969591494648	0.6792481272994112	0.06735163928229834	0.7050433357925593	5.575559807573833e-05	0.01602558201625294	0.08598789432205534	-5.2684860726601986e-06	0.0012861797244806189
0.00039673454266952156	1.7637579660842818e-05	-2.0338890035634105e-06	1.5138942463141137e-05	1.899059185996939e-06	0.00018478813404684472	1.4383031760564123e-06	7.360358920685881e-07	1.4683949787224353e-05	1.6731762190973958e-07	0.13930109503241286	0.9881590129352461	-3.440379082482855e-05	0.0022670977854367864	0.02494328492854254	0.01928082915518001	0.010551100915989368	-0.030724877228670677	-0.003277965247155984	-0.03637080978320446	0.0005991653064831428	0.025314972516386924	-0.010036940031744723	-8.675541973845649e-06	0.0026167288207609974
