tloc	tmcCabe	assertionDensity	assertionRoulette	mysteryGuest	eagerTest	sensitiveEquality	resourceOptimism	conditionalTestLogic	fireAndForget	loc	lcom2	lcom5	cbo	wmc	rfc	mpc	halsteadVocabulary	halsteadLength	halsteadVolume	classDataShouldBePrivate	complexClass	spaghettiCode	functionalDecomposition	godClass
6.930919013671484e-05	5.390892028854108e-06	1.8797757731496438e-07	2.1997955342764352e-05	-7.536434775898062e-07	6.879377994544954e-05	6.758565707276006e-07	-1.7930489165040895e-08	-2.024488224526893e-08	-4.768507615867039e-08	0.14045624391541175	0.2150370736604757	0.0006427745644774501	0.005047658706632194	0.017544069163669403	0.05736948039753773	0.0526170203302014	0.7360866957031456	0.057978405583765075	0.6123250385362062	0.0001143864201719305	0.017539848622286382	0.08486392508975218	-4.563944581280512e-06	0.000989371744108303
