tloc	tmcCabe	assertionDensity	assertionRoulette	mysteryGuest	eagerTest	sensitiveEquality	resourceOptimism	conditionalTestLogic	fireAndForget	loc	lcom2	lcom5	cbo	wmc	rfc	mpc	halsteadVocabulary	halsteadLength	halsteadVolume	classDataShouldBePrivate	complexClass	spaghettiCode	functionalDecomposition	godClass
6.106443628599069e-05	4.27715035719429e-06	6.340466988958858e-07	2.2206974799208706e-05	-2.219786500309682e-06	6.780140133938884e-05	5.832816335505609e-07	-2.418040514806657e-09	-5.617718455867253e-07	-6.962717501639048e-08	0.14065686790581583	0.2161348480109892	0.0006460903845808901	0.005046723188146646	0.01755424711802088	0.05756344687149536	0.05280977476677904	0.7372304691032135	0.05766693625894096	0.6104211761406253	0.00011286235841762717	0.017638374957351568	0.0854668015581502	-4.465903707626179e-06	0.0009753904345935358
2.3991784655862514e-06	-2.281729891023963e-05	3.6801675968713e-06	3.3751529779439545e-05	-1.7180534816278257e-05	0.00021806425721794873	4.487255776194263e-07	-6.485624802709528e-07	-5.441594137588876e-06	-2.728970703481886e-07	0.044705447617759145	0.8892820160306601	-0.0003867970465445482	-0.005546745207674807	0.009447431883484438	-0.04562685578119661	-0.04800188625365368	0.10309439924928268	-0.044073676266730547	-0.4356626521011578	0.0002834841575074384	0.010449920865512188	-0.013780478186135658	1.4314218200921459e-06	-0.0007968831234577514
