tloc	tmcCabe	assertionDensity	assertionRoulette	mysteryGuest	eagerTest	sensitiveEquality	resourceOptimism	conditionalTestLogic	fireAndForget	loc	lcom2	lcom5	cbo	wmc	rfc	mpc	halsteadVocabulary	halsteadLength	halsteadVolume	classDataShouldBePrivate	complexClass	spaghettiCode	functionalDecomposition	godClass
6.322140099795855e-05	4.941083354744775e-06	1.38105826140954e-07	2.2095829197254755e-05	-1.3161470491627265e-06	6.82312729448143e-05	6.55645565311508e-07	-2.354178720635913e-08	-1.000427240193644e-06	-5.6013879891348916e-08	0.1407399931892986	0.213899192345998	0.0006442075006213112	0.005075834263172527	0.017518370274395303	0.057756607904459724	0.05301599215694669	0.7377219090435689	0.05765525237606999	0.6105354740878299	0.00011518820948752921	0.01758267110322976	0.08566424073933654	-4.510569885023377e-06	0.000976219925543785
-5.4284529171983065e-06	-2.309089490390028e-05	3.755001833267144e-06	3.706432956220927e-05	-1.6255414415901358e-05	0.0002241820885355771	4.0571752507025506e-07	-6.265101414924334e-07	-3.336052175746586e-06	-2.920171908335786e-07	0.044830745634780504	0.8879897278103022	-0.00037937513711353314	-0.005612943720835021	0.009243241107220211	-0.04696693367141634	-0.049246599029967635	0.10746406767687106	-0.044211784574336783	-0.4369317873832943	0.00028899334732583484	0.010234858526079084	-0.014077055876775588	1.5799702676548892e-06	-0.0007708488577230805
