tloc	tmcCabe	assertionDensity	assertionRoulette	mysteryGuest	eagerTest	sensitiveEquality	resourceOptimism	conditionalTestLogic	fireAndForget	loc	lcom2	lcom5	cbo	wmc	rfc	mpc	halsteadVocabulary	halsteadLength	halsteadVolume	classDataShouldBePrivate	complexClass	spaghettiCode	functionalDecomposition	godClass
6.645200258670377e-05	5.245378017649823e-06	1.8524317698986736e-07	2.1843741984199295e-05	-1.1989546837530537e-06	6.878521454279324e-05	6.420913656732236e-07	-3.595731955023017e-08	-2.5479656701309817e-07	-5.689583280963348e-08	0.14040685039599932	0.2151713275982844	0.0006433922255735065	0.005047681567158862	0.0175406932046376	0.0574053312431978	0.0526552507650707	0.736280079282295	0.05792685727144887	0.6120382404079548	0.00011302060348242046	0.017555776906131228	0.08498124848039021	-4.463322328061763e-06	0.000987768114063591
