tloc	tmcCabe	assertionDensity	assertionRoulette	mysteryGuest	eagerTest	sensitiveEquality	resourceOptimism	conditionalTestLogic	fireAndForget	loc	lcom2	lcom5	cbo	wmc	rfc	mpc	halsteadVocabulary	halsteadLength	halsteadVolume	classDataShouldBePrivate	complexClass	spaghettiCode	functionalDecomposition	godClass
6.943297850822775e-05	5.446617893060019e-06	2.0418866056986215e-07	2.2148999552511163e-05	-8.265892654285777e-07	6.877669141827968e-05	6.690072700836064e-07	-1.878572694906143e-08	3.7000363491844226e-08	-4.4950630804625685e-08	0.1404268517353706	0.21486931267965842	0.0006427746648110647	0.005047689692198233	0.017540020161430407	0.05735142415352036	0.05259972019417419	0.7360279834893534	0.058002829353350105	0.6124673679903827	0.00011430385134346016	0.01753074760311067	0.08482858720910604	-4.616654482550023e-06	0.000989798667195166
-9.302417525119028e-06	-2.4512543734468842e-05	3.82726667175068e-06	3.560721244310371e-05	-1.6738403110054703e-05	0.00020901294340884295	3.862761773524228e-07	-7.792564504935558e-07	-5.533654447019052e-06	-2.8541446251417134e-07	0.041145696000234835	0.8844421677664622	-0.00038809251191693054	-0.0057430741529049005	0.00873803615576932	-0.04700140847842813	-0.04914822000958789	0.1141607754217165	-0.04489093806571581	-0.4427502825832606	0.00023204128930607668	0.009772886395947618	-0.012765440027285349	1.968867109115181e-06	-0.0008121454931627372
-0.0006814045390404894	-5.383801304486848e-05	9.96577396672889e-07	-1.3474285660801681e-05	-9.779033960086713e-05	3.646822743687302e-05	4.107777383719265e-07	-5.39285174124166e-06	-3.371465250182094e-05	-1.6215402109296881e-06	-0.08163561800032973	-0.3995838022003754	-0.0006594201558177669	-0.007274764736179488	-0.02380753705987433	-0.05544004101712309	-0.048138975197930825	0.6544176590372669	-0.07336043552093909	-0.6216326266417369	-0.0006839563366141288	-0.02005484936223422	0.08443565376027404	2.3683723864384944e-05	-0.007309108569028978
