tloc	tmcCabe	assertionDensity	assertionRoulette	mysteryGuest	eagerTest	sensitiveEquality	resourceOptimism	conditionalTestLogic	fireAndForget	loc	lcom2	lcom5	cbo	wmc	rfc	mpc	halsteadVocabulary	halsteadLength	halsteadVolume	classDataShouldBePrivate	complexClass	spaghettiCode	functionalDecomposition	godClass
6.809794261965122e-05	5.185882587737844e-06	1.9453017609879216e-07	2.23200480628564e-05	-1.0889215600445323e-06	6.891918999071912e-05	6.677022032696867e-07	-3.563594964790515e-08	-2.7213431494859566e-07	-4.412088718216715e-08	0.14041217047550297	0.21510083727386153	0.0006429615655417542	0.005041323633865698	0.017542800985951266	0.05738119421619439	0.05262865030621844	0.7362232622085281	0.05794885751589527	0.612140158768639	0.0001141665734528714	0.01755322074884082	0.08492761955469857	-4.551570641104228e-06	0.0009605839084005908
