tloc	tmcCabe	assertionDensity	assertionRoulette	mysteryGuest	eagerTest	sensitiveEquality	resourceOptimism	conditionalTestLogic	fireAndForget	loc	lcom2	lcom5	cbo	wmc	rfc	mpc	halsteadVocabulary	halsteadLength	halsteadVolume	classDataShouldBePrivate	complexClass	spaghettiCode	functionalDecomposition	godClass
5.3720339500184876e-05	3.924224725905276e-06	1.854772266061195e-07	2.2340520707693238e-05	-1.7413817384997499e-06	6.859635168133071e-05	6.375385566840506e-07	-4.850835181979316e-08	-1.5137728584493383e-06	-9.424180142542083e-08	0.14180595981165092	0.21228909976599195	0.0006600475483116968	0.005127519341865096	0.01766029846006343	0.0583306089703114	0.05356786108815139	0.7420754751396818	0.05708973436667498	0.6054305823254904	0.00011642416152916458	0.017693718057656623	0.0861293020212558	-4.6112042459106596e-06	0.0010170237533497855
