tloc	tmcCabe	assertionDensity	assertionRoulette	mysteryGuest	eagerTest	sensitiveEquality	resourceOptimism	conditionalTestLogic	fireAndForget	loc	lcom2	lcom5	cbo	wmc	rfc	mpc	halsteadVocabulary	halsteadLength	halsteadVolume	classDataShouldBePrivate	complexClass	spaghettiCode	functionalDecomposition	godClass
7.224457732690047e-05	5.952671824108037e-06	2.0457973272669665e-07	2.2884765283158123e-05	-5.585087621702184e-07	6.926986885545825e-05	6.979542721135521e-07	-5.540963868972554e-09	4.003287231475576e-07	-3.9854341217723705e-08	0.14015634357531098	0.21602248876382923	0.0006458630877342672	0.0050714888094208314	0.01750855160414288	0.05687284516106389	0.052215690845487	0.7356114042954451	0.05801224468379296	0.6127261258095995	0.00011533936383956559	0.01748665176941605	0.08465894564159626	-4.5792099036516895e-06	0.0009951974707182263
