tloc	tmcCabe	assertionDensity	assertionRoulette	mysteryGuest	eagerTest	sensitiveEquality	resourceOptimism	conditionalTestLogic	fireAndForget	loc	lcom2	lcom5	cbo	wmc	rfc	mpc	halsteadVocabulary	halsteadLength	halsteadVolume	classDataShouldBePrivate	complexClass	spaghettiCode	functionalDecomposition	godClass
6.687388246742209e-05	5.155753835496854e-06	1.901785642485758e-07	2.180956678690635e-05	-1.1540425720361354e-06	6.842771369379673e-05	6.902444855961825e-07	-4.716666303293913e-08	-3.728443024629466e-07	-5.313830559822144e-08	0.14051247183757806	0.21342963371986037	0.0006441851979348131	0.005056469538974934	0.01751575228675988	0.05743970953032793	0.05270474036517652	0.7367426368206106	0.057916552021209794	0.6120536906123324	0.00011445127889854975	0.01751206911390771	0.08504531213445812	-4.3867051324201566e-06	0.0009908714104941516
3.3673541047854055e-06	-2.279882015026281e-05	3.5702458786314054e-06	3.4310863030293865e-05	-1.7231590266433497e-05	0.0002187947219995292	4.388940537008399e-07	-7.560228532113729e-07	-6.170317403445506e-06	-3.020436648288665e-07	0.04620279668670961	0.8876871237904929	-0.0003737369943963834	-0.005501500452818187	0.009556567783239468	-0.04494314932430793	-0.047321596449138977	0.10886282795399083	-0.04449624967554416	-0.43748837407070756	0.000286465309010817	0.01061428234093944	-0.012465488579323466	1.589531002356215e-06	-0.0007906442627674418
