tloc	tmcCabe	assertionDensity	assertionRoulette	mysteryGuest	eagerTest	sensitiveEquality	resourceOptimism	conditionalTestLogic	fireAndForget	loc	lcom2	lcom5	cbo	wmc	rfc	mpc	halsteadVocabulary	halsteadLength	halsteadVolume	classDataShouldBePrivate	complexClass	spaghettiCode	functionalDecomposition	godClass
6.81276318509111e-05	5.2255030855133175e-06	2.4882642202400415e-07	2.1945077701105367e-05	-1.1744825416270039e-06	6.897937710719725e-05	6.507916654947108e-07	-4.138970214706225e-08	-1.3524387713343333e-07	-4.682808114608729e-08	0.14041454389546956	0.21507664626581569	0.0006431975907700818	0.005045549482388751	0.01754134702452816	0.05737783493102033	0.05262667900038523	0.7361830599830647	0.057957189000303826	0.6121991637584788	0.00011418324627006025	0.017544020881736205	0.08490756789496415	-4.577458038219721e-06	0.0009890846797576218
2.127178142205694e-06	-2.308676205853095e-05	3.6013318210085655e-06	3.4136924210694235e-05	-1.6937321163100618e-05	0.000216838477407536	4.379457945635028e-07	-6.882176479353682e-07	-5.622727498508313e-06	-3.015230451670392e-07	0.045427200296365385	0.8889897891985385	-0.0003777323379268516	-0.005515148888559585	0.009539354108144592	-0.04501238545479245	-0.04741653479634748	0.10541569943241542	-0.04425433596412032	-0.4357598605725656	0.00028443277135731097	0.010624280531679554	-0.012896184497721692	1.6407433159792234e-06	-0.0007961388027326964
