tloc	tmcCabe	assertionDensity	assertionRoulette	mysteryGuest	eagerTest	sensitiveEquality	resourceOptimism	conditionalTestLogic	fireAndForget	loc	lcom2	lcom5	cbo	wmc	rfc	mpc	halsteadVocabulary	halsteadLength	halsteadVolume	classDataShouldBePrivate	complexClass	spaghettiCode	functionalDecomposition	godClass
6.524452008721418e-05	5.06884930414973e-06	1.1681464198972373e-07	2.1863554379164052e-05	-4.74204837315098e-07	6.772213618721647e-05	6.307888951955833e-07	-9.789232309728678e-08	-3.7936712732993913e-07	-7.26822151201425e-08	0.14094318779327059	0.21624738828057272	0.0006456504719649544	0.005068669576316705	0.01760175524346268	0.057700486169495115	0.05293847241465202	0.7375020322810119	0.05758084703575162	0.6099467637120662	0.00011716066869692807	0.017671481486379162	0.08562469130049509	-4.418767288822702e-06	0.0007606631563881785
1.9173971694384475e-05	-2.267148133225708e-05	3.698948078203047e-06	3.710677060686057e-05	-7.892542664547752e-06	0.00022022487290678623	4.0799353034516554e-07	-4.964817586264096e-07	-3.720705775422122e-06	-2.645583523481333e-07	0.0412362017618447	0.8849961212934139	-0.00040443736810009023	-0.005918291082163836	0.00880599327469283	-0.04898757362457505	-0.0511078449364335	0.11049949144657387	-0.044525914436893396	-0.44211388235642823	0.0002220696014704191	0.009808098809925066	-0.01424015873559154	1.493451644092355e-06	-0.0006714111987881585
