tloc	tmcCabe	assertionDensity	assertionRoulette	mysteryGuest	eagerTest	sensitiveEquality	resourceOptimism	conditionalTestLogic	fireAndForget	loc	lcom2	lcom5	cbo	wmc	rfc	mpc	halsteadVocabulary	halsteadLength	halsteadVolume	classDataShouldBePrivate	complexClass	spaghettiCode	functionalDecomposition	godClass
6.895158356547867e-05	5.382261519966421e-06	2.087707092884884e-07	2.182392462624817e-05	-6.554039654989103e-07	6.793977028801163e-05	6.518429872034268e-07	-1.1400374918176908e-08	2.0481726649233224e-08	-3.752205860307325e-08	0.14054349004014846	0.21513284925143097	0.0006429572927367987	0.005057683235102708	0.017505270121735906	0.05743052183098001	0.052689018728034	0.7362632619015826	0.057930040015331204	0.6120385857977774	0.0001150321605717792	0.017491061337004978	0.08497588431599565	-4.599738500128265e-06	0.0009934147527316973
2.1140751867332326e-06	-2.2919458809009924e-05	3.577145063823526e-06	3.4151150324231496e-05	-1.7188623079060584e-05	0.00021756451386547356	4.5210346169297935e-07	-7.167293514886331e-07	-5.571436446503948e-06	-3.1367956041885523e-07	0.04536246760715155	0.88896298998449	-0.00037676272216628553	-0.00552505817012133	0.009557301393127136	-0.04506503832743034	-0.04747260401650315	0.10533106891544383	-0.044255756685559644	-0.43582771373086404	0.00028400736817607325	0.010640649952217349	-0.012943895670248041	1.651376133452655e-06	-0.0007955479424324139
