tloc	tmcCabe	assertionDensity	assertionRoulette	mysteryGuest	eagerTest	sensitiveEquality	resourceOptimism	conditionalTestLogic	fireAndForget	loc	lcom2	lcom5	cbo	wmc	rfc	mpc	halsteadVocabulary	halsteadLength	halsteadVolume	classDataShouldBePrivate	complexClass	spaghettiCode	functionalDecomposition	godClass
6.824646796346919e-05	5.509299444309281e-06	2.1484373946408093e-07	2.2228917530926804e-05	-9.022601230131843e-07	6.870387429628027e-05	6.665690536348274e-07	-9.178830515045022e-09	4.6343012381476406e-08	-7.811778735776594e-08	0.14052264581062476	0.21548638375790807	0.0006443960115056343	0.005049074734940762	0.017548158610433434	0.057437007658727376	0.052683437779309415	0.736500528098646	0.05787167097736061	0.6116303688791741	0.00011451084344442379	0.017549579079367373	0.08501975926230608	-4.592775250108754e-06	0.0006059182264692008
2.0470881659011296e-06	-2.2947982326824914e-05	3.6133614975771653e-06	3.44895066127434e-05	-1.6935875660455604e-05	0.00021824605543048077	4.2519045521959903e-07	-7.053731579127044e-07	-5.301543832771827e-06	-2.3454021281423653e-07	0.04532441971866224	0.888661694429784	-0.0003802607913826346	-0.0055328551112965065	0.00952769538720567	-0.04525774630319554	-0.04764078457871191	0.105259208543842	-0.04428602651485848	-0.436419731906264	0.00028448809910696103	0.010596867260906037	-0.01307923603074078	1.644457365781788e-06	-0.0004708066905483879
