tloc	tmcCabe	assertionDensity	assertionRoulette	mysteryGuest	eagerTest	sensitiveEquality	resourceOptimism	conditionalTestLogic	fireAndForget	loc	lcom2	lcom5	cbo	wmc	rfc	mpc	halsteadVocabulary	halsteadLength	halsteadVolume	classDataShouldBePrivate	complexClass	spaghettiCode	functionalDecomposition	godClass
6.925872618100111e-05	5.40172738674696e-06	1.994175841653141e-07	2.2127374718225165e-05	-8.712680506952777e-07	6.880504189389805e-05	6.674425791307299e-07	-2.0840552553508182e-08	2.898106886063038e-09	-4.615323800778793e-08	0.1404369125002886	0.2149822183804038	0.0006427382602881531	0.005047092737524598	0.017542585785522546	0.05735404276106411	0.052601679075280426	0.7360341263934859	0.05799527868902633	0.6124171298153985	0.00011445019404917975	0.017535420772238797	0.08483599519357919	-4.619325454300921e-06	0.000989576062713175
