tloc	tmcCabe	assertionDensity	assertionRoulette	mysteryGuest	eagerTest	sensitiveEquality	resourceOptimism	conditionalTestLogic	fireAndForget	loc	lcom2	lcom5	cbo	wmc	rfc	mpc	halsteadVocabulary	halsteadLength	halsteadVolume	classDataShouldBePrivate	complexClass	spaghettiCode	functionalDecomposition	godClass
0.00012718757948327477	8.512765030155298e-07	1.3526951788645761e-06	4.0563687646046324e-05	3.38472857769988e-06	0.00017672582486209047	2.2558729209330715e-06	3.5161599963912994e-07	8.557908573102838e-06	1.1527515282965916e-07	0.12858415454649302	0.5577254730099276	0.00024967702446118353	0.0008680917480025766	0.017337714972895896	0.017355474587503236	0.012668430214886768	0.7246167340200673	0.036906221221315705	0.37571915379831533	0.0002755208405694638	0.01687124202078076	0.061326994838997714	-6.1309412323054525e-06	0.0017807116239699709
