tloc	tmcCabe	assertionDensity	assertionRoulette	mysteryGuest	eagerTest	sensitiveEquality	resourceOptimism	conditionalTestLogic	fireAndForget	loc	lcom2	lcom5	cbo	wmc	rfc	mpc	halsteadVocabulary	halsteadLength	halsteadVolume	classDataShouldBePrivate	complexClass	spaghettiCode	functionalDecomposition	godClass
6.675984486502895e-05	5.360821179850075e-06	1.466254977301824e-07	2.15906512406927e-05	-9.017156435505714e-07	6.855513369800128e-05	6.49645737411074e-07	4.42557557697872e-08	-2.77323231049618e-07	-4.5798314874715306e-08	0.1403601301861507	0.21497402251479725	0.0006431458575843776	0.005044092694954904	0.0175346130339008	0.05735447904799587	0.0526053323663046	0.7360994502955936	0.05798652069121702	0.612353382029341	0.00011410624029133541	0.017538888738808874	0.08488176185626944	-4.607830166413481e-06	0.0009881686199500355
