tloc	tmcCabe	assertionDensity	assertionRoulette	mysteryGuest	eagerTest	sensitiveEquality	resourceOptimism	conditionalTestLogic	fireAndForget	loc	lcom2	lcom5	cbo	wmc	rfc	mpc	halsteadVocabulary	halsteadLength	halsteadVolume	classDataShouldBePrivate	complexClass	spaghettiCode	functionalDecomposition	godClass
6.925657594330659e-05	5.466715082211309e-06	2.0681845692307182e-07	2.214155006734161e-05	-8.72323937977209e-07	6.8807890826657e-05	6.686209414183198e-07	-2.0956069339251215e-08	1.167254633981744e-08	-4.5021908821890596e-08	0.14043637084885183	0.21501570803480755	0.0006427559090284161	0.005047484353374338	0.017543754398581492	0.05735425216994418	0.0526014716536529	0.7360443547557018	0.05799031081153199	0.6123919382162816	0.0001144655843951477	0.01753790928608818	0.0848477294401893	-4.603694475617698e-06	0.0009896917977272246
7.387960034856216e-07	-2.306195262533725e-05	3.584761327011421e-06	3.3911154376553175e-05	-1.706426526427501e-05	0.0002169848238016946	4.2930135236172965e-07	-7.096116921571114e-07	-5.6649593647348565e-06	-3.097824171259624e-07	0.04548474711129965	0.8889805812036707	-0.0003768573043116351	-0.00551374474997433	0.009548010864343776	-0.044962880815532964	-0.04736944264208657	0.10558477577111498	-0.04426342305026186	-0.4357420346769147	0.0002842542594099227	0.010629804124248096	-0.012851606143417167	1.6611125649495467e-06	-0.000792881596797499
