tloc	tmcCabe	assertionDensity	assertionRoulette	mysteryGuest	eagerTest	sensitiveEquality	resourceOptimism	conditionalTestLogic	fireAndForget	loc	lcom2	lcom5	cbo	wmc	rfc	mpc	halsteadVocabulary	halsteadLength	halsteadVolume	classDataShouldBePrivate	complexClass	spaghettiCode	functionalDecomposition	godClass
6.97408397310287e-05	5.609841943367014e-06	1.6450527756958953e-07	2.2194610092586773e-05	-1.2984450357536413e-06	6.824396220288032e-05	6.432795226074821e-07	-3.803647747370331e-08	1.1462078313146124e-08	-4.9349310949862575e-08	0.14054662177299193	0.2152659358792503	0.0006431764925809663	0.005058209467772832	0.017552442620752628	0.057412819690627365	0.052657534373495865	0.7361590131350172	0.05793805243007316	0.6121228239054527	0.00011546294448707395	0.017553021120649354	0.08493361078539531	-4.671304870162455e-06	0.0009881743712126696
7.973029005306066e-07	-2.3130291898059547e-05	3.6075321804406757e-06	3.402306709997746e-05	-1.6949728305113514e-05	0.00021743742626206193	4.395631771011764e-07	-7.05729314582673e-07	-5.692699409910088e-06	-3.106477217758122e-07	0.04521164698020035	0.8889885631939765	-0.00037771803178286673	-0.005531500175965283	0.009521249760506605	-0.045095400873993406	-0.0474927486738482	0.10524312868428494	-0.04423508642225967	-0.4358099910149884	0.0002835383924872443	0.01061031070506575	-0.012967073520264081	1.6817768515359378e-06	-0.0007937902050524805
