tloc	tmcCabe	assertionDensity	assertionRoulette	mysteryGuest	eagerTest	sensitiveEquality	resourceOptimism	conditionalTestLogic	fireAndForget	loc	lcom2	lcom5	cbo	wmc	rfc	mpc	halsteadVocabulary	halsteadLength	halsteadVolume	classDataShouldBePrivate	complexClass	spaghettiCode	functionalDecomposition	godClass
6.951920911480067e-05	5.470066621061371e-06	2.069623187621184e-07	2.221084993966292e-05	-8.517384391943611e-07	6.880050418431583e-05	6.698603617093109e-07	-2.1782160243229366e-08	1.2980379338620195e-07	-4.6622900284499594e-08	0.14043635778085295	0.21497615360994551	0.0006427188634866412	0.005048303458021273	0.017542836457036675	0.05735426424644784	0.05260186965713639	0.7360324893698861	0.057996315303795475	0.6124211948136563	0.00011444979141947352	0.017535068094137757	0.08483611372927125	-4.617552634908899e-06	0.000989462869573407
