tloc	tmcCabe	assertionDensity	assertionRoulette	mysteryGuest	eagerTest	sensitiveEquality	resourceOptimism	conditionalTestLogic	fireAndForget	loc	lcom2	lcom5	cbo	wmc	rfc	mpc	halsteadVocabulary	halsteadLength	halsteadVolume	classDataShouldBePrivate	complexClass	spaghettiCode	functionalDecomposition	godClass
6.106443628613618e-05	4.277150357194353e-06	6.340466988958743e-07	2.2206974799208632e-05	-2.2197865003096524e-06	6.780140133938825e-05	5.832816335505555e-07	-2.4180405148064773e-09	-5.617718455867145e-07	-6.962717501638952e-08	0.14065686790581575	0.2161348480109871	0.0006460903845808913	0.005046723188146671	0.017554247118020894	0.057563446871495574	0.05280977476677919	0.7372304691032139	0.057666936258941176	0.6104211761406263	0.0001128623584176265	0.01763837495735156	0.08546680155815033	-4.4659037076261775e-06	0.0009753904345935444
2.3991784656018783e-06	-2.2817298910065253e-05	3.6801675968713006e-06	3.37515297794397e-05	-1.7180534816277393e-05	0.00021806425721794873	4.4872557761942844e-07	-6.485624802709021e-07	-5.441594137588583e-06	-2.728970703481783e-07	0.04470544761776069	0.889282016030665	-0.00038679704654454017	-0.005546745207674724	0.009447431883484673	-0.0456268557811959	-0.04800188625365307	0.10309439924927785	-0.04407367626672967	-0.43566265210115046	0.00028348415750744656	0.010449920865512453	-0.013780478186136171	1.4314218200919068e-06	-0.0007968831234577011
