tloc	tmcCabe	assertionDensity	assertionRoulette	mysteryGuest	eagerTest	sensitiveEquality	resourceOptimism	conditionalTestLogic	fireAndForget	loc	lcom2	lcom5	cbo	wmc	rfc	mpc	halsteadVocabulary	halsteadLength	halsteadVolume	classDataShouldBePrivate	complexClass	spaghettiCode	functionalDecomposition	godClass
6.861631547954301e-05	5.351902083704215e-06	1.9567587247982404e-07	2.1962774333523395e-05	-1.0607097710084325e-06	6.890266527633406e-05	6.562780995951801e-07	-2.9311850256475306e-08	-2.1064819325802064e-07	-3.752597868452254e-08	0.1404730330830228	0.2151943466144486	0.0006431892301933678	0.0050462701950861315	0.017550019437661903	0.05738505495959065	0.05263011524901779	0.7361172550577431	0.05796003808298459	0.6122204045861955	0.00011474314608292125	0.017550148007330776	0.08491791380422346	-4.52597763553787e-06	0.0009894167047692643
1.543088953297371e-06	-2.301921698467585e-05	3.5819512793690105e-06	3.371874090953433e-05	-1.701045796397325e-05	0.000215714506582193	4.3441361563772345e-07	-7.303135151776261e-07	-5.307123442623007e-06	-3.084938110036061e-07	0.045409142646930925	0.8888008879895496	-0.00037747425134428917	-0.005518876906264993	0.009518810976703216	-0.04508027309451577	-0.04746804354511079	0.10563306854909145	-0.044283721111255815	-0.43607875919950195	0.0002838574068399263	0.010597205005094297	-0.012930553262763936	1.6487779681489536e-06	-0.0007939881850546287
