tloc	tmcCabe	assertionDensity	assertionRoulette	mysteryGuest	eagerTest	sensitiveEquality	resourceOptimism	conditionalTestLogic	fireAndForget	loc	lcom2	lcom5	cbo	wmc	rfc	mpc	halsteadVocabulary	halsteadLength	halsteadVolume	classDataShouldBePrivate	complexClass	spaghettiCode	functionalDecomposition	godClass
6.80337924134184e-05	5.6944406356502394e-06	2.2239307450371252e-07	2.2237818516056512e-05	-1.0803791824174838e-06	6.827086280286223e-05	6.050024191793196e-07	-2.982965321188827e-08	-7.982948058946459e-07	-5.051300937192783e-08	0.14063020206263369	0.21648320564304613	0.0006439099164041599	0.00508075193990195	0.01759104165678185	0.05774405665483061	0.05297563795486478	0.7348677733655914	0.05802488473842857	0.6131534308454478	0.00011538522530105682	0.01759183402975831	0.08495025998693984	-4.16450873866582e-06	0.0009982263882935027
