tloc	tmcCabe	assertionDensity	assertionRoulette	mysteryGuest	eagerTest	sensitiveEquality	resourceOptimism	conditionalTestLogic	fireAndForget	loc	lcom2	lcom5	cbo	wmc	rfc	mpc	halsteadVocabulary	halsteadLength	halsteadVolume	classDataShouldBePrivate	complexClass	spaghettiCode	functionalDecomposition	godClass
6.322140099796679e-05	4.941083354744593e-06	1.3810582614098219e-07	2.2095829197255002e-05	-1.3161470491629296e-06	6.823127294481568e-05	6.556455653115055e-07	-2.3541787206369517e-08	-1.0004272401937254e-06	-5.6013879891352264e-08	0.14073999318929897	0.21389919234600363	0.0006442075006213102	0.005075834263172501	0.01751837027439538	0.057756607904459564	0.053015992156946454	0.7377219090435698	0.05765525237606969	0.6105354740878274	0.00011518820948753063	0.017582671103229836	0.08566424073933657	-4.510569885023353e-06	0.0009762199255437779
-5.4284529172289e-06	-2.3090894904066298e-05	3.755001833267146e-06	3.70643295622093e-05	-1.6255414415900972e-05	0.00022418208853557662	4.057175250702592e-07	-6.265101414924107e-07	-3.336052175746437e-06	-2.920171908335723e-07	0.04483074563478031	0.8879897278103028	-0.00037937513711353314	-0.005612943720835021	0.009243241107220234	-0.046966933671416494	-0.04924659902996771	0.10746406767686288	-0.04421178457433685	-0.4369317873832947	0.0002889933473258368	0.010234858526079063	-0.01407705587677645	1.5799702676548045e-06	-0.0007708488577230599
