tloc	tmcCabe	assertionDensity	assertionRoulette	mysteryGuest	eagerTest	sensitiveEquality	resourceOptimism	conditionalTestLogic	fireAndForget	loc	lcom2	lcom5	cbo	wmc	rfc	mpc	halsteadVocabulary	halsteadLength	halsteadVolume	classDataShouldBePrivate	complexClass	spaghettiCode	functionalDecomposition	godClass
6.645200258666614e-05	5.245378017649735e-06	1.8524317698987858e-07	2.184374198419931e-05	-1.1989546837532187e-06	6.878521454279351e-05	6.420913656732135e-07	-3.595731955024042e-08	-2.5479656701320696e-07	-5.689583280963673e-08	0.14040685039599982	0.2151713275982865	0.0006433922255735078	0.005047681567158881	0.01754069320463765	0.05740533124319784	0.05265525076507078	0.7362800792822959	0.05792685727144872	0.6120382404079534	0.00011302060348242091	0.0175557769061313	0.0849812484803904	-4.4633223280617375e-06	0.0009877681140635771
