tloc	tmcCabe	assertionDensity	assertionRoulette	mysteryGuest	eagerTest	sensitiveEquality	resourceOptimism	conditionalTestLogic	fireAndForget	loc	lcom2	lcom5	cbo	wmc	rfc	mpc	halsteadVocabulary	halsteadLength	halsteadVolume	classDataShouldBePrivate	complexClass	spaghettiCode	functionalDecomposition	godClass
6.305241705914218e-05	4.499233901722397e-06	3.3795183242674225e-07	2.2861823854467435e-05	-2.450405997989813e-06	7.157238940437669e-05	4.841055129791406e-07	-2.747911902254303e-07	-1.4453863750139453e-06	-4.892214229590398e-08	0.13966751085231116	0.22154185335869794	0.0006799637891248915	0.005229486193046998	0.018132821200292405	0.060277205872714595	0.05537304420259681	0.733829037263948	0.0575510859108651	0.6122478781278502	7.423487351410062e-05	0.018211707181027836	0.08578586773656255	-4.419431605464345e-06	0.0007243716525669085
-8.223424482940338e-06	-2.3946223836296744e-05	3.920349373954707e-06	3.4873559123493926e-05	-1.7621270323598277e-05	0.00023179263286274987	1.0689318298397438e-06	-5.193699764699993e-07	-4.368364175968656e-06	-3.1623347807276737e-07	0.03067320444582518	0.8754363872687014	-0.00047299458266278355	-0.006679542792708222	0.00783140790829989	-0.056199447928008815	-0.05791469811315305	0.12462370546021756	-0.04550584100296877	-0.45616839605797727	0.0004091322408786846	0.008692707821376667	-0.01684952154744239	1.6874451466913716e-06	-0.0006908292513292423
