tloc	tmcCabe	assertionDensity	assertionRoulette	mysteryGuest	eagerTest	sensitiveEquality	resourceOptimism	conditionalTestLogic	fireAndForget	loc	lcom2	lcom5	cbo	wmc	rfc	mpc	halsteadVocabulary	halsteadLength	halsteadVolume	classDataShouldBePrivate	complexClass	spaghettiCode	functionalDecomposition	godClass
6.943297850827154e-05	5.446617893059846e-06	2.041886605698954e-07	2.214899955251153e-05	-8.265892654286202e-07	6.87766914182819e-05	6.690072700836264e-07	-1.87857269490596e-08	3.7000363491897616e-08	-4.4950630804627246e-08	0.1404268517353705	0.2148693126796664	0.0006427746648110588	0.005047689692198152	0.017540020161430435	0.057351424153519646	0.0525997201941734	0.7360279834893547	0.05800282935334966	0.6124673679903789	0.00011430385134346292	0.0175307476031107	0.08482858720910583	-4.616654482550017e-06	0.000989798667195173
-9.30241752505775e-06	-2.4512543734456682e-05	3.827266671750704e-06	3.560721244310353e-05	-1.6738403110055344e-05	0.00020901294340884278	3.8627617735242716e-07	-7.792564504935897e-07	-5.533654447019226e-06	-2.8541446251418203e-07	0.04114569600023291	0.8844421677664572	-0.0003880925119169415	-0.005743074152905005	0.00873803615576892	-0.04700140847842921	-0.04914822000958881	0.11416077542171504	-0.04489093806571691	-0.4427502825832711	0.0002320412893060726	0.009772886395947313	-0.01276544002728567	1.9688671091153954e-06	-0.0008121454931628082
-0.0006814045390403193	-5.38380130445878e-05	9.9657739681018e-07	-1.347428566076892e-05	-9.779033960086727e-05	3.6468227436869194e-05	4.1077773837180853e-07	-5.3928517412416795e-06	-3.371465250182137e-05	-1.6215402109297042e-06	-0.08163561800032972	-0.3995838022003827	-0.0006594201558177581	-0.0072747647361793245	-0.023807537059874335	-0.05544004101712207	-0.04813897519792986	0.6544176590372659	-0.07336043552093886	-0.621632626641734	-0.0006839563366141301	-0.020054849362234135	0.08443565376027465	2.368372386438512e-05	-0.007309108569029087
