tloc	tmcCabe	assertionDensity	assertionRoulette	mysteryGuest	eagerTest	sensitiveEquality	resourceOptimism	conditionalTestLogic	fireAndForget	loc	lcom2	lcom5	cbo	wmc	rfc	mpc	halsteadVocabulary	halsteadLength	halsteadVolume	classDataShouldBePrivate	complexClass	spaghettiCode	functionalDecomposition	godClass
6.809794261976583e-05	5.185882587737739e-06	1.9453017609880617e-07	2.232004806285657e-05	-1.0889215600445725e-06	6.891918999072004e-05	6.677022032696939e-07	-3.563594964790601e-08	-2.7213431494857967e-07	-4.412088718216764e-08	0.1404121704755031	0.21510083727386548	0.0006429615655417525	0.00504132363386567	0.01754280098595128	0.057381194216194094	0.05262865030621822	0.7362232622085281	0.05794885751589515	0.612140158768638	0.00011416657345287272	0.017553220748840862	0.08492761955469856	-4.551570641104231e-06	0.0009605839084005938
