tloc	tmcCabe	assertionDensity	assertionRoulette	mysteryGuest	eagerTest	sensitiveEquality	resourceOptimism	conditionalTestLogic	fireAndForget	loc	lcom2	lcom5	cbo	wmc	rfc	mpc	halsteadVocabulary	halsteadLength	halsteadVolume	classDataShouldBePrivate	complexClass	spaghettiCode	functionalDecomposition	godClass
6.687388246739039e-05	5.155753835496727e-06	1.9017856424858408e-07	2.1809566786906346e-05	-1.154042572036283e-06	6.842771369379715e-05	6.902444855961776e-07	-4.7166663032947064e-08	-3.728443024630128e-07	-5.313830559822397e-08	0.14051247183757806	0.21342963371986218	0.000644185197934812	0.005056469538974915	0.017515752286759893	0.05743970953032772	0.052704740365176396	0.7367426368206111	0.05791655202120961	0.6120536906123311	0.00011445127889855013	0.01751206911390773	0.08504531213445826	-4.3867051324201235e-06	0.0009908714104941512
3.3673541047849205e-06	-2.2798820150344405e-05	3.5702458786314083e-06	3.431086303029378e-05	-1.723159026643363e-05	0.00021879472199952927	4.3889405370084085e-07	-7.560228532113785e-07	-6.170317403445548e-06	-3.020436648288675e-07	0.04620279668670946	0.8876871237904922	-0.000373736994396385	-0.005501500452818198	0.009556567783239416	-0.04494314932430804	-0.0473215964491391	0.10886282795398938	-0.044496249675544226	-0.4374883740707092	0.0002864653090108154	0.010614282340939354	-0.012465488579323423	1.5895310023562415e-06	-0.000790644262767451
