tloc	tmcCabe	assertionDensity	assertionRoulette	mysteryGuest	eagerTest	sensitiveEquality	resourceOptimism	conditionalTestLogic	fireAndForget	loc	lcom2	lcom5	cbo	wmc	rfc	mpc	halsteadVocabulary	halsteadLength	halsteadVolume	classDataShouldBePrivate	complexClass	spaghettiCode	functionalDecomposition	godClass
6.812763185075262e-05	5.22550308551344e-06	2.488264220239886e-07	2.194507770110522e-05	-1.1744825416268432e-06	6.897937710719625e-05	6.507916654947113e-07	-4.13897021470546e-08	-1.352438771333663e-07	-4.682808114608438e-08	0.14041454389546912	0.21507664626581238	0.0006431975907700829	0.005045549482388761	0.017541347024528118	0.05737783493102038	0.05262667900038536	0.7361830599830641	0.057957189000304	0.6121991637584802	0.00011418324627005964	0.017544020881736146	0.08490756789496406	-4.5774580382197435e-06	0.0009890846797576346
2.1271781422008707e-06	-2.3086762058553816e-05	3.6013318210085443e-06	3.413692421069425e-05	-1.693732116309999e-05	0.00021683847740753577	4.379457945635005e-07	-6.882176479353349e-07	-5.622727498508127e-06	-3.015230451670287e-07	0.04542720029636566	0.8889897891985409	-0.00037773233792684686	-0.0055151488885595325	0.009539354108144726	-0.04501238545479193	-0.04741653479634703	0.10541569943241444	-0.044254335964119665	-0.4357598605725596	0.00028443277135731536	0.010624280531679672	-0.012896184497721917	1.6407433159790607e-06	-0.0007961388027326429
