tloc	tmcCabe	assertionDensity	assertionRoulette	mysteryGuest	eagerTest	sensitiveEquality	resourceOptimism	conditionalTestLogic	fireAndForget	loc	lcom2	lcom5	cbo	wmc	rfc	mpc	halsteadVocabulary	halsteadLength	halsteadVolume	classDataShouldBePrivate	complexClass	spaghettiCode	functionalDecomposition	godClass
6.524452008727049e-05	5.068849304149707e-06	1.1681464198972443e-07	2.1863554379164036e-05	-4.742048373151127e-07	6.772213618721633e-05	6.307888951955763e-07	-9.789232309728827e-08	-3.793671273299825e-07	-7.268221512014305e-08	0.1409431877932707	0.21624738828057288	0.0006456504719649557	0.005068669576316702	0.01760175524346271	0.057700486169495226	0.05293847241465204	0.7375020322810116	0.057580847035751635	0.6099467637120665	0.0001171606686969278	0.01767148148637918	0.08562469130049516	-4.418767288822694e-06	0.0007606631563881704
1.9173971694341242e-05	-2.267148133213202e-05	3.698948078203059e-06	3.710677060686048e-05	-7.892542664548214e-06	0.0002202248729067858	4.0799353034515823e-07	-4.964817586264417e-07	-3.720705775422274e-06	-2.6455835234814503e-07	0.04123620176184418	0.8849961212934108	-0.00040443736810009625	-0.005918291082163893	0.008805993274692647	-0.04898757362457547	-0.051107844936433916	0.11049949144657957	-0.044525914436894	-0.4421138823564338	0.00022206960147041506	0.009808098809924866	-0.014240158735591094	1.493451644092519e-06	-0.0006714111987882026
