tloc	tmcCabe	assertionDensity	assertionRoulette	mysteryGuest	eagerTest	sensitiveEquality	resourceOptimism	conditionalTestLogic	fireAndForget	loc	lcom2	lcom5	cbo	wmc	rfc	mpc	halsteadVocabulary	halsteadLength	halsteadVolume	classDataShouldBePrivate	complexClass	spaghettiCode	functionalDecomposition	godClass
6.895158356532672e-05	5.382261519966446e-06	2.087707092884883e-07	2.1823924626248157e-05	-6.554039654989493e-07	6.793977028801142e-05	6.518429872034178e-07	-1.1400374918180626e-08	2.0481726649194932e-08	-3.7522058603073637e-08	0.14054349004014885	0.21513284925143095	0.0006429572927367999	0.0050576832351027345	0.017505270121735948	0.057430521830980234	0.05268901872803411	0.7362632619015825	0.057930040015331176	0.612038585797777	0.00011503216057177905	0.017491061337005002	0.08497588431599583	-4.599738500128269e-06	0.0009934147527316903
2.1140751866906586e-06	-2.2919458809190786e-05	3.5771450638235046e-06	3.4151150324231394e-05	-1.7188623079059615e-05	0.00021756451386547313	4.521034616929748e-07	-7.167293514885769e-07	-5.571436446503586e-06	-3.1367956041883903e-07	0.04536246760715211	0.8889629899844934	-0.0003767627221662785	-0.005525058170121249	0.00955730139312735	-0.0450650383274298	-0.04747260401650268	0.10533106891543831	-0.044255756685558985	-0.4358277137308588	0.00028400736817608046	0.010640649952217526	-0.012943895670248978	1.6513761334524072e-06	-0.0007955479424323337
