tloc	tmcCabe	assertionDensity	assertionRoulette	mysteryGuest	eagerTest	sensitiveEquality	resourceOptimism	conditionalTestLogic	fireAndForget	loc	lcom2	lcom5	cbo	wmc	rfc	mpc	halsteadVocabulary	halsteadLength	halsteadVolume	classDataShouldBePrivate	complexClass	spaghettiCode	functionalDecomposition	godClass
6.824646796346931e-05	5.509299444309289e-06	2.148437394640866e-07	2.222891753092691e-05	-9.022601230131295e-07	6.870387429628062e-05	6.665690536348309e-07	-9.178830515042656e-09	4.6343012381520174e-08	-7.811778735776542e-08	0.1405226458106249	0.21548638375790963	0.000644396011505634	0.0050490747349407625	0.01754815861043348	0.05743700765872724	0.05268343777930934	0.7365005280986465	0.057871670977360526	0.6116303688791732	0.00011451084344442464	0.0175495790793674	0.085019759262306	-4.592775250108763e-06	0.000605918226469203
2.047088165907179e-06	-2.294798232686091e-05	3.613361497577189e-06	3.448950661274324e-05	-1.6935875660457146e-05	0.00021824605543048072	4.2519045521959167e-07	-7.05373157912794e-07	-5.301543832772372e-06	-2.3454021281425215e-07	0.04532441971866032	0.8886616944297776	-0.0003802607913826448	-0.005532855111296626	0.009527695387205265	-0.045257746303196476	-0.047640784578712715	0.10525920854385135	-0.04428602651485973	-0.43641973190627514	0.0002844880991069473	0.01059686726090572	-0.013079236030739608	1.6444573657821791e-06	-0.0004708066905484743
