tloc	tmcCabe	assertionDensity	assertionRoulette	mysteryGuest	eagerTest	sensitiveEquality	resourceOptimism	conditionalTestLogic	fireAndForget	loc	lcom2	lcom5	cbo	wmc	rfc	mpc	halsteadVocabulary	halsteadLength	halsteadVolume	classDataShouldBePrivate	complexClass	spaghettiCode	functionalDecomposition	godClass
6.941149391002997e-05	5.436239281778203e-06	2.0663299006827314e-07	2.213062524331017e-05	-8.337055359797357e-07	6.883309152697862e-05	6.635645886472309e-07	-1.924477659030918e-08	4.34433040403526e-08	-4.536008567608733e-08	0.14045233262039014	0.2149957656073231	0.0006425751342316113	0.005047442572647272	0.01754314846895359	0.0573548452029955	0.05260224104626023	0.7360374606237223	0.05799377963861518	0.6124041961771295	0.0001145502752946448	0.017535187917966148	0.08484061587123054	-4.610637240331025e-06	0.0009898554365738064
