tloc	tmcCabe	assertionDensity	assertionRoulette	mysteryGuest	eagerTest	sensitiveEquality	resourceOptimism	conditionalTestLogic	fireAndForget	loc	lcom2	lcom5	cbo	wmc	rfc	mpc	halsteadVocabulary	halsteadLength	halsteadVolume	classDataShouldBePrivate	complexClass	spaghettiCode	functionalDecomposition	godClass
6.92587261809787e-05	5.401727386747049e-06	1.9941758416531367e-07	2.2127374718225162e-05	-8.712680506952315e-07	6.880504189389782e-05	6.674425791307415e-07	-2.084055255350701e-08	2.898106886136289e-09	-4.615323800778603e-08	0.14043691250028878	0.21498221838040207	0.000642738260288154	0.0050470927375246165	0.017542585785522532	0.05735404276106412	0.05260167907528047	0.7360341263934858	0.05799527868902633	0.612417129815399	0.00011445019404917938	0.017535420772238748	0.08483599519357915	-4.6193254543009425e-06	0.0009895760627131951
