tloc	tmcCabe	assertionDensity	assertionRoulette	mysteryGuest	eagerTest	sensitiveEquality	resourceOptimism	conditionalTestLogic	fireAndForget	loc	lcom2	lcom5	cbo	wmc	rfc	mpc	halsteadVocabulary	halsteadLength	halsteadVolume	classDataShouldBePrivate	complexClass	spaghettiCode	functionalDecomposition	godClass
6.878862731295003e-05	5.491889088078278e-06	1.9888029740891123e-07	2.2043380617200496e-05	-1.0313496000392808e-06	6.862648644574743e-05	6.796503242332964e-07	-2.7628466812413193e-08	5.598973528154821e-08	-4.885891868165189e-08	0.14040527650233459	0.2150199824102964	0.0006429771081813589	0.005044016548222651	0.01753854026140941	0.05736065341444084	0.052609845516808744	0.7361242811423617	0.05797268277639672	0.6122978662317384	0.00011429729374456161	0.017540127038814905	0.08487724213404929	-4.560148230270949e-06	0.0009887426119739417
