tloc	tmcCabe	assertionDensity	assertionRoulette	mysteryGuest	eagerTest	sensitiveEquality	resourceOptimism	conditionalTestLogic	fireAndForget	loc	lcom2	lcom5	cbo	wmc	rfc	mpc	halsteadVocabulary	halsteadLength	halsteadVolume	classDataShouldBePrivate	complexClass	spaghettiCode	functionalDecomposition	godClass
6.675984486504293e-05	5.360821179849942e-06	1.4662549773020144e-07	2.1590651240692844e-05	-9.017156435507364e-07	6.855513369800216e-05	6.496457374110687e-07	4.425575576977791e-08	-2.773232310496971e-07	-4.5798314874718575e-08	0.14036013018615087	0.21497402251480133	0.000643145857584377	0.005044092694954888	0.017534613033900852	0.05735447904799574	0.05260533236630459	0.7360994502955943	0.057986520691216806	0.6123533820293386	0.00011410624029133618	0.01753888873880894	0.08488176185626957	-4.607830166413449e-06	0.0009881686199500134
