,tp,fp,tn,fn,precision,recall,accuracy,inspection_rate,f1_score,mcc,auc_pr
0,14.0,1047.0,47.0,0.0,0.013195098963242224,1.0,0.055054151624548735,0.9575812274368231,0.026046511627906978,0.023809298171261366,0.04336135292238273
1,11.0,1068.0,110.0,4.0,0.010194624652455977,0.7333333333333333,0.10142497904442582,0.9044425817267393,0.02010968921389397,-0.06567858136491661,0.14168689019458974
2,10.0,1029.0,107.0,0.0,0.009624639076034648,1.0,0.10209424083769633,0.9066317626527051,0.019065776930409915,0.03010890416728367,0.006365643334323827
3,14.0,1014.0,12.0,0.0,0.013618677042801557,1.0,0.025,0.9884615384615385,0.026871401151631478,0.0126207278882966,0.11533450140248908
4,7.0,815.0,236.0,8.0,0.00851581508515815,0.4666666666666667,0.22795497185741087,0.7711069418386491,0.016726403823178016,-0.08657106496451174,0.14203631138037526
5,12.0,1070.0,24.0,2.0,0.011090573012939002,0.8571428571428571,0.032490974729241874,0.9765342960288809,0.021897810218978103,-0.08922118747931503,0.043151338033254695
6,6.0,854.0,233.0,9.0,0.0069767441860465115,0.4,0.21687840290381125,0.7803992740471869,0.013714285714285714,-0.10794318363868395,0.10822512570091823
7,7.0,794.0,297.0,9.0,0.008739076154806492,0.4375,0.27461607949412825,0.7235772357723578,0.017135862913096694,-0.07746429386814435,0.1343081444706143
8,12.0,1109.0,21.0,1.0,0.010704727921498661,0.9230769230769231,0.028871391076115485,0.9807524059492564,0.021164021164021163,-0.045025213136188826,0.04517763953396011
9,12.0,1029.0,91.0,0.0,0.011527377521613832,1.0,0.09098939929328621,0.9196113074204947,0.022792022792022793,0.03060391190078687,0.13268113451364166
10,105.0,9829.0,1178.0,33.0,0.01056976041876384,0.7608695652173914,0.11511888739344998,0.8909098571334632,0.02084988085782367,-0.0469426693945632,0.09123280814865498
