tloc	tmcCabe	assertionDensity	assertionRoulette	mysteryGuest	eagerTest	sensitiveEquality	resourceOptimism	conditionalTestLogic	fireAndForget	loc	lcom2	lcom5	cbo	wmc	rfc	mpc	halsteadVocabulary	halsteadLength	halsteadVolume	classDataShouldBePrivate	complexClass	spaghettiCode	functionalDecomposition	godClass
7.224457732668943e-05	5.952671824108063e-06	2.0457973272668664e-07	2.2884765283157997e-05	-5.585087621701616e-07	6.92698688554578e-05	6.9795427211355e-07	-5.540963868968773e-09	4.0032872314756803e-07	-3.9854341217723956e-08	0.1401563435753108	0.21602248876382762	0.000645863087734266	0.00507148880942083	0.01750855160414282	0.05687284516106393	0.052215690845486946	0.7356114042954439	0.05801224468379299	0.6127261258096003	0.00011533936383956553	0.01748665176941602	0.08465894564159618	-4.579209903651682e-06	0.0009951974707182317
-1.0791444247808074e-06	-2.357876605084121e-05	3.6013609227245074e-06	3.332493107965281e-05	-1.7319252338374488e-05	0.00021687552856528548	4.0473944936619164e-07	-7.220260341964556e-07	-6.002277857322143e-06	-3.1395036551834084e-07	0.04569349194109465	0.8884641326576123	-0.0003804867996055312	-0.0055430445204104105	0.009577924119517967	-0.04457674526116509	-0.04707391774913915	0.10555918825107509	-0.044362291551657815	-0.4368415391465284	0.0002835751971779703	0.010675267828178129	-0.012725064787284086	1.6473807195920309e-06	-0.0007997091660022155
-0.0006733665035874833	-5.236223343078335e-05	1.50553530552244e-06	-1.6024625015542792e-06	-9.055930020105538e-05	1.5715046331483813e-05	5.15435642098692e-07	-5.265931893432424e-06	-2.846467366502314e-05	-1.4254846688837415e-06	-0.10194507576540829	-0.38694353509749263	-0.000671250184252654	-0.007957875374783067	-0.026558923200060314	-0.06768884153169835	-0.058680548888672766	0.6579430451150158	-0.07260630827971352	-0.6213865080372476	-0.0008160753775443711	-0.023307600745266034	0.07881469328093837	2.41232754571472e-05	-0.007036347997886776
0.00035297960842790074	8.417709282995521e-05	8.062241567866964e-06	1.8624972319522165e-05	-8.798462626951639e-05	-0.0002261582917031051	-2.6260518502698822e-06	-7.827630918670996e-06	-2.3288606004606974e-05	-6.907938397143271e-07	0.8747633266906202	-0.09844934487224419	0.003555608755212346	0.054716648418369304	0.08034445507173966	0.2855716264400813	0.2671266220291877	-0.050003723833176604	-0.047696495165284056	-0.17495290004750724	-0.00032444809630198204	0.08288953820570807	0.14286278838080882	-7.47745138484286e-06	-0.007917276848831149
