tloc	tmcCabe	assertionDensity	assertionRoulette	mysteryGuest	eagerTest	sensitiveEquality	resourceOptimism	conditionalTestLogic	fireAndForget	loc	lcom2	lcom5	cbo	wmc	rfc	mpc	halsteadVocabulary	halsteadLength	halsteadVolume	classDataShouldBePrivate	complexClass	spaghettiCode	functionalDecomposition	godClass
6.925872618087502e-05	5.401727386746978e-06	1.9941758416531372e-07	2.2127374718225108e-05	-8.712680506953027e-07	6.880504189389775e-05	6.674425791307294e-07	-2.0840552553510558e-08	2.8981068860498768e-09	-4.615323800778785e-08	0.1404369125002887	0.21498221838040277	0.0006427382602881541	0.005047092737524607	0.01754258578552255	0.0573540427610642	0.05260167907528035	0.736034126393486	0.057995278689026285	0.6124171298153989	0.00011445019404917967	0.01753542077223878	0.08483599519357923	-4.619325454300912e-06	0.0009895760627131902
1.7252819178533016e-06	-2.3052164978590795e-05	3.601639586001469e-06	3.406319715378485e-05	-1.7009229391901605e-05	0.0002172142366216826	4.342534980490139e-07	-7.068866975697182e-07	-5.618454203853782e-06	-3.07856094225096e-07	0.04549240456956225	0.8889972500064319	-0.0003767385625868746	-0.005512105082392719	0.00955227137773957	-0.044957344462196215	-0.04736544512905431	0.10560043589800083	-0.04426370428294291	-0.43570501938480444	0.00028433509180503713	0.010635449693881884	-0.012823783086126306	1.6735598274548419e-06	-0.0007921565704389702
-0.0006890936962770488	-5.662658041428085e-05	1.7020882556775508e-06	-7.5288108543852835e-06	-9.265243088500169e-05	1.3156504903232019e-05	2.7807342018967214e-07	-5.368880525191458e-06	-3.1837689570182964e-05	-1.4805680821806606e-06	-0.09529486436726115	-0.38708670842146825	-0.0006891566881782267	-0.008012735918785534	-0.025673134875442472	-0.06160658442385796	-0.053705947937006525	0.6569894042013629	-0.0728064521684292	-0.6242825761289127	-0.0008162834906217974	-0.022234986657966027	0.08043191576385472	2.3742142133849104e-05	-0.0070601768962274165
0.00029260205582184236	6.832724868448057e-05	8.276385978320349e-06	1.6873715824762908e-07	-9.248898587003542e-05	-0.00022989401047825543	-3.3844366346450226e-06	-7.955135677499147e-06	-3.3960028921422596e-05	-8.616401804656463e-07	0.8691766621954581	-0.09338768546339078	0.003413490805631195	0.05307821224922662	0.08097096094267883	0.29704802812869807	0.27572858971512915	-0.05672026823579061	-0.0461763372988844	-0.1705345924169585	-0.0003170908524560516	0.08400628497333862	0.14357092238679267	-8.580760304865857e-06	-0.007760760438741373
