tloc	tmcCabe	assertionDensity	assertionRoulette	mysteryGuest	eagerTest	sensitiveEquality	resourceOptimism	conditionalTestLogic	fireAndForget	loc	lcom2	lcom5	cbo	wmc	rfc	mpc	halsteadVocabulary	halsteadLength	halsteadVolume	classDataShouldBePrivate	complexClass	spaghettiCode	functionalDecomposition	godClass
0.00012718757948336037	8.512765030155589e-07	1.3526951788645772e-06	4.0563687646046344e-05	3.384728577699964e-06	0.00017672582486209023	2.255872920933076e-06	3.516159996391335e-07	8.557908573102865e-06	1.1527515282966071e-07	0.12858415454649272	0.5577254730099277	0.0002496770244611839	0.0008680917480025795	0.01733771497289586	0.017355474587503254	0.012668430214886756	0.7246167340200675	0.03690622122131573	0.37571915379831544	0.00027552084056946296	0.01687124202078074	0.061326994838997666	-6.130941232305473e-06	0.0017807116239699685
-0.0002682321133544502	-4.448228052578592e-05	4.469279198763442e-06	-2.8917836404265306e-06	-5.8239071658374393e-05	7.263020826434804e-05	-5.460007964067748e-06	-3.203588579123386e-06	-4.844089765430335e-05	-1.360573492167288e-06	0.05687477156368205	0.7363462821999495	0.00011258982442251748	-0.0014476112457281086	0.01184210591744647	0.0012623772910887734	-0.0016102062278567997	-0.25142695346116695	-0.07150870041923954	-0.6210988223707111	9.246840414964877e-06	0.01633785226178444	-0.004521560047380783	1.3755794902211672e-05	-0.005716068749777978
-0.000779013552574317	-6.92467586848662e-05	2.3119208389862973e-06	-1.7763432425775386e-05	-0.00010952022056967102	-1.430473942251743e-05	-1.9734498416277114e-06	-6.401941036552499e-06	-4.6497203347319694e-05	-1.8689728058523864e-06	-0.07325898466878931	-0.35237279858127585	-0.0004839285719955986	-0.007076273355696382	-0.022787845840793672	-0.04282957399173469	-0.035754779525029666	0.6315535700491459	-0.08169603566773499	-0.6722117639423675	-0.0008987197253459704	-0.018037604646694686	0.09472595965352168	2.6741890942794282e-05	-0.009030752277222897
0.00183380200109637	5.043601132226622e-05	1.1127785098394977e-05	6.085053433108372e-05	9.571342226092392e-05	0.00012096984416123871	2.5335434425250964e-05	8.084791083256571e-07	0.00012318301627963838	4.55188395128648e-06	0.9621696066396334	-0.14699448246645816	0.001721607238642103	0.01682983353786864	0.05703277042515248	0.14609095249461992	0.12432221381145253	-0.034712111647719146	-0.01890370315773865	-0.068357328632406	0.0007765146214755514	0.042430089552568835	0.06437763401635378	-7.226403251962893e-05	0.010046514253804394
