tloc	tmcCabe	assertionDensity	assertionRoulette	mysteryGuest	eagerTest	sensitiveEquality	resourceOptimism	conditionalTestLogic	fireAndForget	loc	lcom2	lcom5	cbo	wmc	rfc	mpc	halsteadVocabulary	halsteadLength	halsteadVolume	classDataShouldBePrivate	complexClass	spaghettiCode	functionalDecomposition	godClass
6.92587261809645e-05	5.401727386746945e-06	1.9941758416531486e-07	2.2127374718225118e-05	-8.71268050695301e-07	6.880504189389776e-05	6.674425791307303e-07	-2.084055255351086e-08	2.898106886048789e-09	-4.6153238007788137e-08	0.1404369125002885	0.21498221838040293	0.0006427382602881537	0.005047092737524597	0.01754258578552253	0.05735404276106412	0.052601679075280565	0.7360341263934858	0.05799527868902624	0.6124171298153985	0.00011445019404917943	0.017535420772238783	0.08483599519357919	-4.619325454300908e-06	0.0009895760627131882
1.7252819178171085e-06	-2.3052164978611232e-05	3.6016395860014626e-06	3.406319715378491e-05	-1.7009229391900958e-05	0.00021721423662168234	4.342534980490105e-07	-7.068866975696813e-07	-5.6184542038535675e-06	-3.0785609422508606e-07	0.045492404569562626	0.8889972500064341	-0.00037673856258686945	-0.005512105082392654	0.009552271377739742	-0.04495734446219581	-0.04736544512905389	0.10560043589799586	-0.04426370428294231	-0.43570501938479994	0.00028433509180504277	0.01063544969388206	-0.012823783086127102	1.6735598274546865e-06	-0.0007921565704389226
-0.0006890936962770161	-5.662658041415497e-05	1.7020882556261401e-06	-7.52881085438247e-06	-9.265243088500197e-05	1.3156504903233442e-05	2.780734201896805e-07	-5.368880525191463e-06	-3.183768957018311e-05	-1.4805680821806631e-06	-0.09529486436726027	-0.3870867084214618	-0.0006891566881782283	-0.008012735918785588	-0.02567313487544237	-0.06160658442385838	-0.05370594793700684	0.6569894042013635	-0.07280645216842949	-0.6242825761289158	-0.0008162834906217947	-0.022234986657965944	0.08043191576385436	2.3742142133849037e-05	-0.007060176896227472
0.00029260205582180246	6.832724868449028e-05	8.276385978265596e-06	1.687371581905849e-07	-9.248898587003959e-05	-0.0002298940104782643	-3.384436634645683e-06	-7.95513567749939e-06	-3.396002892142694e-05	-8.616401804657269e-07	0.8691766621954542	-0.09338768546338985	0.00341349080563121	0.05307821224922679	0.0809709609426788	0.29704802812870296	0.27572858971513287	-0.05672026823579087	-0.04617633729888497	-0.1705345924169586	-0.00031709085245607823	0.08400628497333908	0.14357092238679572	-8.580760304864481e-06	-0.007760760438741657
