tloc	tmcCabe	assertionDensity	assertionRoulette	mysteryGuest	eagerTest	sensitiveEquality	resourceOptimism	conditionalTestLogic	fireAndForget	loc	lcom2	lcom5	cbo	wmc	rfc	mpc	halsteadVocabulary	halsteadLength	halsteadVolume	classDataShouldBePrivate	complexClass	spaghettiCode	functionalDecomposition	godClass
0.0001271875794834457	8.512765030155818e-07	1.3526951788645814e-06	4.0563687646046303e-05	3.3847285776999463e-06	0.00017672582486209033	2.255872920933073e-06	3.5161599963913216e-07	8.557908573102858e-06	1.1527515282966063e-07	0.12858415454649288	0.5577254730099283	0.00024967702446118407	0.0008680917480025795	0.0173377149728959	0.017355474587503247	0.012668430214886775	0.7246167340200672	0.03690622122131572	0.3757191537983144	0.00027552084056946334	0.016871242020780757	0.06132699483899775	-6.130941232305465e-06	0.0017807116239699718
-0.0002682321133545067	-4.44822805258001e-05	4.46927919876386e-06	-2.8917836404266686e-06	-5.823907165837429e-05	7.263020826434755e-05	-5.460007964067739e-06	-3.2035885791233812e-06	-4.8440897654303296e-05	-1.360573492167286e-06	0.05687477156368167	0.7363462821999488	0.00011258982442251616	-0.0014476112457281088	0.011842105917446449	0.0012623772910887318	-0.001610206227856844	-0.2514269534611678	-0.07150870041923943	-0.6210988223707113	9.246840414963401e-06	0.01633785226178435	-0.004521560047380949	1.375579490221167e-05	-0.005716068749777967
-0.0007790135525745449	-6.92467586847819e-05	2.3119208388485972e-06	-1.7763432425775454e-05	-0.00010952022056967096	-1.4304739422517504e-05	-1.973449841627715e-06	-6.401941036552495e-06	-4.649720334731967e-05	-1.8689728058523864e-06	-0.07325898466878959	-0.35237279858127574	-0.00048392857199559824	-0.007076273355696383	-0.022787845840793675	-0.04282957399173469	-0.03575477952502966	0.631553570049145	-0.08169603566773488	-0.672211763942367	-0.0008987197253459673	-0.018037604646694703	0.09472595965352171	2.6741890942794276e-05	-0.009030752277222892
0.001833802001096338	5.043601132230388e-05	1.1127785098397542e-05	6.0850534330801754e-05	9.571342226092139e-05	0.00012096984416123207	2.5335434425250392e-05	8.084791083253439e-07	0.00012318301627963616	4.551883951286574e-06	0.9621696066396312	-0.14699448246645813	0.0017216072386420866	0.016829833537868797	0.05703277042515324	0.14609095249462561	0.1243222138114572	-0.03471211164771921	-0.018903703157739003	-0.06835732863240648	0.0007765146214755114	0.042430089552569765	0.06437763401635622	-7.226403251962885e-05	0.010046514253804846
