tloc	tmcCabe	assertionDensity	assertionRoulette	mysteryGuest	eagerTest	sensitiveEquality	resourceOptimism	conditionalTestLogic	fireAndForget	loc	lcom2	lcom5	cbo	wmc	rfc	mpc	halsteadVocabulary	halsteadLength	halsteadVolume	classDataShouldBePrivate	complexClass	spaghettiCode	functionalDecomposition	godClass
6.925872618089248e-05	5.4017273867469775e-06	1.994175841653135e-07	2.212737471822513e-05	-8.712680506953219e-07	6.880504189389783e-05	6.674425791307256e-07	-2.0840552553511636e-08	2.8981068860656023e-09	-4.6153238007788295e-08	0.14043691250028859	0.2149822183804032	0.0006427382602881535	0.005047092737524605	0.017542585785522535	0.057354042761064164	0.05260167907528054	0.7360341263934863	0.057995278689026424	0.6124171298153986	0.00011445019404917948	0.01753542077223879	0.0848359951935793	-4.61932545430091e-06	0.0009895760627131847
1.725281917863891e-06	-2.305216497852364e-05	3.601639586001458e-06	3.406319715378494e-05	-1.7009229391900514e-05	0.00021721423662168264	4.3425349804900916e-07	-7.068866975696544e-07	-5.618454203853429e-06	-3.078560942250786e-07	0.04549240456956341	0.8889972500064364	-0.0003767385625868666	-0.005512105082392623	0.009552271377739884	-0.044957344462195674	-0.047365445129053656	0.10560043589799208	-0.04426370428294207	-0.4357050193847967	0.00028433509180504716	0.0106354496938822	-0.012823783086127388	1.6735598274545535e-06	-0.0007921565704388881
-0.000689093696277038	-5.66265804142606e-05	1.7020882555594517e-06	-7.5288108543850294e-06	-9.26524308850017e-05	1.3156504903233681e-05	2.7807342018965493e-07	-5.368880525191449e-06	-3.18376895701829e-05	-1.4805680821806606e-06	-0.09529486436725935	-0.3870867084214572	-0.0006891566881782302	-0.008012735918785503	-0.02567313487544232	-0.061606584423858364	-0.053705947937006865	0.656989404201364	-0.07280645216842979	-0.6242825761289185	-0.0008162834906217941	-0.022234986657965864	0.0804319157638545	2.3742142133848992e-05	-0.007060176896227504
0.000292602055821785	6.83272486844954e-05	8.276385978303735e-06	1.687371582337085e-07	-9.24889858700385e-05	-0.00022989401047826525	-3.3844366346457053e-06	-7.955135677499315e-06	-3.396002892142591e-05	-8.616401804657144e-07	0.8691766621954556	-0.09338768546338982	0.0034134908056312144	0.053078212249226736	0.08097096094267912	0.2970480281287021	0.27572858971513275	-0.056720268235791585	-0.04617633729888418	-0.1705345924169581	-0.000317090852456071	0.08400628497333919	0.14357092238679556	-8.580760304864686e-06	-0.007760760438741623
