tloc	tmcCabe	assertionDensity	assertionRoulette	mysteryGuest	eagerTest	sensitiveEquality	resourceOptimism	conditionalTestLogic	fireAndForget	loc	lcom2	lcom5	cbo	wmc	rfc	mpc	halsteadVocabulary	halsteadLength	halsteadVolume	classDataShouldBePrivate	complexClass	spaghettiCode	functionalDecomposition	godClass
7.035384385363613e-05	5.408630027568189e-06	2.257610275458894e-07	2.2716162789740086e-05	-9.351003779007751e-07	6.819116671747747e-05	6.587759835859272e-07	-2.477536895345275e-08	5.0823322880632635e-08	-4.7080417360325936e-08	0.14044537323010475	0.21458695359710409	0.000643387526639575	0.005049092806669718	0.017526307699116075	0.05741227247948642	0.05266618677409172	0.736119003900599	0.057983154573521364	0.612427948608658	0.00011445857076862199	0.017520657249946173	0.08494326070081372	-4.558423740811732e-06	0.000990396177429043
