tloc	tmcCabe	assertionDensity	assertionRoulette	mysteryGuest	eagerTest	sensitiveEquality	resourceOptimism	conditionalTestLogic	fireAndForget	loc	lcom2	lcom5	cbo	wmc	rfc	mpc	halsteadVocabulary	halsteadLength	halsteadVolume	classDataShouldBePrivate	complexClass	spaghettiCode	functionalDecomposition	godClass
6.951920911469629e-05	5.470066621061344e-06	2.0696231876210136e-07	2.2210849939662815e-05	-8.517384391943032e-07	6.880050418431525e-05	6.698603617093031e-07	-2.1782160243224916e-08	1.2980379338616606e-07	-4.662290028449935e-08	0.14043635778085223	0.21497615360994357	0.0006427188634866401	0.005048303458021254	0.017542836457036592	0.05735426424644778	0.05260186965713648	0.736032489369886	0.05799631530379567	0.6124211948136573	0.00011444979141947253	0.01753506809413768	0.0848361137292712	-4.617552634908882e-06	0.0009894628695734076
