tloc	tmcCabe	assertionDensity	assertionRoulette	mysteryGuest	eagerTest	sensitiveEquality	resourceOptimism	conditionalTestLogic	fireAndForget	loc	lcom2	lcom5	cbo	wmc	rfc	mpc	halsteadVocabulary	halsteadLength	halsteadVolume	classDataShouldBePrivate	complexClass	spaghettiCode	functionalDecomposition	godClass
6.915860879738242e-05	5.3151141433869106e-06	1.9478046555194366e-07	2.207875681958359e-05	-9.459639873134714e-07	6.916199034175352e-05	7.332914302977626e-07	-2.4455324153083775e-08	-6.894644623871481e-08	-4.795431565450872e-08	0.14070225542304204	0.21523855064977052	0.000642699122298151	0.005047848983664965	0.01755534014580858	0.0573716429906522	0.052613807807901695	0.7360134603109805	0.05797612931822347	0.6122881436998281	0.00011439015298610685	0.017543770018721726	0.08484596504330731	-4.631969855705827e-06	0.0009892151933108993
2.3973522808251984e-06	-2.2624073295709802e-05	3.643382122290723e-06	3.446992243914655e-05	-1.6659762864026724e-05	0.00021538637616441074	1.4316591808968363e-07	-6.89806298225861e-07	-5.250514317410666e-06	-2.992697107396249e-07	0.04393999242597611	0.8888170559573202	-0.0003812507075872864	-0.005532258317552154	0.009472072581008403	-0.04520406436343618	-0.04757545667037921	0.10593018044076184	-0.044272101535817746	-0.43610323887072394	0.0002851853926529576	0.01056825124944878	-0.012903978327181343	1.744727360947617e-06	-0.0007923397920612258
-0.0006954817428759889	-5.791511582918204e-05	1.5448556152186061e-06	-9.232523980664961e-06	-9.400489364346897e-05	1.6189218245274924e-05	8.069789512828309e-07	-5.441539741952578e-06	-3.2939242575311316e-05	-1.5104288521456723e-06	-0.09064281638451106	-0.3882028627217849	-0.0006672317273584959	-0.007928210780346482	-0.025440477550769273	-0.060820740065848956	-0.053021113752693715	0.6566830238792898	-0.07292917909821525	-0.6246887147542819	-0.0008213804244602265	-0.022042470238485764	0.08085152066810362	2.35829469130552e-05	-0.007087724891950066
