tloc	tmcCabe	assertionDensity	assertionRoulette	mysteryGuest	eagerTest	sensitiveEquality	resourceOptimism	conditionalTestLogic	fireAndForget	loc	lcom2	lcom5	cbo	wmc	rfc	mpc	halsteadVocabulary	halsteadLength	halsteadVolume	classDataShouldBePrivate	complexClass	spaghettiCode	functionalDecomposition	godClass
6.106443628601972e-05	4.277150357194335e-06	6.340466988958736e-07	2.2206974799208537e-05	-2.2197865003097253e-06	6.780140133938798e-05	5.832816335505468e-07	-2.4180405148103477e-09	-5.61771845586789e-07	-6.962717501639095e-08	0.14065686790581583	0.21613484801098654	0.000646090384580892	0.005046723188146676	0.01755424711802089	0.05756344687149554	0.05280977476677919	0.7372304691032138	0.05766693625894109	0.6104211761406266	0.00011286235841762601	0.017638374957351568	0.08546680155815028	-4.465903707626159e-06	0.0009753904345935283
2.399178465652835e-06	-2.2817298910166786e-05	3.6801675968713006e-06	3.3751529779439647e-05	-1.7180534816278084e-05	0.00021806425721794892	4.4872557761941557e-07	-6.485624802709417e-07	-5.441594137588879e-06	-2.728970703481886e-07	0.044705447617759964	0.8892820160306629	-0.000386797046544543	-0.005546745207674763	0.009447431883484608	-0.04562685578119614	-0.04800188625365327	0.10309439924928213	-0.04407367626673022	-0.43566265210115374	0.00028348415750744076	0.010449920865512344	-0.013780478186135488	1.4314218200920732e-06	-0.0007968831234577467
