tloc	tmcCabe	assertionDensity	assertionRoulette	mysteryGuest	eagerTest	sensitiveEquality	resourceOptimism	conditionalTestLogic	fireAndForget	loc	lcom2	lcom5	cbo	wmc	rfc	mpc	halsteadVocabulary	halsteadLength	halsteadVolume	classDataShouldBePrivate	complexClass	spaghettiCode	functionalDecomposition	godClass
6.861631547950884e-05	5.351902083704264e-06	1.9567587247981295e-07	2.1962774333523253e-05	-1.060709771008416e-06	6.890266527633314e-05	6.562780995951782e-07	-2.9311850256475088e-08	-2.1064819325803155e-07	-3.752597868452254e-08	0.14047303308302247	0.21519434661444592	0.0006431892301933687	0.005046270195086146	0.017550019437661858	0.05738505495959086	0.052630115249017985	0.7361172550577438	0.05796003808298469	0.6122204045861964	0.0001147431460829206	0.01755014800733074	0.08491791380422355	-4.525977635537858e-06	0.0009894167047692713
1.5430889534026468e-06	-2.301921698462076e-05	3.581951279369025e-06	3.3718740909534345e-05	-1.7010457963973816e-05	0.00021571450658219317	4.3441361563771154e-07	-7.303135151776595e-07	-5.307123442623259e-06	-3.0849381100361655e-07	0.04540914264693122	0.8888008879895483	-0.00037747425134428847	-0.005518876906264993	0.009518810976703254	-0.04508027309451565	-0.04746804354511072	0.10563306854909704	-0.04428372111125603	-0.4360787591995038	0.000283857406839923	0.010597205005094312	-0.012930553262763187	1.6487779681490665e-06	-0.0007939881850546658
