tloc	tmcCabe	assertionDensity	assertionRoulette	mysteryGuest	eagerTest	sensitiveEquality	resourceOptimism	conditionalTestLogic	fireAndForget	loc	lcom2	lcom5	cbo	wmc	rfc	mpc	halsteadVocabulary	halsteadLength	halsteadVolume	classDataShouldBePrivate	complexClass	spaghettiCode	functionalDecomposition	godClass
6.803379241343869e-05	5.694440635650402e-06	2.2239307450368304e-07	2.2237818516056244e-05	-1.0803791824173369e-06	6.827086280286062e-05	6.050024191793105e-07	-2.982965321188229e-08	-7.982948058945927e-07	-5.051300937192514e-08	0.14063020206263316	0.21648320564303986	0.0006439099164041627	0.0050807519399019875	0.01759104165678177	0.057744056654830865	0.05297563795486511	0.7348677733655905	0.058024884738428914	0.6131534308454513	0.00011538522530105445	0.017591834029758228	0.08495025998693988	-4.164508738665831e-06	0.0009982263882935022
