tloc	tmcCabe	assertionDensity	assertionRoulette	mysteryGuest	eagerTest	sensitiveEquality	resourceOptimism	conditionalTestLogic	fireAndForget	loc	lcom2	lcom5	cbo	wmc	rfc	mpc	halsteadVocabulary	halsteadLength	halsteadVolume	classDataShouldBePrivate	complexClass	spaghettiCode	functionalDecomposition	godClass
6.322140099814973e-05	4.941083354744631e-06	1.381058261409795e-07	2.2095829197254968e-05	-1.3161470491628733e-06	6.823127294481552e-05	6.55645565311512e-07	-2.354178720636707e-08	-1.000427240193682e-06	-5.6013879891351285e-08	0.14073999318929892	0.21389919234600274	0.0006442075006213104	0.005075834263172498	0.01751837027439538	0.05775660790445949	0.053015992156946384	0.7377219090435698	0.05765525237606968	0.6105354740878274	0.00011518820948753074	0.017582671103229815	0.08566424073933646	-4.5105698850233675e-06	0.0009762199255437717
-5.428452917302815e-06	-2.309089490405497e-05	3.7550018332671447e-06	3.706432956220928e-05	-1.6255414415900867e-05	0.00022418208853557673	4.0571752507028074e-07	-6.265101414924061e-07	-3.336052175746311e-06	-2.9201719083357043e-07	0.04483074563477996	0.8879897278103022	-0.00037937513711353525	-0.005612943720835029	0.009243241107220163	-0.04696693367141661	-0.049246599029967954	0.1074640676768647	-0.04421178457433688	-0.43693178738329536	0.0002889933473258369	0.010234858526079011	-0.014077055876776476	1.5799702676547928e-06	-0.0007708488577230526
