tloc	tmcCabe	assertionDensity	assertionRoulette	mysteryGuest	eagerTest	sensitiveEquality	resourceOptimism	conditionalTestLogic	fireAndForget	loc	lcom2	lcom5	cbo	wmc	rfc	mpc	halsteadVocabulary	halsteadLength	halsteadVolume	classDataShouldBePrivate	complexClass	spaghettiCode	functionalDecomposition	godClass
6.645200258674399e-05	5.245378017649836e-06	1.8524317698987432e-07	2.184374198419937e-05	-1.1989546837530552e-06	6.87852145427936e-05	6.420913656732235e-07	-3.5957319550230685e-08	-2.5479656701308557e-07	-5.689583280963394e-08	0.14040685039599965	0.21517132759828625	0.000643392225573507	0.005047681567158877	0.017540693204637643	0.057405331243197744	0.05265525076507059	0.7362800792822952	0.05792685727144881	0.6120382404079543	0.00011302060348242144	0.017555776906131276	0.08498124848039028	-4.46332232806177e-06	0.0009877681140635806
