tloc	tmcCabe	assertionDensity	assertionRoulette	mysteryGuest	eagerTest	sensitiveEquality	resourceOptimism	conditionalTestLogic	fireAndForget	loc	lcom2	lcom5	cbo	wmc	rfc	mpc	halsteadVocabulary	halsteadLength	halsteadVolume	classDataShouldBePrivate	complexClass	spaghettiCode	functionalDecomposition	godClass
6.305241705911185e-05	4.4992339017223574e-06	3.379518324267358e-07	2.2861823854467337e-05	-2.4504059979898113e-06	7.157238940437653e-05	4.841055129791253e-07	-2.747911902254308e-07	-1.4453863750139906e-06	-4.892214229590498e-08	0.139667510852311	0.22154185335869833	0.0006799637891248913	0.0052294861930469875	0.0181328212002924	0.060277205872714554	0.05537304420259678	0.7338290372639472	0.05755108591086518	0.6122478781278509	7.423487351410039e-05	0.018211707181027836	0.08578586773656258	-4.41943160546432e-06	0.0007243716525669052
-8.223424482849054e-06	-2.3946223836300224e-05	3.920349373954704e-06	3.487355912349401e-05	-1.7621270323598195e-05	0.00023179263286275	1.0689318298397506e-06	-5.19369976469997e-07	-4.3683641759686175e-06	-3.1623347807276535e-07	0.030673204445825178	0.875436387268701	-0.0004729945826627845	-0.006679542792708218	0.0078314079082999	-0.056199447928008905	-0.057914698113153085	0.12462370546021793	-0.04550584100296885	-0.4561683960579774	0.00040913224087868406	0.00869270782137664	-0.01684952154744233	1.6874451466913684e-06	-0.0006908292513291973
