tloc	tmcCabe	assertionDensity	assertionRoulette	mysteryGuest	eagerTest	sensitiveEquality	resourceOptimism	conditionalTestLogic	fireAndForget	loc	lcom2	lcom5	cbo	wmc	rfc	mpc	halsteadVocabulary	halsteadLength	halsteadVolume	classDataShouldBePrivate	complexClass	spaghettiCode	functionalDecomposition	godClass
6.943297850815997e-05	5.446617893059909e-06	2.0418866056987685e-07	2.214899955251133e-05	-8.265892654285782e-07	6.877669141828109e-05	6.690072700836175e-07	-1.87857269490587e-08	3.70003634918884e-08	-4.4950630804626313e-08	0.14042685173537056	0.21486931267966278	0.0006427746648110615	0.00504768969219819	0.01754002016143044	0.05735142415352002	0.05259972019417371	0.7360279834893546	0.05800282935334991	0.6124673679903805	0.00011430385134346223	0.017530747603110665	0.08482858720910595	-4.616654482550028e-06	0.0009897986671951852
-9.302417525100367e-06	-2.4512543734448052e-05	3.827266671750707e-06	3.5607212443103656e-05	-1.673840311005539e-05	0.0002090129434088432	3.862761773524233e-07	-7.792564504935929e-07	-5.533654447019294e-06	-2.854144625141835e-07	0.041145696000233635	0.8844421677664587	-0.00038809251191693905	-0.0057430741529049985	0.008738036155769064	-0.04700140847842899	-0.0491482200095886	0.11416077542171828	-0.04489093806571668	-0.44275028258326926	0.00023204128930607283	0.00977288639594739	-0.012765440027285128	1.9688671091153853e-06	-0.0008121454931628065
-0.0006814045390404247	-5.383801304464965e-05	9.965773968582742e-07	-1.3474285660803165e-05	-9.779033960086759e-05	3.646822743687137e-05	4.1077773837190276e-07	-5.392851741241689e-06	-3.3714652501821484e-05	-1.6215402109296983e-06	-0.08163561800033076	-0.39958380220038336	-0.0006594201558177648	-0.007274764736179545	-0.023807537059874498	-0.05544004101712266	-0.04813897519793038	0.6544176590372666	-0.0733604355209389	-0.6216326266417344	-0.0006839563366141321	-0.020054849362234423	0.08443565376027437	2.3683723864385082e-05	-0.007309108569029085
