tloc	tmcCabe	assertionDensity	assertionRoulette	mysteryGuest	eagerTest	sensitiveEquality	resourceOptimism	conditionalTestLogic	fireAndForget	loc	lcom2	lcom5	cbo	wmc	rfc	mpc	halsteadVocabulary	halsteadLength	halsteadVolume	classDataShouldBePrivate	complexClass	spaghettiCode	functionalDecomposition	godClass
6.809794261973973e-05	5.185882587737723e-06	1.9453017609880627e-07	2.2320048062856537e-05	-1.0889215600446051e-06	6.891918999072025e-05	6.677022032696879e-07	-3.56359496479076e-08	-2.7213431494861837e-07	-4.412088718216836e-08	0.14041217047550306	0.21510083727386597	0.0006429615655417533	0.005041323633865669	0.017542800985951287	0.05738119421619416	0.052628650306218216	0.7362232622085284	0.05794885751589508	0.6121401587686379	0.0001141665734528727	0.017553220748840866	0.08492761955469853	-4.551570641104224e-06	0.0009605839084005958
