tloc	tmcCabe	assertionDensity	assertionRoulette	mysteryGuest	eagerTest	sensitiveEquality	resourceOptimism	conditionalTestLogic	fireAndForget	loc	lcom2	lcom5	cbo	wmc	rfc	mpc	halsteadVocabulary	halsteadLength	halsteadVolume	classDataShouldBePrivate	complexClass	spaghettiCode	functionalDecomposition	godClass
5.372033950007208e-05	3.924224725905232e-06	1.8547722660611257e-07	2.2340520707693167e-05	-1.7413817384996768e-06	6.859635168133041e-05	6.375385566840511e-07	-4.8508351819787665e-08	-1.5137728584493436e-06	-9.424180142542076e-08	0.14180595981165048	0.21228909976599103	0.0006600475483116955	0.005127519341865072	0.017660298460063367	0.058330608970311275	0.053567861088151314	0.7420754751396813	0.05708973436667502	0.6054305823254909	0.00011642416152916467	0.01769371805765657	0.08612930202125577	-4.611204245910651e-06	0.0010170237533497835
