tloc	tmcCabe	assertionDensity	assertionRoulette	mysteryGuest	eagerTest	sensitiveEquality	resourceOptimism	conditionalTestLogic	fireAndForget	loc	lcom2	lcom5	cbo	wmc	rfc	mpc	halsteadVocabulary	halsteadLength	halsteadVolume	classDataShouldBePrivate	complexClass	spaghettiCode	functionalDecomposition	godClass
7.22445773268512e-05	5.9526718241080815e-06	2.045797327266907e-07	2.288476528315808e-05	-5.585087621701593e-07	6.926986885545799e-05	6.979542721135522e-07	-5.5409638689689114e-09	4.0032872314757634e-07	-3.9854341217722805e-08	0.1401563435753108	0.21602248876382862	0.0006458630877342671	0.005071488809420837	0.017508551604142834	0.05687284516106384	0.05221569084548693	0.7356114042954444	0.058012244683793	0.6127261258096	0.0001153393638395655	0.017486651769416026	0.08465894564159618	-4.579209903651692e-06	0.0009951974707182352
