tloc	tmcCabe	assertionDensity	assertionRoulette	mysteryGuest	eagerTest	sensitiveEquality	resourceOptimism	conditionalTestLogic	fireAndForget	loc	lcom2	lcom5	cbo	wmc	rfc	mpc	halsteadVocabulary	halsteadLength	halsteadVolume	classDataShouldBePrivate	complexClass	spaghettiCode	functionalDecomposition	godClass
6.687388246760888e-05	5.155753835496848e-06	1.901785642485622e-07	2.180956678690617e-05	-1.1540425720361623e-06	6.842771369379593e-05	6.902444855961761e-07	-4.7166663032940526e-08	-3.728443024629773e-07	-5.3138305598222244e-08	0.1405124718375777	0.21342963371985724	0.0006441851979348133	0.005056469538974931	0.017515752286759816	0.05743970953032794	0.05270474036517655	0.7367426368206106	0.05791655202120989	0.6120536906123336	0.00011445127889854852	0.017512069113907673	0.08504531213445825	-4.386705132420131e-06	0.0009908714104941466
3.367354104845171e-06	-2.279882015016977e-05	3.5702458786314088e-06	3.431086303029391e-05	-1.7231590266433653e-05	0.00021879472199952968	4.3889405370085e-07	-7.560228532113783e-07	-6.170317403445561e-06	-3.0204366482886883e-07	0.04620279668670997	0.8876871237904932	-0.00037373699439638387	-0.005501500452818199	0.009556567783239413	-0.04494314932430791	-0.04732159644913898	0.1088628279539946	-0.044496249675543956	-0.4374883740707067	0.00028646530901081527	0.010614282340939382	-0.01246548857932297	1.5895310023562333e-06	-0.0007906442627674547
