tloc	tmcCabe	assertionDensity	assertionRoulette	mysteryGuest	eagerTest	sensitiveEquality	resourceOptimism	conditionalTestLogic	fireAndForget	loc	lcom2	lcom5	cbo	wmc	rfc	mpc	halsteadVocabulary	halsteadLength	halsteadVolume	classDataShouldBePrivate	complexClass	spaghettiCode	functionalDecomposition	godClass
6.524452008711377e-05	5.0688493041497256e-06	1.1681464198972672e-07	2.186355437916407e-05	-4.7420483731512783e-07	6.772213618721647e-05	6.307888951955722e-07	-9.789232309729015e-08	-3.793671273299968e-07	-7.268221512014323e-08	0.14094318779327109	0.21624738828057333	0.0006456504719649564	0.005068669576316719	0.017601755243462726	0.05770048616949528	0.05293847241465211	0.7375020322810111	0.05758084703575163	0.6099467637120664	0.0001171606686969277	0.0176714814863792	0.08562469130049516	-4.418767288822702e-06	0.0007606631563881652
1.9173971694362906e-05	-2.2671481332171305e-05	3.698948078203038e-06	3.7106770606860414e-05	-7.892542664547543e-06	0.0002202248729067858	4.079935303451411e-07	-4.964817586263955e-07	-3.720705775422128e-06	-2.645583523481279e-07	0.041236201761845254	0.8849961212934152	-0.00040443736810008644	-0.005918291082163797	0.008805993274692909	-0.04898757362457466	-0.051107844936433146	0.11049949144657112	-0.04452591443689311	-0.44211388235642635	0.00022206960147042062	0.009808098809925172	-0.014240158735591799	1.4934516440922983e-06	-0.0006714111987881346
