tloc	tmcCabe	assertionDensity	assertionRoulette	mysteryGuest	eagerTest	sensitiveEquality	resourceOptimism	conditionalTestLogic	fireAndForget	loc	lcom2	lcom5	cbo	wmc	rfc	mpc	halsteadVocabulary	halsteadLength	halsteadVolume	classDataShouldBePrivate	complexClass	spaghettiCode	functionalDecomposition	godClass
6.824646796348842e-05	5.509299444309241e-06	2.1484373946409758e-07	2.222891753092708e-05	-9.02260123013135e-07	6.870387429628142e-05	6.665690536348463e-07	-9.178830515040686e-09	4.634301238156456e-08	-7.811778735776524e-08	0.1405226458106248	0.21548638375791215	0.0006443960115056322	0.005049074734940731	0.017548158610433483	0.057437007658727085	0.052683437779309124	0.736500528098647	0.05787167097736045	0.6116303688791721	0.00011451084344442566	0.01754957907936741	0.08501975926230591	-4.5927752501087795e-06	0.0006059182264692057
2.047088165802367e-06	-2.2947982326863792e-05	3.6133614975771983e-06	3.448950661274325e-05	-1.6935875660457196e-05	0.00021824605543048064	4.2519045521960544e-07	-7.053731579127972e-07	-5.301543832772313e-06	-2.345402128142527e-07	0.045324419718659706	0.8886616944297767	-0.00038026079138264994	-0.005532855111296666	0.009527695387205128	-0.04525774630319695	-0.04764078457871315	0.10525920854385042	-0.04428602651485997	-0.4364197319062782	0.0002844880991069465	0.01059686726090558	-0.013079236030739754	1.6444573657822115e-06	-0.0004708066905484776
