tloc	tmcCabe	assertionDensity	assertionRoulette	mysteryGuest	eagerTest	sensitiveEquality	resourceOptimism	conditionalTestLogic	fireAndForget	loc	lcom2	lcom5	cbo	wmc	rfc	mpc	halsteadVocabulary	halsteadLength	halsteadVolume	classDataShouldBePrivate	complexClass	spaghettiCode	functionalDecomposition	godClass
6.73012403426379e-05	4.735093514791419e-06	3.651186863910256e-07	2.2087135983800206e-05	-1.4004344363624665e-06	6.876883977725487e-05	6.520201981841917e-07	-4.220598165512718e-08	-6.302784301299767e-07	-5.889547150537477e-08	0.1403375414660345	0.21513994660335842	0.0006434150600422501	0.0050414975550551145	0.017537261833878232	0.05737632412148748	0.052625228105992725	0.7362859396607553	0.05793183509832299	0.6120681350505338	0.0001139576074508972	0.01754680812610299	0.0849468235314557	-4.518444542791069e-06	0.0009868679946354614
3.694432705701168e-06	-2.2642557022329494e-05	3.520590536637498e-06	3.406108190735772e-05	-1.6744137801390637e-05	0.00021726709325615388	4.497292340717034e-07	-6.950133589382863e-07	-5.266460934373175e-06	-3.011903790854668e-07	0.04551246705563841	0.8889546774378181	-0.00037758531222564616	-0.005512716292601167	0.009539839069135326	-0.04500552566394257	-0.04740531146425729	0.10531761968919594	-0.04426002868788485	-0.4358471658161337	0.0002846837583468208	0.010630559829223604	-0.012908375963481114	1.62777445762328e-06	-0.0007914724365083905
