tloc	tmcCabe	assertionDensity	assertionRoulette	mysteryGuest	eagerTest	sensitiveEquality	resourceOptimism	conditionalTestLogic	fireAndForget	loc	lcom2	lcom5	cbo	wmc	rfc	mpc	halsteadVocabulary	halsteadLength	halsteadVolume	classDataShouldBePrivate	complexClass	spaghettiCode	functionalDecomposition	godClass
6.941149390996819e-05	5.436239281778151e-06	2.0663299006828206e-07	2.21306252433102e-05	-8.337055359797941e-07	6.883309152697919e-05	6.635645886472294e-07	-1.9244776590312765e-08	4.34433040403259e-08	-4.536008567608805e-08	0.14045233262039036	0.21499576560732533	0.0006425751342316109	0.005047442572647266	0.017543148468953638	0.057354845202995386	0.052602241046260136	0.7360374606237223	0.057993779638614996	0.6124041961771292	0.0001145502752946455	0.017535187917966193	0.08484061587123058	-4.61063724033102e-06	0.0009898554365737997
