tloc	tmcCabe	assertionDensity	assertionRoulette	mysteryGuest	eagerTest	sensitiveEquality	resourceOptimism	conditionalTestLogic	fireAndForget	loc	lcom2	lcom5	cbo	wmc	rfc	mpc	halsteadVocabulary	halsteadLength	halsteadVolume	classDataShouldBePrivate	complexClass	spaghettiCode	functionalDecomposition	godClass
6.925872618079428e-05	5.401727386746972e-06	1.9941758416532314e-07	2.21273747182252e-05	-8.712680506953662e-07	6.88050418938982e-05	6.674425791307328e-07	-2.0840552553514624e-08	2.8981068860470995e-09	-4.615323800778859e-08	0.14043691250028903	0.21498221838040468	0.0006427382602881549	0.005047092737524618	0.017542585785522598	0.057354042761064115	0.052601679075280475	0.7360341263934859	0.057995278689026236	0.6124171298153975	0.00011445019404917986	0.01753542077223883	0.08483599519357929	-4.619325454300925e-06	0.0009895760627131832
