tloc	tmcCabe	assertionDensity	assertionRoulette	mysteryGuest	eagerTest	sensitiveEquality	resourceOptimism	conditionalTestLogic	fireAndForget	loc	lcom2	lcom5	cbo	wmc	rfc	mpc	halsteadVocabulary	halsteadLength	halsteadVolume	classDataShouldBePrivate	complexClass	spaghettiCode	functionalDecomposition	godClass
6.878862731302622e-05	5.4918890880781e-06	1.9888029740892073e-07	2.2043380617200472e-05	-1.0313496000394852e-06	6.862648644574798e-05	6.796503242332802e-07	-2.762846681242469e-08	5.598973528139421e-08	-4.8858918681655834e-08	0.14040527650233428	0.21501998241029902	0.0006429771081813566	0.005044016548222623	0.01753854026140941	0.057360653414440715	0.05260984551680862	0.7361242811423631	0.05797268277639643	0.6122978662317362	0.00011429729374456175	0.01754012703881493	0.08487724213404917	-4.560148230270892e-06	0.0009887426119739241
