tloc	tmcCabe	assertionDensity	assertionRoulette	mysteryGuest	eagerTest	sensitiveEquality	resourceOptimism	conditionalTestLogic	fireAndForget	loc	lcom2	lcom5	cbo	wmc	rfc	mpc	halsteadVocabulary	halsteadLength	halsteadVolume	classDataShouldBePrivate	complexClass	spaghettiCode	functionalDecomposition	godClass
6.675984486504394e-05	5.360821179850008e-06	1.4662549773018992e-07	2.1590651240692763e-05	-9.017156435506096e-07	6.855513369800194e-05	6.49645737411071e-07	4.425575576978513e-08	-2.773232310496475e-07	-4.579831487471641e-08	0.14036013018615065	0.21497402251479972	0.0006431458575843769	0.005044092694954883	0.01753461303390081	0.05735447904799581	0.05260533236630451	0.736099450295594	0.05798652069121698	0.6123533820293394	0.00011410624029133613	0.017538888738808895	0.08488176185626939	-4.6078301664134695e-06	0.0009881686199500234
