tloc	tmcCabe	assertionDensity	assertionRoulette	mysteryGuest	eagerTest	sensitiveEquality	resourceOptimism	conditionalTestLogic	fireAndForget	loc	lcom2	lcom5	cbo	wmc	rfc	mpc	halsteadVocabulary	halsteadLength	halsteadVolume	classDataShouldBePrivate	complexClass	spaghettiCode	functionalDecomposition	godClass
6.925872618076024e-05	5.40172738674699e-06	1.994175841653112e-07	2.2127374718225064e-05	-8.712680506953072e-07	6.880504189389775e-05	6.67442579130729e-07	-2.084055255351043e-08	2.89810688604105e-09	-4.61532380077878e-08	0.1404369125002887	0.21498221838040235	0.0006427382602881545	0.005047092737524608	0.01754258578552253	0.05735404276106422	0.0526016790752806	0.7360341263934861	0.057995278689026375	0.6124171298153991	0.00011445019404917906	0.01753542077223875	0.08483599519357925	-4.6193254543009146e-06	0.0009895760627131817
1.7252819178494239e-06	-2.305216497862068e-05	3.6016395860014546e-06	3.406319715378502e-05	-1.700922939190062e-05	0.000217214236621683	4.342534980490173e-07	-7.068866975696593e-07	-5.618454203853447e-06	-3.078560942250796e-07	0.0454924045695633	0.8889972500064367	-0.00037673856258686614	-0.00551210508239261	0.009552271377739893	-0.0449573444621953	-0.04736544512905357	0.10560043589799302	-0.04426370428294186	-0.43570501938479655	0.0002843350918050462	0.010635449693882167	-0.012823783086126906	1.673559827454577e-06	-0.0007921565704388941
-0.0006890936962769415	-5.662658041426259e-05	1.7020882555667542e-06	-7.528810854380968e-06	-9.265243088500199e-05	1.3156504903234421e-05	2.7807342018968696e-07	-5.3688805251914616e-06	-3.183768957018313e-05	-1.480568082180667e-06	-0.09529486436725966	-0.38708670842145737	-0.0006891566881782289	-0.008012735918785537	-0.02567313487544228	-0.061606584423858426	-0.05370594793700691	0.6569894042013642	-0.0728064521684297	-0.6242825761289182	-0.0008162834906217944	-0.022234986657965864	0.08043191576385435	2.3742142133849033e-05	-0.007060176896227491
0.00029260205582183634	6.832724868447319e-05	8.27638597834359e-06	1.687371581567233e-07	-9.248898587003815e-05	-0.00022989401047826376	-3.3844366346455952e-06	-7.955135677499303e-06	-3.3960028921425733e-05	-8.616401804657092e-07	0.869176662195456	-0.09338768546339007	0.0034134908056312123	0.05307821224922665	0.08097096094267886	0.2970480281287014	0.2757285897151317	-0.05672026823579135	-0.046176337298885206	-0.1705345924169582	-0.00031709085245607065	0.08400628497333898	0.14357092238679456	-8.580760304864813e-06	-0.007760760438741571
