tloc	tmcCabe	assertionDensity	assertionRoulette	mysteryGuest	eagerTest	sensitiveEquality	resourceOptimism	conditionalTestLogic	fireAndForget	loc	lcom2	lcom5	cbo	wmc	rfc	mpc	halsteadVocabulary	halsteadLength	halsteadVolume	classDataShouldBePrivate	complexClass	spaghettiCode	functionalDecomposition	godClass
7.224457732672268e-05	5.952671824108156e-06	2.0457973272667942e-07	2.288476528315799e-05	-5.585087621701108e-07	6.92698688554575e-05	6.979542721135527e-07	-5.540963868966521e-09	4.003287231475958e-07	-3.9854341217722236e-08	0.14015634357531048	0.2160224887638265	0.0006458630877342679	0.005071488809420838	0.017508551604142806	0.056872845161064035	0.05221569084548701	0.735611404295444	0.05801224468379313	0.6127261258096013	0.00011533936383956511	0.01748665176941598	0.08465894564159618	-4.5792099036516895e-06	0.0009951974707182428
-1.079144424784895e-06	-2.3578766050925754e-05	3.601360922724499e-06	3.332493107965291e-05	-1.7319252338374196e-05	0.00021687552856528586	4.04739449366193e-07	-7.220260341964371e-07	-6.002277857322074e-06	-3.1395036551833533e-07	0.04569349194109562	0.8884641326576156	-0.00038048679960552863	-0.005543044520410374	0.009577924119517986	-0.044576745261164855	-0.047073917749138966	0.10555918825107254	-0.044362291551657475	-0.43684153914652435	0.0002835751971779731	0.010675267828178243	-0.012725064787284506	1.6473807195919345e-06	-0.0007997091660021849
-0.0006733665035875232	-5.236223343069539e-05	1.5055353055141017e-06	-1.6024625015536552e-06	-9.055930020105554e-05	1.5715046331484874e-05	5.154356420987095e-07	-5.26593189343243e-06	-2.8464673665023156e-05	-1.42548466888374e-06	-0.10194507576540839	-0.3869435350974874	-0.0006712501842526569	-0.007957875374783131	-0.026558923200060345	-0.06768884153169877	-0.05868054888867306	0.6579430451150164	-0.07260630827971376	-0.6213865080372497	-0.0008160753775443712	-0.023307600745265996	0.07881469328093856	2.4123275457147224e-05	-0.0070363479978867716
0.0003529796084278991	8.417709282994416e-05	8.062241567855653e-06	1.8624972319478228e-05	-8.79846262695113e-05	-0.00022615829170309607	-2.6260518502692385e-06	-7.827630918670684e-06	-2.3288606004602176e-05	-6.90793839714233e-07	0.8747633266906236	-0.09844934487224476	0.003555608755212315	0.05471664841836926	0.08034445507173944	0.2855716264400774	0.26712662202918325	-0.05000372383317581	-0.04769649516528228	-0.17495290004750716	-0.00032444809630195157	0.08288953820570744	0.1428627883808049	-7.477451384844421e-06	-0.007917276848830682
