tloc	tmcCabe	assertionDensity	assertionRoulette	mysteryGuest	eagerTest	sensitiveEquality	resourceOptimism	conditionalTestLogic	fireAndForget	loc	lcom2	lcom5	cbo	wmc	rfc	mpc	halsteadVocabulary	halsteadLength	halsteadVolume	classDataShouldBePrivate	complexClass	spaghettiCode	functionalDecomposition	godClass
6.925872618079123e-05	5.401727386746912e-06	1.9941758416531359e-07	2.2127374718225128e-05	-8.712680506953059e-07	6.8805041893898e-05	6.674425791307291e-07	-2.084055255351078e-08	2.8981068860686298e-09	-4.615323800778795e-08	0.14043691250028867	0.21498221838040257	0.0006427382602881528	0.005047092737524609	0.017542585785522508	0.0573540427610642	0.05260167907528052	0.7360341263934852	0.05799527868902623	0.6124171298153994	0.00011445019404917915	0.017535420772238783	0.08483599519357916	-4.61932545430091e-06	0.000989576062713184
1.7252819178535606e-06	-2.305216497862339e-05	3.6016395860014715e-06	3.4063197153785006e-05	-1.700922939190095e-05	0.00021721423662168302	4.3425349804901435e-07	-7.068866975696789e-07	-5.618454203853555e-06	-3.0785609422508426e-07	0.045492404569562786	0.8889972500064351	-0.00037673856258686945	-0.005512105082392659	0.009552271377739827	-0.04495734446219587	-0.04736544512905402	0.10560043589799564	-0.04426370428294244	-0.43570501938479866	0.0002843350918050429	0.010635449693882196	-0.012823783086126936	1.6735598274546638e-06	-0.0007921565704389221
-0.0006890936962770646	-5.6626580414192866e-05	1.7020882555352203e-06	-7.5288108543852225e-06	-9.265243088500193e-05	1.315650490323335e-05	2.780734201896571e-07	-5.368880525191455e-06	-3.183768957018302e-05	-1.480568082180666e-06	-0.09529486436726052	-0.3870867084214605	-0.0006891566881782301	-0.008012735918785562	-0.025673134875442396	-0.06160658442385841	-0.0537059479370068	0.6569894042013641	-0.07280645216842954	-0.6242825761289159	-0.0008162834906217997	-0.022234986657965927	0.0804319157638545	2.374214213384908e-05	-0.007060176896227534
0.00029260205582179113	6.83272486844642e-05	8.276385978320736e-06	1.687371582270147e-07	-9.248898587003607e-05	-0.0002298940104782578	-3.3844366346452005e-06	-7.955135677499173e-06	-3.3960028921423524e-05	-8.616401804656641e-07	0.8691766621954571	-0.09338768546339024	0.003413490805631194	0.053078212249226625	0.08097096094267871	0.29704802812869896	0.2757285897151295	-0.05672026823579064	-0.04617633729888434	-0.17053459241695862	-0.0003170908524560615	0.08400628497333854	0.1435709223867933	-8.58076030486551e-06	-0.007760760438741476
