tloc	tmcCabe	assertionDensity	assertionRoulette	mysteryGuest	eagerTest	sensitiveEquality	resourceOptimism	conditionalTestLogic	fireAndForget	loc	lcom2	lcom5	cbo	wmc	rfc	mpc	halsteadVocabulary	halsteadLength	halsteadVolume	classDataShouldBePrivate	complexClass	spaghettiCode	functionalDecomposition	godClass
0.0001271875794833737	8.512765030155744e-07	1.352695178864575e-06	4.05636876460463e-05	3.3847285776999603e-06	0.00017672582486209033	2.255872920933076e-06	3.5161599963913285e-07	8.557908573102868e-06	1.1527515282966057e-07	0.12858415454649297	0.5577254730099278	0.0002496770244611836	0.0008680917480025795	0.017337714972895886	0.01735547458750321	0.012668430214886768	0.7246167340200665	0.03690622122131573	0.375719153798315	0.0002755208405694635	0.01687124202078074	0.06132699483899769	-6.130941232305467e-06	0.0017807116239699713
-0.00026823211335452973	-4.448228052571553e-05	4.469279198763031e-06	-2.891783640426528e-06	-5.8239071658374346e-05	7.263020826434773e-05	-5.4600079640677354e-06	-3.2035885791233834e-06	-4.8440897654303256e-05	-1.3605734921672879e-06	0.05687477156368198	0.7363462821999479	0.00011258982442251686	-0.0014476112457281107	0.011842105917446465	0.0012623772910887497	-0.0016102062278568348	-0.25142695346116617	-0.0715087004192394	-0.6210988223707116	9.246840414964877e-06	0.01633785226178438	-0.004521560047380851	1.3755794902211684e-05	-0.005716068749777973
-0.0007790135525744324	-6.924675868472338e-05	2.311920839083191e-06	-1.776343242577537e-05	-0.00010952022056967096	-1.430473942251758e-05	-1.9734498416276983e-06	-6.401941036552485e-06	-4.6497203347319566e-05	-1.8689728058523798e-06	-0.0732589846687893	-0.35237279858127646	-0.0004839285719955983	-0.007076273355696369	-0.022787845840793613	-0.04282957399173462	-0.03575477952502958	0.6315535700491463	-0.0816960356677348	-0.6722117639423661	-0.0008987197253459674	-0.018037604646694717	0.0947259596535216	2.674189094279423e-05	-0.009030752277222883
0.0018338020010963587	5.04360113222888e-05	1.1127785098396325e-05	6.0850534330928274e-05	9.571342226092204e-05	0.0001209698441612336	2.5335434425250504e-05	8.08479108325422e-07	0.00012318301627963667	4.551883951286551e-06	0.9621696066396319	-0.14699448246645844	0.0017216072386420892	0.016829833537868735	0.05703277042515286	0.14609095249462414	0.12432221381145597	-0.034712111647719306	-0.018903703157738865	-0.06835732863240607	0.0007765146214755164	0.04243008955256952	0.06437763401635527	-7.226403251962874e-05	0.010046514253804812
