tloc	tmcCabe	assertionDensity	assertionRoulette	mysteryGuest	eagerTest	sensitiveEquality	resourceOptimism	conditionalTestLogic	fireAndForget	loc	lcom2	lcom5	cbo	wmc	rfc	mpc	halsteadVocabulary	halsteadLength	halsteadVolume	classDataShouldBePrivate	complexClass	spaghettiCode	functionalDecomposition	godClass
7.0353843853462e-05	5.408630027568211e-06	2.2576102754589023e-07	2.2716162789740056e-05	-9.351003779008354e-07	6.819116671747722e-05	6.587759835859249e-07	-2.4775368953456552e-08	5.082332288059974e-08	-4.708041736032591e-08	0.14044537323010473	0.21458695359710347	0.0006433875266395768	0.005049092806669747	0.017526307699116107	0.057412272479486555	0.05266618677409191	0.7361190039005988	0.057983154573521316	0.612427948608659	0.00011445857076862112	0.017520657249946198	0.08494326070081373	-4.558423740811734e-06	0.0009903961774290326
