tloc	tmcCabe	assertionDensity	assertionRoulette	mysteryGuest	eagerTest	sensitiveEquality	resourceOptimism	conditionalTestLogic	fireAndForget	loc	lcom2	lcom5	cbo	wmc	rfc	mpc	halsteadVocabulary	halsteadLength	halsteadVolume	classDataShouldBePrivate	complexClass	spaghettiCode	functionalDecomposition	godClass
6.925657594333254e-05	5.466715082211202e-06	2.0681845692307438e-07	2.2141550067341594e-05	-8.723239379772448e-07	6.88078908266574e-05	6.686209414183148e-07	-2.0956069339252595e-08	1.1672546339767938e-08	-4.502190882189191e-08	0.14043637084885158	0.21501570803480938	0.0006427559090284139	0.005047484353374316	0.017543754398581503	0.057354252169944	0.052601471653652754	0.7360443547557023	0.05799031081153191	0.6123919382162808	0.00011446558439514837	0.017537909286088157	0.0848477294401894	-4.60369447561767e-06	0.0009896917977272376
7.387960034968663e-07	-2.3061952625347392e-05	3.584761327011383e-06	3.3911154376553364e-05	-1.7064265264273032e-05	0.00021698482380169467	4.2930135236173415e-07	-7.096116921569985e-07	-5.664959364734116e-06	-3.0978241712593e-07	0.0454847471113016	0.8889805812036785	-0.00037685730431162194	-0.005513744749974179	0.009548010864344248	-0.04496288081553179	-0.04736944264208554	0.10558477577109915	-0.04426342305026041	-0.4357420346769021	0.00028425425940993955	0.010629804124248503	-0.012851606143419058	1.6611125649490256e-06	-0.0007928815967973657
