tloc	tmcCabe	assertionDensity	assertionRoulette	mysteryGuest	eagerTest	sensitiveEquality	resourceOptimism	conditionalTestLogic	fireAndForget	loc	lcom2	lcom5	cbo	wmc	rfc	mpc	halsteadVocabulary	halsteadLength	halsteadVolume	classDataShouldBePrivate	complexClass	spaghettiCode	functionalDecomposition	godClass
6.974083973102856e-05	5.6098419433671204e-06	1.6450527756958008e-07	2.2194610092586752e-05	-1.2984450357534584e-06	6.824396220288001e-05	6.432795226074899e-07	-3.803647747369355e-08	1.1462078313271888e-08	-4.934931094985989e-08	0.14054662177299176	0.21526593587924828	0.0006431764925809652	0.005058209467772841	0.017552442620752586	0.05741281969062738	0.05265753437349592	0.736159013135017	0.057938052430073265	0.6121228239054533	0.0001154629444870745	0.01755302112064931	0.08493361078539523	-4.6713048701624784e-06	0.0009881743712126865
7.973029005136616e-07	-2.3130291898140926e-05	3.607532180440691e-06	3.402306709997733e-05	-1.694972830511452e-05	0.0002174374262620623	4.3956317710116965e-07	-7.057293145827309e-07	-5.692699409910535e-06	-3.106477217758291e-07	0.045211646980199804	0.8889885631939735	-0.0003777180317828711	-0.005531500175965357	0.009521249760506403	-0.04509540087399384	-0.047492748673848534	0.1052431286842928	-0.04423508642226024	-0.4358099910149932	0.00028353839248723727	0.010610310705065597	-0.012967073520262945	1.6817768515361879e-06	-0.000793790205052549
