tloc	tmcCabe	assertionDensity	assertionRoulette	mysteryGuest	eagerTest	sensitiveEquality	resourceOptimism	conditionalTestLogic	fireAndForget	loc	lcom2	lcom5	cbo	wmc	rfc	mpc	halsteadVocabulary	halsteadLength	halsteadVolume	classDataShouldBePrivate	complexClass	spaghettiCode	functionalDecomposition	godClass
6.867773925179377e-05	5.3508920236728206e-06	1.792804520963285e-07	2.1981766452678866e-05	-9.999463270763826e-07	6.876621407238704e-05	6.580413395403719e-07	-2.8178173675397197e-08	1.0843813016188775e-07	-4.983219153681449e-08	0.14046590707851908	0.2151268538865204	0.0006430127378080727	0.0050490078871082734	0.017545365964594953	0.05737670311529674	0.052623151207237616	0.7361386003257164	0.05796578474934386	0.6122241834277853	0.000114370396691722	0.01754708474849906	0.08489589941408289	-4.651895785908611e-06	0.0009894053210932402
