tloc	tmcCabe	assertionDensity	assertionRoulette	mysteryGuest	eagerTest	sensitiveEquality	resourceOptimism	conditionalTestLogic	fireAndForget	loc	lcom2	lcom5	cbo	wmc	rfc	mpc	halsteadVocabulary	halsteadLength	halsteadVolume	classDataShouldBePrivate	complexClass	spaghettiCode	functionalDecomposition	godClass
6.915860879742697e-05	5.3151141433870385e-06	1.9478046555194384e-07	2.207875681958368e-05	-9.459639873133861e-07	6.916199034175364e-05	7.33291430297768e-07	-2.445532415307903e-08	-6.894644623865253e-08	-4.79543156545073e-08	0.14070225542304213	0.2152385506497706	0.0006426991222981504	0.005047848983664962	0.017555340145808566	0.057371642990652165	0.05261380780790166	0.7360134603109805	0.0579761293182236	0.6122881436998283	0.00011439015298610765	0.017543770018721712	0.08484596504330717	-4.631969855705839e-06	0.0009892151933109147
2.3973522809631766e-06	-2.2624073295726224e-05	3.6433821222907062e-06	3.4469922439146644e-05	-1.665976286402575e-05	0.0002153863761644105	1.4316591808966822e-07	-6.898062982258048e-07	-5.250514317410357e-06	-2.9926971073960854e-07	0.04393999242597699	0.8888170559573257	-0.0003812507075872785	-0.0055322583175520575	0.009472072581008687	-0.045204064363435374	-0.047575456670378345	0.10593018044075438	-0.044272101535817024	-0.43610323887071706	0.0002851853926529661	0.010568251249449049	-0.012903978327182104	1.744727360947363e-06	-0.0007923397920611403
-0.0006954817428761442	-5.791511582907373e-05	1.5448556152094071e-06	-9.232523980663753e-06	-9.400489364346862e-05	1.618921824527904e-05	8.069789512829211e-07	-5.441539741952545e-06	-3.2939242575310876e-05	-1.5104288521456694e-06	-0.09064281638451224	-0.38820286272177446	-0.0006672317273585108	-0.00792821078034668	-0.025440477550769374	-0.060820740065850615	-0.05302111375269529	0.6566830238792917	-0.07292917909821561	-0.6246887147542869	-0.0008213804244602182	-0.022042470238485923	0.08085152066810299	2.3582946913055208e-05	-0.007087724891950005
