tloc	tmcCabe	assertionDensity	assertionRoulette	mysteryGuest	eagerTest	sensitiveEquality	resourceOptimism	conditionalTestLogic	fireAndForget	loc	lcom2	lcom5	cbo	wmc	rfc	mpc	halsteadVocabulary	halsteadLength	halsteadVolume	classDataShouldBePrivate	complexClass	spaghettiCode	functionalDecomposition	godClass
8.440994772042377e-05	1.2448319008195384e-05	-7.682206833820647e-07	1.0337184960101945e-05	3.094377613579403e-06	9.032362756030727e-06	-1.0268725151602835e-07	1.7260132387083222e-07	2.5857199516756855e-06	3.6721097850048745e-08	0.13827532057390726	0.025763416938168835	0.0007472949210277077	0.006595296824865358	0.016202876754518317	0.07025973462460937	0.0657296959149462	0.6792481272994115	0.06735163928229843	0.7050433357925596	5.575559807573086e-05	0.016025582016252593	0.08598789432205539	-5.268486072660132e-06	0.0012861797244805863
0.0003967345426695053	1.763757966096966e-05	-2.0338890035634287e-06	1.5138942463141153e-05	1.8990591859970258e-06	0.00018478813404684464	1.4383031760564098e-06	7.360358920685938e-07	1.4683949787224357e-05	1.6731762190973844e-07	0.1393010950324148	0.988159012935246	-3.440379082481768e-05	0.0022670977854368905	0.024943284928542753	0.019280829155180913	0.010551100915990309	-0.0307248772286607	-0.0032779652471550086	-0.03637080978319427	0.0005991653064831443	0.025314972516387133	-0.01003694003174355	-8.675541973845735e-06	0.002616728820761008
