tloc	tmcCabe	assertionDensity	assertionRoulette	mysteryGuest	eagerTest	sensitiveEquality	resourceOptimism	conditionalTestLogic	fireAndForget	loc	lcom2	lcom5	cbo	wmc	rfc	mpc	halsteadVocabulary	halsteadLength	halsteadVolume	classDataShouldBePrivate	complexClass	spaghettiCode	functionalDecomposition	godClass
6.930919013690749e-05	5.390892028854246e-06	1.8797757731494614e-07	2.1997955342764197e-05	-7.536434775897026e-07	6.879377994544845e-05	6.758565707275955e-07	-1.793048916503692e-08	-2.0244882245253482e-08	-4.7685076158668684e-08	0.14045624391541164	0.215037073660472	0.0006427745644774522	0.005047658706632229	0.017544069163669372	0.05736948039753806	0.05261702033020178	0.7360866957031447	0.057978405583765366	0.6123250385362082	0.00011438642017192934	0.01753984862228635	0.08486392508975232	-4.563944581280534e-06	0.0009893717441082895
