tloc	tmcCabe	assertionDensity	assertionRoulette	mysteryGuest	eagerTest	sensitiveEquality	resourceOptimism	conditionalTestLogic	fireAndForget	loc	lcom2	lcom5	cbo	wmc	rfc	mpc	halsteadVocabulary	halsteadLength	halsteadVolume	classDataShouldBePrivate	complexClass	spaghettiCode	functionalDecomposition	godClass
6.861631547943722e-05	5.3519020837042405e-06	1.9567587247982828e-07	2.1962774333523432e-05	-1.060709771008397e-06	6.890266527633417e-05	6.562780995951898e-07	-2.9311850256472395e-08	-2.1064819325797482e-07	-3.752597868452184e-08	0.14047303308302306	0.21519434661444925	0.000643189230193368	0.0050462701950861315	0.017550019437661917	0.057385054959590676	0.05263011524901773	0.7361172550577437	0.05796003808298471	0.6122204045861952	0.00011474314608292218	0.01755014800733079	0.08491791380422344	-4.525977635537886e-06	0.0009894167047692734
1.5430889534504658e-06	-2.3019216984742543e-05	3.581951279368999e-06	3.371874090953442e-05	-1.7010457963972464e-05	0.00021571450658219298	4.344136156377145e-07	-7.303135151775842e-07	-5.307123442622752e-06	-3.084938110035921e-07	0.04540914264693212	0.8888008879895535	-0.0003774742513442819	-0.005518876906264903	0.009518810976703517	-0.045080273094515094	-0.047468043545110264	0.105633068549085	-0.04428372111125521	-0.43607875919949707	0.00028385740683993396	0.010597205005094526	-0.012930553262764651	1.6487779681487452e-06	-0.0007939881850545604
