tloc	tmcCabe	assertionDensity	assertionRoulette	mysteryGuest	eagerTest	sensitiveEquality	resourceOptimism	conditionalTestLogic	fireAndForget	loc	lcom2	lcom5	cbo	wmc	rfc	mpc	halsteadVocabulary	halsteadLength	halsteadVolume	classDataShouldBePrivate	complexClass	spaghettiCode	functionalDecomposition	godClass
6.803379241332718e-05	5.6944406356502945e-06	2.2239307450369863e-07	2.2237818516056336e-05	-1.0803791824174449e-06	6.827086280286142e-05	6.05002419179308e-07	-2.982965321188817e-08	-7.982948058946682e-07	-5.0513009371927234e-08	0.14063020206263352	0.21648320564304346	0.0006439099164041619	0.005080751939901972	0.01759104165678183	0.05774405665483073	0.05297563795486496	0.7348677733655906	0.05802488473842866	0.6131534308454493	0.00011538522530105556	0.01759183402975829	0.08495025998693986	-4.164508738665814e-06	0.0009982263882935055
