tloc	tmcCabe	assertionDensity	assertionRoulette	mysteryGuest	eagerTest	sensitiveEquality	resourceOptimism	conditionalTestLogic	fireAndForget	loc	lcom2	lcom5	cbo	wmc	rfc	mpc	halsteadVocabulary	halsteadLength	halsteadVolume	classDataShouldBePrivate	complexClass	spaghettiCode	functionalDecomposition	godClass
6.645200258682335e-05	5.2453780176498886e-06	1.8524317698987512e-07	2.1843741984199387e-05	-1.1989546837530495e-06	6.878521454279344e-05	6.420913656732303e-07	-3.59573195502306e-08	-2.547965670130611e-07	-5.689583280963324e-08	0.14040685039600004	0.2151713275982851	0.0006433922255735079	0.005047681567158896	0.017540693204637647	0.05740533124319788	0.05265525076507069	0.7362800792822956	0.05792685727144889	0.6120382404079543	0.00011302060348242134	0.017555776906131294	0.08498124848039029	-4.463322328061787e-06	0.0009877681140635847
