tloc	tmcCabe	assertionDensity	assertionRoulette	mysteryGuest	eagerTest	sensitiveEquality	resourceOptimism	conditionalTestLogic	fireAndForget	loc	lcom2	lcom5	cbo	wmc	rfc	mpc	halsteadVocabulary	halsteadLength	halsteadVolume	classDataShouldBePrivate	complexClass	spaghettiCode	functionalDecomposition	godClass
6.305241705908438e-05	4.499233901722344e-06	3.379518324267519e-07	2.286182385446747e-05	-2.450405997989879e-06	7.157238940437714e-05	4.841055129791402e-07	-2.747911902254318e-07	-1.4453863750139885e-06	-4.892214229590561e-08	0.13966751085231124	0.2215418533587001	0.000679963789124891	0.00522948619304698	0.01813282120029242	0.060277205872714415	0.05537304420259671	0.7338290372639477	0.057551085910864955	0.612247878127849	7.423487351410155e-05	0.018211707181027884	0.08578586773656242	-4.4194316054643364e-06	0.0007243716525669034
-8.223424482825953e-06	-2.3946223836429722e-05	3.920349373954724e-06	3.487355912349382e-05	-1.7621270323598002e-05	0.00023179263286274922	1.068931829839751e-06	-5.193699764699802e-07	-4.368364175968507e-06	-3.162334780727625e-07	0.03067320444582667	0.8754363872687028	-0.00047299458266277715	-0.006679542792708147	0.007831407908300055	-0.05619944792800846	-0.057914698113152696	0.12462370546021209	-0.04550584100296869	-0.4561683960579756	0.00040913224087868704	0.008692707821376816	-0.016849521547442726	1.6874451466912418e-06	-0.0006908292513291506
