tloc	tmcCabe	assertionDensity	assertionRoulette	mysteryGuest	eagerTest	sensitiveEquality	resourceOptimism	conditionalTestLogic	fireAndForget	loc	lcom2	lcom5	cbo	wmc	rfc	mpc	halsteadVocabulary	halsteadLength	halsteadVolume	classDataShouldBePrivate	complexClass	spaghettiCode	functionalDecomposition	godClass
6.94329785081602e-05	5.446617893060065e-06	2.041886605698741e-07	2.2148999552511312e-05	-8.265892654285273e-07	6.877669141828052e-05	6.690072700836142e-07	-1.8785726949057502e-08	3.700036349191635e-08	-4.495063080462485e-08	0.14042685173537073	0.21486931267966108	0.0006427746648110626	0.005047689692198211	0.01754002016143043	0.05735142415352017	0.0525997201941739	0.7360279834893539	0.0580028293533499	0.6124673679903814	0.00011430385134346151	0.017530747603110675	0.08482858720910595	-4.616654482550044e-06	0.0009897986671951794
-9.302417525041159e-06	-2.451254373458997e-05	3.827266671750699e-06	3.5607212443103846e-05	-1.6738403110054798e-05	0.00020901294340884327	3.862761773524167e-07	-7.79256450493559e-07	-5.533654447019125e-06	-2.854144625141735e-07	0.0411456960002347	0.8844421677664621	-0.0003880925119169322	-0.005743074152904937	0.008738036155769274	-0.04700140847842838	-0.04914822000958816	0.11416077542171432	-0.044890938065716014	-0.44275028258326293	0.0002320412893060774	0.009772886395947564	-0.012765440027285423	1.9688671091152294e-06	-0.0008121454931627587
-0.0006814045390403583	-5.383801304463906e-05	9.965773966857256e-07	-1.347428566080219e-05	-9.779033960086771e-05	3.64682274368732e-05	4.1077773837191324e-07	-5.392851741241689e-06	-3.3714652501821525e-05	-1.6215402109296936e-06	-0.08163561800033048	-0.39958380220037565	-0.0006594201558177671	-0.007274764736179583	-0.02380753705987437	-0.05544004101712292	-0.048138975197930645	0.6544176590372671	-0.07336043552093913	-0.6216326266417372	-0.0006839563366141286	-0.020054849362234273	0.08443565376027418	2.3683723864385e-05	-0.007309108569028983
