tloc	tmcCabe	assertionDensity	assertionRoulette	mysteryGuest	eagerTest	sensitiveEquality	resourceOptimism	conditionalTestLogic	fireAndForget	loc	lcom2	lcom5	cbo	wmc	rfc	mpc	halsteadVocabulary	halsteadLength	halsteadVolume	classDataShouldBePrivate	complexClass	spaghettiCode	functionalDecomposition	godClass
6.809794261986863e-05	5.185882587737809e-06	1.945301760987933e-07	2.2320048062856453e-05	-1.0889215600444893e-06	6.891918999071944e-05	6.677022032696929e-07	-3.5635949647901704e-08	-2.721343149485668e-07	-4.412088718216647e-08	0.14041217047550303	0.21510083727386248	0.0006429615655417537	0.005041323633865677	0.017542800985951252	0.057381194216194295	0.05262865030621829	0.7362232622085279	0.05794885751589535	0.6121401587686395	0.0001141665734528722	0.01755322074884081	0.08492761955469855	-4.551570641104236e-06	0.0009605839084006028
