tloc	tmcCabe	assertionDensity	assertionRoulette	mysteryGuest	eagerTest	sensitiveEquality	resourceOptimism	conditionalTestLogic	fireAndForget	loc	lcom2	lcom5	cbo	wmc	rfc	mpc	halsteadVocabulary	halsteadLength	halsteadVolume	classDataShouldBePrivate	complexClass	spaghettiCode	functionalDecomposition	godClass
5.372033950012418e-05	3.924224725905254e-06	1.8547722660611953e-07	2.2340520707693265e-05	-1.7413817384996383e-06	6.85963516813308e-05	6.375385566840612e-07	-4.850835181978528e-08	-1.5137728584492987e-06	-9.42418014254206e-08	0.14180595981165084	0.212289099765992	0.0006600475483116962	0.0051275193418650715	0.01766029846006343	0.058330608970311205	0.05356786108815137	0.7420754751396812	0.05708973436667504	0.6054305823254905	0.0001164241615291654	0.01769371805765659	0.08612930202125584	-4.611204245910672e-06	0.001017023753349791
