tloc	tmcCabe	assertionDensity	assertionRoulette	mysteryGuest	eagerTest	sensitiveEquality	resourceOptimism	conditionalTestLogic	fireAndForget	loc	lcom2	lcom5	cbo	wmc	rfc	mpc	halsteadVocabulary	halsteadLength	halsteadVolume	classDataShouldBePrivate	complexClass	spaghettiCode	functionalDecomposition	godClass
6.687388246760913e-05	5.155753835496739e-06	1.901785642485944e-07	2.180956678690651e-05	-1.1540425720362923e-06	6.842771369379768e-05	6.902444855961804e-07	-4.716666303294772e-08	-3.728443024629963e-07	-5.313830559822373e-08	0.14051247183757842	0.213429633719865	0.0006441851979348121	0.005056469538974916	0.017515752286759965	0.057439709530327746	0.05270474036517635	0.7367426368206109	0.05791655202120959	0.6120536906123301	0.00011445127889855074	0.017512069113907795	0.08504531213445814	-4.386705132420139e-06	0.0009908714104941397
3.3673541047321136e-06	-2.2798820150229696e-05	3.5702458786314304e-06	3.431086303029363e-05	-1.7231590266434612e-05	0.00021879472199952887	4.388940537008393e-07	-7.56022853211434e-07	-6.170317403445871e-06	-3.020436648288838e-07	0.04620279668670781	0.887687123790487	-0.00037373699439639357	-0.0055015004528183075	0.00955656778323908	-0.04494314932430888	-0.04732159644913979	0.10886282795399436	-0.04449624967554522	-0.4374883740707176	0.00028646530901080605	0.010614282340939115	-0.012465488579322928	1.5895310023565075e-06	-0.0007906442627675281
