tloc	tmcCabe	assertionDensity	assertionRoulette	mysteryGuest	eagerTest	sensitiveEquality	resourceOptimism	conditionalTestLogic	fireAndForget	loc	lcom2	lcom5	cbo	wmc	rfc	mpc	halsteadVocabulary	halsteadLength	halsteadVolume	classDataShouldBePrivate	complexClass	spaghettiCode	functionalDecomposition	godClass
6.812763185074216e-05	5.225503085513401e-06	2.4882642202399367e-07	2.194507770110525e-05	-1.1744825416269467e-06	6.89793771071963e-05	6.507916654947105e-07	-4.1389702147060444e-08	-1.352438771334202e-07	-4.6828081146086155e-08	0.14041454389546937	0.21507664626581216	0.0006431975907700845	0.0050455494823887755	0.017541347024528125	0.057377834931020506	0.05262667900038542	0.736183059983064	0.05795718900030396	0.61219916375848	0.00011418324627005921	0.01754402088173619	0.08490756789496415	-4.577458038219729e-06	0.0009890846797576238
2.1271781422079583e-06	-2.3086762058625488e-05	3.6013318210085684e-06	3.413692421069436e-05	-1.6937321163100767e-05	0.0002168384774075364	4.3794579456351155e-07	-6.882176479353774e-07	-5.6227274985083205e-06	-3.015230451670424e-07	0.045427200296365475	0.8889897891985379	-0.0003777323379268525	-0.005515148888559586	0.009539354108144582	-0.04501238545479243	-0.047416534796347526	0.10541569943242009	-0.044254335964120345	-0.43575986057256516	0.0002844327713573099	0.010624280531679572	-0.012896184497721284	1.640743315979238e-06	-0.0007961388027326996
