tloc	tmcCabe	assertionDensity	assertionRoulette	mysteryGuest	eagerTest	sensitiveEquality	resourceOptimism	conditionalTestLogic	fireAndForget	loc	lcom2	lcom5	cbo	wmc	rfc	mpc	halsteadVocabulary	halsteadLength	halsteadVolume	classDataShouldBePrivate	complexClass	spaghettiCode	functionalDecomposition	godClass
6.895158356549993e-05	5.38226151996642e-06	2.0877070928848437e-07	2.1823924626248143e-05	-6.554039654989299e-07	6.793977028801141e-05	6.518429872034157e-07	-1.1400374918178842e-08	2.0481726649192924e-08	-3.7522058603073e-08	0.1405434900401486	0.2151328492514304	0.0006429572927367992	0.0050576832351027215	0.017505270121735927	0.05743052183098017	0.05268901872803415	0.7362632619015826	0.05793004001533121	0.6120385857977779	0.00011503216057177887	0.01749106133700498	0.08497588431599583	-4.599738500128267e-06	0.0009934147527316992
2.114075186646657e-06	-2.2919458809084965e-05	3.577145063823545e-06	3.415115032423149e-05	-1.7188623079061208e-05	0.00021756451386547397	4.521034616929978e-07	-7.167293514886669e-07	-5.571436446504092e-06	-3.13679560418865e-07	0.04536246760715093	0.8889629899844875	-0.000376762722166293	-0.005525058170121408	0.009557301393126973	-0.04506503832743096	-0.04747260401650371	0.10533106891544951	-0.044255756685560095	-0.43582771373086854	0.00028400736817606734	0.010640649952217165	-0.012943895670247589	1.6513761334527979e-06	-0.0007955479424324543
