tloc	tmcCabe	assertionDensity	assertionRoulette	mysteryGuest	eagerTest	sensitiveEquality	resourceOptimism	conditionalTestLogic	fireAndForget	loc	lcom2	lcom5	cbo	wmc	rfc	mpc	halsteadVocabulary	halsteadLength	halsteadVolume	classDataShouldBePrivate	complexClass	spaghettiCode	functionalDecomposition	godClass
6.82464679635536e-05	5.509299444309201e-06	2.1484373946408985e-07	2.222891753092697e-05	-9.022601230132109e-07	6.870387429628105e-05	6.665690536348297e-07	-9.178830515045973e-09	4.6343012381480926e-08	-7.811778735776621e-08	0.14052264581062474	0.21548638375791118	0.0006443960115056335	0.005049074734940741	0.017548158610433483	0.057437007658727286	0.05268343777930928	0.7365005280986457	0.05787167097736055	0.6116303688791732	0.00011451084344442479	0.017549579079367404	0.08501975926230597	-4.592775250108755e-06	0.0006059182264692028
2.0470881659156697e-06	-2.2947982326959405e-05	3.6133614975771636e-06	3.4489506612743274e-05	-1.6935875660455855e-05	0.0002182460554304807	4.251904552196085e-07	-7.053731579127188e-07	-5.301543832771872e-06	-2.3454021281423915e-07	0.045324419718660816	0.8886616944297815	-0.0003802607913826399	-0.005532855111296567	0.00952769538720539	-0.04525774630319618	-0.047640784578712445	0.10525920854384334	-0.044286026514858925	-0.43641973190626915	0.0002844880991069574	0.010596867260905828	-0.013079236030740845	1.644457365781886e-06	-0.0004708066905484079
