tloc	tmcCabe	assertionDensity	assertionRoulette	mysteryGuest	eagerTest	sensitiveEquality	resourceOptimism	conditionalTestLogic	fireAndForget	loc	lcom2	lcom5	cbo	wmc	rfc	mpc	halsteadVocabulary	halsteadLength	halsteadVolume	classDataShouldBePrivate	complexClass	spaghettiCode	functionalDecomposition	godClass
6.730124034245062e-05	4.735093514791342e-06	3.651186863910343e-07	2.2087135983800314e-05	-1.4004344363625428e-06	6.876883977725528e-05	6.520201981841861e-07	-4.2205981655129816e-08	-6.302784301300038e-07	-5.8895471505375895e-08	0.14033754146603478	0.21513994660336158	0.0006434150600422502	0.005041497555055106	0.01753726183387826	0.05737632412148748	0.05262522810599269	0.7362859396607555	0.05793183509832282	0.6120681350505326	0.00011395760745089809	0.017546808126103066	0.08494682353145572	-4.518444542791063e-06	0.000986867994635453
3.6944327057056908e-06	-2.2642557022219658e-05	3.5205905366375035e-06	3.406108190735754e-05	-1.6744137801390576e-05	0.00021726709325615293	4.4972923407168484e-07	-6.950133589382856e-07	-5.266460934373185e-06	-3.011903790854664e-07	0.04551246705563864	0.8889546774378185	-0.0003775853122256455	-0.005512716292601146	0.009539839069135438	-0.04500552566394243	-0.047405311464257104	0.10531761968919134	-0.044260028687884964	-0.4358471658161339	0.00028468375834682136	0.010630559829223618	-0.012908375963481405	1.627774457623269e-06	-0.0007914724365083995
