tloc	tmcCabe	assertionDensity	assertionRoulette	mysteryGuest	eagerTest	sensitiveEquality	resourceOptimism	conditionalTestLogic	fireAndForget	loc	lcom2	lcom5	cbo	wmc	rfc	mpc	halsteadVocabulary	halsteadLength	halsteadVolume	classDataShouldBePrivate	complexClass	spaghettiCode	functionalDecomposition	godClass
6.941149391001643e-05	5.436239281778191e-06	2.0663299006826814e-07	2.21306252433101e-05	-8.337055359797116e-07	6.883309152697859e-05	6.6356458864723e-07	-1.9244776590307253e-08	4.3443304040366717e-08	-4.536008567608686e-08	0.14045233262038986	0.21499576560732228	0.0006425751342316101	0.005047442572647258	0.017543148468953555	0.05735484520299538	0.05260224104626015	0.7360374606237223	0.05799377963861513	0.6124041961771302	0.00011455027529464454	0.017535187917966124	0.08484061587123064	-4.610637240331022e-06	0.0009898554365738038
