tloc	tmcCabe	assertionDensity	assertionRoulette	mysteryGuest	eagerTest	sensitiveEquality	resourceOptimism	conditionalTestLogic	fireAndForget	loc	lcom2	lcom5	cbo	wmc	rfc	mpc	halsteadVocabulary	halsteadLength	halsteadVolume	classDataShouldBePrivate	complexClass	spaghettiCode	functionalDecomposition	godClass
0.0001271875794832449	8.512765030155408e-07	1.3526951788645837e-06	4.056368764604636e-05	3.3847285776999285e-06	0.00017672582486209063	2.2558729209330685e-06	3.516159996391329e-07	8.557908573102824e-06	1.1527515282965916e-07	0.12858415454649294	0.557725473009929	0.00024967702446118423	0.0008680917480025799	0.01733771497289591	0.017355474587503247	0.01266843021488677	0.7246167340200668	0.0369062212213157	0.3757191537983146	0.0002755208405694641	0.01687124202078081	0.061326994838997693	-6.130941232305465e-06	0.0017807116239699674
