tloc	tmcCabe	assertionDensity	assertionRoulette	mysteryGuest	eagerTest	sensitiveEquality	resourceOptimism	conditionalTestLogic	fireAndForget	loc	lcom2	lcom5	cbo	wmc	rfc	mpc	halsteadVocabulary	halsteadLength	halsteadVolume	classDataShouldBePrivate	complexClass	spaghettiCode	functionalDecomposition	godClass
6.878862731275463e-05	5.491889088078131e-06	1.9888029740892568e-07	2.2043380617200588e-05	-1.0313496000394003e-06	6.862648644574826e-05	6.796503242332936e-07	-2.7628466812418573e-08	5.598973528148197e-08	-4.885891868165399e-08	0.14040527650233434	0.2150199824102996	0.0006429771081813569	0.0050440165482226115	0.017538540261409396	0.057360653414440646	0.052609845516808466	0.7361242811423626	0.057972682776396535	0.6122978662317367	0.00011429729374456277	0.01754012703881492	0.08487724213404917	-4.56014823027092e-06	0.0009887426119739406
