tloc	tmcCabe	assertionDensity	assertionRoulette	mysteryGuest	eagerTest	sensitiveEquality	resourceOptimism	conditionalTestLogic	fireAndForget	loc	lcom2	lcom5	cbo	wmc	rfc	mpc	halsteadVocabulary	halsteadLength	halsteadVolume	classDataShouldBePrivate	complexClass	spaghettiCode	functionalDecomposition	godClass
6.925657594337553e-05	5.466715082211576e-06	2.0681845692303277e-07	2.2141550067341255e-05	-8.723239379770175e-07	6.880789082665441e-05	6.686209414183115e-07	-2.0956069339243794e-08	1.1672546339885229e-08	-4.502190882188737e-08	0.14043637084885124	0.21501570803479775	0.0006427559090284206	0.0050474843533744075	0.017543754398581395	0.05735425216994477	0.05260147165365348	0.7360443547557008	0.057990310811532504	0.6123919382162866	0.0001144655843951444	0.017537909286088067	0.08484772944018953	-4.603694475617714e-06	0.0009896917977272335
7.387960034947197e-07	-2.306195262547517e-05	3.5847613270114053e-06	3.391115437655364e-05	-1.7064265264273805e-05	0.00021698482380169554	4.293013523617494e-07	-7.096116921570399e-07	-5.664959364734383e-06	-3.0978241712594236e-07	0.04548474711130243	0.8889805812036777	-0.0003768573043116196	-0.005513744749974189	0.009548010864344272	-0.04496288081553152	-0.047369442642085355	0.10558477577111436	-0.04426342305026019	-0.43574203467689926	0.00028425425940993457	0.01062980412424855	-0.012851606143417363	1.66111256494919e-06	-0.0007928815967973952
