tloc	tmcCabe	assertionDensity	assertionRoulette	mysteryGuest	eagerTest	sensitiveEquality	resourceOptimism	conditionalTestLogic	fireAndForget	loc	lcom2	lcom5	cbo	wmc	rfc	mpc	halsteadVocabulary	halsteadLength	halsteadVolume	classDataShouldBePrivate	complexClass	spaghettiCode	functionalDecomposition	godClass
7.035384385356398e-05	5.40863002756818e-06	2.257610275458895e-07	2.2716162789740053e-05	-9.351003779008292e-07	6.819116671747744e-05	6.587759835859182e-07	-2.4775368953455996e-08	5.0823322880587735e-08	-4.7080417360326174e-08	0.14044537323010475	0.2145869535971041	0.0006433875266395755	0.005049092806669727	0.01752630769911609	0.05741227247948649	0.05266618677409177	0.7361190039005989	0.05798315457352129	0.6124279486086581	0.00011445857076862165	0.01752065724994619	0.08494326070081361	-4.558423740811724e-06	0.0009903961774290384
