tloc	tmcCabe	assertionDensity	assertionRoulette	mysteryGuest	eagerTest	sensitiveEquality	resourceOptimism	conditionalTestLogic	fireAndForget	loc	lcom2	lcom5	cbo	wmc	rfc	mpc	halsteadVocabulary	halsteadLength	halsteadVolume	classDataShouldBePrivate	complexClass	spaghettiCode	functionalDecomposition	godClass
6.951920911472586e-05	5.470066621061297e-06	2.0696231876211685e-07	2.221084993966287e-05	-8.517384391944246e-07	6.880050418431567e-05	6.698603617093036e-07	-2.178216024323265e-08	1.2980379338614586e-07	-4.6622900284501024e-08	0.14043635778085264	0.21497615360994546	0.0006427188634866396	0.005048303458021252	0.017542836457036633	0.05735426424644768	0.052601869657136334	0.7360324893698864	0.05799631530379532	0.612421194813656	0.00011444979141947285	0.017535068094137723	0.08483611372927115	-4.617552634908872e-06	0.000989462869573394
