tloc	tmcCabe	assertionDensity	assertionRoulette	mysteryGuest	eagerTest	sensitiveEquality	resourceOptimism	conditionalTestLogic	fireAndForget	loc	lcom2	lcom5	cbo	wmc	rfc	mpc	halsteadVocabulary	halsteadLength	halsteadVolume	classDataShouldBePrivate	complexClass	spaghettiCode	functionalDecomposition	godClass
6.974083973117155e-05	5.60984194336711e-06	1.645052775695782e-07	2.2194610092586715e-05	-1.2984450357534791e-06	6.824396220288012e-05	6.432795226074906e-07	-3.8036477473693554e-08	1.1462078313236212e-08	-4.9349310949860504e-08	0.14054662177299174	0.21526593587924897	0.0006431764925809646	0.005058209467772829	0.01755244262075258	0.057412819690627295	0.05265753437349587	0.7361590131350172	0.05793805243007328	0.6121228239054534	0.00011546294448707437	0.0175530211206493	0.08493361078539527	-4.671304870162477e-06	0.0009881743712126852
7.973029006357595e-07	-2.3130291898174052e-05	3.607532180440677e-06	3.402306709997768e-05	-1.694972830511348e-05	0.00021743742626206244	4.3956317710118516e-07	-7.057293145826705e-07	-5.692699409910032e-06	-3.106477217758114e-07	0.04521164698019966	0.8889885631939767	-0.00037771803178286695	-0.005531500175965305	0.009521249760506587	-0.045095400873993524	-0.04749274867384827	0.10524312868428656	-0.04423508642225954	-0.43580999101498785	0.0002835383924872449	0.010610310705065734	-0.012967073520263925	1.6817768515359287e-06	-0.0007937902050524778
