tloc	tmcCabe	assertionDensity	assertionRoulette	mysteryGuest	eagerTest	sensitiveEquality	resourceOptimism	conditionalTestLogic	fireAndForget	loc	lcom2	lcom5	cbo	wmc	rfc	mpc	halsteadVocabulary	halsteadLength	halsteadVolume	classDataShouldBePrivate	complexClass	spaghettiCode	functionalDecomposition	godClass
6.8677739251889e-05	5.350892023672751e-06	1.7928045209633025e-07	2.1981766452678927e-05	-9.999463270763767e-07	6.876621407238751e-05	6.580413395403702e-07	-2.8178173675395053e-08	1.0843813016188649e-07	-4.98321915368149e-08	0.14046590707851897	0.21512685388652195	0.0006430127378080711	0.005049007887108245	0.017545365964594977	0.05737670311529657	0.05262315120723747	0.7361386003257164	0.05796578474934385	0.6122241834277852	0.00011437039669172265	0.017547084748499062	0.08489589941408288	-4.651895785908608e-06	0.0009894053210932395
