tloc	tmcCabe	assertionDensity	assertionRoulette	mysteryGuest	eagerTest	sensitiveEquality	resourceOptimism	conditionalTestLogic	fireAndForget	loc	lcom2	lcom5	cbo	wmc	rfc	mpc	halsteadVocabulary	halsteadLength	halsteadVolume	classDataShouldBePrivate	complexClass	spaghettiCode	functionalDecomposition	godClass
6.915860879729375e-05	5.3151141433870605e-06	1.9478046555194037e-07	2.2078756819583688e-05	-9.459639873132824e-07	6.916199034175341e-05	7.332914302977762e-07	-2.4455324153073108e-08	-6.89464462385584e-08	-4.795431565450451e-08	0.14070225542304196	0.21523855064976893	0.000642699122298151	0.0050478489836649635	0.017555340145808535	0.057371642990652165	0.05261380780790168	0.7360134603109807	0.05797612931822366	0.6122881436998284	0.00011439015298610743	0.01754377001872168	0.08484596504330709	-4.63196985570586e-06	0.0009892151933109236
2.3973522809273404e-06	-2.26240732957601e-05	3.643382122290715e-06	3.4469922439146515e-05	-1.6659762864026605e-05	0.00021538637616441066	1.4316591808967082e-07	-6.898062982258534e-07	-5.250514317410702e-06	-2.9926971073962336e-07	0.04393999242597662	0.8888170559573223	-0.0003812507075872837	-0.00553225831755213	0.009472072581008547	-0.04520406436343588	-0.0475754566703788	0.10593018044076076	-0.044272101535817426	-0.43610323887072105	0.00028518539265295933	0.010568251249448901	-0.012903978327181268	1.7447273609475748e-06	-0.0007923397920612077
-0.0006954817428759275	-5.7915115829255384e-05	1.5448556151764167e-06	-9.23252398066499e-06	-9.400489364346864e-05	1.6189218245275378e-05	8.069789512828453e-07	-5.44153974195254e-06	-3.2939242575310964e-05	-1.5104288521456717e-06	-0.09064281638451266	-0.38820286272178195	-0.0006672317273585066	-0.007928210780346574	-0.025440477550769464	-0.06082074006584989	-0.053021113752694624	0.6566830238792905	-0.07292917909821534	-0.6246887147542839	-0.0008213804244602253	-0.02204247023848598	0.08085152066810314	2.3582946913055306e-05	-0.007087724891950017
