tloc	tmcCabe	assertionDensity	assertionRoulette	mysteryGuest	eagerTest	sensitiveEquality	resourceOptimism	conditionalTestLogic	fireAndForget	loc	lcom2	lcom5	cbo	wmc	rfc	mpc	halsteadVocabulary	halsteadLength	halsteadVolume	classDataShouldBePrivate	complexClass	spaghettiCode	functionalDecomposition	godClass
8.440994772058418e-05	1.2448319008195465e-05	-7.682206833820841e-07	1.0337184960102008e-05	3.0943776135792837e-06	9.03236275603245e-06	-1.0268725151602374e-07	1.7260132387083143e-07	2.5857199516757054e-06	3.672109785004692e-08	0.1382753205739087	0.025763416938179334	0.0007472949210277087	0.006595296824865388	0.016202876754518588	0.07025973462460978	0.06572969591494644	0.679248127299411	0.06735163928229837	0.7050433357925596	5.5755598075736624e-05	0.01602558201625289	0.0859878943220554	-5.268486072660177e-06	0.0012861797244805987
0.0003967345426695184	1.763757966093355e-05	-2.033889003563423e-06	1.5138942463140978e-05	1.8990591859969559e-06	0.00018478813404684474	1.4383031760564117e-06	7.360358920685917e-07	1.4683949787224277e-05	1.6731762190973686e-07	0.13930109503241317	0.9881590129352454	-3.440379082482606e-05	0.002267097785436801	0.024943284928542545	0.019280829155180153	0.010551100915989611	-0.030724877228668172	-0.003277965247155695	-0.03637080978320146	0.0005991653064831442	0.02531497251638697	-0.0100369400317444	-8.675541973845672e-06	0.0026167288207609948
