tloc	tmcCabe	assertionDensity	assertionRoulette	mysteryGuest	eagerTest	sensitiveEquality	resourceOptimism	conditionalTestLogic	fireAndForget	loc	lcom2	lcom5	cbo	wmc	rfc	mpc	halsteadVocabulary	halsteadLength	halsteadVolume	classDataShouldBePrivate	complexClass	spaghettiCode	functionalDecomposition	godClass
6.80337924134874e-05	5.694440635650324e-06	2.2239307450369775e-07	2.2237818516056383e-05	-1.0803791824173854e-06	6.827086280286146e-05	6.050024191793141e-07	-2.9829653211883513e-08	-7.982948058946107e-07	-5.0513009371926215e-08	0.1406302020626334	0.21648320564304344	0.0006439099164041613	0.005080751939901963	0.017591041656781818	0.057744056654830726	0.052975637954864936	0.7348677733655906	0.058024884738428754	0.6131534308454497	0.00011538522530105614	0.01759183402975828	0.0849502599869398	-4.164508738665832e-06	0.000998226388293516
