tloc	tmcCabe	assertionDensity	assertionRoulette	mysteryGuest	eagerTest	sensitiveEquality	resourceOptimism	conditionalTestLogic	fireAndForget	loc	lcom2	lcom5	cbo	wmc	rfc	mpc	halsteadVocabulary	halsteadLength	halsteadVolume	classDataShouldBePrivate	complexClass	spaghettiCode	functionalDecomposition	godClass
6.32214009981315e-05	4.9410833547445805e-06	1.38105826140991e-07	2.2095829197255087e-05	-1.3161470491629027e-06	6.823127294481611e-05	6.556455653115155e-07	-2.354178720636688e-08	-1.0004272401936808e-06	-5.601387989135196e-08	0.1407399931892993	0.21389919234600527	0.0006442075006213092	0.005075834263172496	0.017518370274395404	0.05775660790445943	0.053015992156946336	0.7377219090435699	0.057655252376069624	0.6105354740878267	0.00011518820948753151	0.01758267110322987	0.08566424073933651	-4.510569885023372e-06	0.0009762199255437725
-5.428452917210132e-06	-2.3090894904009316e-05	3.755001833267148e-06	3.706432956220922e-05	-1.625541441590116e-05	0.0002241820885355765	4.0571752507026946e-07	-6.26510141492421e-07	-3.336052175746452e-06	-2.9201719083357414e-07	0.04483074563477942	0.8879897278103012	-0.00037937513711353764	-0.005612943720835061	0.009243241107220105	-0.04696693367141689	-0.04924659902996814	0.1074640676768636	-0.04421178457433717	-0.43693178738329774	0.0002889933473258342	0.010234858526078947	-0.014077055876776712	1.579970267654875e-06	-0.0007708488577230821
