tloc	tmcCabe	assertionDensity	assertionRoulette	mysteryGuest	eagerTest	sensitiveEquality	resourceOptimism	conditionalTestLogic	fireAndForget	loc	lcom2	lcom5	cbo	wmc	rfc	mpc	halsteadVocabulary	halsteadLength	halsteadVolume	classDataShouldBePrivate	complexClass	spaghettiCode	functionalDecomposition	godClass
6.645200258666404e-05	5.245378017649858e-06	1.8524317698987348e-07	2.184374198419938e-05	-1.198954683753017e-06	6.87852145427935e-05	6.420913656732322e-07	-3.5957319550227925e-08	-2.5479656701305227e-07	-5.689583280963319e-08	0.14040685039599968	0.2151713275982854	0.0006433922255735066	0.005047681567158869	0.017540693204637622	0.05740533124319768	0.05265525076507061	0.7362800792822951	0.05792685727144886	0.6120382404079542	0.00011302060348242137	0.01755577690613126	0.0849812484803902	-4.463322328061777e-06	0.0009877681140635895
