tloc	tmcCabe	assertionDensity	assertionRoulette	mysteryGuest	eagerTest	sensitiveEquality	resourceOptimism	conditionalTestLogic	fireAndForget	loc	lcom2	lcom5	cbo	wmc	rfc	mpc	halsteadVocabulary	halsteadLength	halsteadVolume	classDataShouldBePrivate	complexClass	spaghettiCode	functionalDecomposition	godClass
6.305241705923007e-05	4.499233901722237e-06	3.3795183242675395e-07	2.286182385446744e-05	-2.450405997989951e-06	7.157238940437741e-05	4.841055129791319e-07	-2.747911902254359e-07	-1.445386375014055e-06	-4.892214229590778e-08	0.139667510852311	0.22154185335870147	0.0006799637891248898	0.005229486193046956	0.018132821200292422	0.06027720587271434	0.05537304420259663	0.7338290372639482	0.057551085910865	0.6122478781278482	7.42348735141021e-05	0.018211707181027888	0.08578586773656245	-4.419431605464297e-06	0.0007243716525669004
-8.223424482922817e-06	-2.3946223836298865e-05	3.920349373954702e-06	3.48735591234938e-05	-1.7621270323598124e-05	0.00023179263286274927	1.0689318298397472e-06	-5.193699764699918e-07	-4.368364175968501e-06	-3.1623347807276297e-07	0.03067320444582596	0.8754363872687007	-0.00047299458266278084	-0.006679542792708163	0.007831407908299948	-0.05619944792800876	-0.05791469811315291	0.12462370546021348	-0.04550584100296892	-0.45616839605797893	0.0004091322408786847	0.008692707821376685	-0.016849521547442774	1.6874451466913036e-06	-0.0006908292513291833
