tloc	tmcCabe	assertionDensity	assertionRoulette	mysteryGuest	eagerTest	sensitiveEquality	resourceOptimism	conditionalTestLogic	fireAndForget	loc	lcom2	lcom5	cbo	wmc	rfc	mpc	halsteadVocabulary	halsteadLength	halsteadVolume	classDataShouldBePrivate	complexClass	spaghettiCode	functionalDecomposition	godClass
6.809794261980468e-05	5.185882587737788e-06	1.945301760987867e-07	2.2320048062856375e-05	-1.08892156004452e-06	6.891918999071914e-05	6.67702203269685e-07	-3.5635949647903015e-08	-2.721343149486102e-07	-4.4120887182167255e-08	0.14041217047550258	0.21510083727386115	0.000642961565541753	0.0050413236338656695	0.01754280098595121	0.057381194216194274	0.052628650306218376	0.7362232622085279	0.05794885751589531	0.6121401587686399	0.00011416657345287132	0.017553220748840775	0.08492761955469852	-4.551570641104213e-06	0.0009605839084006006
