tloc	tmcCabe	assertionDensity	assertionRoulette	mysteryGuest	eagerTest	sensitiveEquality	resourceOptimism	conditionalTestLogic	fireAndForget	loc	lcom2	lcom5	cbo	wmc	rfc	mpc	halsteadVocabulary	halsteadLength	halsteadVolume	classDataShouldBePrivate	complexClass	spaghettiCode	functionalDecomposition	godClass
7.224457732681885e-05	5.952671824108147e-06	2.0457973272667452e-07	2.288476528315793e-05	-5.585087621700789e-07	6.926986885545718e-05	6.979542721135503e-07	-5.540963868964882e-09	4.003287231475977e-07	-3.9854341217721415e-08	0.14015634357531043	0.21602248876382446	0.0006458630877342679	0.005071488809420844	0.017508551604142778	0.05687284516106395	0.05221569084548706	0.7356114042954438	0.05801224468379316	0.6127261258096014	0.00011533936383956433	0.017486651769415974	0.08465894564159611	-4.579209903651694e-06	0.0009951974707182454
