tloc	tmcCabe	assertionDensity	assertionRoulette	mysteryGuest	eagerTest	sensitiveEquality	resourceOptimism	conditionalTestLogic	fireAndForget	loc	lcom2	lcom5	cbo	wmc	rfc	mpc	halsteadVocabulary	halsteadLength	halsteadVolume	classDataShouldBePrivate	complexClass	spaghettiCode	functionalDecomposition	godClass
6.687388246766963e-05	5.1557538354967715e-06	1.9017856424858027e-07	2.1809566786906363e-05	-1.154042572036225e-06	6.842771369379712e-05	6.90244485596182e-07	-4.716666303294354e-08	-3.728443024629746e-07	-5.31383055982232e-08	0.14051247183757817	0.21342963371986176	0.0006441851979348119	0.00505646953897491	0.017515752286759882	0.05743970953032771	0.05270474036517637	0.7367426368206109	0.057916552021209766	0.6120536906123316	0.00011445127889855013	0.01751206911390772	0.08504531213445818	-4.386705132420131e-06	0.000990871410494154
3.367354104793637e-06	-2.2798820150175293e-05	3.570245878631425e-06	3.431086303029371e-05	-1.7231590266434514e-05	0.00021879472199952927	4.388940537008406e-07	-7.560228532114288e-07	-6.170317403445843e-06	-3.0204366482888243e-07	0.04620279668670851	0.8876871237904883	-0.0003737369943963907	-0.005501500452818278	0.00955656778323914	-0.04494314932430853	-0.047321596449139525	0.10886282795399671	-0.04449624967554481	-0.4374883740707153	0.000286465309010807	0.010614282340939201	-0.012465488579322555	1.5895310023564706e-06	-0.0007906442627675218
