tloc	tmcCabe	assertionDensity	assertionRoulette	mysteryGuest	eagerTest	sensitiveEquality	resourceOptimism	conditionalTestLogic	fireAndForget	loc	lcom2	lcom5	cbo	wmc	rfc	mpc	halsteadVocabulary	halsteadLength	halsteadVolume	classDataShouldBePrivate	complexClass	spaghettiCode	functionalDecomposition	godClass
6.81276318508818e-05	5.225503085513459e-06	2.4882642202399436e-07	2.1945077701105293e-05	-1.1744825416269029e-06	6.897937710719641e-05	6.507916654947123e-07	-4.138970214705832e-08	-1.3524387713338047e-07	-4.682808114608486e-08	0.1404145438954695	0.21507664626581277	0.0006431975907700854	0.005045549482388788	0.01754134702452819	0.05737783493102053	0.05262667900038549	0.7361830599830642	0.057957189000303964	0.6121991637584803	0.00011418324627005945	0.017544020881736188	0.08490756789496419	-4.57745803821975e-06	0.0009890846797576398
2.1271781422261458e-06	-2.3086762058536136e-05	3.6013318210085744e-06	3.413692421069426e-05	-1.6937321163101207e-05	0.00021683847740753607	4.3794579456350557e-07	-6.882176479354026e-07	-5.622727498508525e-06	-3.0152304516705125e-07	0.04542720029636558	0.8889897891985359	-0.00037773233792685434	-0.005515148888559621	0.009539354108144483	-0.04501238545479264	-0.04741653479634771	0.10541569943242232	-0.04425433596412068	-0.435759860572568	0.0002844327713573054	0.010624280531679443	-0.012896184497721024	1.6407433159793602e-06	-0.0007961388027327347
