tloc	tmcCabe	assertionDensity	assertionRoulette	mysteryGuest	eagerTest	sensitiveEquality	resourceOptimism	conditionalTestLogic	fireAndForget	loc	lcom2	lcom5	cbo	wmc	rfc	mpc	halsteadVocabulary	halsteadLength	halsteadVolume	classDataShouldBePrivate	complexClass	spaghettiCode	functionalDecomposition	godClass
6.524452008705735e-05	5.0688493041498535e-06	1.1681464198970708e-07	2.1863554379163897e-05	-4.7420483731506414e-07	6.772213618721535e-05	6.307888951955776e-07	-9.789232309728504e-08	-3.7936712732993e-07	-7.26822151201412e-08	0.14094318779327064	0.2162473882805687	0.000645650471964957	0.005068669576316735	0.01760175524346265	0.05770048616949544	0.05293847241465232	0.7375020322810107	0.05758084703575182	0.6099467637120688	0.00011716066869692701	0.01767148148637914	0.0856246913004952	-4.418767288822711e-06	0.000760663156388177
1.9173971694265202e-05	-2.267148133214458e-05	3.698948078203053e-06	3.7106770606860624e-05	-7.892542664548104e-06	0.0002202248729067862	4.079935303451504e-07	-4.964817586264332e-07	-3.7207057754223176e-06	-2.6455835234814217e-07	0.041236201761845004	0.8849961212934128	-0.00040443736810009	-0.005918291082163847	0.008805993274692794	-0.04898757362457498	-0.051107844936433305	0.11049949144658033	-0.044525914436893466	-0.44211388235642785	0.000222069601470417	0.009808098809925036	-0.014240158735590765	1.4934516440924682e-06	-0.0006714111987881847
