tloc	tmcCabe	assertionDensity	assertionRoulette	mysteryGuest	eagerTest	sensitiveEquality	resourceOptimism	conditionalTestLogic	fireAndForget	loc	lcom2	lcom5	cbo	wmc	rfc	mpc	halsteadVocabulary	halsteadLength	halsteadVolume	classDataShouldBePrivate	complexClass	spaghettiCode	functionalDecomposition	godClass
6.895158356543682e-05	5.382261519966406e-06	2.087707092885003e-07	2.1823924626248296e-05	-6.554039654989254e-07	6.793977028801214e-05	6.518429872034276e-07	-1.1400374918178298e-08	2.0481726649250026e-08	-3.752205860307312e-08	0.14054349004014896	0.2151328492514335	0.000642957292736798	0.005057683235102713	0.017505270121735975	0.057430521830980054	0.052689018728033964	0.7362632619015833	0.057930040015331086	0.6120385857977765	0.00011503216057178057	0.017491061337005027	0.0849758843159958	-4.599738500128281e-06	0.000993414752731691
2.114075186762451e-06	-2.2919458809093672e-05	3.5771450638235114e-06	3.415115032423147e-05	-1.7188623079059988e-05	0.0002175645138654734	4.521034616929672e-07	-7.167293514885969e-07	-5.571436446503737e-06	-3.136795604188452e-07	0.04536246760715144	0.8889629899844922	-0.00037676272216628304	-0.005525058170121297	0.009557301393127242	-0.04506503832743014	-0.04747260401650305	0.105331068915438	-0.04425575668555938	-0.435827713730862	0.0002840073681760777	0.010640649952217458	-0.012943895670248812	1.6513761334525247e-06	-0.0007955479424323584
