tloc	tmcCabe	assertionDensity	assertionRoulette	mysteryGuest	eagerTest	sensitiveEquality	resourceOptimism	conditionalTestLogic	fireAndForget	loc	lcom2	lcom5	cbo	wmc	rfc	mpc	halsteadVocabulary	halsteadLength	halsteadVolume	classDataShouldBePrivate	complexClass	spaghettiCode	functionalDecomposition	godClass
6.824646796356475e-05	5.509299444309207e-06	2.1484373946408823e-07	2.2228917530926953e-05	-9.022601230131792e-07	6.870387429628093e-05	6.665690536348246e-07	-9.17883051504427e-09	4.6343012381488655e-08	-7.811778735776616e-08	0.1405226458106247	0.2154863837579112	0.0006443960115056325	0.005049074734940742	0.017548158610433465	0.057437007658727134	0.052683437779309186	0.7365005280986463	0.05787167097736054	0.6116303688791722	0.00011451084344442474	0.017549579079367383	0.08501975926230597	-4.592775250108747e-06	0.0006059182264692016
2.047088165871175e-06	-2.2947982326763995e-05	3.6133614975771873e-06	3.448950661274319e-05	-1.6935875660457325e-05	0.0002182460554304808	4.251904552195947e-07	-7.053731579128041e-07	-5.301543832772404e-06	-2.345402128142546e-07	0.04532441971865983	0.8886616944297762	-0.0003802607913826501	-0.00553285511129667	0.009527695387205099	-0.04525774630319685	-0.04764078457871308	0.1052592085438515	-0.04428602651486003	-0.43641973190627775	0.00028448809910694537	0.01059686726090555	-0.013079236030739462	1.6444573657822524e-06	-0.0004708066905484821
