tloc	tmcCabe	assertionDensity	assertionRoulette	mysteryGuest	eagerTest	sensitiveEquality	resourceOptimism	conditionalTestLogic	fireAndForget	loc	lcom2	lcom5	cbo	wmc	rfc	mpc	halsteadVocabulary	halsteadLength	halsteadVolume	classDataShouldBePrivate	complexClass	spaghettiCode	functionalDecomposition	godClass
6.730124034244737e-05	4.7350935147912725e-06	3.651186863910329e-07	2.2087135983800294e-05	-1.4004344363625963e-06	6.876883977725528e-05	6.520201981841808e-07	-4.220598165513255e-08	-6.302784301300612e-07	-5.8895471505377014e-08	0.14033754146603433	0.2151399466033619	0.0006434150600422479	0.005041497555055083	0.01753726183387823	0.05737632412148735	0.052625228105992565	0.7362859396607555	0.05793183509832275	0.6120681350505326	0.000113957607450898	0.01754680812610302	0.08494682353145566	-4.518444542791029e-06	0.0009868679946354474
3.6944327056568513e-06	-2.2642557022219542e-05	3.5205905366375102e-06	3.406108190735765e-05	-1.674413780139139e-05	0.00021726709325615358	4.497292340717137e-07	-6.950133589383307e-07	-5.266460934373361e-06	-3.0119037908547855e-07	0.045512467055636885	0.8889546774378142	-0.0003775853122256563	-0.005512716292601278	0.00953983906913508	-0.04500552566394348	-0.047405311464258165	0.10531761968919895	-0.04426002868788582	-0.4358471658161415	0.0002846837583468138	0.010630559829223313	-0.012908375963480675	1.6277744576234835e-06	-0.0007914724365084662
