tloc	tmcCabe	assertionDensity	assertionRoulette	mysteryGuest	eagerTest	sensitiveEquality	resourceOptimism	conditionalTestLogic	fireAndForget	loc	lcom2	lcom5	cbo	wmc	rfc	mpc	halsteadVocabulary	halsteadLength	halsteadVolume	classDataShouldBePrivate	complexClass	spaghettiCode	functionalDecomposition	godClass
6.941149390995829e-05	5.436239281778106e-06	2.0663299006828368e-07	2.2130625243310237e-05	-8.337055359798196e-07	6.883309152697945e-05	6.635645886472242e-07	-1.9244776590313758e-08	4.344330404029704e-08	-4.5360085676089107e-08	0.14045233262039047	0.21499576560732636	0.0006425751342316102	0.005047442572647255	0.01754314846895364	0.05735484520299539	0.05260224104626014	0.7360374606237221	0.05799377963861492	0.6124041961771286	0.00011455027529464573	0.017535187917966204	0.08484061587123061	-4.6106372403310086e-06	0.0009898554365737964
