tloc	tmcCabe	assertionDensity	assertionRoulette	mysteryGuest	eagerTest	sensitiveEquality	resourceOptimism	conditionalTestLogic	fireAndForget	loc	lcom2	lcom5	cbo	wmc	rfc	mpc	halsteadVocabulary	halsteadLength	halsteadVolume	classDataShouldBePrivate	complexClass	spaghettiCode	functionalDecomposition	godClass
6.925872618093706e-05	5.4017273867469114e-06	1.9941758416532214e-07	2.2127374718225226e-05	-8.712680506953808e-07	6.88050418938985e-05	6.674425791307273e-07	-2.084055255351544e-08	2.8981068860035683e-09	-4.615323800778898e-08	0.14043691250028903	0.21498221838040535	0.0006427382602881543	0.005047092737524606	0.017542585785522598	0.05735404276106417	0.052601679075280405	0.7360341263934863	0.0579952786890263	0.6124171298153978	0.00011445019404917979	0.01753542077223884	0.08483599519357925	-4.619325454300912e-06	0.0009895760627131908
