tloc	tmcCabe	assertionDensity	assertionRoulette	mysteryGuest	eagerTest	sensitiveEquality	resourceOptimism	conditionalTestLogic	fireAndForget	loc	lcom2	lcom5	cbo	wmc	rfc	mpc	halsteadVocabulary	halsteadLength	halsteadVolume	classDataShouldBePrivate	complexClass	spaghettiCode	functionalDecomposition	godClass
0.00012718757948328114	8.512765030159673e-07	1.3526951788645393e-06	4.056368764604631e-05	3.384728577700464e-06	0.00017672582486208963	2.255872920933123e-06	3.5161599963916043e-07	8.557908573103307e-06	1.1527515282967289e-07	0.12858415454649244	0.5577254730099209	0.0002496770244611826	0.000868091748002594	0.017337714972895785	0.017355474587503236	0.012668430214886792	0.7246167340200698	0.036906221221316336	0.37571915379832055	0.0002755208405694632	0.0168712420207806	0.06132699483899774	-6.1309412323055965e-06	0.0017807116239700305
