tloc	tmcCabe	assertionDensity	assertionRoulette	mysteryGuest	eagerTest	sensitiveEquality	resourceOptimism	conditionalTestLogic	fireAndForget	loc	lcom2	lcom5	cbo	wmc	rfc	mpc	halsteadVocabulary	halsteadLength	halsteadVolume	classDataShouldBePrivate	complexClass	spaghettiCode	functionalDecomposition	godClass
6.675984486507469e-05	5.3608211798500215e-06	1.4662549773018542e-07	2.1590651240692675e-05	-9.017156435506899e-07	6.855513369800145e-05	6.496457374110588e-07	4.425575576977944e-08	-2.773232310497127e-07	-4.5798314874717595e-08	0.1403601301861508	0.21497402251479825	0.0006431458575843788	0.005044092694954915	0.01753461303390084	0.057354479047996045	0.05260533236630486	0.7360994502955938	0.05798652069121704	0.6123533820293408	0.00011410624029133508	0.017538888738808923	0.08488176185626965	-4.6078301664134526e-06	0.0009881686199500234
