tloc	tmcCabe	assertionDensity	assertionRoulette	mysteryGuest	eagerTest	sensitiveEquality	resourceOptimism	conditionalTestLogic	fireAndForget	loc	lcom2	lcom5	cbo	wmc	rfc	mpc	halsteadVocabulary	halsteadLength	halsteadVolume	classDataShouldBePrivate	complexClass	spaghettiCode	functionalDecomposition	godClass
6.925657594332194e-05	5.466715082211399e-06	2.0681845692305567e-07	2.2141550067341367e-05	-8.723239379771974e-07	6.880789082665571e-05	6.686209414183127e-07	-2.0956069339252572e-08	1.1672546339789094e-08	-4.5021908821890304e-08	0.14043637084885166	0.21501570803480302	0.0006427559090284182	0.005047484353374386	0.01754375439858147	0.057354252169944525	0.052601471653653184	0.7360443547557017	0.05799031081153225	0.6123919382162835	0.00011446558439514585	0.01753790928608815	0.08484772944018956	-4.603694475617695e-06	0.0009896917977272298
7.387960035109253e-07	-2.306195262541732e-05	3.584761327011418e-06	3.3911154376553466e-05	-1.7064265264274537e-05	0.00021698482380169522	4.293013523617561e-07	-7.096116921570846e-07	-5.664959364734616e-06	-3.097824171259548e-07	0.045484747111300655	0.8889805812036734	-0.0003768573043116304	-0.005513744749974291	0.009548010864343894	-0.04496288081553258	-0.047369442642086305	0.10558477577111562	-0.0442634230502613	-0.4357420346769084	0.0002842542594099271	0.010629804124248235	-0.01285160614341725	1.661112564949403e-06	-0.0007928815967974557
