tloc	tmcCabe	assertionDensity	assertionRoulette	mysteryGuest	eagerTest	sensitiveEquality	resourceOptimism	conditionalTestLogic	fireAndForget	loc	lcom2	lcom5	cbo	wmc	rfc	mpc	halsteadVocabulary	halsteadLength	halsteadVolume	classDataShouldBePrivate	complexClass	spaghettiCode	functionalDecomposition	godClass
7.035384385348228e-05	5.408630027568131e-06	2.2576102754589794e-07	2.271616278974014e-05	-9.351003779008764e-07	6.819116671747778e-05	6.587759835859234e-07	-2.4775368953458147e-08	5.0823322880581654e-08	-4.7080417360327074e-08	0.14044537323010486	0.21458695359710578	0.0006433875266395747	0.0050490928066697196	0.01752630769911611	0.0574122724794864	0.052666186774091656	0.7361190039005991	0.057983154573521184	0.6124279486086572	0.00011445857076862222	0.017520657249946208	0.0849432607008137	-4.558423740811721e-06	0.0009903961774290356
