tloc	tmcCabe	assertionDensity	assertionRoulette	mysteryGuest	eagerTest	sensitiveEquality	resourceOptimism	conditionalTestLogic	fireAndForget	loc	lcom2	lcom5	cbo	wmc	rfc	mpc	halsteadVocabulary	halsteadLength	halsteadVolume	classDataShouldBePrivate	complexClass	spaghettiCode	functionalDecomposition	godClass
6.951920911473308e-05	5.47006662106137e-06	2.0696231876211256e-07	2.221084993966287e-05	-8.517384391943638e-07	6.88005041843156e-05	6.698603617093064e-07	-2.178216024322962e-08	1.2980379338617453e-07	-4.662290028450016e-08	0.14043635778085278	0.21497615360994504	0.0006427188634866407	0.0050483034580212785	0.01754283645703665	0.05735426424644783	0.05260186965713649	0.7360324893698864	0.05799631530379547	0.6124211948136563	0.00011444979141947287	0.01753506809413777	0.08483611372927127	-4.6175526349088955e-06	0.000989462869573403
