tloc	tmcCabe	assertionDensity	assertionRoulette	mysteryGuest	eagerTest	sensitiveEquality	resourceOptimism	conditionalTestLogic	fireAndForget	loc	lcom2	lcom5	cbo	wmc	rfc	mpc	halsteadVocabulary	halsteadLength	halsteadVolume	classDataShouldBePrivate	complexClass	spaghettiCode	functionalDecomposition	godClass
6.974083973098662e-05	5.60984194336721e-06	1.6450527756957063e-07	2.219461009258669e-05	-1.2984450357533858e-06	6.824396220287951e-05	6.432795226075001e-07	-3.803647747368901e-08	1.1462078313330516e-08	-4.934931094985846e-08	0.14054662177299165	0.2152659358792456	0.0006431764925809652	0.005058209467772851	0.017552442620752548	0.057412819690627434	0.052657534373495976	0.736159013135017	0.05793805243007345	0.6121228239054542	0.00011546294448707346	0.01755302112064926	0.08493361078539528	-4.671304870162497e-06	0.0009881743712126972
7.973029005428996e-07	-2.3130291898137582e-05	3.6075321804406736e-06	3.402306709997754e-05	-1.694972830511363e-05	0.00021743742626206198	4.395631771011723e-07	-7.057293145826786e-07	-5.692699409910162e-06	-3.106477217758146e-07	0.04521164698020037	0.8889885631939772	-0.0003777180317828645	-0.005531500175965285	0.009521249760506612	-0.04509540087399321	-0.04749274867384802	0.10524312868428905	-0.04423508642225945	-0.43580999101498574	0.00028353839248724427	0.010610310705065793	-0.012967073520263547	1.681776851535957e-06	-0.0007937902050524797
