tloc	tmcCabe	assertionDensity	assertionRoulette	mysteryGuest	eagerTest	sensitiveEquality	resourceOptimism	conditionalTestLogic	fireAndForget	loc	lcom2	lcom5	cbo	wmc	rfc	mpc	halsteadVocabulary	halsteadLength	halsteadVolume	classDataShouldBePrivate	complexClass	spaghettiCode	functionalDecomposition	godClass
6.867773925189984e-05	5.350892023672736e-06	1.7928045209632448e-07	2.198176645267876e-05	-9.999463270764748e-07	6.876621407238669e-05	6.580413395403526e-07	-2.8178173675401955e-08	1.08438130161772e-07	-4.9832191536816405e-08	0.14046590707851883	0.21512685388651986	0.0006430127378080733	0.005049007887108265	0.017545365964594942	0.05737670311529677	0.05262315120723774	0.7361386003257172	0.057965784749343885	0.612224183427785	0.00011437039669172121	0.017547084748499062	0.08489589941408301	-4.651895785908575e-06	0.0009894053210932324
