tloc	tmcCabe	assertionDensity	assertionRoulette	mysteryGuest	eagerTest	sensitiveEquality	resourceOptimism	conditionalTestLogic	fireAndForget	loc	lcom2	lcom5	cbo	wmc	rfc	mpc	halsteadVocabulary	halsteadLength	halsteadVolume	classDataShouldBePrivate	complexClass	spaghettiCode	functionalDecomposition	godClass
6.915860879731417e-05	5.3151141433871215e-06	1.9478046555193257e-07	2.2078756819583563e-05	-9.459639873132697e-07	6.916199034175267e-05	7.332914302977712e-07	-2.445532415307359e-08	-6.894644623857644e-08	-4.7954315654504825e-08	0.14070225542304218	0.2152385506497667	0.0006426991222981534	0.005047848983664996	0.01755534014580855	0.057371642990652325	0.0526138078079019	0.7360134603109795	0.05797612931822364	0.6122881436998298	0.00011439015298610669	0.01754377001872169	0.08484596504330724	-4.631969855705863e-06	0.00098921519331092
2.39735228090073e-06	-2.262407329582368e-05	3.6433821222907295e-06	3.4469922439146495e-05	-1.6659762864027242e-05	0.000215386376164411	1.4316591808968908e-07	-6.89806298225889e-07	-5.250514317410879e-06	-2.992697107396323e-07	0.0439399924259759	0.88881705595732	-0.0003812507075872893	-0.005532258317552194	0.009472072581008321	-0.0452040643634364	-0.047575456670379206	0.10593018044076803	-0.044272101535818016	-0.4361032388707244	0.0002851853926529535	0.010568251249448728	-0.012903978327180602	1.7447273609477252e-06	-0.0007923397920612599
-0.0006954817428760777	-5.791511582937055e-05	1.544855615207216e-06	-9.232523980665056e-06	-9.400489364346827e-05	1.6189218245274893e-05	8.069789512828935e-07	-5.441539741952519e-06	-3.2939242575310835e-05	-1.5104288521456647e-06	-0.09064281638451287	-0.38820286272178867	-0.0006672317273585054	-0.00792821078034657	-0.025440477550769534	-0.06082074006584982	-0.053021113752694415	0.6566830238792901	-0.07292917909821485	-0.6246887147542799	-0.0008213804244602272	-0.02204247023848608	0.080851520668103	2.3582946913055157e-05	-0.007087724891950009
