tloc	tmcCabe	assertionDensity	assertionRoulette	mysteryGuest	eagerTest	sensitiveEquality	resourceOptimism	conditionalTestLogic	fireAndForget	loc	lcom2	lcom5	cbo	wmc	rfc	mpc	halsteadVocabulary	halsteadLength	halsteadVolume	classDataShouldBePrivate	complexClass	spaghettiCode	functionalDecomposition	godClass
8.440994772040019e-05	1.2448319008195299e-05	-7.682206833820721e-07	1.0337184960101893e-05	3.0943776135791443e-06	9.032362756031434e-06	-1.0268725151604119e-07	1.726013238708197e-07	2.5857199516755144e-06	3.672109785004405e-08	0.1382753205739082	0.02576341693817473	0.0007472949210277085	0.006595296824865381	0.01620287675451848	0.07025973462460974	0.06572969591494643	0.6792481272994112	0.06735163928229834	0.7050433357925593	5.575559807573257e-05	0.016025582016252784	0.08598789432205545	-5.268486072660102e-06	0.0012861797244805785
0.00039673454266950605	1.7637579660941518e-05	-2.0338890035635625e-06	1.5138942463141156e-05	1.8990591859969426e-06	0.00018478813404684455	1.4383031760564066e-06	7.360358920685866e-07	1.4683949787224328e-05	1.6731762190973723e-07	0.13930109503241386	0.988159012935246	-3.44037908248224e-05	0.0022670977854368436	0.024943284928542652	0.019280829155180552	0.010551100915989943	-0.030724877228665026	-0.0032779652471554544	-0.03637080978319829	0.0005991653064831425	0.02531497251638704	-0.010036940031743973	-8.675541973845662e-06	0.0026167288207609857
