tloc	tmcCabe	assertionDensity	assertionRoulette	mysteryGuest	eagerTest	sensitiveEquality	resourceOptimism	conditionalTestLogic	fireAndForget	loc	lcom2	lcom5	cbo	wmc	rfc	mpc	halsteadVocabulary	halsteadLength	halsteadVolume	classDataShouldBePrivate	complexClass	spaghettiCode	functionalDecomposition	godClass
6.930919013668321e-05	5.390892028854248e-06	1.879775773149486e-07	2.199795534276411e-05	-7.536434775898091e-07	6.879377994544815e-05	6.75856570727584e-07	-1.7930489165044664e-08	-2.024488224531074e-08	-4.76850761586703e-08	0.1404562439154119	0.21503707366047156	0.0006427745644774536	0.005047658706632256	0.01754406916366942	0.057369480397538156	0.052617020330202	0.736086695703145	0.05797840558376529	0.612325038536208	0.00011438642017192858	0.017539848622286393	0.08486392508975232	-4.563944581280511e-06	0.0009893717441082927
