tloc	tmcCabe	assertionDensity	assertionRoulette	mysteryGuest	eagerTest	sensitiveEquality	resourceOptimism	conditionalTestLogic	fireAndForget	loc	lcom2	lcom5	cbo	wmc	rfc	mpc	halsteadVocabulary	halsteadLength	halsteadVolume	classDataShouldBePrivate	complexClass	spaghettiCode	functionalDecomposition	godClass
6.861631547927669e-05	5.351902083704238e-06	1.9567587247982137e-07	2.1962774333523317e-05	-1.0607097710084312e-06	6.890266527633376e-05	6.562780995951751e-07	-2.9311850256475763e-08	-2.1064819325805918e-07	-3.7525978684523e-08	0.14047303308302292	0.2151943466144482	0.0006431892301933693	0.005046270195086143	0.017550019437661896	0.05738505495959078	0.05263011524901796	0.7361172550577434	0.05796003808298464	0.6122204045861961	0.00011474314608292159	0.017550148007330815	0.08491791380422349	-4.525977635537866e-06	0.0009894167047692734
1.5430889533111365e-06	-2.3019216984758006e-05	3.581951279368999e-06	3.3718740909534386e-05	-1.7010457963972773e-05	0.0002157145065821932	4.3441361563770773e-07	-7.303135151775995e-07	-5.307123442622914e-06	-3.084938110035981e-07	0.04540914264693143	0.8888008879895523	-0.00037747425134428424	-0.005518876906264952	0.009518810976703417	-0.04508027309451525	-0.04746804354511039	0.10563306854908835	-0.044283721111255274	-0.4360787591994984	0.00028385740683993196	0.010597205005094463	-0.012930553262764417	1.6487779681488225e-06	-0.0007939881850545958
