tloc	tmcCabe	assertionDensity	assertionRoulette	mysteryGuest	eagerTest	sensitiveEquality	resourceOptimism	conditionalTestLogic	fireAndForget	loc	lcom2	lcom5	cbo	wmc	rfc	mpc	halsteadVocabulary	halsteadLength	halsteadVolume	classDataShouldBePrivate	complexClass	spaghettiCode	functionalDecomposition	godClass
6.322140099813981e-05	4.941083354744718e-06	1.3810582614096845e-07	2.20958291972549e-05	-1.3161470491627969e-06	6.823127294481504e-05	6.556455653115117e-07	-2.3541787206362496e-08	-1.0004272401936564e-06	-5.601387989135003e-08	0.14073999318929897	0.21389919234600052	0.0006442075006213112	0.005075834263172524	0.017518370274395362	0.05775660790445961	0.05301599215694662	0.7377219090435694	0.057655252376069874	0.6105354740878293	0.00011518820948752983	0.017582671103229815	0.0856642407393366	-4.510569885023381e-06	0.0009762199255437794
-5.428452917293936e-06	-2.3090894903902238e-05	3.7550018332671396e-06	3.7064329562209414e-05	-1.625541441590033e-05	0.00022418208853557705	4.057175250702725e-07	-6.265101414923756e-07	-3.3360521757461784e-06	-2.9201719083356117e-07	0.044830745634781594	0.8879897278103055	-0.00037937513711352663	-0.005612943720834929	0.009243241107220492	-0.04696693367141587	-0.049246599029967246	0.10746406767686216	-0.044211784574336235	-0.4369317873832894	0.0002889933473258428	0.01023485852607934	-0.014077055876776774	1.5799702676546137e-06	-0.0007708488577230156
