tloc	tmcCabe	assertionDensity	assertionRoulette	mysteryGuest	eagerTest	sensitiveEquality	resourceOptimism	conditionalTestLogic	fireAndForget	loc	lcom2	lcom5	cbo	wmc	rfc	mpc	halsteadVocabulary	halsteadLength	halsteadVolume	classDataShouldBePrivate	complexClass	spaghettiCode	functionalDecomposition	godClass
6.645200258679529e-05	5.2453780176497725e-06	1.852431769898759e-07	2.184374198419935e-05	-1.1989546837531456e-06	6.878521454279344e-05	6.420913656732187e-07	-3.59573195502363e-08	-2.547965670131506e-07	-5.689583280963548e-08	0.14040685039599976	0.21517132759828603	0.0006433922255735069	0.0050476815671588755	0.017540693204637647	0.057405331243197764	0.05265525076507075	0.7362800792822953	0.057926857271448744	0.6120382404079542	0.00011302060348242102	0.017555776906131276	0.08498124848039024	-4.463322328061752e-06	0.0009877681140635806
