tloc	tmcCabe	assertionDensity	assertionRoulette	mysteryGuest	eagerTest	sensitiveEquality	resourceOptimism	conditionalTestLogic	fireAndForget	loc	lcom2	lcom5	cbo	wmc	rfc	mpc	halsteadVocabulary	halsteadLength	halsteadVolume	classDataShouldBePrivate	complexClass	spaghettiCode	functionalDecomposition	godClass
6.30524170591313e-05	4.499233901722385e-06	3.379518324267551e-07	2.2861823854467506e-05	-2.4504059979898816e-06	7.157238940437714e-05	4.841055129791428e-07	-2.747911902254337e-07	-1.4453863750139606e-06	-4.892214229590532e-08	0.13966751085231155	0.22154185335870005	0.0006799637891248923	0.005229486193047002	0.01813282120029246	0.06027720587271452	0.055373044202596776	0.7338290372639473	0.05755108591086502	0.6122478781278498	7.423487351410161e-05	0.01821170718102791	0.08578586773656259	-4.4194316054643475e-06	0.0007243716525669067
-8.223424482919484e-06	-2.3946223836400428e-05	3.920349373954686e-06	3.487355912349368e-05	-1.7621270323598954e-05	0.0002317926328627496	1.068931829839746e-06	-5.193699764700433e-07	-4.368364175969022e-06	-3.162334780727751e-07	0.030673204445823263	0.8754363872686971	-0.00047299458266278815	-0.0066795427927082525	0.007831407908299703	-0.05619944792800917	-0.05791469811315333	0.12462370546022167	-0.04550584100296948	-0.4561683960579835	0.00040913224087867853	0.008692707821376468	-0.016849521547441824	1.6874451466916456e-06	-0.0006908292513292565
