tloc	tmcCabe	assertionDensity	assertionRoulette	mysteryGuest	eagerTest	sensitiveEquality	resourceOptimism	conditionalTestLogic	fireAndForget	loc	lcom2	lcom5	cbo	wmc	rfc	mpc	halsteadVocabulary	halsteadLength	halsteadVolume	classDataShouldBePrivate	complexClass	spaghettiCode	functionalDecomposition	godClass
6.943297850804893e-05	5.446617893060053e-06	2.0418866056987343e-07	2.2148999552511272e-05	-8.265892654284756e-07	6.877669141828042e-05	6.690072700836233e-07	-1.878572694905499e-08	3.7000363491955194e-08	-4.4950630804624566e-08	0.14042685173537103	0.2148693126796604	0.0006427746648110626	0.005047689692198217	0.017540020161430428	0.05735142415352012	0.052599720194173846	0.7360279834893534	0.05800282935334998	0.6124673679903817	0.00011430385134346248	0.017530747603110658	0.08482858720910594	-4.616654482550066e-06	0.0009897986671951928
-9.30241752516657e-06	-2.4512543734426057e-05	3.8272666717506885e-06	3.5607212443103954e-05	-1.673840311005387e-05	0.0002090129434088428	3.8627617735242843e-07	-7.792564504935063e-07	-5.533654447018721e-06	-2.854144625141578e-07	0.041145696000234655	0.8844421677664647	-0.00038809251191692946	-0.005743074152904899	0.008738036155769414	-0.04700140847842822	-0.049148220009587955	0.11416077542171078	-0.04489093806571541	-0.44275028258325805	0.000232041289306082	0.009772886395947625	-0.01276544002728628	1.9688671091150223e-06	-0.0008121454931626897
-0.0006814045390404586	-5.383801304467387e-05	9.965773969237077e-07	-1.3474285660801896e-05	-9.779033960086743e-05	3.646822743687388e-05	4.1077773837188985e-07	-5.392851741241686e-06	-3.3714652501821166e-05	-1.6215402109296939e-06	-0.08163561800032976	-0.39958380220036993	-0.0006594201558177689	-0.0072747647361795734	-0.023807537059874304	-0.05544004101712311	-0.04813897519793088	0.6544176590372679	-0.07336043552093939	-0.62163262664174	-0.0006839563366141293	-0.02005484936223418	0.08443565376027438	2.3683723864385113e-05	-0.0073091085690289975
