tloc	tmcCabe	assertionDensity	assertionRoulette	mysteryGuest	eagerTest	sensitiveEquality	resourceOptimism	conditionalTestLogic	fireAndForget	loc	lcom2	lcom5	cbo	wmc	rfc	mpc	halsteadVocabulary	halsteadLength	halsteadVolume	classDataShouldBePrivate	complexClass	spaghettiCode	functionalDecomposition	godClass
6.809794261999902e-05	5.185882587737753e-06	1.9453017609879952e-07	2.2320048062856483e-05	-1.0889215600445522e-06	6.89191899907197e-05	6.67702203269688e-07	-3.563594964790509e-08	-2.7213431494860805e-07	-4.41208871821676e-08	0.14041217047550292	0.2151008372738644	0.000642961565541753	0.00504132363386567	0.017542800985951266	0.05738119421619415	0.052628650306218286	0.7362232622085286	0.057948857515895236	0.6121401587686387	0.0001141665734528724	0.01755322074884083	0.08492761955469852	-4.551570641104222e-06	0.0009605839084006054
