tloc	tmcCabe	assertionDensity	assertionRoulette	mysteryGuest	eagerTest	sensitiveEquality	resourceOptimism	conditionalTestLogic	fireAndForget	loc	lcom2	lcom5	cbo	wmc	rfc	mpc	halsteadVocabulary	halsteadLength	halsteadVolume	classDataShouldBePrivate	complexClass	spaghettiCode	functionalDecomposition	godClass
7.224457732702887e-05	5.952671824108128e-06	2.0457973272668193e-07	2.2884765283158028e-05	-5.585087621700791e-07	6.92698688554575e-05	6.979542721135583e-07	-5.540963868963836e-09	4.003287231476173e-07	-3.985434121772196e-08	0.14015634357531065	0.21602248876382613	0.0006458630877342668	0.005071488809420841	0.017508551604142806	0.056872845161063834	0.05221569084548698	0.7356114042954448	0.05801224468379313	0.6127261258096007	0.00011533936383956518	0.017486651769416005	0.08465894564159616	-4.5792099036517065e-06	0.0009951974707182345
