tloc	tmcCabe	assertionDensity	assertionRoulette	mysteryGuest	eagerTest	sensitiveEquality	resourceOptimism	conditionalTestLogic	fireAndForget	loc	lcom2	lcom5	cbo	wmc	rfc	mpc	halsteadVocabulary	halsteadLength	halsteadVolume	classDataShouldBePrivate	complexClass	spaghettiCode	functionalDecomposition	godClass
5.372033950018352e-05	3.924224725905149e-06	1.8547722660613073e-07	2.2340520707693373e-05	-1.741381738499719e-06	6.859635168133167e-05	6.375385566840575e-07	-4.850835181978817e-08	-1.5137728584493353e-06	-9.424180142542154e-08	0.14180595981165067	0.212289099765996	0.0006600475483116926	0.005127519341865035	0.017660298460063433	0.05833060897031093	0.053567861088151085	0.7420754751396816	0.05708973436667477	0.6054305823254885	0.0001164241615291663	0.017693718057656602	0.08612930202125559	-4.611204245910655e-06	0.0010170237533497853
