tloc	tmcCabe	assertionDensity	assertionRoulette	mysteryGuest	eagerTest	sensitiveEquality	resourceOptimism	conditionalTestLogic	fireAndForget	loc	lcom2	lcom5	cbo	wmc	rfc	mpc	halsteadVocabulary	halsteadLength	halsteadVolume	classDataShouldBePrivate	complexClass	spaghettiCode	functionalDecomposition	godClass
6.812763185087847e-05	5.225503085513417e-06	2.48826422023993e-07	2.19450777011052e-05	-1.1744825416269611e-06	6.897937710719612e-05	6.507916654947042e-07	-4.138970214706239e-08	-1.3524387713342986e-07	-4.6828081146086095e-08	0.1404145438954695	0.21507664626581208	0.0006431975907700846	0.005045549482388786	0.01754134702452813	0.05737783493102051	0.052626679000385486	0.7361830599830633	0.05795718900030391	0.6121991637584803	0.00011418324627005901	0.01754402088173619	0.08490756789496412	-4.577458038219731e-06	0.0009890846797576214
2.1271781421897517e-06	-2.3086762058503614e-05	3.601331821008555e-06	3.41369242106943e-05	-1.693732116310032e-05	0.00021683847740753596	4.379457945635124e-07	-6.882176479353531e-07	-5.622727498508195e-06	-3.015230451670355e-07	0.04542720029636545	0.8889897891985388	-0.0003777323379268503	-0.005515148888559575	0.009539354108144613	-0.04501238545479231	-0.04741653479634737	0.10541569943241814	-0.044254335964119956	-0.4357598605725626	0.0002844327713573126	0.010624280531679582	-0.01289618449772168	1.6407433159791418e-06	-0.0007961388027326726
