tloc	tmcCabe	assertionDensity	assertionRoulette	mysteryGuest	eagerTest	sensitiveEquality	resourceOptimism	conditionalTestLogic	fireAndForget	loc	lcom2	lcom5	cbo	wmc	rfc	mpc	halsteadVocabulary	halsteadLength	halsteadVolume	classDataShouldBePrivate	complexClass	spaghettiCode	functionalDecomposition	godClass
6.5244520087169e-05	5.068849304149795e-06	1.1681464198971528e-07	2.1863554379163985e-05	-4.742048373150597e-07	6.772213618721584e-05	6.307888951955831e-07	-9.789232309728565e-08	-3.7936712732993124e-07	-7.268221512014106e-08	0.1409431877932708	0.21624738828057	0.0006456504719649563	0.00506866957631672	0.017601755243462688	0.05770048616949535	0.0529384724146522	0.7375020322810106	0.05758084703575181	0.6099467637120684	0.00011716066869692731	0.01767148148637913	0.08562469130049523	-4.418767288822713e-06	0.0007606631563881875
1.917397169438968e-05	-2.2671481332131173e-05	3.698948078203034e-06	3.71067706068607e-05	-7.892542664547094e-06	0.0002202248729067866	4.0799353034518804e-07	-4.964817586263647e-07	-3.7207057754217916e-06	-2.6455835234811644e-07	0.041236201761846246	0.8849961212934173	-0.0004044373681000829	-0.005918291082163767	0.008805993274693056	-0.04898757362457443	-0.051107844936432945	0.11049949144657155	-0.04452591443689257	-0.44211388235642135	0.00022206960147042474	0.00980809880992526	-0.014240158735592007	1.4934516440921107e-06	-0.0006714111987880825
