tloc	tmcCabe	assertionDensity	assertionRoulette	mysteryGuest	eagerTest	sensitiveEquality	resourceOptimism	conditionalTestLogic	fireAndForget	loc	lcom2	lcom5	cbo	wmc	rfc	mpc	halsteadVocabulary	halsteadLength	halsteadVolume	classDataShouldBePrivate	complexClass	spaghettiCode	functionalDecomposition	godClass
6.895158356540087e-05	5.382261519966404e-06	2.087707092884852e-07	2.1823924626248082e-05	-6.554039654989546e-07	6.793977028801131e-05	6.518429872034168e-07	-1.1400374918180632e-08	2.0481726649180824e-08	-3.7522058603074285e-08	0.14054349004014866	0.21513284925143028	0.0006429572927367996	0.005057683235102722	0.017505270121735916	0.05743052183098026	0.0526890187280341	0.7362632619015828	0.05793004001533131	0.6120385857977775	0.00011503216057177879	0.017491061337004992	0.08497588431599586	-4.599738500128259e-06	0.0009934147527316908
2.1140751867452024e-06	-2.2919458809254202e-05	3.577145063823532e-06	3.415115032423154e-05	-1.71886230790606e-05	0.00021756451386547367	4.521034616929933e-07	-7.167293514886332e-07	-5.571436446503868e-06	-3.136795604188557e-07	0.04536246760715131	0.8889629899844892	-0.00037676272216628803	-0.005525058170121355	0.009557301393127042	-0.04506503832743051	-0.04747260401650339	0.10533106891544645	-0.04425575668555971	-0.4358277137308655	0.0002840073681760725	0.010640649952217258	-0.012943895670247983	1.6513761334526547e-06	-0.0007955479424324198
