tloc	tmcCabe	assertionDensity	assertionRoulette	mysteryGuest	eagerTest	sensitiveEquality	resourceOptimism	conditionalTestLogic	fireAndForget	loc	lcom2	lcom5	cbo	wmc	rfc	mpc	halsteadVocabulary	halsteadLength	halsteadVolume	classDataShouldBePrivate	complexClass	spaghettiCode	functionalDecomposition	godClass
6.824646796362339e-05	5.509299444309209e-06	2.1484373946408416e-07	2.2228917530926953e-05	-9.022601230131112e-07	6.870387429628101e-05	6.665690536348357e-07	-9.178830515039376e-09	4.634301238152124e-08	-7.811778735776555e-08	0.14052264581062412	0.21548638375791035	0.0006443960115056313	0.005049074734940721	0.017548158610433424	0.057437007658726995	0.052683437779309145	0.7365005280986461	0.05787167097736052	0.6116303688791734	0.000114510843444425	0.01754957907936733	0.08501975926230582	-4.5927752501087515e-06	0.0006059182264692069
2.0470881658582976e-06	-2.2947982326789386e-05	3.613361497577175e-06	3.448950661274326e-05	-1.6935875660456353e-05	0.00021824605543048042	4.2519045521960596e-07	-7.053731579127481e-07	-5.301543832772057e-06	-2.345402128142439e-07	0.045324419718661114	0.8886616944297807	-0.0003802607913826412	-0.005532855111296577	0.00952769538720536	-0.04525774630319618	-0.04764078457871251	0.10525920854384557	-0.04428602651485917	-0.43641973190627037	0.0002844880991069533	0.010596867260905815	-0.013079236030740373	1.6444573657819977e-06	-0.00047080669054843055
