tloc	tmcCabe	assertionDensity	assertionRoulette	mysteryGuest	eagerTest	sensitiveEquality	resourceOptimism	conditionalTestLogic	fireAndForget	loc	lcom2	lcom5	cbo	wmc	rfc	mpc	halsteadVocabulary	halsteadLength	halsteadVolume	classDataShouldBePrivate	complexClass	spaghettiCode	functionalDecomposition	godClass
6.730124034250696e-05	4.735093514791399e-06	3.6511868639102553e-07	2.2087135983800257e-05	-1.4004344363624733e-06	6.876883977725482e-05	6.520201981841928e-07	-4.220598165512628e-08	-6.302784301299694e-07	-5.889547150537476e-08	0.1403375414660345	0.21513994660335867	0.0006434150600422503	0.005041497555055105	0.01753726183387821	0.057376324121487444	0.05262522810599266	0.7362859396607551	0.05793183509832288	0.6120681350505337	0.00011395760745089738	0.01754680812610298	0.0849468235314556	-4.518444542791065e-06	0.0009868679946354543
3.694432705802894e-06	-2.2642557022394333e-05	3.520590536637504e-06	3.40610819073577e-05	-1.674413780139086e-05	0.00021726709325615385	4.497292340717071e-07	-6.95013358938299e-07	-5.266460934373218e-06	-3.0119037908547077e-07	0.04551246705563808	0.8889546774378174	-0.0003775853122256477	-0.00551271629260119	0.009539839069135315	-0.0450055256639427	-0.04740531146425745	0.10531761968919678	-0.044260028687885034	-0.4358471658161348	0.0002846837583468194	0.010630559829223556	-0.01290837596348098	1.6277744576233342e-06	-0.0007914724365084109
