tloc	tmcCabe	assertionDensity	assertionRoulette	mysteryGuest	eagerTest	sensitiveEquality	resourceOptimism	conditionalTestLogic	fireAndForget	loc	lcom2	lcom5	cbo	wmc	rfc	mpc	halsteadVocabulary	halsteadLength	halsteadVolume	classDataShouldBePrivate	complexClass	spaghettiCode	functionalDecomposition	godClass
6.94114939100389e-05	5.4362392817781635e-06	2.0663299006827108e-07	2.2130625243310122e-05	-8.337055359797462e-07	6.883309152697863e-05	6.635645886472265e-07	-1.9244776590308755e-08	4.3443304040334556e-08	-4.536008567608781e-08	0.14045233262038978	0.21499576560732364	0.0006425751342316106	0.005047442572647254	0.017543148468953565	0.057354845202995455	0.052602241046260094	0.7360374606237221	0.057993779638615114	0.6124041961771295	0.00011455027529464508	0.01753518791796614	0.08484061587123047	-4.610637240331008e-06	0.000989855436573801
