tloc	tmcCabe	assertionDensity	assertionRoulette	mysteryGuest	eagerTest	sensitiveEquality	resourceOptimism	conditionalTestLogic	fireAndForget	loc	lcom2	lcom5	cbo	wmc	rfc	mpc	halsteadVocabulary	halsteadLength	halsteadVolume	classDataShouldBePrivate	complexClass	spaghettiCode	functionalDecomposition	godClass
0.00012718757948330904	8.512765030159529e-07	1.352695178864543e-06	4.056368764604639e-05	3.384728577700457e-06	0.00017672582486209028	2.255872920933125e-06	3.5161599963916155e-07	8.557908573103278e-06	1.1527515282967285e-07	0.12858415454649266	0.5577254730099225	0.00024967702446118326	0.0008680917480025953	0.01733771497289578	0.017355474587503264	0.012668430214886816	0.7246167340200685	0.03690622122131638	0.3757191537983208	0.00027552084056946415	0.01687124202078064	0.06132699483899772	-6.1309412323055965e-06	0.0017807116239700242
