tloc	tmcCabe	assertionDensity	assertionRoulette	mysteryGuest	eagerTest	sensitiveEquality	resourceOptimism	conditionalTestLogic	fireAndForget	loc	lcom2	lcom5	cbo	wmc	rfc	mpc	halsteadVocabulary	halsteadLength	halsteadVolume	classDataShouldBePrivate	complexClass	spaghettiCode	functionalDecomposition	godClass
6.675984486509791e-05	5.360821179850068e-06	1.4662549773018333e-07	2.1590651240692654e-05	-9.017156435506202e-07	6.85551336980011e-05	6.496457374110647e-07	4.4255755769783245e-08	-2.7732323104966707e-07	-4.579831487471631e-08	0.14036013018615065	0.2149740225147971	0.0006431458575843791	0.005044092694954914	0.017534613033900807	0.05735447904799592	0.0526053323663048	0.7360994502955934	0.057986520691216986	0.6123533820293411	0.00011410624029133493	0.017538888738808902	0.08488176185626949	-4.6078301664134644e-06	0.000988168619950023
