tloc	tmcCabe	assertionDensity	assertionRoulette	mysteryGuest	eagerTest	sensitiveEquality	resourceOptimism	conditionalTestLogic	fireAndForget	loc	lcom2	lcom5	cbo	wmc	rfc	mpc	halsteadVocabulary	halsteadLength	halsteadVolume	classDataShouldBePrivate	complexClass	spaghettiCode	functionalDecomposition	godClass
6.925872618085048e-05	5.4017273867469834e-06	1.9941758416531197e-07	2.2127374718225138e-05	-8.712680506953016e-07	6.88050418938978e-05	6.674425791307316e-07	-2.084055255351037e-08	2.898106886057106e-09	-4.615323800778806e-08	0.1404369125002888	0.21498221838040255	0.0006427382602881555	0.00504709273752461	0.01754258578552254	0.057354042761064254	0.052601679075280613	0.7360341263934859	0.057995278689026424	0.6124171298153991	0.00011445019404917922	0.017535420772238814	0.08483599519357929	-4.619325454300917e-06	0.000989576062713186
1.7252819178193068e-06	-2.305216497853902e-05	3.6016395860014804e-06	3.406319715378479e-05	-1.7009229391901784e-05	0.00021721423662168248	4.3425349804901663e-07	-7.06886697569726e-07	-5.618454203853828e-06	-3.078560942250984e-07	0.04549240456956169	0.8889972500064316	-0.0003767385625868768	-0.0055121050823927235	0.009552271377739535	-0.04495734446219637	-0.04736544512905443	0.10560043589800179	-0.04426370428294309	-0.4357050193848049	0.000284335091805035	0.010635449693881908	-0.012823783086126141	1.6735598274548823e-06	-0.0007921565704389847
-0.0006890936962769386	-5.6626580414095315e-05	1.7020882555946623e-06	-7.528810854386947e-06	-9.265243088500143e-05	1.315650490323121e-05	2.780734201896482e-07	-5.368880525191448e-06	-3.183768957018298e-05	-1.480568082180661e-06	-0.0952948643672618	-0.387086708421469	-0.0006891566881782296	-0.008012735918785532	-0.025673134875442524	-0.06160658442385824	-0.05370594793700669	0.6569894042013631	-0.07280645216842918	-0.6242825761289119	-0.0008162834906217999	-0.02223498665796607	0.08043191576385414	2.374214213384904e-05	-0.007060176896227498
0.0002926020558217876	6.832724868447393e-05	8.276385978319823e-06	1.687371580940138e-07	-9.248898587003897e-05	-0.0002298940104782637	-3.3844366346456486e-06	-7.955135677499364e-06	-3.3960028921426276e-05	-8.616401804657191e-07	0.869176662195456	-0.0933876854633904	0.00341349080563121	0.05307821224922658	0.08097096094267874	0.29704802812870174	0.27572858971513226	-0.05672026823579028	-0.046176337298884845	-0.1705345924169597	-0.00031709085245608057	0.0840062849733389	0.14357092238679542	-8.580760304864669e-06	-0.007760760438741627
