tloc	tmcCabe	assertionDensity	assertionRoulette	mysteryGuest	eagerTest	sensitiveEquality	resourceOptimism	conditionalTestLogic	fireAndForget	loc	lcom2	lcom5	cbo	wmc	rfc	mpc	halsteadVocabulary	halsteadLength	halsteadVolume	classDataShouldBePrivate	complexClass	spaghettiCode	functionalDecomposition	godClass
6.925657594321717e-05	5.4667150822113245e-06	2.0681845692306697e-07	2.2141550067341537e-05	-8.723239379772436e-07	6.880789082665651e-05	6.686209414183163e-07	-2.0956069339254233e-08	1.1672546339782769e-08	-4.5021908821890946e-08	0.1404363708488518	0.21501570803480619	0.0006427559090284168	0.005047484353374363	0.0175437543985815	0.05735425216994433	0.05260147165365302	0.7360443547557023	0.05799031081153202	0.6123919382162821	0.00011446558439514703	0.01753790928608817	0.08484772944018942	-4.603694475617691e-06	0.0009896917977272272
7.387960035616337e-07	-2.306195262553406e-05	3.5847613270114065e-06	3.3911154376553364e-05	-1.7064265264274245e-05	0.0002169848238016953	4.293013523617448e-07	-7.09611692157068e-07	-5.664959364734506e-06	-3.0978241712594913e-07	0.04548474711130043	0.8889805812036736	-0.0003768573043116296	-0.005513744749974289	0.009548010864343929	-0.04496288081553263	-0.04736944264208621	0.10558477577111143	-0.04426342305026125	-0.43574203467690925	0.00028425425940992866	0.010629804124248233	-0.01285160614341775	1.6611125649493519e-06	-0.0007928815967974478
