tloc	tmcCabe	assertionDensity	assertionRoulette	mysteryGuest	eagerTest	sensitiveEquality	resourceOptimism	conditionalTestLogic	fireAndForget	loc	lcom2	lcom5	cbo	wmc	rfc	mpc	halsteadVocabulary	halsteadLength	halsteadVolume	classDataShouldBePrivate	complexClass	spaghettiCode	functionalDecomposition	godClass
6.974083973127625e-05	5.609841943367113e-06	1.6450527756958376e-07	2.2194610092586773e-05	-1.2984450357534908e-06	6.824396220288034e-05	6.432795226074875e-07	-3.803647747369528e-08	1.1462078313230058e-08	-4.9349310949860054e-08	0.1405466217729918	0.21526593587924914	0.0006431764925809646	0.005058209467772836	0.017552442620752593	0.057412819690627316	0.05265753437349583	0.7361590131350169	0.057938052430073196	0.6121228239054531	0.00011546294448707431	0.01755302112064931	0.08493361078539514	-4.671304870162476e-06	0.0009881743712126863
7.973029004741512e-07	-2.3130291898101455e-05	3.6075321804406808e-06	3.4023067099977494e-05	-1.6949728305113998e-05	0.00021743742626206193	4.395631771011778e-07	-7.057293145827027e-07	-5.692699409910282e-06	-3.106477217758204e-07	0.04521164698020016	0.888988563193975	-0.0003777180317828683	-0.005531500175965303	0.009521249760506511	-0.04509540087399348	-0.04749274867384825	0.10524312868428866	-0.044235086422259866	-0.4358099910149903	0.0002835383924872399	0.010610310705065734	-0.012967073520263455	1.6817768515360534e-06	-0.0007937902050525167
