tloc	tmcCabe	assertionDensity	assertionRoulette	mysteryGuest	eagerTest	sensitiveEquality	resourceOptimism	conditionalTestLogic	fireAndForget	loc	lcom2	lcom5	cbo	wmc	rfc	mpc	halsteadVocabulary	halsteadLength	halsteadVolume	classDataShouldBePrivate	complexClass	spaghettiCode	functionalDecomposition	godClass
6.951920911486674e-05	5.47006662106142e-06	2.0696231876210192e-07	2.221084993966278e-05	-8.517384391943408e-07	6.880050418431492e-05	6.698603617093043e-07	-2.178216024322982e-08	1.2980379338617043e-07	-4.662290028449957e-08	0.14043635778085284	0.21497615360994232	0.0006427188634866421	0.00504830345802129	0.017542836457036647	0.05735426424644801	0.05260186965713671	0.7360324893698855	0.05799631530379568	0.6124211948136582	0.00011444979141947184	0.017535068094137723	0.08483611372927131	-4.617552634908894e-06	0.0009894628695734048
