tloc	tmcCabe	assertionDensity	assertionRoulette	mysteryGuest	eagerTest	sensitiveEquality	resourceOptimism	conditionalTestLogic	fireAndForget	loc	lcom2	lcom5	cbo	wmc	rfc	mpc	halsteadVocabulary	halsteadLength	halsteadVolume	classDataShouldBePrivate	complexClass	spaghettiCode	functionalDecomposition	godClass
6.915860879743354e-05	5.315114143386846e-06	1.9478046555196144e-07	2.2078756819583824e-05	-9.459639873134947e-07	6.916199034175452e-05	7.332914302977636e-07	-2.4455324153084933e-08	-6.894644623869462e-08	-4.795431565450853e-08	0.1407022554230423	0.21523855064977437	0.0006426991222981493	0.005047848983664945	0.017555340145808625	0.05737164299065196	0.052613807807901466	0.736013460310981	0.05797612931822336	0.6122881436998261	0.0001143901529861088	0.017543770018721774	0.08484596504330719	-4.6319698557058236e-06	0.0009892151933109064
2.3973522808809026e-06	-2.2624073295761132e-05	3.6433821222907172e-06	3.446992243914642e-05	-1.6659762864026538e-05	0.0002153863761644104	1.4316591808966756e-07	-6.898062982258492e-07	-5.250514317410634e-06	-2.9926971073962156e-07	0.043939992425975696	0.8888170559573215	-0.0003812507075872864	-0.0055322583175521495	0.009472072581008375	-0.045204064363436214	-0.04757545667037906	0.10593018044075606	-0.0442721015358178	-0.4361032388707244	0.0002851853926529595	0.010568251249448803	-0.01290397832718186	1.7447273609475863e-06	-0.0007923397920612061
-0.000695481742875947	-5.791511582918964e-05	1.5448556152496376e-06	-9.232523980664934e-06	-9.400489364346889e-05	1.61892182452757e-05	8.069789512828376e-07	-5.44153974195256e-06	-3.293924257531115e-05	-1.5104288521456725e-06	-0.09064281638451138	-0.38820286272178167	-0.0006672317273585021	-0.00792821078034651	-0.025440477550769343	-0.06082074006584958	-0.05302111375269433	0.656683023879291	-0.0729291790982155	-0.6246887147542844	-0.0008213804244602226	-0.02204247023848588	0.08085152066810346	2.3582946913055242e-05	-0.007087724891950034
