tloc	tmcCabe	assertionDensity	assertionRoulette	mysteryGuest	eagerTest	sensitiveEquality	resourceOptimism	conditionalTestLogic	fireAndForget	loc	lcom2	lcom5	cbo	wmc	rfc	mpc	halsteadVocabulary	halsteadLength	halsteadVolume	classDataShouldBePrivate	complexClass	spaghettiCode	functionalDecomposition	godClass
8.440994772047661e-05	1.2448319008195523e-05	-7.68220683382081e-07	1.0337184960102064e-05	3.0943776135793807e-06	9.03236275603226e-06	-1.0268725151601824e-07	1.726013238708357e-07	2.5857199516757745e-06	3.672109785004923e-08	0.13827532057390857	0.025763416938177207	0.0007472949210277088	0.006595296824865381	0.01620287675451855	0.07025973462460959	0.06572969591494632	0.6792481272994112	0.06735163928229837	0.7050433357925592	5.575559807573579e-05	0.01602558201625281	0.0859878943220552	-5.268486072660199e-06	0.0012861797244806074
0.0003967345426695063	1.7637579660966793e-05	-2.033889003563424e-06	1.5138942463141132e-05	1.8990591859969648e-06	0.00018478813404684455	1.4383031760564085e-06	7.360358920685872e-07	1.468394978722436e-05	1.673176219097378e-07	0.1393010950324133	0.9881590129352452	-3.440379082482528e-05	0.0022670977854368137	0.024943284928542572	0.019280829155180305	0.010551100915989712	-0.030724877228666306	-0.0032779652471556205	-0.03637080978320036	0.0005991653064831415	0.025314972516386994	-0.010036940031744192	-8.675541973845652e-06	0.0026167288207610264
