tloc	tmcCabe	assertionDensity	assertionRoulette	mysteryGuest	eagerTest	sensitiveEquality	resourceOptimism	conditionalTestLogic	fireAndForget	loc	lcom2	lcom5	cbo	wmc	rfc	mpc	halsteadVocabulary	halsteadLength	halsteadVolume	classDataShouldBePrivate	complexClass	spaghettiCode	functionalDecomposition	godClass
6.10644362858042e-05	4.277150357194283e-06	6.340466988958761e-07	2.2206974799208574e-05	-2.2197865003097253e-06	6.78014013393882e-05	5.832816335505465e-07	-2.4180405148089428e-09	-5.617718455867991e-07	-6.962717501639148e-08	0.14065686790581558	0.21613484801098773	0.0006460903845808907	0.005046723188146657	0.017554247118020887	0.057563446871495456	0.05280977476677916	0.7372304691032135	0.05766693625894114	0.6104211761406263	0.00011286235841762647	0.017638374957351544	0.08546680155815027	-4.465903707626158e-06	0.0009753904345935335
2.3991784656797384e-06	-2.2817298910132938e-05	3.6801675968713044e-06	3.375152977943961e-05	-1.7180534816278152e-05	0.00021806425721794916	4.487255776194183e-07	-6.485624802709471e-07	-5.4415941375888725e-06	-2.728970703481898e-07	0.04470544761776007	0.889282016030662	-0.00038679704654454597	-0.005546745207674792	0.00944743188348448	-0.04562685578119637	-0.04800188625365348	0.10309439924928235	-0.044073676266730394	-0.43566265210115535	0.00028348415750743946	0.010449920865512266	-0.013780478186135658	1.4314218200921135e-06	-0.0007968831234577541
