tloc	tmcCabe	assertionDensity	assertionRoulette	mysteryGuest	eagerTest	sensitiveEquality	resourceOptimism	conditionalTestLogic	fireAndForget	loc	lcom2	lcom5	cbo	wmc	rfc	mpc	halsteadVocabulary	halsteadLength	halsteadVolume	classDataShouldBePrivate	complexClass	spaghettiCode	functionalDecomposition	godClass
6.861631547943357e-05	5.351902083704169e-06	1.9567587247982926e-07	2.1962774333523405e-05	-1.0607097710084359e-06	6.890266527633443e-05	6.562780995951812e-07	-2.9311850256474664e-08	-2.106481932580244e-07	-3.752597868452378e-08	0.14047303308302278	0.21519434661445067	0.0006431892301933656	0.0050462701950861055	0.017550019437661896	0.05738505495959051	0.05263011524901768	0.7361172550577437	0.057960038082984555	0.6122204045861943	0.00011474314608292239	0.017550148007330794	0.08491791380422341	-4.525977635537855e-06	0.000989416704769273
1.543088953321297e-06	-2.301921698473308e-05	3.581951279369006e-06	3.371874090953431e-05	-1.70104579639731e-05	0.0002157145065821927	4.3441361563771196e-07	-7.303135151776208e-07	-5.307123442623024e-06	-3.084938110036025e-07	0.04540914264693083	0.8888008879895506	-0.0003774742513442875	-0.005518876906264969	0.009518810976703302	-0.04508027309451553	-0.04746804354511063	0.10563306854908712	-0.044283721111255676	-0.4360787591995009	0.0002838574068399283	0.01059720500509437	-0.01293055326276432	1.6487779681489106e-06	-0.0007939881850546117
