tloc	tmcCabe	assertionDensity	assertionRoulette	mysteryGuest	eagerTest	sensitiveEquality	resourceOptimism	conditionalTestLogic	fireAndForget	loc	lcom2	lcom5	cbo	wmc	rfc	mpc	halsteadVocabulary	halsteadLength	halsteadVolume	classDataShouldBePrivate	complexClass	spaghettiCode	functionalDecomposition	godClass
6.803379241343445e-05	5.694440635650239e-06	2.2239307450369886e-07	2.2237818516056394e-05	-1.0803791824174296e-06	6.827086280286173e-05	6.050024191793062e-07	-2.9829653211885015e-08	-7.982948058946712e-07	-5.051300937192752e-08	0.14063020206263332	0.216483205643045	0.0006439099164041599	0.005080751939901943	0.01759104165678179	0.05774405665483073	0.05297563795486485	0.734867773365591	0.058024884738428664	0.6131534308454489	0.00011538522530105652	0.01759183402975828	0.08495025998693981	-4.164508738665807e-06	0.000998226388293507
