tloc	tmcCabe	assertionDensity	assertionRoulette	mysteryGuest	eagerTest	sensitiveEquality	resourceOptimism	conditionalTestLogic	fireAndForget	loc	lcom2	lcom5	cbo	wmc	rfc	mpc	halsteadVocabulary	halsteadLength	halsteadVolume	classDataShouldBePrivate	complexClass	spaghettiCode	functionalDecomposition	godClass
6.322140099818356e-05	4.941083354744647e-06	1.3810582614097456e-07	2.209582919725492e-05	-1.3161470491628805e-06	6.823127294481522e-05	6.556455653115091e-07	-2.3541787206367916e-08	-1.0004272401937053e-06	-5.6013879891351106e-08	0.140739993189299	0.21389919234600158	0.0006442075006213113	0.005075834263172518	0.017518370274395376	0.05775660790445967	0.05301599215694661	0.7377219090435698	0.05765525237606971	0.6105354740878287	0.00011518820948753005	0.017582671103229832	0.08566424073933662	-4.510569885023367e-06	0.0009762199255437748
-5.428452917273284e-06	-2.309089490391264e-05	3.7550018332671493e-06	3.7064329562209306e-05	-1.6255414415901212e-05	0.00022418208853557692	4.057175250702598e-07	-6.26510141492424e-07	-3.336052175746492e-06	-2.9201719083357525e-07	0.04483074563477994	0.887989727810302	-0.0003793751371135358	-0.00561294372083504	0.009243241107220171	-0.04696693367141668	-0.04924659902996794	0.10746406767686711	-0.04421178457433704	-0.4369317873832957	0.00028899334732583425	0.010234858526079062	-0.014077055876776197	1.579970267654872e-06	-0.000770848857723084
