tloc	tmcCabe	assertionDensity	assertionRoulette	mysteryGuest	eagerTest	sensitiveEquality	resourceOptimism	conditionalTestLogic	fireAndForget	loc	lcom2	lcom5	cbo	wmc	rfc	mpc	halsteadVocabulary	halsteadLength	halsteadVolume	classDataShouldBePrivate	complexClass	spaghettiCode	functionalDecomposition	godClass
6.645200258671419e-05	5.245378017649837e-06	1.8524317698987853e-07	2.1843741984199424e-05	-1.1989546837530327e-06	6.878521454279398e-05	6.420913656732311e-07	-3.595731955022902e-08	-2.5479656701304385e-07	-5.6895832809633354e-08	0.14040685039599973	0.21517132759828692	0.0006433922255735062	0.00504768156715887	0.01754069320463762	0.05740533124319759	0.052655250765070584	0.736280079282296	0.05792685727144877	0.6120382404079533	0.00011302060348242205	0.017555776906131273	0.08498124848039013	-4.463322328061773e-06	0.000987768114063591
