tloc	tmcCabe	assertionDensity	assertionRoulette	mysteryGuest	eagerTest	sensitiveEquality	resourceOptimism	conditionalTestLogic	fireAndForget	loc	lcom2	lcom5	cbo	wmc	rfc	mpc	halsteadVocabulary	halsteadLength	halsteadVolume	classDataShouldBePrivate	complexClass	spaghettiCode	functionalDecomposition	godClass
7.224457732687638e-05	5.952671824108067e-06	2.0457973272668704e-07	2.2884765283158085e-05	-5.58508762170077e-07	6.926986885545804e-05	6.97954272113557e-07	-5.540963868963851e-09	4.0032872314762525e-07	-3.985434121772205e-08	0.1401563435753106	0.21602248876382787	0.000645863087734266	0.005071488809420816	0.01750855160414283	0.05687284516106372	0.05221569084548687	0.7356114042954447	0.05801224468379314	0.6127261258096	0.00011533936383956579	0.01748665176941601	0.08465894564159616	-4.579209903651701e-06	0.0009951974707182293
