tloc	tmcCabe	assertionDensity	assertionRoulette	mysteryGuest	eagerTest	sensitiveEquality	resourceOptimism	conditionalTestLogic	fireAndForget	loc	lcom2	lcom5	cbo	wmc	rfc	mpc	halsteadVocabulary	halsteadLength	halsteadVolume	classDataShouldBePrivate	complexClass	spaghettiCode	functionalDecomposition	godClass
5.372033950014473e-05	3.9242247259052015e-06	1.8547722660612755e-07	2.2340520707693363e-05	-1.7413817384996554e-06	6.859635168133145e-05	6.375385566840648e-07	-4.850835181978529e-08	-1.5137728584492972e-06	-9.424180142542012e-08	0.14180595981165078	0.21228909976599447	0.000660047548311694	0.005127519341865054	0.01766029846006341	0.05833060897031098	0.05356786108815113	0.7420754751396815	0.05708973436667485	0.6054305823254893	0.00011642416152916611	0.017693718057656585	0.08612930202125571	-4.611204245910672e-06	0.0010170237533498013
