tloc	tmcCabe	assertionDensity	assertionRoulette	mysteryGuest	eagerTest	sensitiveEquality	resourceOptimism	conditionalTestLogic	fireAndForget	loc	lcom2	lcom5	cbo	wmc	rfc	mpc	halsteadVocabulary	halsteadLength	halsteadVolume	classDataShouldBePrivate	complexClass	spaghettiCode	functionalDecomposition	godClass
6.687388246750193e-05	5.15575383549686e-06	1.901785642485606e-07	2.1809566786906197e-05	-1.1540425720361013e-06	6.842771369379617e-05	6.902444855961807e-07	-4.7166663032936085e-08	-3.728443024629441e-07	-5.313830559822129e-08	0.14051247183757767	0.2134296337198582	0.0006441851979348127	0.0050564695389749255	0.017515752286759834	0.057439709530327863	0.05270474036517653	0.7367426368206106	0.057916552021210016	0.6120536906123335	0.00011445127889854923	0.01751206911390767	0.08504531213445822	-4.386705132420151e-06	0.000990871410494158
3.3673541047218894e-06	-2.279882015014292e-05	3.5702458786314236e-06	3.4310863030293716e-05	-1.7231590266434463e-05	0.00021879472199952955	4.3889405370084694e-07	-7.560228532114243e-07	-6.170317403445804e-06	-3.020436648288815e-07	0.04620279668670847	0.8876871237904894	-0.00037373699439639037	-0.00550150045281829	0.009556567783239184	-0.04494314932430856	-0.04732159644913953	0.10886282795399936	-0.044496249675544636	-0.4374883740707122	0.0002864653090108074	0.01061428234093918	-0.012465488579322413	1.5895310023564476e-06	-0.0007906442627675077
