tloc	tmcCabe	assertionDensity	assertionRoulette	mysteryGuest	eagerTest	sensitiveEquality	resourceOptimism	conditionalTestLogic	fireAndForget	loc	lcom2	lcom5	cbo	wmc	rfc	mpc	halsteadVocabulary	halsteadLength	halsteadVolume	classDataShouldBePrivate	complexClass	spaghettiCode	functionalDecomposition	godClass
6.812763185085344e-05	5.225503085513367e-06	2.4882642202399817e-07	2.1945077701105262e-05	-1.174482541626966e-06	6.897937710719667e-05	6.507916654947122e-07	-4.138970214706105e-08	-1.3524387713342926e-07	-4.682808114608642e-08	0.1404145438954694	0.21507664626581338	0.0006431975907700832	0.005045549482388765	0.01754134702452816	0.0573778349310205	0.05262667900038548	0.7361830599830638	0.05795718900030401	0.61219916375848	0.00011418324627005962	0.01754402088173621	0.08490756789496416	-4.577458038219728e-06	0.0009890846797576333
2.127178142205024e-06	-2.3086762058546948e-05	3.6013318210085693e-06	3.413692421069437e-05	-1.6937321163100807e-05	0.00021683847740753664	4.3794579456350965e-07	-6.882176479353806e-07	-5.6227274985083544e-06	-3.015230451670442e-07	0.04542720029636583	0.8889897891985378	-0.00037773233792685277	-0.0055151488885596045	0.009539354108144563	-0.04501238545479261	-0.04741653479634764	0.10541569943241912	-0.04425433596412046	-0.4357598605725655	0.0002844327713573095	0.010624280531679544	-0.012896184497721312	1.6407433159792509e-06	-0.0007961388027327139
