tloc	tmcCabe	assertionDensity	assertionRoulette	mysteryGuest	eagerTest	sensitiveEquality	resourceOptimism	conditionalTestLogic	fireAndForget	loc	lcom2	lcom5	cbo	wmc	rfc	mpc	halsteadVocabulary	halsteadLength	halsteadVolume	classDataShouldBePrivate	complexClass	spaghettiCode	functionalDecomposition	godClass
6.524452008706607e-05	5.06884930414962e-06	1.1681464198973525e-07	2.186355437916411e-05	-4.742048373151857e-07	6.772213618721676e-05	6.307888951955694e-07	-9.789232309729398e-08	-3.7936712733005295e-07	-7.26822151201449e-08	0.14094318779327078	0.216247388280575	0.000645650471964955	0.0050686695763166945	0.017601755243462747	0.05770048616949526	0.05293847241465191	0.7375020322810121	0.057580847035751476	0.6099467637120646	0.00011716066869692782	0.017671481486379207	0.08562469130049519	-4.41876728882267e-06	0.0007606631563881633
1.917397169437457e-05	-2.2671481332206128e-05	3.6989480782030325e-06	3.710677060686041e-05	-7.892542664547313e-06	0.0002202248729067864	4.079935303451593e-07	-4.964817586263784e-07	-3.7207057754219563e-06	-2.6455835234812227e-07	0.04123620176184516	0.8849961212934155	-0.0004044373681000891	-0.005918291082163806	0.008805993274692926	-0.048987573624574975	-0.0511078449364334	0.11049949144656854	-0.04452591443689322	-0.442113882356427	0.00022206960147042252	0.00980809880992515	-0.014240158735592347	1.4934516440922176e-06	-0.0006714111987881135
