tloc	tmcCabe	assertionDensity	assertionRoulette	mysteryGuest	eagerTest	sensitiveEquality	resourceOptimism	conditionalTestLogic	fireAndForget	loc	lcom2	lcom5	cbo	wmc	rfc	mpc	halsteadVocabulary	halsteadLength	halsteadVolume	classDataShouldBePrivate	complexClass	spaghettiCode	functionalDecomposition	godClass
6.895158356548143e-05	5.382261519966537e-06	2.0877070928848684e-07	2.18239246262482e-05	-6.554039654988348e-07	6.793977028801129e-05	6.518429872034315e-07	-1.1400374918174169e-08	2.0481726649311098e-08	-3.752205860307092e-08	0.1405434900401488	0.21513284925142948	0.0006429572927367995	0.005057683235102743	0.017505270121735944	0.05743052183098013	0.05268901872803416	0.7362632619015833	0.05793004001533125	0.6120385857977773	0.00011503216057177928	0.017491061337004992	0.08497588431599583	-4.599738500128307e-06	0.000993414752731703
2.114075186797829e-06	-2.291945880922711e-05	3.577145063823513e-06	3.415115032423139e-05	-1.7188623079060032e-05	0.0002175645138654734	4.521034616929647e-07	-7.167293514886012e-07	-5.571436446503783e-06	-3.1367956041884575e-07	0.04536246760715221	0.8889629899844926	-0.0003767627221662799	-0.005525058170121272	0.009557301393127306	-0.0450650383274298	-0.04747260401650274	0.10533106891544075	-0.044255756685559075	-0.4358277137308594	0.00028400736817607743	0.010640649952217503	-0.012943895670248543	1.6513761334525042e-06	-0.0007955479424323693
