tloc	tmcCabe	assertionDensity	assertionRoulette	mysteryGuest	eagerTest	sensitiveEquality	resourceOptimism	conditionalTestLogic	fireAndForget	loc	lcom2	lcom5	cbo	wmc	rfc	mpc	halsteadVocabulary	halsteadLength	halsteadVolume	classDataShouldBePrivate	complexClass	spaghettiCode	functionalDecomposition	godClass
6.730124034247768e-05	4.7350935147912674e-06	3.651186863910518e-07	2.2087135983800457e-05	-1.4004344363625739e-06	6.876883977725643e-05	6.520201981841961e-07	-4.220598165513079e-08	-6.302784301300067e-07	-5.889547150537638e-08	0.14033754146603492	0.21513994660336586	0.0006434150600422481	0.005041497555055084	0.01753726183387831	0.057376324121487236	0.05262522810599246	0.7362859396607558	0.057931835098322663	0.6120681350505307	0.00011395760745089966	0.017546808126103094	0.08494682353145554	-4.518444542791064e-06	0.000986867994635458
3.694432705779425e-06	-2.264255702222987e-05	3.5205905366375136e-06	3.4061081907357495e-05	-1.6744137801391792e-05	0.00021726709325615366	4.497292340716995e-07	-6.950133589383549e-07	-5.266460934373536e-06	-3.011903790854852e-07	0.04551246705563644	0.8889546774378124	-0.00037758531222565874	-0.005512716292601293	0.009539839069134986	-0.04500552566394372	-0.047405311464258325	0.10531761968919721	-0.04426002868788624	-0.4358471658161459	0.00028468375834681046	0.010630559829223226	-0.01290837596348064	1.6277744576236016e-06	-0.0007914724365084939
