tloc	tmcCabe	assertionDensity	assertionRoulette	mysteryGuest	eagerTest	sensitiveEquality	resourceOptimism	conditionalTestLogic	fireAndForget	loc	lcom2	lcom5	cbo	wmc	rfc	mpc	halsteadVocabulary	halsteadLength	halsteadVolume	classDataShouldBePrivate	complexClass	spaghettiCode	functionalDecomposition	godClass
6.925872618087596e-05	5.401727386746933e-06	1.9941758416531504e-07	2.2127374718225182e-05	-8.712680506953098e-07	6.880504189389813e-05	6.67442579130731e-07	-2.0840552553510088e-08	2.898106886051086e-09	-4.6153238007788276e-08	0.14043691250028864	0.21498221838040404	0.0006427382602881533	0.005047092737524599	0.017542585785522532	0.057354042761064115	0.052601679075280385	0.7360341263934866	0.05799527868902634	0.6124171298153985	0.0001144501940491796	0.017535420772238797	0.08483599519357925	-4.6193254543009205e-06	0.0009895760627131884
