tloc	tmcCabe	assertionDensity	assertionRoulette	mysteryGuest	eagerTest	sensitiveEquality	resourceOptimism	conditionalTestLogic	fireAndForget	loc	lcom2	lcom5	cbo	wmc	rfc	mpc	halsteadVocabulary	halsteadLength	halsteadVolume	classDataShouldBePrivate	complexClass	spaghettiCode	functionalDecomposition	godClass
0.0001271875794831982	8.512765030152832e-07	1.3526951788646073e-06	4.0563687646046324e-05	3.384728577699581e-06	0.00017672582486209126	2.2558729209330384e-06	3.51615999639115e-07	8.55790857310254e-06	1.1527515282965122e-07	0.128584154546493	0.5577254730099322	0.0002496770244611845	0.000868091748002569	0.017337714972895976	0.01735547458750321	0.012668430214886742	0.7246167340200657	0.036906221221315275	0.3757191537983107	0.0002755208405694639	0.016871242020780858	0.061326994838997534	-6.130941232305378e-06	0.0017807116239699334
