tloc	tmcCabe	assertionDensity	assertionRoulette	mysteryGuest	eagerTest	sensitiveEquality	resourceOptimism	conditionalTestLogic	fireAndForget	loc	lcom2	lcom5	cbo	wmc	rfc	mpc	halsteadVocabulary	halsteadLength	halsteadVolume	classDataShouldBePrivate	complexClass	spaghettiCode	functionalDecomposition	godClass
6.878862731307877e-05	5.491889088078081e-06	1.988802974089396e-07	2.2043380617200757e-05	-1.031349600039425e-06	6.86264864457492e-05	6.796503242332999e-07	-2.7628466812419678e-08	5.598973528149665e-08	-4.8858918681655205e-08	0.1404052765023347	0.21501998241030304	0.0006429771081813555	0.0050440165482226	0.017538540261409448	0.05736065341444049	0.05260984551680831	0.7361242811423632	0.057972682776396306	0.612297866231735	0.0001142972937445641	0.017540127038814978	0.08487724213404914	-4.5601482302709205e-06	0.0009887426119739374
