tloc	tmcCabe	assertionDensity	assertionRoulette	mysteryGuest	eagerTest	sensitiveEquality	resourceOptimism	conditionalTestLogic	fireAndForget	loc	lcom2	lcom5	cbo	wmc	rfc	mpc	halsteadVocabulary	halsteadLength	halsteadVolume	classDataShouldBePrivate	complexClass	spaghettiCode	functionalDecomposition	godClass
6.675984486514729e-05	5.360821179850037e-06	1.4662549773018812e-07	2.159065124069271e-05	-9.017156435506748e-07	6.855513369800121e-05	6.496457374110624e-07	4.425575576978025e-08	-2.773232310497046e-07	-4.5798314874717437e-08	0.1403601301861511	0.21497402251479805	0.0006431458575843794	0.005044092694954915	0.017534613033900845	0.05735447904799599	0.05260533236630479	0.7360994502955933	0.057986520691217014	0.6123533820293409	0.00011410624029133519	0.017538888738808923	0.0848817618562696	-4.607830166413463e-06	0.000988168619950017
