tloc	tmcCabe	assertionDensity	assertionRoulette	mysteryGuest	eagerTest	sensitiveEquality	resourceOptimism	conditionalTestLogic	fireAndForget	loc	lcom2	lcom5	cbo	wmc	rfc	mpc	halsteadVocabulary	halsteadLength	halsteadVolume	classDataShouldBePrivate	complexClass	spaghettiCode	functionalDecomposition	godClass
7.224457732683066e-05	5.952671824108086e-06	2.0457973272668667e-07	2.288476528315803e-05	-5.585087621701086e-07	6.926986885545762e-05	6.979542721135561e-07	-5.540963868966716e-09	4.0032872314760556e-07	-3.9854341217722103e-08	0.14015634357531065	0.2160224887638273	0.0006458630877342659	0.005071488809420833	0.017508551604142813	0.0568728451610638	0.052215690845486884	0.735611404295445	0.05801224468379302	0.6127261258096002	0.00011533936383956507	0.017486651769416005	0.08465894564159605	-4.57920990365169e-06	0.0009951974707182397
-1.0791444247465697e-06	-2.357876605092484e-05	3.601360922724484e-06	3.332493107965283e-05	-1.731925233837316e-05	0.0002168755285652851	4.0473944936618486e-07	-7.220260341963765e-07	-6.002277857321752e-06	-3.139503655183195e-07	0.045693491941096044	0.8884641326576188	-0.0003804867996055236	-0.005543044520410288	0.009577924119518261	-0.04457674526116407	-0.0470739177491382	0.10555918825106467	-0.04436229155165671	-0.4368415391465185	0.0002835751971779822	0.010675267828178504	-0.012725064787285443	1.6473807195916702e-06	-0.0007997091660021042
-0.0006733665035875306	-5.2362233430690865e-05	1.5055353056403127e-06	-1.6024625015511323e-06	-9.05593002010556e-05	1.5715046331487384e-05	5.15435642098727e-07	-5.265931893432425e-06	-2.8464673665023156e-05	-1.425484668883744e-06	-0.10194507576540938	-0.38694353509747836	-0.0006712501842526658	-0.007957875374783268	-0.026558923200060324	-0.06768884153169964	-0.058680548888674	0.6579430451150171	-0.07260630827971423	-0.6213865080372551	-0.0008160753775443671	-0.02330760074526599	0.07881469328093799	2.412327545714728e-05	-0.0070363479978867265
0.00035297960842790437	8.417709282997211e-05	8.062241567836987e-06	1.8624972319340744e-05	-8.798462626951761e-05	-0.00022615829170310572	-2.626051850269992e-06	-7.82763091867109e-06	-2.3288606004607794e-05	-6.907938397143491e-07	0.8747633266906196	-0.0984493448722445	0.0035556087552123493	0.05471664841836936	0.08034445507173976	0.28557162644008244	0.2671266220291878	-0.05000372383317526	-0.047696495165284146	-0.17495290004750855	-0.0003244480963019912	0.08288953820570806	0.14286278838080987	-7.477451384842497e-06	-0.007917276848831145
