tloc	tmcCabe	assertionDensity	assertionRoulette	mysteryGuest	eagerTest	sensitiveEquality	resourceOptimism	conditionalTestLogic	fireAndForget	loc	lcom2	lcom5	cbo	wmc	rfc	mpc	halsteadVocabulary	halsteadLength	halsteadVolume	classDataShouldBePrivate	complexClass	spaghettiCode	functionalDecomposition	godClass
6.925872618097486e-05	5.4017273867471435e-06	1.994175841653141e-07	2.212737471822513e-05	-8.71268050695328e-07	6.880504189389801e-05	6.674425791307297e-07	-2.0840552553511782e-08	2.898106886046186e-09	-4.6153238007788276e-08	0.14043691250028884	0.21498221838040363	0.0006427382602881533	0.005047092737524599	0.01754258578552253	0.05735404276106409	0.052601679075280496	0.7360341263934861	0.057995278689026354	0.6124171298153984	0.00011445019404917915	0.017535420772238776	0.08483599519357919	-4.619325454300912e-06	0.0009895760627131882
1.7252819179630963e-06	-2.3052164978509307e-05	3.6016395860014618e-06	3.4063197153784965e-05	-1.7009229391900555e-05	0.00021721423662168267	4.342534980490141e-07	-7.068866975696557e-07	-5.618454203853427e-06	-3.078560942250796e-07	0.04549240456956319	0.8889972500064359	-0.00037673856258686847	-0.005512105082392638	0.009552271377739783	-0.04495734446219568	-0.04736544512905385	0.1056004358979921	-0.044263704282942254	-0.4357050193847971	0.00028433509180504515	0.010635449693882111	-0.012823783086127234	1.6735598274545814e-06	-0.0007921565704388835
-0.0006890936962770437	-5.6626580414213094e-05	1.7020882556433391e-06	-7.5288108543849456e-06	-9.265243088500184e-05	1.3156504903234706e-05	2.780734201896926e-07	-5.368880525191457e-06	-3.183768957018297e-05	-1.4805680821806631e-06	-0.09529486436726053	-0.38708670842145715	-0.0006891566881782338	-0.008012735918785614	-0.02567313487544236	-0.06160658442385884	-0.053705947937007406	0.656989404201364	-0.07280645216842974	-0.6242825761289176	-0.0008162834906217923	-0.0222349866579659	0.08043191576385426	2.374214213384906e-05	-0.007060176896227379
0.0002926020558217833	6.832724868445779e-05	8.276385978336623e-06	1.6873715817805877e-07	-9.248898587003768e-05	-0.00022989401047826026	-3.3844366346453814e-06	-7.95513567749928e-06	-3.396002892142507e-05	-8.616401804656905e-07	0.8691766621954563	-0.0933876854633905	0.003413490805631202	0.05307821224922653	0.08097096094267862	0.29704802812870074	0.27572858971513103	-0.056720268235790544	-0.046176337298884575	-0.17053459241695904	-0.00031709085245606837	0.08400628497333872	0.1435709223867941	-8.58076030486511e-06	-0.007760760438741445
