tloc	tmcCabe	assertionDensity	assertionRoulette	mysteryGuest	eagerTest	sensitiveEquality	resourceOptimism	conditionalTestLogic	fireAndForget	loc	lcom2	lcom5	cbo	wmc	rfc	mpc	halsteadVocabulary	halsteadLength	halsteadVolume	classDataShouldBePrivate	complexClass	spaghettiCode	functionalDecomposition	godClass
0.0001271875794832886	8.512765030157357e-07	1.3526951788645787e-06	4.0563687646046303e-05	3.3847285776999615e-06	0.00017672582486209047	2.2558729209330757e-06	3.5161599963913375e-07	8.55790857310287e-06	1.1527515282966096e-07	0.128584154546493	0.5577254730099278	0.00024967702446118407	0.0008680917480025798	0.017337714972895865	0.017355474587503254	0.012668430214886752	0.7246167340200668	0.036906221221315726	0.3757191537983156	0.0002755208405694638	0.016871242020780747	0.0613269948389976	-6.130941232305464e-06	0.0017807116239699748
-0.00026823211335472733	-4.448228052592522e-05	4.469279198763562e-06	-2.8917836404266026e-06	-5.82390716583743e-05	7.263020826434776e-05	-5.460007964067741e-06	-3.203588579123387e-06	-4.844089765430331e-05	-1.3605734921672853e-06	0.05687477156368206	0.7363462821999488	0.0001125898244225169	-0.0014476112457281066	0.011842105917446482	0.0012623772910887944	-0.0016102062278567965	-0.2514269534611669	-0.07150870041923939	-0.6210988223707108	9.246840414964997e-06	0.016337852261784393	-0.004521560047380777	1.3755794902211663e-05	-0.005716068749777962
-0.0007790135525746078	-6.924675868491706e-05	2.3119208389125355e-06	-1.7763432425775298e-05	-0.00010952022056967103	-1.4304739422517246e-05	-1.973449841627719e-06	-6.401941036552483e-06	-4.64972033473196e-05	-1.8689728058523815e-06	-0.07325898466878962	-0.3523727985812753	-0.0004839285719955985	-0.007076273355696366	-0.02278784584079361	-0.042829573991734676	-0.03575477952502962	0.631553570049146	-0.08169603566773485	-0.6722117639423668	-0.000898719725345969	-0.01803760464669467	0.09472595965352162	2.6741890942794276e-05	-0.00903075227722287
0.001833802001096325	5.043601132228086e-05	1.1127785098365678e-05	6.085053433077742e-05	9.571342226092368e-05	0.00012096984416123989	2.5335434425251056e-05	8.084791083256687e-07	0.00012318301627963835	4.551883951286453e-06	0.962169606639633	-0.1469944824664584	0.0017216072386420994	0.01682983353786856	0.05703277042515221	0.14609095249461876	0.1243222138114514	-0.03471211164771907	-0.01890370315773883	-0.06835732863240618	0.0007765146214755496	0.0424300895525686	0.06437763401635384	-7.226403251962882e-05	0.010046514253804265
