tloc	tmcCabe	assertionDensity	assertionRoulette	mysteryGuest	eagerTest	sensitiveEquality	resourceOptimism	conditionalTestLogic	fireAndForget	loc	lcom2	lcom5	cbo	wmc	rfc	mpc	halsteadVocabulary	halsteadLength	halsteadVolume	classDataShouldBePrivate	complexClass	spaghettiCode	functionalDecomposition	godClass
6.925872618085321e-05	5.401727386746984e-06	1.9941758416531242e-07	2.2127374718225074e-05	-8.71268050695311e-07	6.880504189389794e-05	6.674425791307281e-07	-2.0840552553510664e-08	2.898106886044499e-09	-4.615323800778823e-08	0.14043691250028836	0.21498221838040327	0.0006427382602881527	0.0050470927375245965	0.017542585785522515	0.05735404276106403	0.052601679075280315	0.7360341263934863	0.05799527868902623	0.6124171298153976	0.00011445019404917917	0.01753542077223876	0.08483599519357907	-4.61932545430091e-06	0.0009895760627131847
1.7252819178817083e-06	-2.305216497844474e-05	3.601639586001454e-06	3.40631971537849e-05	-1.7009229391900815e-05	0.0002172142366216828	4.3425349804901197e-07	-7.068866975696686e-07	-5.618454203853527e-06	-3.07856094225082e-07	0.045492404569562425	0.8889972500064348	-0.0003767385625868697	-0.005512105082392665	0.009552271377739827	-0.044957344462195736	-0.04736544512905386	0.10560043589799335	-0.04426370428294238	-0.4357050193847982	0.0002843350918050439	0.010635449693882155	-0.012823783086127078	1.673559827454634e-06	-0.0007921565704389114
-0.0006890936962771015	-5.662658041423297e-05	1.702088255587114e-06	-7.528810854385259e-06	-9.265243088500203e-05	1.3156504903234631e-05	2.7807342018965477e-07	-5.36888052519147e-06	-3.1837689570183174e-05	-1.480568082180665e-06	-0.09529486436726127	-0.38708670842145937	-0.0006891566881782339	-0.00801273591878562	-0.025673134875442427	-0.06160658442385866	-0.053705947937007226	0.6569894042013638	-0.07280645216842982	-0.6242825761289179	-0.0008162834906217967	-0.022234986657966003	0.08043191576385413	2.3742142133849057e-05	-0.007060176896227519
0.0002926020558218168	6.832724868448037e-05	8.276385978334015e-06	1.6873715829938467e-07	-9.248898587004332e-05	-0.00022989401047827219	-3.3844366346462818e-06	-7.955135677499635e-06	-3.396002892143072e-05	-8.616401804658029e-07	0.8691766621954515	-0.09338768546338948	0.0034134908056312374	0.05307821224922687	0.08097096094267929	0.2970480281287056	0.2757285897151363	-0.056720268235790336	-0.04617633729888556	-0.17053459241695942	-0.0003170908524561093	0.08400628497333958	0.143570922386799	-8.580760304863302e-06	-0.007760760438741983
