tloc	tmcCabe	assertionDensity	assertionRoulette	mysteryGuest	eagerTest	sensitiveEquality	resourceOptimism	conditionalTestLogic	fireAndForget	loc	lcom2	lcom5	cbo	wmc	rfc	mpc	halsteadVocabulary	halsteadLength	halsteadVolume	classDataShouldBePrivate	complexClass	spaghettiCode	functionalDecomposition	godClass
6.925872618090067e-05	5.401727386746964e-06	1.9941758416531478e-07	2.212737471822516e-05	-8.712680506952886e-07	6.880504189389783e-05	6.674425791307311e-07	-2.0840552553510965e-08	2.89810688605044e-09	-4.615323800778758e-08	0.14043691250028867	0.21498221838040363	0.0006427382602881523	0.005047092737524622	0.017542585785522546	0.05735404276106428	0.052601679075280475	0.7360341263934858	0.057995278689026375	0.6124171298153984	0.00011445019404917966	0.017535420772238797	0.08483599519357933	-4.61932545430092e-06	0.00098957606271319
1.7252819178882326e-06	-2.3052164978657735e-05	3.6016395860014783e-06	3.406319715378486e-05	-1.7009229391901608e-05	0.000217214236621683	4.342534980490141e-07	-7.068866975697186e-07	-5.618454203853796e-06	-3.0785609422509665e-07	0.04549240456956232	0.8889972500064323	-0.00037673856258687563	-0.005512105082392704	0.009552271377739651	-0.044957344462196264	-0.047365445129054266	0.10560043589799949	-0.04426370428294284	-0.4357050193848046	0.00028433509180503713	0.01063544969388196	-0.012823783086126306	1.6735598274548474e-06	-0.0007921565704389746
-0.0006890936962769009	-5.662658041427967e-05	1.7020882556640004e-06	-7.528810854385259e-06	-9.265243088500155e-05	1.3156504903233049e-05	2.780734201896967e-07	-5.368880525191444e-06	-3.183768957018286e-05	-1.480568082180661e-06	-0.09529486436726073	-0.38708670842146736	-0.0006891566881782302	-0.008012735918785548	-0.02567313487544251	-0.061606584423858364	-0.05370594793700691	0.6569894042013631	-0.07280645216842924	-0.6242825761289131	-0.0008162834906217957	-0.022234986657966097	0.08043191576385453	2.374214213384899e-05	-0.007060176896227525
0.0002926020558218858	6.83272486845011e-05	8.276385978294443e-06	1.687371581796749e-07	-9.24889858700349e-05	-0.00022989401047825682	-3.384436634645088e-06	-7.955135677499125e-06	-3.396002892142252e-05	-8.616401804656449e-07	0.8691766621954581	-0.09338768546339092	0.0034134908056311923	0.05307821224922672	0.08097096094267865	0.2970480281286983	0.27572858971512915	-0.05672026823579057	-0.046176337298884214	-0.17053459241695856	-0.0003170908524560521	0.08400628497333863	0.1435709223867921	-8.580760304865796e-06	-0.007760760438741407
