tloc	tmcCabe	assertionDensity	assertionRoulette	mysteryGuest	eagerTest	sensitiveEquality	resourceOptimism	conditionalTestLogic	fireAndForget	loc	lcom2	lcom5	cbo	wmc	rfc	mpc	halsteadVocabulary	halsteadLength	halsteadVolume	classDataShouldBePrivate	complexClass	spaghettiCode	functionalDecomposition	godClass
7.224457732682888e-05	5.952671824108262e-06	2.0457973272668283e-07	2.2884765283158018e-05	-5.585087621701335e-07	6.92698688554576e-05	6.979542721135525e-07	-5.540963868967078e-09	4.0032872314757734e-07	-3.9854341217722375e-08	0.14015634357531057	0.21602248876382685	0.0006458630877342662	0.005071488809420835	0.01750855160414283	0.05687284516106395	0.05221569084548698	0.7356114042954442	0.05801224468379303	0.6127261258096001	0.00011533936383956509	0.01748665176941602	0.08465894564159619	-4.57920990365169e-06	0.000995197470718233
-1.079144424745522e-06	-2.357876605076901e-05	3.601360922724485e-06	3.332493107965273e-05	-1.7319252338373553e-05	0.00021687552856528507	4.0473944936618867e-07	-7.220260341964007e-07	-6.002277857321841e-06	-3.1395036551832607e-07	0.04569349194109605	0.888464132657617	-0.0003804867996055232	-0.0055430445204103125	0.009577924119518185	-0.04457674526116432	-0.04707391774913848	0.10555918825106807	-0.04436229155165696	-0.4368415391465211	0.0002835751971779781	0.010675267828178327	-0.012725064787284949	1.6473807195917727e-06	-0.000799709166002141
-0.0006733665035875263	-5.2362233430707867e-05	1.5055353054862074e-06	-1.602462501554855e-06	-9.055930020105592e-05	1.571504633148596e-05	5.154356420986822e-07	-5.265931893432446e-06	-2.8464673665023485e-05	-1.4254846688837523e-06	-0.10194507576540875	-0.3869435350974822	-0.0006712501842526598	-0.007957875374783187	-0.02655892320006027	-0.06768884153169899	-0.05868054888867346	0.6579430451150161	-0.07260630827971411	-0.6213865080372521	-0.0008160753775443672	-0.023307600745265958	0.07881469328093811	2.412327545714726e-05	-0.007036347997886826
0.00035297960842794573	8.417709282996259e-05	8.062241567870059e-06	1.862497231947592e-05	-8.798462626951299e-05	-0.00022615829170309753	-2.626051850269379e-06	-7.827630918670784e-06	-2.328860600460358e-05	-6.907938397142582e-07	0.8747633266906221	-0.09844934487224488	0.003555608755212327	0.05471664841836902	0.0803444550717394	0.2855716264400792	0.2671266220291843	-0.05000372383317568	-0.047696495165283015	-0.17495290004750763	-0.00032444809630196127	0.08288953820570767	0.14286278838080682	-7.47745138484403e-06	-0.007917276848830779
