tloc	tmcCabe	assertionDensity	assertionRoulette	mysteryGuest	eagerTest	sensitiveEquality	resourceOptimism	conditionalTestLogic	fireAndForget	loc	lcom2	lcom5	cbo	wmc	rfc	mpc	halsteadVocabulary	halsteadLength	halsteadVolume	classDataShouldBePrivate	complexClass	spaghettiCode	functionalDecomposition	godClass
6.925872618083794e-05	5.401727386747016e-06	1.9941758416531303e-07	2.2127374718225053e-05	-8.712680506953005e-07	6.880504189389767e-05	6.674425791307287e-07	-2.084055255351032e-08	2.8981068860635166e-09	-4.615323800778811e-08	0.14043691250028828	0.2149822183804025	0.0006427382602881527	0.005047092737524599	0.01754258578552249	0.05735404276106403	0.05260167907528039	0.7360341263934859	0.057995278689026125	0.6124171298153986	0.00011445019404917964	0.017535420772238772	0.08483599519357926	-4.619325454300906e-06	0.0009895760627131845
1.7252819178163428e-06	-2.3052164978517005e-05	3.601639586001487e-06	3.406319715378481e-05	-1.700922939190209e-05	0.00021721423662168259	4.3425349804902034e-07	-7.068866975697466e-07	-5.618454203853943e-06	-3.078560942251029e-07	0.045492404569561634	0.8889972500064295	-0.0003767385625868784	-0.005512105082392756	0.009552271377739454	-0.04495734446219644	-0.04736544512905436	0.1056004358980034	-0.04426370428294328	-0.4357050193848065	0.0002843350918050318	0.01063544969388186	-0.0128237830861258	1.6735598274549645e-06	-0.0007921565704390126
-0.0006890936962771348	-5.6626580414151884e-05	1.702088255535315e-06	-7.528810854385594e-06	-9.265243088500128e-05	1.3156504903231018e-05	2.780734201896867e-07	-5.368880525191427e-06	-3.183768957018275e-05	-1.4805680821806536e-06	-0.0952948643672622	-0.3870867084214717	-0.0006891566881782312	-0.008012735918785588	-0.025673134875442635	-0.06160658442385835	-0.05370594793700677	0.6569894042013624	-0.0728064521684289	-0.6242825761289108	-0.000816283490621797	-0.022234986657966287	0.08043191576385415	2.3742142133848955e-05	-0.007060176896227488
0.0002926020558217897	6.832724868446947e-05	8.276385978298397e-06	1.6873715834065958e-07	-9.248898587004573e-05	-0.0002298940104782756	-3.3844366346464948e-06	-7.955135677499782e-06	-3.3960028921432876e-05	-8.616401804658464e-07	0.8691766621954508	-0.09338768546338996	0.003413490805631243	0.053078212249226826	0.08097096094267933	0.29704802812870806	0.27572858971513786	-0.05672026823579009	-0.04617633729888602	-0.17053459241695984	-0.00031709085245612046	0.0840062849733399	0.14357092238680058	-8.580760304862635e-06	-0.00776076043874215
