tloc	tmcCabe	assertionDensity	assertionRoulette	mysteryGuest	eagerTest	sensitiveEquality	resourceOptimism	conditionalTestLogic	fireAndForget	loc	lcom2	lcom5	cbo	wmc	rfc	mpc	halsteadVocabulary	halsteadLength	halsteadVolume	classDataShouldBePrivate	complexClass	spaghettiCode	functionalDecomposition	godClass
0.0001271875794832949	8.512765030155606e-07	1.3526951788645778e-06	4.056368764604638e-05	3.3847285776999742e-06	0.0001767258248620907	2.2558729209330766e-06	3.516159996391347e-07	8.557908573102872e-06	1.1527515282966172e-07	0.12858415454649297	0.5577254730099275	0.0002496770244611842	0.0008680917480025804	0.0173377149728959	0.01735547458750326	0.012668430214886773	0.7246167340200669	0.03690622122131576	0.37571915379831555	0.0002755208405694637	0.016871242020780743	0.06132699483899772	-6.130941232305471e-06	0.0017807116239699728
-0.00026823211335471833	-4.448228052573919e-05	4.469279198763518e-06	-2.89178364042653e-06	-5.8239071658374346e-05	7.263020826434769e-05	-5.460007964067742e-06	-3.2035885791233867e-06	-4.844089765430328e-05	-1.3605734921672872e-06	0.0568747715636819	0.7363462821999492	0.00011258982442251667	-0.001447611245728111	0.011842105917446485	0.0012623772910887415	-0.0016102062278568403	-0.2514269534611668	-0.0715087004192394	-0.6210988223707107	9.24684041496467e-06	0.016337852261784372	-0.004521560047380906	1.3755794902211674e-05	-0.0057160687497779744
-0.0007790135525745639	-6.924675868493175e-05	2.311920838958314e-06	-1.7763432425775623e-05	-0.0001095202205696709	-1.430473942251766e-05	-1.973449841627734e-06	-6.401941036552486e-06	-4.6497203347319694e-05	-1.8689728058523853e-06	-0.07325898466878958	-0.3523727985812753	-0.00048392857199559906	-0.007076273355696369	-0.022787845840793665	-0.04282957399173467	-0.03575477952502961	0.6315535700491457	-0.08169603566773488	-0.6722117639423669	-0.0008987197253459657	-0.01803760464669472	0.09472595965352162	2.674189094279429e-05	-0.009030752277222895
0.0018338020010963787	5.04360113223111e-05	1.1127785098396478e-05	6.085053433075823e-05	9.571342226092537e-05	0.00012096984416124422	2.5335434425251462e-05	8.084791083258763e-07	0.0001231830162796397	4.551883951286388e-06	0.9621696066396346	-0.14699448246645833	0.0017216072386421067	0.016829833537868464	0.057032770425151764	0.14609095249461498	0.12432221381144791	-0.03471211164771923	-0.0189037031577386	-0.06835732863240626	0.0007765146214755841	0.042430089552568134	0.0643776340163525	-7.226403251962889e-05	0.010046514253803925
