tloc	tmcCabe	assertionDensity	assertionRoulette	mysteryGuest	eagerTest	sensitiveEquality	resourceOptimism	conditionalTestLogic	fireAndForget	loc	lcom2	lcom5	cbo	wmc	rfc	mpc	halsteadVocabulary	halsteadLength	halsteadVolume	classDataShouldBePrivate	complexClass	spaghettiCode	functionalDecomposition	godClass
6.951920911471863e-05	5.470066621061354e-06	2.069623187621056e-07	2.2210849939662798e-05	-8.517384391943598e-07	6.880050418431529e-05	6.698603617093032e-07	-2.178216024322881e-08	1.298037933861518e-07	-4.662290028450034e-08	0.14043635778085245	0.21497615360994388	0.0006427188634866403	0.005048303458021267	0.01754283645703665	0.05735426424644783	0.05260186965713655	0.7360324893698855	0.05799631530379548	0.6124211948136576	0.00011444979141947261	0.017535068094137726	0.08483611372927123	-4.617552634908881e-06	0.0009894628695733948
