tloc	tmcCabe	assertionDensity	assertionRoulette	mysteryGuest	eagerTest	sensitiveEquality	resourceOptimism	conditionalTestLogic	fireAndForget	loc	lcom2	lcom5	cbo	wmc	rfc	mpc	halsteadVocabulary	halsteadLength	halsteadVolume	classDataShouldBePrivate	complexClass	spaghettiCode	functionalDecomposition	godClass
6.97408397310587e-05	5.609841943367072e-06	1.6450527756958021e-07	2.21946100925867e-05	-1.2984450357535359e-06	6.824396220288013e-05	6.432795226074862e-07	-3.803647747369771e-08	1.146207831320591e-08	-4.9349310949860914e-08	0.14054662177299157	0.21526593587924878	0.000643176492580965	0.005058209467772834	0.01755244262075258	0.05741281969062744	0.052657534373495865	0.7361590131350176	0.05793805243007332	0.6121228239054531	0.00011546294448707385	0.01755302112064931	0.0849336107853953	-4.671304870162467e-06	0.0009881743712126855
7.973029005887431e-07	-2.3130291898102945e-05	3.607532180440646e-06	3.4023067099977426e-05	-1.694972830511273e-05	0.0002174374262620619	4.395631771011591e-07	-7.057293145826273e-07	-5.6926994099098985e-06	-3.10647721775802e-07	0.045211646980200706	0.8889885631939805	-0.0003777180317828613	-0.005531500175965228	0.009521249760506808	-0.04509540087399274	-0.04749274867384768	0.10524312868428026	-0.04423508642225881	-0.43580999101498186	0.0002835383924872521	0.010610310705065957	-0.012967073520264532	1.6817768515357542e-06	-0.0007937902050524193
