tloc	tmcCabe	assertionDensity	assertionRoulette	mysteryGuest	eagerTest	sensitiveEquality	resourceOptimism	conditionalTestLogic	fireAndForget	loc	lcom2	lcom5	cbo	wmc	rfc	mpc	halsteadVocabulary	halsteadLength	halsteadVolume	classDataShouldBePrivate	complexClass	spaghettiCode	functionalDecomposition	godClass
6.86777392515979e-05	5.350892023672902e-06	1.7928045209631156e-07	2.1981766452678687e-05	-9.999463270763303e-07	6.876621407238609e-05	6.580413395403656e-07	-2.8178173675395215e-08	1.0843813016187642e-07	-4.983219153681354e-08	0.14046590707851886	0.21512685388651642	0.0006430127378080742	0.005049007887108288	0.017545365964594883	0.05737670311529693	0.05262315120723783	0.7361386003257161	0.05796578474934407	0.6122241834277867	0.0001143703966917206	0.017547084748499028	0.08489589941408304	-4.6518957859086094e-06	0.0009894053210932454
