tloc	tmcCabe	assertionDensity	assertionRoulette	mysteryGuest	eagerTest	sensitiveEquality	resourceOptimism	conditionalTestLogic	fireAndForget	loc	lcom2	lcom5	cbo	wmc	rfc	mpc	halsteadVocabulary	halsteadLength	halsteadVolume	classDataShouldBePrivate	complexClass	spaghettiCode	functionalDecomposition	godClass
6.915860879736361e-05	5.315114143387049e-06	1.9478046555194694e-07	2.2078756819583715e-05	-9.459639873133312e-07	6.916199034175357e-05	7.332914302977779e-07	-2.445532415307675e-08	-6.894644623857084e-08	-4.7954315654506e-08	0.14070225542304238	0.21523855064976977	0.0006426991222981521	0.005047848983664987	0.0175553401458086	0.05737164299065222	0.05261380780790177	0.736013460310981	0.05797612931822352	0.6122881436998285	0.00011439015298610793	0.01754377001872173	0.08484596504330733	-4.631969855705868e-06	0.0009892151933109123
2.397352280954635e-06	-2.2624073295896054e-05	3.6433821222907393e-06	3.4469922439146664e-05	-1.665976286402588e-05	0.0002153863761644111	1.4316591808967934e-07	-6.898062982258121e-07	-5.250514317410379e-06	-2.9926971073961076e-07	0.04393999242597725	0.8888170559573257	-0.0003812507075872808	-0.0055322583175520836	0.009472072581008633	-0.045204064363435624	-0.047575456670378644	0.10593018044075611	-0.04427210153581712	-0.43610323887071806	0.00028518539265296583	0.010568251249449052	-0.012903978327182078	1.7447273609473978e-06	-0.0007923397920611584
-0.0006954817428759235	-5.7915115829279955e-05	1.5448556152933902e-06	-9.232523980664615e-06	-9.400489364346918e-05	1.618921824527693e-05	8.069789512828434e-07	-5.441539741952581e-06	-3.293924257531133e-05	-1.510428852145678e-06	-0.09064281638451036	-0.3882028627217764	-0.0006672317273585005	-0.007928210780346551	-0.02544047755076924	-0.060820740065849546	-0.05302111375269429	0.6566830238792911	-0.0729291790982158	-0.6246887147542869	-0.0008213804244602198	-0.02204247023848576	0.08085152066810362	2.3582946913055333e-05	-0.007087724891950057
