tloc	tmcCabe	assertionDensity	assertionRoulette	mysteryGuest	eagerTest	sensitiveEquality	resourceOptimism	conditionalTestLogic	fireAndForget	loc	lcom2	lcom5	cbo	wmc	rfc	mpc	halsteadVocabulary	halsteadLength	halsteadVolume	classDataShouldBePrivate	complexClass	spaghettiCode	functionalDecomposition	godClass
8.440994772032997e-05	1.24483190081953e-05	-7.682206833820645e-07	1.0337184960101882e-05	3.0943776135792134e-06	9.032362756030758e-06	-1.0268725151603985e-07	1.7260132387082105e-07	2.5857199516755284e-06	3.6721097850044893e-08	0.13827532057390762	0.025763416938170577	0.0007472949210277082	0.006595296824865378	0.01620287675451839	0.07025973462460967	0.06572969591494648	0.679248127299411	0.06735163928229837	0.7050433357925598	5.57555980757311e-05	0.016025582016252662	0.08598789432205542	-5.2684860726600935e-06	0.0012861797244805757
0.00039673454266950844	1.763757966104487e-05	-2.033889003563427e-06	1.5138942463141198e-05	1.8990591859969553e-06	0.0001847881340468449	1.4383031760564102e-06	7.360358920685892e-07	1.4683949787224328e-05	1.6731762190973723e-07	0.13930109503241495	0.9881590129352461	-3.4403790824818346e-05	0.002267097785436879	0.02494328492854274	0.0192808291551809	0.010551100915990206	-0.03072487722866184	-0.0032779652471551074	-0.03637080978319572	0.0005991653064831438	0.025314972516387153	-0.010036940031743585	-8.675541973845705e-06	0.0026167288207610043
