tloc	tmcCabe	assertionDensity	assertionRoulette	mysteryGuest	eagerTest	sensitiveEquality	resourceOptimism	conditionalTestLogic	fireAndForget	loc	lcom2	lcom5	cbo	wmc	rfc	mpc	halsteadVocabulary	halsteadLength	halsteadVolume	classDataShouldBePrivate	complexClass	spaghettiCode	functionalDecomposition	godClass
6.930919013691119e-05	5.390892028854194e-06	1.8797757731497033e-07	2.1997955342764397e-05	-7.536434775898033e-07	6.879377994544932e-05	6.758565707276037e-07	-1.793048916504353e-08	-2.024488224523882e-08	-4.76850761586702e-08	0.1404562439154124	0.21503707366047564	0.0006427745644774515	0.005047658706632234	0.01754406916366946	0.057369480397537934	0.05261702033020166	0.7360866957031454	0.05797840558376507	0.6123250385362058	0.0001143864201719305	0.01753984862228643	0.0848639250897523	-4.563944581280537e-06	0.0009893717441083012
