tloc	tmcCabe	assertionDensity	assertionRoulette	mysteryGuest	eagerTest	sensitiveEquality	resourceOptimism	conditionalTestLogic	fireAndForget	loc	lcom2	lcom5	cbo	wmc	rfc	mpc	halsteadVocabulary	halsteadLength	halsteadVolume	classDataShouldBePrivate	complexClass	spaghettiCode	functionalDecomposition	godClass
6.861631547945102e-05	5.351902083704197e-06	1.9567587247982272e-07	2.1962774333523334e-05	-1.0607097710084865e-06	6.890266527633375e-05	6.562780995951712e-07	-2.9311850256478453e-08	-2.1064819325808404e-07	-3.7525978684524224e-08	0.14047303308302297	0.21519434661444853	0.0006431892301933693	0.00504627019508614	0.01755001943766192	0.057385054959590766	0.05263011524901794	0.7361172550577441	0.057960038082984645	0.6122204045861955	0.00011474314608292151	0.01755014800733083	0.08491791380422356	-4.525977635537853e-06	0.0009894167047692587
1.5430889533868486e-06	-2.3019216984731982e-05	3.5819512793690024e-06	3.371874090953439e-05	-1.701045796397271e-05	0.0002157145065821933	4.344136156377035e-07	-7.303135151775977e-07	-5.307123442622901e-06	-3.084938110035964e-07	0.0454091426469317	0.8888008879895528	-0.00037747425134428435	-0.005518876906264931	0.009518810976703493	-0.04508027309451515	-0.047468043545110264	0.10563306854908694	-0.04428372111125533	-0.43607875919949785	0.00028385740683993234	0.010597205005094507	-0.012930553262764518	1.6487779681488103e-06	-0.000793988185054572
