tloc	tmcCabe	assertionDensity	assertionRoulette	mysteryGuest	eagerTest	sensitiveEquality	resourceOptimism	conditionalTestLogic	fireAndForget	loc	lcom2	lcom5	cbo	wmc	rfc	mpc	halsteadVocabulary	halsteadLength	halsteadVolume	classDataShouldBePrivate	complexClass	spaghettiCode	functionalDecomposition	godClass
6.803379241338678e-05	5.6944406356502e-06	2.2239307450370495e-07	2.2237818516056407e-05	-1.0803791824175482e-06	6.827086280286195e-05	6.050024191793033e-07	-2.982965321189266e-08	-7.982948058947095e-07	-5.0513009371929523e-08	0.1406302020626335	0.21648320564304577	0.0006439099164041608	0.005080751939901951	0.01759104165678184	0.05774405665483067	0.05297563795486496	0.7348677733655918	0.05802488473842856	0.6131534308454475	0.00011538522530105587	0.017591834029758297	0.08495025998693982	-4.164508738665796e-06	0.0009982263882934992
