tloc	tmcCabe	assertionDensity	assertionRoulette	mysteryGuest	eagerTest	sensitiveEquality	resourceOptimism	conditionalTestLogic	fireAndForget	loc	lcom2	lcom5	cbo	wmc	rfc	mpc	halsteadVocabulary	halsteadLength	halsteadVolume	classDataShouldBePrivate	complexClass	spaghettiCode	functionalDecomposition	godClass
6.322140099799154e-05	4.941083354744784e-06	1.3810582614096167e-07	2.2095829197254802e-05	-1.316147049162739e-06	6.823127294481449e-05	6.556455653115137e-07	-2.3541787206361077e-08	-1.000427240193638e-06	-5.601387989134904e-08	0.14073999318929897	0.21389919234599883	0.0006442075006213128	0.005075834263172537	0.017518370274395362	0.05775660790445982	0.05301599215694674	0.7377219090435685	0.05765525237606989	0.6105354740878302	0.00011518820948752961	0.017582671103229787	0.08566424073933655	-4.510569885023401e-06	0.0009762199255437773
-5.428452917300484e-06	-2.3090894903981906e-05	3.7550018332671426e-06	3.7064329562209285e-05	-1.6255414415901134e-05	0.00022418208853557665	4.057175250702571e-07	-6.265101414924215e-07	-3.3360521757465e-06	-2.920171908335754e-07	0.04483074563478093	0.8879897278103028	-0.00037937513711353027	-0.005612943720834978	0.00924324110722029	-0.046966933671416106	-0.049246599029967426	0.10746406767686907	-0.044211784574336666	-0.4369317873832934	0.00028899334732583555	0.010234858526079178	-0.014077055876775962	1.5799702676548288e-06	-0.0007708488577230726
