tloc	tmcCabe	assertionDensity	assertionRoulette	mysteryGuest	eagerTest	sensitiveEquality	resourceOptimism	conditionalTestLogic	fireAndForget	loc	lcom2	lcom5	cbo	wmc	rfc	mpc	halsteadVocabulary	halsteadLength	halsteadVolume	classDataShouldBePrivate	complexClass	spaghettiCode	functionalDecomposition	godClass
6.30524170591465e-05	4.499233901722332e-06	3.379518324267504e-07	2.286182385446754e-05	-2.4504059979898418e-06	7.157238940437722e-05	4.841055129791432e-07	-2.7479119022543095e-07	-1.4453863750139498e-06	-4.8922142295905016e-08	0.13966751085231108	0.22154185335869966	0.0006799637891248905	0.005229486193046977	0.0181328212002924	0.060277205872714366	0.05537304420259662	0.7338290372639482	0.05755108591086506	0.6122478781278494	7.423487351410146e-05	0.018211707181027856	0.0857858677365624	-4.419431605464336e-06	0.0007243716525669039
-8.223424482899948e-06	-2.3946223836370318e-05	3.920349373954698e-06	3.4873559123493886e-05	-1.7621270323598822e-05	0.00023179263286274992	1.0689318298397616e-06	-5.193699764700355e-07	-4.368364175968959e-06	-3.1623347807277457e-07	0.03067320444582335	0.8754363872686988	-0.0004729945826627889	-0.006679542792708284	0.007831407908299684	-0.05619944792800939	-0.05791469811315343	0.12462370546022027	-0.04550584100296941	-0.4561683960579822	0.00040913224087867935	0.008692707821376476	-0.016849521547441945	1.6874451466916172e-06	-0.0006908292513292414
