tloc	tmcCabe	assertionDensity	assertionRoulette	mysteryGuest	eagerTest	sensitiveEquality	resourceOptimism	conditionalTestLogic	fireAndForget	loc	lcom2	lcom5	cbo	wmc	rfc	mpc	halsteadVocabulary	halsteadLength	halsteadVolume	classDataShouldBePrivate	complexClass	spaghettiCode	functionalDecomposition	godClass
6.943297850797362e-05	5.446617893059938e-06	2.0418866056989093e-07	2.214899955251144e-05	-8.265892654286118e-07	6.877669141828133e-05	6.690072700836182e-07	-1.878572694906168e-08	3.700036349189825e-08	-4.495063080462589e-08	0.14042685173537092	0.21486931267966458	0.0006427746648110613	0.005047689692198183	0.017540020161430442	0.05735142415351993	0.052599720194173714	0.7360279834893547	0.05800282935334977	0.6124673679903798	0.00011430385134346223	0.017530747603110696	0.08482858720910588	-4.6166544825500285e-06	0.0009897986671951696
-9.302417525115215e-06	-2.4512543734509943e-05	3.827266671750714e-06	3.5607212443103595e-05	-1.6738403110055286e-05	0.00020901294340884295	3.86276177352424e-07	-7.79256450493586e-07	-5.533654447019264e-06	-2.854144625141805e-07	0.04114569600023389	0.8844421677664589	-0.0003880925119169391	-0.0057430741529049915	0.008738036155769078	-0.04700140847842887	-0.04914822000958862	0.11416077542171575	-0.04489093806571678	-0.44275028258326943	0.00023204128930607307	0.009772886395947368	-0.012765440027285585	1.968867109115357e-06	-0.0008121454931627952
-0.0006814045390403365	-5.383801304471958e-05	9.965773966574272e-07	-1.3474285660801068e-05	-9.779033960086731e-05	3.646822743687194e-05	4.1077773837192373e-07	-5.3928517412416736e-06	-3.371465250182102e-05	-1.6215402109296875e-06	-0.08163561800032927	-0.3995838022003818	-0.0006594201558177614	-0.0072747647361794425	-0.023807537059874335	-0.055440041017122445	-0.048138975197930214	0.6544176590372666	-0.07336043552093886	-0.6216326266417349	-0.000683956336614131	-0.020054849362234256	0.08443565376027415	2.3683723864384903e-05	-0.007309108569028969
