tloc	tmcCabe	assertionDensity	assertionRoulette	mysteryGuest	eagerTest	sensitiveEquality	resourceOptimism	conditionalTestLogic	fireAndForget	loc	lcom2	lcom5	cbo	wmc	rfc	mpc	halsteadVocabulary	halsteadLength	halsteadVolume	classDataShouldBePrivate	complexClass	spaghettiCode	functionalDecomposition	godClass
6.80979426196411e-05	5.185882587737815e-06	1.9453017609879796e-07	2.232004806285644e-05	-1.0889215600445983e-06	6.891918999071937e-05	6.677022032696846e-07	-3.563594964790886e-08	-2.721343149486274e-07	-4.4120887182168334e-08	0.14041217047550308	0.2151008372738631	0.0006429615655417543	0.005041323633865701	0.017542800985951273	0.0573811942161944	0.05262865030621849	0.7362232622085286	0.05794885751589519	0.6121401587686387	0.00011416657345287139	0.017553220748840873	0.08492761955469862	-4.551570641104225e-06	0.0009605839084005907
