tloc	tmcCabe	assertionDensity	assertionRoulette	mysteryGuest	eagerTest	sensitiveEquality	resourceOptimism	conditionalTestLogic	fireAndForget	loc	lcom2	lcom5	cbo	wmc	rfc	mpc	halsteadVocabulary	halsteadLength	halsteadVolume	classDataShouldBePrivate	complexClass	spaghettiCode	functionalDecomposition	godClass
5.3720339500157256e-05	3.924224725905292e-06	1.85477226606109e-07	2.2340520707693183e-05	-1.7413817384996666e-06	6.859635168133024e-05	6.37538556684053e-07	-4.8508351819788387e-08	-1.5137728584493184e-06	-9.424180142541974e-08	0.14180595981165062	0.21228909976598972	0.0006600475483116966	0.005127519341865086	0.01766029846006338	0.05833060897031138	0.05356786108815143	0.742075475139681	0.05708973436667504	0.6054305823254916	0.00011642416152916395	0.01769371805765655	0.08612930202125586	-4.611204245910668e-06	0.0010170237533497876
