tloc	tmcCabe	assertionDensity	assertionRoulette	mysteryGuest	eagerTest	sensitiveEquality	resourceOptimism	conditionalTestLogic	fireAndForget	loc	lcom2	lcom5	cbo	wmc	rfc	mpc	halsteadVocabulary	halsteadLength	halsteadVolume	classDataShouldBePrivate	complexClass	spaghettiCode	functionalDecomposition	godClass
7.224457732677404e-05	5.952671824108107e-06	2.0457973272668577e-07	2.2884765283158038e-05	-5.585087621700682e-07	6.926986885545775e-05	6.97954272113557e-07	-5.5409638689635315e-09	4.0032872314763124e-07	-3.985434121772168e-08	0.1401563435753106	0.21602248876382735	0.0006458630877342664	0.00507148880942083	0.017508551604142806	0.05687284516106378	0.052215690845486884	0.7356114042954444	0.05801224468379307	0.6127261258096	0.00011533936383956567	0.017486651769416002	0.08465894564159605	-4.579209903651702e-06	0.000995197470718236
