tloc	tmcCabe	assertionDensity	assertionRoulette	mysteryGuest	eagerTest	sensitiveEquality	resourceOptimism	conditionalTestLogic	fireAndForget	loc	lcom2	lcom5	cbo	wmc	rfc	mpc	halsteadVocabulary	halsteadLength	halsteadVolume	classDataShouldBePrivate	complexClass	spaghettiCode	functionalDecomposition	godClass
6.687388246765458e-05	5.155753835496761e-06	1.9017856424857064e-07	2.1809566786906265e-05	-1.1540425720362506e-06	6.842771369379635e-05	6.902444855961703e-07	-4.7166663032945495e-08	-3.72844302463042e-07	-5.3138305598223746e-08	0.14051247183757795	0.21342963371986007	0.0006441851979348128	0.0050564695389749195	0.0175157522867599	0.05743970953032794	0.05270474036517656	0.7367426368206108	0.05791655202120982	0.6120536906123327	0.00011445127889854921	0.01751206911390772	0.08504531213445833	-4.386705132420117e-06	0.0009908714104941486
3.367354104803215e-06	-2.2798820150209378e-05	3.5702458786314105e-06	3.4310863030293804e-05	-1.723159026643393e-05	0.00021879472199952944	4.3889405370084466e-07	-7.560228532113905e-07	-6.17031740344562e-06	-3.0204366482887306e-07	0.04620279668670893	0.887687123790491	-0.00037373699439638815	-0.005501500452818246	0.009556567783239317	-0.04494314932430839	-0.04732159644913934	0.10886282795399473	-0.04449624967554441	-0.43748837407071073	0.00028646530901081283	0.010614282340939285	-0.012465488579322979	1.5895310023563192e-06	-0.000790644262767468
