tloc	tmcCabe	assertionDensity	assertionRoulette	mysteryGuest	eagerTest	sensitiveEquality	resourceOptimism	conditionalTestLogic	fireAndForget	loc	lcom2	lcom5	cbo	wmc	rfc	mpc	halsteadVocabulary	halsteadLength	halsteadVolume	classDataShouldBePrivate	complexClass	spaghettiCode	functionalDecomposition	godClass
6.812763185078181e-05	5.225503085513315e-06	2.4882642202400706e-07	2.1945077701105316e-05	-1.1744825416270039e-06	6.897937710719704e-05	6.507916654947087e-07	-4.138970214706298e-08	-1.3524387713343577e-07	-4.6828081146087074e-08	0.14041454389546942	0.21507664626581602	0.0006431975907700822	0.005045549482388751	0.01754134702452817	0.057377834931020354	0.05262667900038522	0.736183059983064	0.057957189000303784	0.6121991637584783	0.00011418324627006015	0.017544020881736216	0.08490756789496404	-4.5774580382197265e-06	0.0009890846797576253
2.1271781421267566e-06	-2.3086762058604915e-05	3.6013318210085384e-06	3.413692421069431e-05	-1.6937321163099378e-05	0.0002168384774075357	4.379457945634931e-07	-6.882176479353012e-07	-5.6227274985079114e-06	-3.015230451670157e-07	0.045427200296366134	0.8889897891985427	-0.00037773233792684334	-0.005515148888559482	0.009539354108144894	-0.045012385454791644	-0.047416534796346874	0.1054156994324071	-0.044254335964119484	-0.43575986057255817	0.0002844327713573209	0.010624280531679792	-0.012896184497722906	1.6407433159789214e-06	-0.0007961388027326007
