tloc	tmcCabe	assertionDensity	assertionRoulette	mysteryGuest	eagerTest	sensitiveEquality	resourceOptimism	conditionalTestLogic	fireAndForget	loc	lcom2	lcom5	cbo	wmc	rfc	mpc	halsteadVocabulary	halsteadLength	halsteadVolume	classDataShouldBePrivate	complexClass	spaghettiCode	functionalDecomposition	godClass
6.895158356547498e-05	5.382261519966413e-06	2.0877070928849483e-07	2.182392462624829e-05	-6.554039654988661e-07	6.793977028801214e-05	6.518429872034328e-07	-1.1400374918173754e-08	2.0481726649278425e-08	-3.75220586030722e-08	0.14054349004014863	0.2151328492514329	0.0006429572927367978	0.005057683235102699	0.017505270121735934	0.0574305218309799	0.05268901872803397	0.7362632619015834	0.057930040015331176	0.6120385857977764	0.00011503216057178024	0.017491061337004996	0.08497588431599565	-4.59973850012829e-06	0.0009934147527317016
2.1140751867456857e-06	-2.2919458809055427e-05	3.5771450638235127e-06	3.415115032423146e-05	-1.7188623079059812e-05	0.00021756451386547391	4.5210346169297204e-07	-7.16729351488587e-07	-5.571436446503661e-06	-3.136795604188433e-07	0.04536246760715173	0.8889629899844926	-0.00037676272216628434	-0.0055250581701212975	0.009557301393127255	-0.04506503832743026	-0.04747260401650306	0.10533106891543798	-0.04425575668555924	-0.4358277137308614	0.0002840073681760791	0.010640649952217435	-0.012943895670248963	1.651376133452477e-06	-0.000795547942432359
