tloc	tmcCabe	assertionDensity	assertionRoulette	mysteryGuest	eagerTest	sensitiveEquality	resourceOptimism	conditionalTestLogic	fireAndForget	loc	lcom2	lcom5	cbo	wmc	rfc	mpc	halsteadVocabulary	halsteadLength	halsteadVolume	classDataShouldBePrivate	complexClass	spaghettiCode	functionalDecomposition	godClass
6.824646796352055e-05	5.509299444309297e-06	2.1484373946408657e-07	2.222891753092691e-05	-9.022601230131249e-07	6.870387429628058e-05	6.665690536348305e-07	-9.178830515042464e-09	4.6343012381533045e-08	-7.811778735776568e-08	0.14052264581062487	0.21548638375790993	0.0006443960115056351	0.005049074734940766	0.017548158610433486	0.0574370076587273	0.05268343777930935	0.7365005280986462	0.057871670977360616	0.6116303688791734	0.00011451084344442509	0.01754957907936739	0.08501975926230601	-4.592775250108774e-06	0.0006059182264692031
2.047088165880796e-06	-2.2947982326917328e-05	3.6133614975771843e-06	3.448950661274337e-05	-1.6935875660456404e-05	0.00021824605543048075	4.2519045521959426e-07	-7.053731579127524e-07	-5.301543832772069e-06	-2.3454021281424503e-07	0.04532441971866123	0.8886616944297799	-0.00038026079138264095	-0.005532855111296568	0.009527695387205416	-0.04525774630319607	-0.0476407845787124	0.10525920854384725	-0.04428602651485916	-0.4364197319062717	0.00028448809910695317	0.010596867260905841	-0.013079236030740175	1.6444573657820053e-06	-0.000470806690548436
