tloc	tmcCabe	assertionDensity	assertionRoulette	mysteryGuest	eagerTest	sensitiveEquality	resourceOptimism	conditionalTestLogic	fireAndForget	loc	lcom2	lcom5	cbo	wmc	rfc	mpc	halsteadVocabulary	halsteadLength	halsteadVolume	classDataShouldBePrivate	complexClass	spaghettiCode	functionalDecomposition	godClass
6.73012403426957e-05	4.735093514791293e-06	3.651186863910329e-07	2.2087135983800318e-05	-1.4004344363625447e-06	6.876883977725546e-05	6.520201981841869e-07	-4.2205981655129664e-08	-6.302784301300104e-07	-5.889547150537642e-08	0.14033754146603428	0.21513994660336228	0.000643415060042248	0.005041497555055078	0.017537261833878236	0.05737632412148724	0.052625228105992475	0.7362859396607557	0.05793183509832279	0.612068135050532	0.00011395760745089845	0.01754680812610302	0.08494682353145552	-4.5184445427910456e-06	0.0009868679946354526
3.694432705777203e-06	-2.2642557022360292e-05	3.5205905366375026e-06	3.406108190735762e-05	-1.6744137801390423e-05	0.00021726709325615333	4.4972923407169675e-07	-6.95013358938275e-07	-5.2664609343730895e-06	-3.0119037908546315e-07	0.04551246705563888	0.8889546774378191	-0.00037758531222564453	-0.005512716292601138	0.009539839069135442	-0.04500552566394243	-0.04740531146425712	0.10531761968918983	-0.04426002868788482	-0.43584716581613375	0.0002846837583468232	0.01063055982922369	-0.012908375963481588	1.6277744576232025e-06	-0.0007914724365083968
