tloc	tmcCabe	assertionDensity	assertionRoulette	mysteryGuest	eagerTest	sensitiveEquality	resourceOptimism	conditionalTestLogic	fireAndForget	loc	lcom2	lcom5	cbo	wmc	rfc	mpc	halsteadVocabulary	halsteadLength	halsteadVolume	classDataShouldBePrivate	complexClass	spaghettiCode	functionalDecomposition	godClass
6.925872618098196e-05	5.401727386746926e-06	1.9941758416532137e-07	2.2127374718225135e-05	-8.712680506953814e-07	6.880504189389829e-05	6.674425791307243e-07	-2.0840552553515686e-08	2.898106885989311e-09	-4.615323800778944e-08	0.14043691250028895	0.21498221838040524	0.0006427382602881542	0.005047092737524611	0.017542585785522584	0.05735404276106424	0.052601679075280496	0.736034126393486	0.05799527868902618	0.6124171298153978	0.00011445019404917972	0.017535420772238835	0.08483599519357919	-4.619325454300905e-06	0.0009895760627131748
