tloc	tmcCabe	assertionDensity	assertionRoulette	mysteryGuest	eagerTest	sensitiveEquality	resourceOptimism	conditionalTestLogic	fireAndForget	loc	lcom2	lcom5	cbo	wmc	rfc	mpc	halsteadVocabulary	halsteadLength	halsteadVolume	classDataShouldBePrivate	complexClass	spaghettiCode	functionalDecomposition	godClass
0.00012718757948325689	8.512765030156067e-07	1.3526951788645782e-06	4.05636876460463e-05	3.384728577699995e-06	0.00017672582486209066	2.2558729209330783e-06	3.5161599963913714e-07	8.55790857310289e-06	1.1527515282966086e-07	0.1285841545464929	0.5577254730099279	0.00024967702446118385	0.0008680917480025808	0.01733771497289587	0.017355474587503212	0.012668430214886763	0.7246167340200672	0.036906221221315774	0.3757191537983147	0.0002755208405694634	0.01687124202078074	0.06132699483899769	-6.13094123230548e-06	0.001780711623969968
