tloc	tmcCabe	assertionDensity	assertionRoulette	mysteryGuest	eagerTest	sensitiveEquality	resourceOptimism	conditionalTestLogic	fireAndForget	loc	lcom2	lcom5	cbo	wmc	rfc	mpc	halsteadVocabulary	halsteadLength	halsteadVolume	classDataShouldBePrivate	complexClass	spaghettiCode	functionalDecomposition	godClass
6.87886273127559e-05	5.491889088078066e-06	1.9888029740893322e-07	2.2043380617200588e-05	-1.031349600039541e-06	6.862648644574863e-05	6.796503242332819e-07	-2.7628466812427324e-08	5.598973528137733e-08	-4.885891868165678e-08	0.14040527650233475	0.2150199824103021	0.0006429771081813575	0.005044016548222624	0.01753854026140948	0.057360653414440674	0.05260984551680855	0.7361242811423627	0.057972682776396334	0.6122978662317355	0.00011429729374456285	0.01754012703881501	0.08487724213404924	-4.560148230270893e-06	0.0009887426119739272
