tloc	tmcCabe	assertionDensity	assertionRoulette	mysteryGuest	eagerTest	sensitiveEquality	resourceOptimism	conditionalTestLogic	fireAndForget	loc	lcom2	lcom5	cbo	wmc	rfc	mpc	halsteadVocabulary	halsteadLength	halsteadVolume	classDataShouldBePrivate	complexClass	spaghettiCode	functionalDecomposition	godClass
6.67598448652863e-05	5.360821179850088e-06	1.4662549773018592e-07	2.1590651240692753e-05	-9.017156435505664e-07	6.855513369800141e-05	6.496457374110723e-07	4.425575576978657e-08	-2.77323231049612e-07	-4.579831487471593e-08	0.14036013018615118	0.21497402251479844	0.000643145857584379	0.005044092694954912	0.017534613033900828	0.05735447904799595	0.05260533236630469	0.7360994502955938	0.05798652069121709	0.6123533820293411	0.00011410624029133609	0.017538888738808916	0.08488176185626956	-4.607830166413486e-06	0.0009881686199500286
