tloc	tmcCabe	assertionDensity	assertionRoulette	mysteryGuest	eagerTest	sensitiveEquality	resourceOptimism	conditionalTestLogic	fireAndForget	loc	lcom2	lcom5	cbo	wmc	rfc	mpc	halsteadVocabulary	halsteadLength	halsteadVolume	classDataShouldBePrivate	complexClass	spaghettiCode	functionalDecomposition	godClass
7.224457732684683e-05	5.952671824108155e-06	2.045797327266819e-07	2.288476528315803e-05	-5.585087621700647e-07	6.926986885545766e-05	6.97954272113558e-07	-5.540963868963212e-09	4.003287231476391e-07	-3.985434121772104e-08	0.14015634357531068	0.2160224887638265	0.0006458630877342671	0.0050714888094208375	0.017508551604142792	0.05687284516106379	0.05221569084548693	0.7356114042954445	0.05801224468379319	0.6127261258096001	0.00011533936383956513	0.017486651769415978	0.08465894564159611	-4.579209903651703e-06	0.0009951974707182378
-1.0791444248074936e-06	-2.3578766050939405e-05	3.6013609227245103e-06	3.3324931079652886e-05	-1.7319252338374484e-05	0.00021687552856528494	4.0473944936619423e-07	-7.220260341964565e-07	-6.002277857322175e-06	-3.1395036551834163e-07	0.04569349194109447	0.8884641326576119	-0.000380486799605533	-0.005543044520410389	0.009577924119517908	-0.04457674526116504	-0.04707391774913906	0.10555918825107644	-0.0443622915516577	-0.43684153914652835	0.00028357519717796904	0.0106752678281781	-0.012725064787284187	1.6473807195920353e-06	-0.0007997091660022125
-0.000673366503587546	-5.2362233430643106e-05	1.505535305392653e-06	-1.6024625015540656e-06	-9.055930020105545e-05	1.571504633148341e-05	5.154356420986673e-07	-5.2659318934324275e-06	-2.8464673665023285e-05	-1.4254846688837461e-06	-0.10194507576541013	-0.3869435350974934	-0.0006712501842526594	-0.007957875374783147	-0.026558923200060463	-0.0676888415316987	-0.05868054888867314	0.6579430451150153	-0.07260630827971354	-0.621386508037247	-0.0008160753775443735	-0.023307600745266114	0.07881469328093842	2.4123275457147325e-05	-0.007036347997886752
0.0003529796084279119	8.417709282998306e-05	8.062241567824438e-06	1.8624972319410658e-05	-8.798462626951729e-05	-0.00022615829170310762	-2.6260518502701215e-06	-7.827630918671069e-06	-2.328860600460783e-05	-6.9079383971435e-07	0.8747633266906178	-0.0984493448722444	0.00355560875521235	0.05471664841836931	0.08034445507173958	0.28557162644008294	0.26712662202918913	-0.050003723833175424	-0.047696495165283744	-0.17495290004750855	-0.00032444809630199337	0.08288953820570821	0.14286278838081082	-7.477451384842484e-06	-0.007917276848831185
