tloc	tmcCabe	assertionDensity	assertionRoulette	mysteryGuest	eagerTest	sensitiveEquality	resourceOptimism	conditionalTestLogic	fireAndForget	loc	lcom2	lcom5	cbo	wmc	rfc	mpc	halsteadVocabulary	halsteadLength	halsteadVolume	classDataShouldBePrivate	complexClass	spaghettiCode	functionalDecomposition	godClass
6.925872618081957e-05	5.4017273867452555e-06	1.9941758416531443e-07	2.212737471822513e-05	-8.712680506952774e-07	6.880504189389797e-05	6.674425791307324e-07	-2.084055255350889e-08	2.8981068861008232e-09	-4.615323800778746e-08	0.14043691250028892	0.2149822183804033	0.0006427382602881538	0.005047092737524603	0.017542585785522556	0.05735404276106409	0.05260167907528053	0.7360341263934851	0.05799527868902635	0.6124171298153986	0.00011445019404917987	0.017535420772238755	0.08483599519357916	-4.619325454300924e-06	0.000989576062713193
1.7252819177731939e-06	-2.305216497873712e-05	3.601639586001483e-06	3.4063197153784837e-05	-1.700922939190195e-05	0.000217214236621683	4.3425349804901917e-07	-7.068866975697359e-07	-5.618454203853927e-06	-3.0785609422510146e-07	0.0454924045695621	0.8889972500064312	-0.00037673856258687877	-0.005512105082392744	0.009552271377739494	-0.04495734446219655	-0.047365445129054586	0.10560043589800135	-0.044263704282943156	-0.43570501938480566	0.0002843350918050348	0.01063544969388189	-0.012823783086125981	1.6735598274549217e-06	-0.0007921565704389934
-0.0006890936962771124	-5.66265804141573e-05	1.702088255558611e-06	-7.528810854385239e-06	-9.265243088500168e-05	1.315650490323167e-05	2.780734201896945e-07	-5.368880525191446e-06	-3.1837689570182903e-05	-1.4805680821806568e-06	-0.09529486436726033	-0.3870867084214692	-0.0006891566881782244	-0.008012735918785504	-0.025673134875442438	-0.06160658442385792	-0.05370594793700641	0.656989404201363	-0.07280645216842904	-0.6242825761289115	-0.0008162834906217978	-0.02223498665796604	0.08043191576385449	2.374214213384896e-05	-0.007060176896227474
0.0002926020558218137	6.832724868450146e-05	8.276385978347986e-06	1.6873715823663125e-07	-9.248898587003842e-05	-0.00022989401047826362	-3.384436634645604e-06	-7.955135677499332e-06	-3.396002892142599e-05	-8.616401804657112e-07	0.8691766621954554	-0.0933876854633902	0.0034134908056312045	0.05307821224922663	0.08097096094267892	0.2970480281287014	0.27572858971513176	-0.05672026823579121	-0.04617633729888438	-0.17053459241695845	-0.00031709085245607444	0.08400628497333912	0.14357092238679464	-8.580760304864806e-06	-0.007760760438741649
