tloc	tmcCabe	assertionDensity	assertionRoulette	mysteryGuest	eagerTest	sensitiveEquality	resourceOptimism	conditionalTestLogic	fireAndForget	loc	lcom2	lcom5	cbo	wmc	rfc	mpc	halsteadVocabulary	halsteadLength	halsteadVolume	classDataShouldBePrivate	complexClass	spaghettiCode	functionalDecomposition	godClass
0.00012718757948342355	8.512765030155971e-07	1.3526951788645774e-06	4.056368764604631e-05	3.3847285776999425e-06	0.0001767258248620904	2.2558729209330715e-06	3.516159996391335e-07	8.557908573102853e-06	1.152751528296601e-07	0.128584154546493	0.5577254730099281	0.00024967702446118385	0.0008680917480025797	0.017337714972895858	0.01735547458750323	0.012668430214886759	0.7246167340200672	0.036906221221315746	0.3757191537983149	0.00027552084056946323	0.016871242020780722	0.0613269948389977	-6.130941232305464e-06	0.0017807116239699679
-0.00026823211335462975	-4.448228052586519e-05	4.469279198763609e-06	-2.8917836404265894e-06	-5.823907165837434e-05	7.263020826434768e-05	-5.460007964067733e-06	-3.203588579123384e-06	-4.844089765430328e-05	-1.3605734921672851e-06	0.05687477156368167	0.7363462821999486	0.00011258982442251669	-0.0014476112457281088	0.011842105917446454	0.001262377291088749	-0.0016102062278568385	-0.2514269534611673	-0.07150870041923936	-0.6210988223707112	9.246840414965377e-06	0.01633785226178435	-0.00452156004738078	1.3755794902211684e-05	-0.005716068749777978
-0.0007790135525746529	-6.924675868485192e-05	2.311920838883108e-06	-1.7763432425775142e-05	-0.00010952022056967079	-1.4304739422517904e-05	-1.973449841627716e-06	-6.401941036552487e-06	-4.649720334731941e-05	-1.8689728058523762e-06	-0.07325898466878959	-0.35237279858127574	-0.00048392857199559857	-0.007076273355696369	-0.022787845840793654	-0.04282957399173465	-0.03575477952502961	0.6315535700491455	-0.0816960356677349	-0.6722117639423669	-0.000898719725345969	-0.01803760464669468	0.0947259596535216	2.6741890942794272e-05	-0.009030752277222876
0.0018338020010963553	5.043601132229901e-05	1.1127785098399778e-05	6.085053433101725e-05	9.571342226092402e-05	0.00012096984416123923	2.5335434425251032e-05	8.084791083256687e-07	0.00012318301627963868	4.551883951286476e-06	0.9621696066396331	-0.1469944824664582	0.0017216072386420998	0.016829833537868585	0.05703277042515228	0.14609095249461898	0.12432221381145185	-0.034712111647719285	-0.018903703157738698	-0.06835732863240636	0.0007765146214755557	0.042430089552568655	0.0643776340163541	-7.2264032519629e-05	0.01004651425380435
