tloc	tmcCabe	assertionDensity	assertionRoulette	mysteryGuest	eagerTest	sensitiveEquality	resourceOptimism	conditionalTestLogic	fireAndForget	loc	lcom2	lcom5	cbo	wmc	rfc	mpc	halsteadVocabulary	halsteadLength	halsteadVolume	classDataShouldBePrivate	complexClass	spaghettiCode	functionalDecomposition	godClass
7.224457732667537e-05	5.9526718241080865e-06	2.0457973272668505e-07	2.288476528315804e-05	-5.585087621700758e-07	6.926986885545773e-05	6.979542721135594e-07	-5.540963868964068e-09	4.003287231476145e-07	-3.9854341217721945e-08	0.1401563435753105	0.21602248876382665	0.0006458630877342664	0.005071488809420826	0.017508551604142813	0.05687284516106378	0.05221569084548687	0.7356114042954451	0.05801224468379311	0.6127261258095995	0.00011533936383956541	0.017486651769416016	0.08465894564159611	-4.579209903651707e-06	0.000995197470718234
-1.079144424799287e-06	-2.357876605093448e-05	3.601360922724483e-06	3.332493107965296e-05	-1.7319252338373204e-05	0.00021687552856528507	4.0473944936618857e-07	-7.220260341963792e-07	-6.002277857321758e-06	-3.139503655183202e-07	0.045693491941096225	0.8884641326576186	-0.0003804867996055208	-0.005543044520410311	0.009577924119518267	-0.04457674526116411	-0.04707391774913825	0.1055591882510655	-0.044362291551656725	-0.43684153914651896	0.00028357519717798157	0.010675267828178443	-0.012725064787285245	1.6473807195916713e-06	-0.0007997091660021154
-0.0006733665035874734	-5.236223343067288e-05	1.505535305572407e-06	-1.6024625015513053e-06	-9.05593002010554e-05	1.5715046331487577e-05	5.154356420987625e-07	-5.265931893432421e-06	-2.846467366502299e-05	-1.4254846688837427e-06	-0.10194507576540945	-0.3869435350974795	-0.0006712501842526664	-0.00795787537478326	-0.026558923200060352	-0.06768884153169989	-0.0586805488886742	0.6579430451150163	-0.07260630827971425	-0.6213865080372551	-0.000816075377544366	-0.02330760074526603	0.07881469328093785	2.412327545714721e-05	-0.0070363479978867586
0.00035297960842792134	8.417709282994164e-05	8.062241567853447e-06	1.8624972319496547e-05	-8.798462626951779e-05	-0.00022615829170310642	-2.6260518502700178e-06	-7.82763091867108e-06	-2.32886060046079e-05	-6.907938397143418e-07	0.8747633266906194	-0.09844934487224472	0.0035556087552123476	0.0547166484183694	0.08034445507173978	0.2855716264400823	0.26712662202918835	-0.050003723833175265	-0.04769649516528478	-0.1749529000475085	-0.0003244480963019922	0.08288953820570813	0.14286278838081015	-7.477451384842563e-06	-0.00791727684883115
