tloc	tmcCabe	assertionDensity	assertionRoulette	mysteryGuest	eagerTest	sensitiveEquality	resourceOptimism	conditionalTestLogic	fireAndForget	loc	lcom2	lcom5	cbo	wmc	rfc	mpc	halsteadVocabulary	halsteadLength	halsteadVolume	classDataShouldBePrivate	complexClass	spaghettiCode	functionalDecomposition	godClass
6.92587261807112e-05	5.4017273867470055e-06	1.9941758416531255e-07	2.2127374718225114e-05	-8.712680506953156e-07	6.880504189389803e-05	6.674425791307331e-07	-2.0840552553510912e-08	2.89810688605502e-09	-4.615323800778826e-08	0.14043691250028875	0.21498221838040296	0.0006427382602881543	0.005047092737524613	0.017542585785522525	0.057354042761064074	0.05260167907528051	0.7360341263934861	0.05799527868902636	0.6124171298153982	0.00011445019404917944	0.017535420772238797	0.08483599519357926	-4.619325454300916e-06	0.0009895760627131875
1.725281917836742e-06	-2.3052164978519404e-05	3.601639586001466e-06	3.406319715378498e-05	-1.7009229391901012e-05	0.00021721423662168264	4.342534980490096e-07	-7.06886697569681e-07	-5.618454203853595e-06	-3.078560942250855e-07	0.045492404569563154	0.888997250006435	-0.00037673856258687227	-0.0055121050823926585	0.00955227137773974	-0.04495734446219577	-0.047365445129054023	0.105600435897995	-0.044263704282942434	-0.43570501938479966	0.00028433509180504174	0.010635449693882082	-0.012823783086126908	1.6735598274546905e-06	-0.000792156570438925
-0.0006890936962768898	-5.662658041425979e-05	1.7020882555935364e-06	-7.528810854385057e-06	-9.265243088500177e-05	1.3156504903234201e-05	2.780734201897243e-07	-5.36888052519145e-06	-3.183768957018287e-05	-1.4805680821806617e-06	-0.09529486436726066	-0.387086708421461	-0.0006891566881782333	-0.008012735918785614	-0.025673134875442403	-0.06160658442385889	-0.053705947937007316	0.6569894042013635	-0.07280645216842958	-0.6242825761289167	-0.0008162834906217959	-0.022234986657965996	0.08043191576385417	2.374214213384898e-05	-0.00706017689622753
0.0002926020558217767	6.83272486844576e-05	8.276385978326034e-06	1.6873715828362755e-07	-9.248898587004279e-05	-0.0002298940104782724	-3.384436634646213e-06	-7.955135677499598e-06	-3.396002892143011e-05	-8.616401804657898e-07	0.8691766621954526	-0.09338768546339021	0.00341349080563124	0.05307821224922677	0.08097096094267903	0.29704802812870607	0.2757285897151358	-0.056720268235790926	-0.04617633729888589	-0.17053459241695923	-0.000317090852456104	0.08400628497333958	0.14357092238679825	-8.580760304863463e-06	-0.007760760438741903
