tloc	tmcCabe	assertionDensity	assertionRoulette	mysteryGuest	eagerTest	sensitiveEquality	resourceOptimism	conditionalTestLogic	fireAndForget	loc	lcom2	lcom5	cbo	wmc	rfc	mpc	halsteadVocabulary	halsteadLength	halsteadVolume	classDataShouldBePrivate	complexClass	spaghettiCode	functionalDecomposition	godClass
0.00012718757948339775	8.512765030155835e-07	1.3526951788645793e-06	4.056368764604631e-05	3.3847285776999653e-06	0.0001767258248620905	2.255872920933076e-06	3.5161599963913497e-07	8.557908573102877e-06	1.1527515282966065e-07	0.12858415454649316	0.5577254730099279	0.00024967702446118364	0.00086809174800258	0.017337714972895924	0.017355474587503247	0.012668430214886771	0.7246167340200671	0.036906221221315795	0.37571915379831555	0.0002755208405694637	0.01687124202078074	0.06132699483899778	-6.130941232305474e-06	0.0017807116239699672
-0.000268232113354699	-4.44822805256731e-05	4.469279198763499e-06	-2.8917836404265263e-06	-5.823907165837422e-05	7.263020826434758e-05	-5.460007964067731e-06	-3.203588579123372e-06	-4.84408976543032e-05	-1.3605734921672853e-06	0.05687477156368189	0.7363462821999491	0.00011258982442251713	-0.0014476112457281042	0.011842105917446473	0.0012623772910887795	-0.0016102062278567865	-0.2514269534611674	-0.07150870041923924	-0.6210988223707102	9.246840414965204e-06	0.016337852261784396	-0.004521560047380824	1.3755794902211648e-05	-0.005716068749777973
-0.0007790135525745753	-6.924675868488257e-05	2.31192083913516e-06	-1.7763432425775444e-05	-0.00010952022056967104	-1.4304739422517695e-05	-1.9734498416277178e-06	-6.4019410365524915e-06	-4.649720334731973e-05	-1.868972805852383e-06	-0.07325898466878952	-0.3523727985812749	-0.0004839285719955986	-0.007076273355696377	-0.022787845840793602	-0.04282957399173458	-0.035754779525029576	0.6315535700491459	-0.08169603566773491	-0.6722117639423677	-0.0008987197253459667	-0.018037604646694655	0.09472595965352162	2.6741890942794293e-05	-0.0090307522772229
0.0018338020010963422	5.043601132228758e-05	1.1127785098399305e-05	6.0850534330959e-05	9.571342226092734e-05	0.0001209698441612507	2.5335434425252018e-05	8.084791083261482e-07	0.00012318301627964144	4.5518839512862975e-06	0.9621696066396361	-0.14699448246645827	0.0017216072386421221	0.016829833537868277	0.05703277042515104	0.14609095249460985	0.12432221381144352	-0.03471211164771933	-0.018903703157738292	-0.06835732863240611	0.0007765146214756259	0.04243008955256733	0.06437763401635044	-7.226403251962886e-05	0.010046514253803387
