tloc	tmcCabe	assertionDensity	assertionRoulette	mysteryGuest	eagerTest	sensitiveEquality	resourceOptimism	conditionalTestLogic	fireAndForget	loc	lcom2	lcom5	cbo	wmc	rfc	mpc	halsteadVocabulary	halsteadLength	halsteadVolume	classDataShouldBePrivate	complexClass	spaghettiCode	functionalDecomposition	godClass
6.925657594345124e-05	5.466715082211229e-06	2.0681845692307025e-07	2.2141550067341482e-05	-8.723239379773395e-07	6.880789082665664e-05	6.686209414183048e-07	-2.095606933925916e-08	1.1672546339700427e-08	-4.502190882189307e-08	0.1404363708488515	0.21501570803480685	0.0006427559090284161	0.005047484353374342	0.01754375439858148	0.05735425216994433	0.052601471653653024	0.7360443547557023	0.05799031081153195	0.6123919382162819	0.00011446558439514662	0.01753790928608817	0.08484772944018934	-4.603694475617657e-06	0.0009896917977272094
7.387960035256114e-07	-2.3061952625413105e-05	3.5847613270114277e-06	3.391115437655336e-05	-1.706426526427464e-05	0.00021698482380169568	4.293013523617541e-07	-7.096116921570885e-07	-5.664959364734609e-06	-3.0978241712595437e-07	0.04548474711130033	0.8889805812036721	-0.0003768573043116317	-0.0055137447499743085	0.009548010864343882	-0.044962880815532784	-0.04736944264208637	0.1055847757711131	-0.04426342305026155	-0.4357420346769117	0.0002842542594099262	0.010629804124248162	-0.012851606143417505	1.6611125649494207e-06	-0.0007928815967974694
