tloc	tmcCabe	assertionDensity	assertionRoulette	mysteryGuest	eagerTest	sensitiveEquality	resourceOptimism	conditionalTestLogic	fireAndForget	loc	lcom2	lcom5	cbo	wmc	rfc	mpc	halsteadVocabulary	halsteadLength	halsteadVolume	classDataShouldBePrivate	complexClass	spaghettiCode	functionalDecomposition	godClass
7.03538438535521e-05	5.408630027568127e-06	2.2576102754589825e-07	2.271616278974021e-05	-9.351003779008377e-07	6.819116671747805e-05	6.587759835859247e-07	-2.477536895345542e-08	5.082332288060506e-08	-4.708041736032627e-08	0.14044537323010473	0.21458695359710622	0.0006433875266395744	0.00504909280666971	0.01752630769911611	0.05741227247948626	0.052666186774091545	0.7361190039005988	0.05798315457352126	0.6124279486086571	0.00011445857076862237	0.017520657249946187	0.08494326070081354	-4.5584237408117316e-06	0.0009903961774290326
