tloc	tmcCabe	assertionDensity	assertionRoulette	mysteryGuest	eagerTest	sensitiveEquality	resourceOptimism	conditionalTestLogic	fireAndForget	loc	lcom2	lcom5	cbo	wmc	rfc	mpc	halsteadVocabulary	halsteadLength	halsteadVolume	classDataShouldBePrivate	complexClass	spaghettiCode	functionalDecomposition	godClass
6.95192091146435e-05	5.470066621061432e-06	2.069623187621018e-07	2.2210849939662758e-05	-8.517384391943366e-07	6.880050418431484e-05	6.698603617093038e-07	-2.1782160243228532e-08	1.2980379338617546e-07	-4.6622900284499303e-08	0.1404363577808527	0.21497615360994182	0.0006427188634866423	0.005048303458021293	0.017542836457036633	0.05735426424644799	0.05260186965713669	0.7360324893698856	0.0579963153037956	0.612421194813658	0.00011444979141947188	0.017535068094137726	0.08483611372927131	-4.617552634908888e-06	0.0009894628695734122
