tloc	tmcCabe	assertionDensity	assertionRoulette	mysteryGuest	eagerTest	sensitiveEquality	resourceOptimism	conditionalTestLogic	fireAndForget	loc	lcom2	lcom5	cbo	wmc	rfc	mpc	halsteadVocabulary	halsteadLength	halsteadVolume	classDataShouldBePrivate	complexClass	spaghettiCode	functionalDecomposition	godClass
6.930919013681247e-05	5.390892028854251e-06	1.8797757731494262e-07	2.1997955342764112e-05	-7.536434775897394e-07	6.879377994544799e-05	6.758565707275896e-07	-1.793048916504041e-08	-2.0244882245281285e-08	-4.768507615866961e-08	0.14045624391541153	0.21503707366047026	0.0006427745644774527	0.005047658706632241	0.017544069163669372	0.05736948039753812	0.05261702033020184	0.7360866957031447	0.05797840558376531	0.612325038536209	0.00011438642017192869	0.01753984862228634	0.08486392508975224	-4.563944581280513e-06	0.000989371744108299
