tloc	tmcCabe	assertionDensity	assertionRoulette	mysteryGuest	eagerTest	sensitiveEquality	resourceOptimism	conditionalTestLogic	fireAndForget	loc	lcom2	lcom5	cbo	wmc	rfc	mpc	halsteadVocabulary	halsteadLength	halsteadVolume	classDataShouldBePrivate	complexClass	spaghettiCode	functionalDecomposition	godClass
6.106443628604994e-05	4.27715035719433e-06	6.340466988958799e-07	2.2206974799208618e-05	-2.219786500309656e-06	6.78014013393883e-05	5.832816335505604e-07	-2.4180405148059517e-09	-5.617718455867259e-07	-6.962717501638992e-08	0.14065686790581575	0.21613484801098762	0.0006460903845808899	0.005046723188146658	0.017554247118020873	0.05756344687149536	0.05280977476677903	0.7372304691032141	0.057666936258941016	0.6104211761406261	0.00011286235841762707	0.017638374957351537	0.0854668015581502	-4.465903707626173e-06	0.0009753904345935354
2.399178465638914e-06	-2.2817298910180362e-05	3.6801675968713078e-06	3.375152977943954e-05	-1.7180534816278765e-05	0.00021806425721794916	4.4872557761941335e-07	-6.485624802709825e-07	-5.441594137589132e-06	-2.728970703481983e-07	0.044705447617759055	0.8892820160306598	-0.0003867970465445497	-0.005546745207674834	0.00944743188348434	-0.045626855781196685	-0.048001886253653744	0.10309439924928644	-0.044073676266730796	-0.43566265210115945	0.0002834841575074344	0.010449920865512188	-0.013780478186135137	1.4314218200922577e-06	-0.0007968831234578032
