tloc	tmcCabe	assertionDensity	assertionRoulette	mysteryGuest	eagerTest	sensitiveEquality	resourceOptimism	conditionalTestLogic	fireAndForget	loc	lcom2	lcom5	cbo	wmc	rfc	mpc	halsteadVocabulary	halsteadLength	halsteadVolume	classDataShouldBePrivate	complexClass	spaghettiCode	functionalDecomposition	godClass
6.861631547933975e-05	5.351902083704287e-06	1.956758724798114e-07	2.1962774333523273e-05	-1.0607097710083569e-06	6.89026652763334e-05	6.562780995951773e-07	-2.9311850256471528e-08	-2.1064819325801866e-07	-3.752597868452161e-08	0.14047303308302267	0.2151943466144461	0.0006431892301933696	0.0050462701950861385	0.017550019437661865	0.0573850549595908	0.05263011524901798	0.7361172550577432	0.057960038082984854	0.6122204045861968	0.00011474314608292077	0.017550148007330752	0.08491791380422357	-4.525977635537872e-06	0.0009894167047692745
1.5430889533041887e-06	-2.301921698476482e-05	3.581951279369002e-06	3.3718740909534284e-05	-1.7010457963973196e-05	0.00021571450658219285	4.344136156377025e-07	-7.303135151776242e-07	-5.307123442623063e-06	-3.0849381100360475e-07	0.045409142646931654	0.8888008879895508	-0.0003774742513442838	-0.005518876906264944	0.009518810976703413	-0.04508027309451524	-0.047468043545110396	0.10563306854909228	-0.044283721111255475	-0.4360787591994991	0.00028385740683992773	0.010597205005094394	-0.012930553262763897	1.6487779681489295e-06	-0.0007939881850546083
