tloc	tmcCabe	assertionDensity	assertionRoulette	mysteryGuest	eagerTest	sensitiveEquality	resourceOptimism	conditionalTestLogic	fireAndForget	loc	lcom2	lcom5	cbo	wmc	rfc	mpc	halsteadVocabulary	halsteadLength	halsteadVolume	classDataShouldBePrivate	complexClass	spaghettiCode	functionalDecomposition	godClass
6.803379241347703e-05	5.69444063565025e-06	2.2239307450369714e-07	2.2237818516056346e-05	-1.080379182417447e-06	6.827086280286181e-05	6.05002419179308e-07	-2.982965321188544e-08	-7.982948058946588e-07	-5.0513009371927896e-08	0.14063020206263316	0.21648320564304413	0.0006439099164041605	0.00508075193990195	0.01759104165678181	0.05774405665483066	0.05297563795486493	0.734867773365591	0.05802488473842874	0.6131534308454504	0.00011538522530105572	0.01759183402975826	0.08495025998693978	-4.164508738665804e-06	0.0009982263882935046
