tloc	tmcCabe	assertionDensity	assertionRoulette	mysteryGuest	eagerTest	sensitiveEquality	resourceOptimism	conditionalTestLogic	fireAndForget	loc	lcom2	lcom5	cbo	wmc	rfc	mpc	halsteadVocabulary	halsteadLength	halsteadVolume	classDataShouldBePrivate	complexClass	spaghettiCode	functionalDecomposition	godClass
6.322140099793643e-05	4.941083354744615e-06	1.3810582614097395e-07	2.2095829197254914e-05	-1.3161470491629118e-06	6.823127294481512e-05	6.556455653115042e-07	-2.3541787206368657e-08	-1.0004272401937254e-06	-5.601387989135185e-08	0.14073999318929892	0.21389919234600183	0.0006442075006213108	0.005075834263172507	0.01751837027439537	0.05775660790445967	0.05301599215694661	0.7377219090435703	0.05765525237606973	0.6105354740878282	0.00011518820948752986	0.017582671103229808	0.08566424073933654	-4.510569885023354e-06	0.0009762199255437711
-5.428452917247717e-06	-2.309089490407163e-05	3.7550018332671506e-06	3.706432956220928e-05	-1.6255414415901243e-05	0.0002241820885355769	4.057175250702448e-07	-6.265101414924274e-07	-3.336052175746554e-06	-2.920171908335758e-07	0.04483074563478033	0.8879897278103029	-0.0003793751371135325	-0.005612943720835011	0.00924324110722025	-0.046966933671416376	-0.04924659902996767	0.10746406767686578	-0.04421178457433698	-0.4369317873832952	0.00028899334732583425	0.010234858526079088	-0.01407705587677621	1.5799702676548663e-06	-0.0007708488577230861
