tloc	tmcCabe	assertionDensity	assertionRoulette	mysteryGuest	eagerTest	sensitiveEquality	resourceOptimism	conditionalTestLogic	fireAndForget	loc	lcom2	lcom5	cbo	wmc	rfc	mpc	halsteadVocabulary	halsteadLength	halsteadVolume	classDataShouldBePrivate	complexClass	spaghettiCode	functionalDecomposition	godClass
6.645200258662097e-05	5.245378017649846e-06	1.8524317698986074e-07	2.184374198419919e-05	-1.1989546837531164e-06	6.878521454279286e-05	6.420913656732122e-07	-3.595731955023558e-08	-2.547965670131402e-07	-5.689583280963481e-08	0.14040685039599957	0.21517132759828306	0.0006433922255735081	0.005047681567158891	0.0175406932046376	0.05740533124319795	0.05265525076507094	0.7362800792822953	0.05792685727144894	0.6120382404079546	0.00011302060348241942	0.017555776906131262	0.08498124848039042	-4.463322328061747e-06	0.0009877681140635813
