tloc	tmcCabe	assertionDensity	assertionRoulette	mysteryGuest	eagerTest	sensitiveEquality	resourceOptimism	conditionalTestLogic	fireAndForget	loc	lcom2	lcom5	cbo	wmc	rfc	mpc	halsteadVocabulary	halsteadLength	halsteadVolume	classDataShouldBePrivate	complexClass	spaghettiCode	functionalDecomposition	godClass
6.305241705905804e-05	4.499233901722324e-06	3.379518324267444e-07	2.2861823854467445e-05	-2.4504059979898507e-06	7.157238940437692e-05	4.841055129791306e-07	-2.747911902254313e-07	-1.4453863750139917e-06	-4.8922142295905426e-08	0.13966751085231083	0.2215418533586995	0.0006799637891248905	0.005229486193046979	0.018132821200292415	0.060277205872714484	0.05537304420259671	0.7338290372639475	0.057551085910865114	0.6122478781278498	7.423487351410113e-05	0.018211707181027856	0.08578586773656255	-4.419431605464328e-06	0.0007243716525669095
-8.223424482955131e-06	-2.394622383651916e-05	3.9203493739547195e-06	3.487355912349393e-05	-1.762127032359813e-05	0.00023179263286274976	1.0689318298397567e-06	-5.193699764699917e-07	-4.36836417596856e-06	-3.1623347807276493e-07	0.030673204445826153	0.8754363872687019	-0.0004729945826627809	-0.006679542792708163	0.007831407908300003	-0.05619944792800866	-0.05791469811315288	0.12462370546021474	-0.04550584100296869	-0.4561683960579768	0.00040913224087868574	0.008692707821376724	-0.016849521547442604	1.6874451466913079e-06	-0.0006908292513292056
