tloc	tmcCabe	assertionDensity	assertionRoulette	mysteryGuest	eagerTest	sensitiveEquality	resourceOptimism	conditionalTestLogic	fireAndForget	loc	lcom2	lcom5	cbo	wmc	rfc	mpc	halsteadVocabulary	halsteadLength	halsteadVolume	classDataShouldBePrivate	complexClass	spaghettiCode	functionalDecomposition	godClass
7.224457732677727e-05	5.952671824108056e-06	2.0457973272669572e-07	2.2884765283158146e-05	-5.585087621701485e-07	6.926986885545835e-05	6.979542721135598e-07	-5.5409638689675e-09	4.003287231476077e-07	-3.985434121772267e-08	0.1401563435753109	0.21602248876382946	0.0006458630877342662	0.005071488809420824	0.017508551604142848	0.056872845161063716	0.05221569084548685	0.7356114042954447	0.058012244683793034	0.6127261258095991	0.00011533936383956603	0.017486651769416044	0.08465894564159614	-4.579209903651701e-06	0.000995197470718236
