tloc	tmcCabe	assertionDensity	assertionRoulette	mysteryGuest	eagerTest	sensitiveEquality	resourceOptimism	conditionalTestLogic	fireAndForget	loc	lcom2	lcom5	cbo	wmc	rfc	mpc	halsteadVocabulary	halsteadLength	halsteadVolume	classDataShouldBePrivate	complexClass	spaghettiCode	functionalDecomposition	godClass
5.3720339500031556e-05	3.9242247259052566e-06	1.8547722660611908e-07	2.2340520707693322e-05	-1.7413817384995809e-06	6.85963516813311e-05	6.375385566840644e-07	-4.850835181978163e-08	-1.5137728584492504e-06	-9.424180142541917e-08	0.1418059598116505	0.2122890997659924	0.0006600475483116947	0.005127519341865056	0.017660298460063385	0.0583306089703111	0.053567861088151224	0.7420754751396812	0.057089734366675	0.6054305823254906	0.00011642416152916566	0.017693718057656557	0.08612930202125563	-4.6112042459106875e-06	0.001017023753349792
