tloc	tmcCabe	assertionDensity	assertionRoulette	mysteryGuest	eagerTest	sensitiveEquality	resourceOptimism	conditionalTestLogic	fireAndForget	loc	lcom2	lcom5	cbo	wmc	rfc	mpc	halsteadVocabulary	halsteadLength	halsteadVolume	classDataShouldBePrivate	complexClass	spaghettiCode	functionalDecomposition	godClass
6.687388246744595e-05	5.155753835496786e-06	1.9017856424857715e-07	2.180956678690636e-05	-1.1540425720361824e-06	6.842771369379693e-05	6.902444855961831e-07	-4.7166663032940784e-08	-3.728443024629677e-07	-5.3138305598222164e-08	0.140512471837578	0.2134296337198612	0.000644185197934811	0.005056469538974913	0.017515752286759872	0.05743970953032771	0.052704740365176375	0.7367426368206109	0.057916552021209676	0.6120536906123315	0.0001144512788985502	0.017512069113907708	0.08504531213445803	-4.386705132420135e-06	0.0009908714104941573
3.3673541047093927e-06	-2.2798820150130363e-05	3.570245878631397e-06	3.431086303029393e-05	-1.7231590266433067e-05	0.00021879472199952873	4.3889405370084074e-07	-7.560228532113475e-07	-6.170317403445355e-06	-3.020436648288591e-07	0.046202796686710165	0.8876871237904939	-0.00037373699439637996	-0.005501500452818138	0.009556567783239553	-0.044943149324307666	-0.04732159644913877	0.10886282795398716	-0.04449624967554382	-0.4374883740707056	0.0002864653090108202	0.01061428234093953	-0.012465488579323841	1.5895310023561087e-06	-0.000790644262767399
