tloc	tmcCabe	assertionDensity	assertionRoulette	mysteryGuest	eagerTest	sensitiveEquality	resourceOptimism	conditionalTestLogic	fireAndForget	loc	lcom2	lcom5	cbo	wmc	rfc	mpc	halsteadVocabulary	halsteadLength	halsteadVolume	classDataShouldBePrivate	complexClass	spaghettiCode	functionalDecomposition	godClass
6.812763185060072e-05	5.225503085513415e-06	2.4882642202399356e-07	2.194507770110519e-05	-1.1744825416269215e-06	6.897937710719629e-05	6.507916654947109e-07	-4.138970214705865e-08	-1.3524387713339577e-07	-4.682808114608564e-08	0.14041454389546926	0.21507664626581263	0.0006431975907700835	0.005045549482388773	0.01754134702452814	0.05737783493102047	0.0526266790003854	0.7361830599830632	0.05795718900030397	0.6121991637584803	0.00011418324627005966	0.017544020881736174	0.08490756789496409	-4.577458038219734e-06	0.0009890846797576244
2.127178142193255e-06	-2.3086762058506907e-05	3.601331821008568e-06	3.4136924210694296e-05	-1.6937321163100956e-05	0.0002168384774075361	4.37945794563503e-07	-6.882176479353886e-07	-5.62272749850844e-06	-3.01523045167047e-07	0.04542720029636554	0.888989789198537	-0.00037773233792685326	-0.005515148888559599	0.009539354108144528	-0.04501238545479253	-0.047416534796347574	0.10541569943242071	-0.044254335964120504	-0.43575986057256577	0.0002844327713573088	0.010624280531679468	-0.012896184497721081	1.640743315979308e-06	-0.0007961388027327162
