tloc	tmcCabe	assertionDensity	assertionRoulette	mysteryGuest	eagerTest	sensitiveEquality	resourceOptimism	conditionalTestLogic	fireAndForget	loc	lcom2	lcom5	cbo	wmc	rfc	mpc	halsteadVocabulary	halsteadLength	halsteadVolume	classDataShouldBePrivate	complexClass	spaghettiCode	functionalDecomposition	godClass
6.895158356525585e-05	5.382261519966444e-06	2.087707092884864e-07	2.182392462624815e-05	-6.554039654989418e-07	6.793977028801118e-05	6.518429872034155e-07	-1.1400374918180818e-08	2.0481726649179967e-08	-3.752205860307314e-08	0.1405434900401487	0.21513284925143067	0.0006429572927367993	0.005057683235102725	0.017505270121735934	0.057430521830980186	0.052689018728034165	0.7362632619015823	0.05793004001533118	0.612038585797778	0.00011503216057177879	0.017491061337005002	0.08497588431599573	-4.5997385001282676e-06	0.0009934147527316942
2.114075186666347e-06	-2.2919458809054993e-05	3.57714506382352e-06	3.415115032423159e-05	-1.718862307906032e-05	0.00021756451386547364	4.521034616929858e-07	-7.167293514886172e-07	-5.571436446503764e-06	-3.1367956041884994e-07	0.04536246760715186	0.8889629899844904	-0.0003767627221662858	-0.005525058170121315	0.009557301393127196	-0.04506503832743034	-0.04747260401650318	0.10533106891544428	-0.04425575668555948	-0.4358277137308638	0.00028400736817607396	0.010640649952217359	-0.012943895670248281	1.651376133452571e-06	-0.0007955479424323886
