tloc	tmcCabe	assertionDensity	assertionRoulette	mysteryGuest	eagerTest	sensitiveEquality	resourceOptimism	conditionalTestLogic	fireAndForget	loc	lcom2	lcom5	cbo	wmc	rfc	mpc	halsteadVocabulary	halsteadLength	halsteadVolume	classDataShouldBePrivate	complexClass	spaghettiCode	functionalDecomposition	godClass
6.82464679636494e-05	5.509299444309259e-06	2.1484373946409123e-07	2.2228917530926932e-05	-9.022601230132075e-07	6.87038742962808e-05	6.665690536348222e-07	-9.17883051504745e-09	4.634301238146966e-08	-7.811778735776667e-08	0.14052264581062507	0.21548638375791107	0.0006443960115056344	0.005049074734940769	0.017548158610433517	0.05743700765872732	0.052683437779309394	0.7365005280986462	0.057871670977360505	0.6116303688791724	0.00011451084344442467	0.017549579079367442	0.08501975926230598	-4.592775250108756e-06	0.0006059182264691989
2.0470881659025085e-06	-2.294798232685476e-05	3.6133614975771767e-06	3.448950661274334e-05	-1.6935875660456102e-05	0.00021824605543048077	4.2519045521959977e-07	-7.053731579127314e-07	-5.3015438327719635e-06	-2.3454021281424166e-07	0.04532441971866132	0.8886616944297807	-0.0003802607913826402	-0.005532855111296554	0.009527695387205447	-0.04525774630319604	-0.04764078457871245	0.10525920854384396	-0.04428602651485906	-0.4364197319062703	0.00028448809910695604	0.01059686726090589	-0.013079236030740593	1.64445736578194e-06	-0.000470806690548421
