tloc	tmcCabe	assertionDensity	assertionRoulette	mysteryGuest	eagerTest	sensitiveEquality	resourceOptimism	conditionalTestLogic	fireAndForget	loc	lcom2	lcom5	cbo	wmc	rfc	mpc	halsteadVocabulary	halsteadLength	halsteadVolume	classDataShouldBePrivate	complexClass	spaghettiCode	functionalDecomposition	godClass
6.730124034234811e-05	4.735093514791218e-06	3.6511868639104936e-07	2.2087135983800433e-05	-1.4004344363626099e-06	6.876883977725624e-05	6.520201981841879e-07	-4.220598165513271e-08	-6.30278430130035e-07	-5.8895471505377106e-08	0.14033754146603467	0.2151399466033655	0.000643415060042247	0.005041497555055066	0.01753726183387827	0.05737632412148717	0.052625228105992385	0.7362859396607564	0.057931835098322636	0.6120681350505305	0.00011395760745089939	0.01754680812610308	0.08494682353145558	-4.518444542791043e-06	0.0009868679946354521
3.6944327057905127e-06	-2.2642557022228098e-05	3.520590536637509e-06	3.4061081907357495e-05	-1.674413780139129e-05	0.00021726709325615328	4.497292340716954e-07	-6.95013358938324e-07	-5.266460934373364e-06	-3.011903790854764e-07	0.045512467055636996	0.8889546774378142	-0.000377585312225655	-0.005512716292601244	0.009539839069135117	-0.04500552566394337	-0.047405311464258	0.10531761968919413	-0.04426002868788581	-0.4358471658161426	0.00028468375834681523	0.010630559829223379	-0.01290837596348119	1.6277744576234725e-06	-0.0007914724365084453
