tloc	tmcCabe	assertionDensity	assertionRoulette	mysteryGuest	eagerTest	sensitiveEquality	resourceOptimism	conditionalTestLogic	fireAndForget	loc	lcom2	lcom5	cbo	wmc	rfc	mpc	halsteadVocabulary	halsteadLength	halsteadVolume	classDataShouldBePrivate	complexClass	spaghettiCode	functionalDecomposition	godClass
6.941149391010971e-05	5.4362392817781965e-06	2.0663299006826933e-07	2.213062524331013e-05	-8.337055359796811e-07	6.883309152697871e-05	6.635645886472308e-07	-1.924477659030503e-08	4.344330404036651e-08	-4.5360085676086936e-08	0.14045233262039014	0.21499576560732317	0.0006425751342316102	0.005047442572647258	0.017543148468953596	0.057354845202995455	0.0526022410462602	0.7360374606237219	0.05799377963861514	0.6124041961771302	0.00011455027529464542	0.017535187917966145	0.08484061587123054	-4.6106372403310255e-06	0.0009898554365738096
