tloc	tmcCabe	assertionDensity	assertionRoulette	mysteryGuest	eagerTest	sensitiveEquality	resourceOptimism	conditionalTestLogic	fireAndForget	loc	lcom2	lcom5	cbo	wmc	rfc	mpc	halsteadVocabulary	halsteadLength	halsteadVolume	classDataShouldBePrivate	complexClass	spaghettiCode	functionalDecomposition	godClass
6.925872618092932e-05	5.401727386746914e-06	1.9941758416531793e-07	2.2127374718225148e-05	-8.712680506953736e-07	6.880504189389814e-05	6.674425791307233e-07	-2.084055255351366e-08	2.8981068859947208e-09	-4.615323800778932e-08	0.1404369125002886	0.21498221838040438	0.0006427382602881538	0.005047092737524594	0.017542585785522573	0.05735404276106409	0.052601679075280454	0.736034126393486	0.057995278689026326	0.6124171298153983	0.00011445019404917949	0.017535420772238797	0.08483599519357922	-4.6193254543008985e-06	0.000989576062713184
