tloc	tmcCabe	assertionDensity	assertionRoulette	mysteryGuest	eagerTest	sensitiveEquality	resourceOptimism	conditionalTestLogic	fireAndForget	loc	lcom2	lcom5	cbo	wmc	rfc	mpc	halsteadVocabulary	halsteadLength	halsteadVolume	classDataShouldBePrivate	complexClass	spaghettiCode	functionalDecomposition	godClass
0.00012718757948342323	8.512765030153684e-07	1.3526951788645952e-06	4.056368764604628e-05	3.3847285776997036e-06	0.0001767258248620906	2.2558729209330486e-06	3.5161599963912025e-07	8.557908573102653e-06	1.1527515282965386e-07	0.12858415454649294	0.5577254730099307	0.0002496770244611833	0.0008680917480025692	0.017337714972895893	0.017355474587503167	0.012668430214886716	0.7246167340200663	0.03690622122131539	0.3757191537983125	0.0002755208405694633	0.016871242020780792	0.06132699483899764	-6.130941232305392e-06	0.0017807116239699377
