tloc	tmcCabe	assertionDensity	assertionRoulette	mysteryGuest	eagerTest	sensitiveEquality	resourceOptimism	conditionalTestLogic	fireAndForget	loc	lcom2	lcom5	cbo	wmc	rfc	mpc	halsteadVocabulary	halsteadLength	halsteadVolume	classDataShouldBePrivate	complexClass	spaghettiCode	functionalDecomposition	godClass
6.675984486528513e-05	5.360821179849989e-06	1.4662549773019646e-07	2.1590651240692814e-05	-9.01715643550651e-07	6.855513369800194e-05	6.49645737411075e-07	4.42557557697829e-08	-2.7732323104964134e-07	-4.579831487471724e-08	0.14036013018615087	0.2149740225148001	0.0006431458575843769	0.005044092694954887	0.017534613033900838	0.05735447904799568	0.05260533236630457	0.7360994502955942	0.05798652069121682	0.6123533820293393	0.00011410624029133613	0.017538888738808916	0.08488176185626943	-4.607830166413468e-06	0.000988168619950026
