tloc	tmcCabe	assertionDensity	assertionRoulette	mysteryGuest	eagerTest	sensitiveEquality	resourceOptimism	conditionalTestLogic	fireAndForget	loc	lcom2	lcom5	cbo	wmc	rfc	mpc	halsteadVocabulary	halsteadLength	halsteadVolume	classDataShouldBePrivate	complexClass	spaghettiCode	functionalDecomposition	godClass
6.925872618081734e-05	5.401727386746983e-06	1.994175841653139e-07	2.212737471822515e-05	-8.712680506953015e-07	6.88050418938979e-05	6.674425791307345e-07	-2.0840552553509913e-08	2.8981068860423478e-09	-4.615323800778713e-08	0.14043691250028884	0.21498221838040343	0.0006427382602881541	0.005047092737524605	0.017542585785522518	0.05735404276106417	0.05260167907528048	0.7360341263934862	0.0579952786890264	0.612417129815398	0.00011445019404917936	0.017535420772238814	0.0848359951935793	-4.61932545430093e-06	0.000989576062713183
1.7252819177936374e-06	-2.3052164978527352e-05	3.6016395860014783e-06	3.406319715378476e-05	-1.700922939190191e-05	0.0002172142366216826	4.342534980490105e-07	-7.068866975697345e-07	-5.618454203853904e-06	-3.0785609422510104e-07	0.045492404569561724	0.8889972500064314	-0.0003767385625868769	-0.005512105082392743	0.009552271377739492	-0.04495734446219643	-0.04736544512905438	0.10560043589800121	-0.04426370428294304	-0.43570501938480627	0.0002843350918050334	0.010635449693881822	-0.012823783086126082	1.6735598274549226e-06	-0.0007921565704389927
-0.000689093696276996	-5.662658041423477e-05	1.7020882554953184e-06	-7.528810854386145e-06	-9.265243088500208e-05	1.3156504903230357e-05	2.7807342018960194e-07	-5.368880525191472e-06	-3.183768957018338e-05	-1.4805680821806697e-06	-0.09529486436726183	-0.3870867084214697	-0.0006891566881782282	-0.008012735918785553	-0.025673134875442552	-0.06160658442385792	-0.05370594793700633	0.6569894042013624	-0.07280645216842917	-0.6242825761289124	-0.0008162834906218013	-0.022234986657966086	0.08043191576385497	2.374214213384916e-05	-0.007060176896227464
0.0002926020558217687	6.832724868449029e-05	8.276385978369107e-06	1.6873715828379193e-07	-9.248898587004002e-05	-0.00022989401047826573	-3.3844366346457473e-06	-7.955135677499432e-06	-3.396002892142728e-05	-8.616401804657406e-07	0.8691766621954546	-0.09338768546339032	0.0034134908056312123	0.053078212249226646	0.08097096094267886	0.29704802812870257	0.27572858971513264	-0.05672026823579063	-0.04617633729888553	-0.1705345924169592	-0.00031709085245608284	0.08400628497333897	0.14357092238679586	-8.580760304864315e-06	-0.007760760438741675
