tloc	tmcCabe	assertionDensity	assertionRoulette	mysteryGuest	eagerTest	sensitiveEquality	resourceOptimism	conditionalTestLogic	fireAndForget	loc	lcom2	lcom5	cbo	wmc	rfc	mpc	halsteadVocabulary	halsteadLength	halsteadVolume	classDataShouldBePrivate	complexClass	spaghettiCode	functionalDecomposition	godClass
7.224457732678984e-05	5.95267182410805e-06	2.0457973272668283e-07	2.2884765283157984e-05	-5.585087621700868e-07	6.926986885545753e-05	6.979542721135512e-07	-5.54096386896603e-09	4.003287231475968e-07	-3.9854341217722156e-08	0.1401563435753106	0.21602248876382654	0.0006458630877342661	0.005071488809420836	0.017508551604142792	0.05687284516106383	0.052215690845486946	0.7356114042954435	0.058012244683793096	0.6127261258096008	0.0001153393638395651	0.017486651769415995	0.08465894564159616	-4.579209903651691e-06	0.0009951974707182404
-1.0791444248048208e-06	-2.3578766050817324e-05	3.6013609227244997e-06	3.332493107965306e-05	-1.7319252338373542e-05	0.0002168755285652857	4.0473944936619656e-07	-7.220260341964008e-07	-6.002277857321877e-06	-3.1395036551832596e-07	0.045693491941096294	0.8884641326576167	-0.00038048679960552375	-0.005543044520410315	0.009577924119518215	-0.044576745261164404	-0.04707391774913852	0.10555918825106912	-0.04436229155165695	-0.43684153914652135	0.0002835751971779792	0.010675267828178419	-0.012725064787284883	1.6473807195917609e-06	-0.0007997091660021441
-0.0006733665035875849	-5.2362233430671044e-05	1.5055353056376556e-06	-1.6024625015531955e-06	-9.055930020105534e-05	1.5715046331487913e-05	5.154356420988207e-07	-5.2659318934324165e-06	-2.8464673665022814e-05	-1.4254846688837372e-06	-0.10194507576540757	-0.38694353509748314	-0.0006712501842526589	-0.007957875374783182	-0.026558923200060224	-0.06768884153169924	-0.05868054888867369	0.6579430451150168	-0.07260630827971387	-0.6213865080372516	-0.000816075377544364	-0.023307600745265934	0.07881469328093804	2.4123275457147102e-05	-0.007036347997886752
0.0003529796084279652	8.417709282998276e-05	8.062241567879991e-06	1.8624972319454328e-05	-8.79846262695089e-05	-0.0002261582917030911	-2.626051850268866e-06	-7.827630918670521e-06	-2.328860600459983e-05	-6.907938397141881e-07	0.8747633266906252	-0.09844934487224519	0.0035556087552123046	0.054716648418368985	0.08034445507173944	0.28557162644007467	0.2671266220291811	-0.05000372383317592	-0.04769649516528188	-0.17495290004750663	-0.0003244480963019357	0.08288953820570695	0.14286278838080288	-7.47745138484526e-06	-0.007917276848830585
