tloc	tmcCabe	assertionDensity	assertionRoulette	mysteryGuest	eagerTest	sensitiveEquality	resourceOptimism	conditionalTestLogic	fireAndForget	loc	lcom2	lcom5	cbo	wmc	rfc	mpc	halsteadVocabulary	halsteadLength	halsteadVolume	classDataShouldBePrivate	complexClass	spaghettiCode	functionalDecomposition	godClass
0.0001271875794832586	8.512765030155978e-07	1.352695178864575e-06	4.056368764604628e-05	3.3847285776999886e-06	0.00017672582486209047	2.2558729209330757e-06	3.516159996391358e-07	8.557908573102887e-06	1.1527515282966122e-07	0.12858415454649305	0.5577254730099264	0.00024967702446118326	0.0008680917480025815	0.017337714972895865	0.01735547458750325	0.012668430214886763	0.7246167340200673	0.036906221221315795	0.3757191537983162	0.0002755208405694637	0.016871242020780736	0.06132699483899774	-6.130941232305483e-06	0.0017807116239699767
-0.00026823211335462276	-4.4482280525986174e-05	4.469279198763494e-06	-2.8917836404264023e-06	-5.823907165837432e-05	7.263020826434816e-05	-5.460007964067732e-06	-3.20358857912338e-06	-4.8440897654303256e-05	-1.3605734921672872e-06	0.05687477156368213	0.7363462821999494	0.00011258982442251696	-0.0014476112457281062	0.011842105917446529	0.001262377291088821	-0.0016102062278567696	-0.25142695346116556	-0.07150870041923932	-0.62109882237071	9.246840414965756e-06	0.016337852261784438	-0.004521560047380645	1.3755794902211658e-05	-0.005716068749777964
-0.0007790135525746154	-6.924675868492284e-05	2.3119208389597737e-06	-1.7763432425775373e-05	-0.00010952022056967137	-1.4304739422517834e-05	-1.9734498416277974e-06	-6.4019410365525025e-06	-4.649720334731996e-05	-1.8689728058523988e-06	-0.0732589846687927	-0.35237279858127524	-0.00048392857199560524	-0.007076273355696443	-0.022787845840793883	-0.0428295739917352	-0.035754779525030124	0.6315535700491457	-0.08169603566773478	-0.6722117639423666	-0.0008987197253459731	-0.01803760464669485	0.09472595965352165	2.6741890942794526e-05	-0.009030752277222918
0.0018338020010963824	5.0436011322301776e-05	1.1127785098383684e-05	6.0850534330965096e-05	9.57134222609247e-05	0.00012096984416124248	2.533543442525124e-05	8.08479108325785e-07	0.0001231830162796392	4.551883951286418e-06	0.9621696066396339	-0.14699448246645966	0.0017216072386421037	0.01682983353786847	0.05703277042515186	0.14609095249461648	0.12432221381144944	-0.03471211164771731	-0.018903703157738865	-0.0683573286324084	0.0007765146214755683	0.04243008955256831	0.06437763401635341	-7.226403251962874e-05	0.010046514253804078
