tloc	tmcCabe	assertionDensity	assertionRoulette	mysteryGuest	eagerTest	sensitiveEquality	resourceOptimism	conditionalTestLogic	fireAndForget	loc	lcom2	lcom5	cbo	wmc	rfc	mpc	halsteadVocabulary	halsteadLength	halsteadVolume	classDataShouldBePrivate	complexClass	spaghettiCode	functionalDecomposition	godClass
0.00012718757948326458	8.512765030154512e-07	1.3526951788645789e-06	4.056368764604633e-05	3.384728577699935e-06	0.00017672582486209063	2.255872920933075e-06	3.5161599963913317e-07	8.557908573102863e-06	1.1527515282966012e-07	0.12858415454649294	0.5577254730099285	0.00024967702446118364	0.0008680917480025795	0.017337714972895924	0.017355474587503236	0.01266843021488677	0.7246167340200672	0.036906221221315746	0.37571915379831533	0.00027552084056946307	0.01687124202078072	0.06132699483899768	-6.130941232305461e-06	0.0017807116239699685
-0.0002682321133546306	-4.448228052593926e-05	4.469279198763515e-06	-2.8917836404265793e-06	-5.823907165837418e-05	7.263020826434761e-05	-5.4600079640677405e-06	-3.203588579123382e-06	-4.844089765430323e-05	-1.3605734921672845e-06	0.05687477156368183	0.7363462821999494	0.00011258982442251688	-0.0014476112457281038	0.011842105917446473	0.0012623772910887563	-0.001610206227856798	-0.2514269534611682	-0.07150870041923933	-0.62109882237071	9.246840414964804e-06	0.016337852261784375	-0.004521560047380914	1.3755794902211652e-05	-0.005716068749777962
-0.0007790135525744426	-6.924675868499758e-05	2.3119208389558807e-06	-1.7763432425775267e-05	-0.00010952022056967098	-1.4304739422517277e-05	-1.9734498416277224e-06	-6.401941036552487e-06	-4.6497203347319735e-05	-1.8689728058523849e-06	-0.07325898466878923	-0.352372798581274	-0.0004839285719955974	-0.0070762733556963735	-0.022787845840793564	-0.042829573991734614	-0.035754779525029604	0.6315535700491449	-0.081696035667735	-0.6722117639423674	-0.0008987197253459645	-0.018037604646694634	0.09472595965352154	2.6741890942794252e-05	-0.009030752277222909
0.0018338020010963234	5.04360113222993e-05	1.1127785098379251e-05	6.085053433085039e-05	9.571342226092391e-05	0.00012096984416124023	2.533543442525112e-05	8.084791083256832e-07	0.0001231830162796386	4.551883951286462e-06	0.9621696066396338	-0.14699448246645816	0.0017216072386421022	0.01682983353786858	0.05703277042515227	0.14609095249461887	0.12432221381145164	-0.0347121116477193	-0.018903703157738736	-0.0683573286324062	0.0007765146214755591	0.0424300895525687	0.06437763401635395	-7.2264032519629e-05	0.01004651425380431
