tloc	tmcCabe	assertionDensity	assertionRoulette	mysteryGuest	eagerTest	sensitiveEquality	resourceOptimism	conditionalTestLogic	fireAndForget	loc	lcom2	lcom5	cbo	wmc	rfc	mpc	halsteadVocabulary	halsteadLength	halsteadVolume	classDataShouldBePrivate	complexClass	spaghettiCode	functionalDecomposition	godClass
7.224457732692903e-05	5.952671824108062e-06	2.0457973272668683e-07	2.2884765283158014e-05	-5.585087621701246e-07	6.926986885545781e-05	6.979542721135548e-07	-5.5409638689682605e-09	4.0032872314758274e-07	-3.9854341217722474e-08	0.14015634357531073	0.2160224887638272	0.000645863087734266	0.005071488809420828	0.01750855160414284	0.056872845161063716	0.05221569084548688	0.7356114042954441	0.05801224468379304	0.6127261258096002	0.00011533936383956521	0.017486651769416023	0.08465894564159615	-4.579209903651694e-06	0.000995197470718241
-1.0791444247559758e-06	-2.3578766050924545e-05	3.601360922724494e-06	3.33249310796528e-05	-1.7319252338373603e-05	0.0002168755285652855	4.047394493661914e-07	-7.220260341964043e-07	-6.002277857321884e-06	-3.139503655183264e-07	0.04569349194109602	0.8884641326576169	-0.00038048679960552576	-0.005543044520410339	0.009577924119518131	-0.04457674526116447	-0.047073917749138605	0.10555918825106846	-0.044362291551657246	-0.4368415391465219	0.000283575197177978	0.010675267828178387	-0.012725064787284952	1.647380719591788e-06	-0.0007997091660021424
-0.0006733665035876492	-5.236223343081339e-05	1.5055353055446467e-06	-1.6024625015521051e-06	-9.055930020105519e-05	1.571504633148735e-05	5.154356420987793e-07	-5.2659318934324106e-06	-2.8464673665022777e-05	-1.4254846688837353e-06	-0.10194507576540669	-0.38694353509748325	-0.0006712501842526572	-0.007957875374783093	-0.026558923200060192	-0.06768884153169903	-0.058680548888673516	0.6579430451150164	-0.07260630827971407	-0.6213865080372524	-0.0008160753775443665	-0.02330760074526585	0.0788146932809382	2.412327545714708e-05	-0.007036347997886734
0.00035297960842788057	8.417709282994004e-05	8.06224156782662e-06	1.8624972319347598e-05	-8.798462626951543e-05	-0.0002261582917031054	-2.6260518502699187e-06	-7.827630918670942e-06	-2.3288606004606435e-05	-6.907938397143176e-07	0.8747633266906202	-0.09844934487224392	0.003555608755212339	0.0547166484183693	0.08034445507173958	0.28557162644008205	0.2671266220291877	-0.050003723833177076	-0.04769649516528356	-0.17495290004750666	-0.0003244480963019786	0.08288953820570794	0.14286278838080851	-7.477451384842988e-06	-0.007917276848831024
