tloc	tmcCabe	assertionDensity	assertionRoulette	mysteryGuest	eagerTest	sensitiveEquality	resourceOptimism	conditionalTestLogic	fireAndForget	loc	lcom2	lcom5	cbo	wmc	rfc	mpc	halsteadVocabulary	halsteadLength	halsteadVolume	classDataShouldBePrivate	complexClass	spaghettiCode	functionalDecomposition	godClass
0.00012718757948339588	8.512765030155905e-07	1.3526951788645765e-06	4.056368764604641e-05	3.3847285776999742e-06	0.0001767258248620909	2.2558729209330753e-06	3.516159996391337e-07	8.55790857310286e-06	1.1527515282966088e-07	0.12858415454649308	0.5577254730099277	0.0002496770244611839	0.0008680917480025811	0.017337714972895896	0.017355474587503243	0.012668430214886775	0.7246167340200667	0.03690622122131579	0.3757191537983156	0.00027552084056946355	0.016871242020780754	0.06132699483899778	-6.130941232305478e-06	0.00178071162396997
-0.0002682321133545916	-4.448228052574582e-05	4.469279198763492e-06	-2.8917836404266034e-06	-5.823907165837438e-05	7.263020826434766e-05	-5.460007964067742e-06	-3.2035885791233846e-06	-4.844089765430331e-05	-1.3605734921672872e-06	0.05687477156368227	0.7363462821999492	0.00011258982442251729	-0.001447611245728106	0.01184210591744649	0.0012623772910887604	-0.0016102062278567934	-0.2514269534611675	-0.07150870041923939	-0.6210988223707106	9.246840414966029e-06	0.0163378522617844	-0.0045215600473808475	1.3755794902211665e-05	-0.005716068749777976
-0.0007790135525744906	-6.924675868487422e-05	2.3119208388984604e-06	-1.7763432425775393e-05	-0.00010952022056967092	-1.4304739422517265e-05	-1.973449841627727e-06	-6.40194103655249e-06	-4.649720334731971e-05	-1.868972805852384e-06	-0.07325898466878952	-0.35237279858127446	-0.0004839285719955984	-0.0070762733556963735	-0.02278784584079361	-0.04282957399173468	-0.03575477952502962	0.6315535700491456	-0.08169603566773492	-0.6722117639423668	-0.0008987197253459675	-0.01803760464669466	0.09472595965352165	2.6741890942794242e-05	-0.00903075227722287
0.0018338020010963347	5.043601132229007e-05	1.1127785098384765e-05	6.08505343309648e-05	9.5713422260922e-05	0.00012096984416123394	2.5335434425250565e-05	8.084791083254413e-07	0.00012318301627963686	4.551883951286534e-06	0.9621696066396316	-0.1469944824664586	0.0017216072386420887	0.01682983353786871	0.057032770425152826	0.14609095249462317	0.12432221381145536	-0.03471211164771917	-0.018903703157738993	-0.06835732863240626	0.000776514621475523	0.042430089552569335	0.06437763401635592	-7.226403251962878e-05	0.01004651425380466
