tloc	tmcCabe	assertionDensity	assertionRoulette	mysteryGuest	eagerTest	sensitiveEquality	resourceOptimism	conditionalTestLogic	fireAndForget	loc	lcom2	lcom5	cbo	wmc	rfc	mpc	halsteadVocabulary	halsteadLength	halsteadVolume	classDataShouldBePrivate	complexClass	spaghettiCode	functionalDecomposition	godClass
6.925657594314367e-05	5.4667150822113025e-06	2.0681845692307528e-07	2.21415500673417e-05	-8.723239379771652e-07	6.880789082665723e-05	6.686209414183229e-07	-2.0956069339248446e-08	1.167254633986174e-08	-4.5021908821889676e-08	0.14043637084885174	0.2150157080348085	0.000642755909028415	0.005047484353374339	0.01754375439858151	0.05735425216994411	0.052601471653652816	0.7360443547557023	0.05799031081153193	0.6123919382162811	0.00011446558439514821	0.01753790928608819	0.08484772944018931	-4.603694475617711e-06	0.0009896917977272282
7.387960035345838e-07	-2.3061952625552913e-05	3.584761327011412e-06	3.391115437655321e-05	-1.706426526427451e-05	0.00021698482380169457	4.2930135236172885e-07	-7.096116921570852e-07	-5.664959364734672e-06	-3.097824171259542e-07	0.045484747111300045	0.8889805812036721	-0.0003768573043116313	-0.005513744749974294	0.00954801086434387	-0.044962880815532645	-0.04736944264208631	0.10558477577111082	-0.0442634230502616	-0.43574203467691186	0.00028425425940992584	0.010629804124248155	-0.012851606143417673	1.6611125649494258e-06	-0.0007928815967974666
