tloc	tmcCabe	assertionDensity	assertionRoulette	mysteryGuest	eagerTest	sensitiveEquality	resourceOptimism	conditionalTestLogic	fireAndForget	loc	lcom2	lcom5	cbo	wmc	rfc	mpc	halsteadVocabulary	halsteadLength	halsteadVolume	classDataShouldBePrivate	complexClass	spaghettiCode	functionalDecomposition	godClass
6.951920911471352e-05	5.4700666210613645e-06	2.0696231876210327e-07	2.2210849939662768e-05	-8.5173843919438e-07	6.880050418431487e-05	6.69860361709298e-07	-2.1782160243231533e-08	1.2980379338614157e-07	-4.662290028450071e-08	0.1404363577808525	0.21497615360994288	0.0006427188634866407	0.005048303458021278	0.01754283645703662	0.057354264246447885	0.05260186965713652	0.7360324893698859	0.0579963153037955	0.6124211948136573	0.00011444979141947228	0.017535068094137737	0.08483611372927122	-4.617552634908866e-06	0.0009894628695734063
