tloc	tmcCabe	assertionDensity	assertionRoulette	mysteryGuest	eagerTest	sensitiveEquality	resourceOptimism	conditionalTestLogic	fireAndForget	loc	lcom2	lcom5	cbo	wmc	rfc	mpc	halsteadVocabulary	halsteadLength	halsteadVolume	classDataShouldBePrivate	complexClass	spaghettiCode	functionalDecomposition	godClass
6.974083973120129e-05	5.609841943367077e-06	1.645052775695851e-07	2.219461009258683e-05	-1.2984450357535052e-06	6.824396220288049e-05	6.432795226074927e-07	-3.80364774736947e-08	1.1462078313227586e-08	-4.934931094986024e-08	0.14054662177299188	0.21526593587925003	0.0006431764925809646	0.005058209467772825	0.017552442620752586	0.057412819690627316	0.05265753437349586	0.736159013135017	0.05793805243007324	0.612122823905453	0.00011546294448707476	0.017553021120649322	0.08493361078539516	-4.671304870162476e-06	0.0009881743712126983
7.973029005753885e-07	-2.3130291898202035e-05	3.607532180440698e-06	3.4023067099977283e-05	-1.694972830511472e-05	0.00021743742626206185	4.3956317710117103e-07	-7.057293145827433e-07	-5.692699409910562e-06	-3.1064772177583235e-07	0.045211646980199256	0.8889885631939718	-0.0003777180317828742	-0.005531500175965373	0.009521249760506298	-0.045095400873994045	-0.04749274867384869	0.10524312868429339	-0.044235086422260594	-0.43580999101499585	0.000283538392487234	0.0106103107050655	-0.012967073520262926	1.681776851536258e-06	-0.0007937902050525669
