tloc	tmcCabe	assertionDensity	assertionRoulette	mysteryGuest	eagerTest	sensitiveEquality	resourceOptimism	conditionalTestLogic	fireAndForget	loc	lcom2	lcom5	cbo	wmc	rfc	mpc	halsteadVocabulary	halsteadLength	halsteadVolume	classDataShouldBePrivate	complexClass	spaghettiCode	functionalDecomposition	godClass
6.867773925166289e-05	5.350892023672804e-06	1.7928045209632596e-07	2.1981766452678863e-05	-9.999463270763623e-07	6.87662140723871e-05	6.580413395403699e-07	-2.8178173675395602e-08	1.0843813016188851e-07	-4.983219153681446e-08	0.14046590707851908	0.21512685388652034	0.0006430127378080727	0.005049007887108268	0.017545365964594942	0.05737670311529668	0.05262315120723765	0.7361386003257172	0.0579657847493439	0.612224183427785	0.00011437039669172208	0.017547084748499073	0.08489589941408297	-4.651895785908602e-06	0.0009894053210932508
