tloc	tmcCabe	assertionDensity	assertionRoulette	mysteryGuest	eagerTest	sensitiveEquality	resourceOptimism	conditionalTestLogic	fireAndForget	loc	lcom2	lcom5	cbo	wmc	rfc	mpc	halsteadVocabulary	halsteadLength	halsteadVolume	classDataShouldBePrivate	complexClass	spaghettiCode	functionalDecomposition	godClass
6.915860879744021e-05	5.315114143386881e-06	1.9478046555194487e-07	2.207875681958372e-05	-9.459639873133518e-07	6.916199034175397e-05	7.332914302977713e-07	-2.4455324153076522e-08	-6.894644623862867e-08	-4.795431565450669e-08	0.1407022554230418	0.21523855064977196	0.000642699122298149	0.005047848983664931	0.017555340145808545	0.05737164299065198	0.05261380780790155	0.7360134603109802	0.057976129318223484	0.6122881436998279	0.00011439015298610822	0.01754377001872171	0.08484596504330714	-4.6319698557058346e-06	0.0009892151933109164
2.3973522809890162e-06	-2.2624073295739302e-05	3.6433821222907062e-06	3.446992243914647e-05	-1.665976286402652e-05	0.00021538637616441068	1.4316591808968053e-07	-6.898062982258467e-07	-5.250514317410617e-06	-2.992697107396207e-07	0.043939992425975676	0.8888170559573222	-0.00038125070758728615	-0.0055322583175521495	0.009472072581008443	-0.045204064363436124	-0.04757545667037904	0.10593018044075868	-0.04427210153581761	-0.4361032388707229	0.00028518539265295955	0.010568251249448822	-0.012903978327181693	1.7447273609475626e-06	-0.0007923397920611957
-0.000695481742876062	-5.7915115829182167e-05	1.5448556153289777e-06	-9.232523980665737e-06	-9.400489364346823e-05	1.6189218245275873e-05	8.069789512828568e-07	-5.4415397419525245e-06	-3.293924257531073e-05	-1.5104288521456664e-06	-0.09064281638451176	-0.3882028627217817	-0.0006672317273585069	-0.007928210780346558	-0.025440477550769402	-0.06082074006585	-0.05302111375269468	0.6566830238792911	-0.07292917909821524	-0.624688714754283	-0.0008213804244602223	-0.022042470238485955	0.08085152066810308	2.3582946913055144e-05	-0.007087724891950041
