tloc	tmcCabe	assertionDensity	assertionRoulette	mysteryGuest	eagerTest	sensitiveEquality	resourceOptimism	conditionalTestLogic	fireAndForget	loc	lcom2	lcom5	cbo	wmc	rfc	mpc	halsteadVocabulary	halsteadLength	halsteadVolume	classDataShouldBePrivate	complexClass	spaghettiCode	functionalDecomposition	godClass
8.440994772061174e-05	1.2448319008195414e-05	-7.682206833820727e-07	1.0337184960101998e-05	3.094377613579342e-06	9.032362756031555e-06	-1.0268725151602294e-07	1.72601323870832e-07	2.5857199516757105e-06	3.672109785004864e-08	0.1382753205739079	0.02576341693817347	0.0007472949210277084	0.006595296824865366	0.01620287675451842	0.07025973462460951	0.06572969591494629	0.6792481272994114	0.06735163928229838	0.7050433357925596	5.575559807573351e-05	0.0160255820162527	0.08598789432205524	-5.268486072660158e-06	0.0012861797244805963
0.0003967345426695135	1.7637579661006695e-05	-2.0338890035634312e-06	1.5138942463141105e-05	1.8990591859970042e-06	0.0001847881340468448	1.438303176056408e-06	7.360358920685929e-07	1.4683949787224379e-05	1.6731762190973728e-07	0.13930109503241422	0.9881590129352457	-3.440379082482084e-05	0.0022670977854368558	0.024943284928542687	0.01928082915518066	0.01055110091598995	-0.03072487722866407	-0.0032779652471553295	-0.036370809783197434	0.0005991653064831448	0.025314972516387077	-0.010036940031743906	-8.675541973845706e-06	0.0026167288207610074
