tloc	tmcCabe	assertionDensity	assertionRoulette	mysteryGuest	eagerTest	sensitiveEquality	resourceOptimism	conditionalTestLogic	fireAndForget	loc	lcom2	lcom5	cbo	wmc	rfc	mpc	halsteadVocabulary	halsteadLength	halsteadVolume	classDataShouldBePrivate	complexClass	spaghettiCode	functionalDecomposition	godClass
6.106443628607335e-05	4.277150357194429e-06	6.340466988958673e-07	2.220697479920852e-05	-2.219786500309623e-06	6.780140133938746e-05	5.832816335505602e-07	-2.4180405148046563e-09	-5.617718455867101e-07	-6.962717501638923e-08	0.14065686790581577	0.21613484801098398	0.000646090384580893	0.005046723188146691	0.017554247118020883	0.05756344687149566	0.05280977476677935	0.7372304691032131	0.05766693625894132	0.6104211761406276	0.00011286235841762574	0.01763837495735151	0.08546680155815037	-4.465903707626181e-06	0.0009753904345935359
2.3991784655974013e-06	-2.28172989101185e-05	3.680167596871313e-06	3.375152977943966e-05	-1.718053481627921e-05	0.00021806425721794949	4.487255776194334e-07	-6.485624802710064e-07	-5.441594137589253e-06	-2.728970703482041e-07	0.044705447617759374	0.8892820160306588	-0.00038679704654455004	-0.005546745207674856	0.00944743188348427	-0.04562685578119685	-0.04800188625365379	0.10309439924929284	-0.04407367626673087	-0.43566265210116023	0.0002834841575074311	0.010449920865512068	-0.013780478186134325	1.4314218200923388e-06	-0.0007968831234578372
