tloc	tmcCabe	assertionDensity	assertionRoulette	mysteryGuest	eagerTest	sensitiveEquality	resourceOptimism	conditionalTestLogic	fireAndForget	loc	lcom2	lcom5	cbo	wmc	rfc	mpc	halsteadVocabulary	halsteadLength	halsteadVolume	classDataShouldBePrivate	complexClass	spaghettiCode	functionalDecomposition	godClass
6.803379241346756e-05	5.694440635650387e-06	2.2239307450368817e-07	2.2237818516056214e-05	-1.080379182417458e-06	6.827086280286051e-05	6.050024191793008e-07	-2.9829653211890415e-08	-7.982948058946822e-07	-5.0513009371927174e-08	0.14063020206263357	0.21648320564304047	0.0006439099164041636	0.005080751939902005	0.01759104165678181	0.057744056654831094	0.0529756379548652	0.7348677733655907	0.0580248847384288	0.6131534308454508	0.0001153852253010546	0.01759183402975825	0.08495025998693999	-4.16450873866581e-06	0.0009982263882934931
