tloc	tmcCabe	assertionDensity	assertionRoulette	mysteryGuest	eagerTest	sensitiveEquality	resourceOptimism	conditionalTestLogic	fireAndForget	loc	lcom2	lcom5	cbo	wmc	rfc	mpc	halsteadVocabulary	halsteadLength	halsteadVolume	classDataShouldBePrivate	complexClass	spaghettiCode	functionalDecomposition	godClass
6.322140099810577e-05	4.94108335474476e-06	1.3810582614096554e-07	2.209582919725484e-05	-1.3161470491627793e-06	6.823127294481485e-05	6.556455653115122e-07	-2.35417872063627e-08	-1.0004272401936515e-06	-5.601387989134949e-08	0.14073999318929906	0.2138991923459999	0.0006442075006213117	0.0050758342631725345	0.017518370274395376	0.05775660790445972	0.053015992156946766	0.737721909043569	0.057655252376069874	0.6105354740878296	0.0001151882094875298	0.017582671103229794	0.08566424073933654	-4.510569885023384e-06	0.0009762199255437826
-5.4284529172614824e-06	-2.3090894903942157e-05	3.7550018332671616e-06	3.7064329562209116e-05	-1.625541441590227e-05	0.00022418208853557705	4.057175250702515e-07	-6.265101414924833e-07	-3.3360521757468907e-06	-2.920171908335932e-07	0.04483074563477942	0.8879897278102985	-0.00037937513711354024	-0.005612943720835098	0.009243241107219942	-0.04696693367141705	-0.04924659902996821	0.10746406767687515	-0.04421178457433757	-0.43693178738330085	0.00028899334732582584	0.010234858526078847	-0.01407705587677508	1.579970267655126e-06	-0.0007708488577231631
