tloc	tmcCabe	assertionDensity	assertionRoulette	mysteryGuest	eagerTest	sensitiveEquality	resourceOptimism	conditionalTestLogic	fireAndForget	loc	lcom2	lcom5	cbo	wmc	rfc	mpc	halsteadVocabulary	halsteadLength	halsteadVolume	classDataShouldBePrivate	complexClass	spaghettiCode	functionalDecomposition	godClass
6.645200258669379e-05	5.245378017649772e-06	1.8524317698986413e-07	2.1843741984199238e-05	-1.19895468375313e-06	6.878521454279312e-05	6.420913656732054e-07	-3.5957319550234424e-08	-2.547965670131823e-07	-5.6895832809635624e-08	0.1404068503959992	0.21517132759828497	0.0006433922255735064	0.005047681567158863	0.017540693204637605	0.057405331243197785	0.0526552507650707	0.7362800792822959	0.057926857271448834	0.6120382404079538	0.00011302060348241992	0.01755577690613126	0.08498124848039024	-4.46332232806173e-06	0.0009877681140635728
