tloc	tmcCabe	assertionDensity	assertionRoulette	mysteryGuest	eagerTest	sensitiveEquality	resourceOptimism	conditionalTestLogic	fireAndForget	loc	lcom2	lcom5	cbo	wmc	rfc	mpc	halsteadVocabulary	halsteadLength	halsteadVolume	classDataShouldBePrivate	complexClass	spaghettiCode	functionalDecomposition	godClass
6.305241705910083e-05	4.499233901722311e-06	3.379518324267426e-07	2.286182385446739e-05	-2.450405997989853e-06	7.157238940437674e-05	4.841055129791319e-07	-2.747911902254321e-07	-1.4453863750139921e-06	-4.892214229590565e-08	0.13966751085231086	0.22154185335869891	0.0006799637891248909	0.005229486193046968	0.018132821200292363	0.06027720587271445	0.05537304420259669	0.7338290372639479	0.05755108591086504	0.6122478781278498	7.42348735141008e-05	0.018211707181027832	0.0857858677365625	-4.419431605464315e-06	0.0007243716525669005
-8.223424482927218e-06	-2.394622383627127e-05	3.920349373954686e-06	3.4873559123493764e-05	-1.7621270323598578e-05	0.00023179263286274952	1.0689318298397377e-06	-5.193699764700225e-07	-4.368364175968852e-06	-3.1623347807276895e-07	0.030673204445823863	0.8754363872686992	-0.00047299458266278707	-0.006679542792708239	0.007831407908299767	-0.056199447928009065	-0.05791469811315319	0.12462370546021974	-0.04550584100296912	-0.4561683960579805	0.00040913224087868076	0.008692707821376516	-0.01684952154744206	1.6874451466915285e-06	-0.0006908292513292192
