tloc	tmcCabe	assertionDensity	assertionRoulette	mysteryGuest	eagerTest	sensitiveEquality	resourceOptimism	conditionalTestLogic	fireAndForget	loc	lcom2	lcom5	cbo	wmc	rfc	mpc	halsteadVocabulary	halsteadLength	halsteadVolume	classDataShouldBePrivate	complexClass	spaghettiCode	functionalDecomposition	godClass
6.943297850814407e-05	5.446617893059959e-06	2.0418866056987883e-07	2.214899955251144e-05	-8.265892654285482e-07	6.8776691418281e-05	6.690072700836229e-07	-1.878572694905726e-08	3.70003634919197e-08	-4.4950630804625546e-08	0.14042685173537062	0.21486931267966294	0.0006427746648110608	0.005047689692198182	0.01754002016143041	0.05735142415351995	0.05259972019417375	0.7360279834893542	0.05800282935334991	0.6124673679903815	0.00011430385134346263	0.01753074760311068	0.08482858720910602	-4.616654482550033e-06	0.0009897986671951857
-9.302417525111178e-06	-2.4512543734515697e-05	3.827266671750709e-06	3.56072124431036e-05	-1.6738403110055506e-05	0.00020901294340884343	3.86276177352418e-07	-7.79256450493596e-07	-5.533654447019329e-06	-2.8541446251418457e-07	0.04114569600023336	0.8844421677664588	-0.00038809251191693916	-0.005743074152905007	0.00873803615576903	-0.04700140847842893	-0.049148220009588704	0.11416077542171837	-0.04489093806571669	-0.44275028258326876	0.00023204128930607177	0.009772886395947327	-0.0127654400272851	1.968867109115418e-06	-0.0008121454931628091
-0.0006814045390404268	-5.3838013044530905e-05	9.965773968491123e-07	-1.347428566081503e-05	-9.779033960086755e-05	3.646822743687201e-05	4.1077773837191e-07	-5.392851741241689e-06	-3.3714652501821505e-05	-1.621540210929701e-06	-0.08163561800033162	-0.3995838022003827	-0.000659420155817766	-0.007274764736179569	-0.023807537059874546	-0.0554400410171229	-0.048138975197930596	0.654417659037267	-0.07336043552093884	-0.6216326266417332	-0.0006839563366141296	-0.020054849362234416	0.08443565376027436	2.3683723864385093e-05	-0.007309108569029035
