tloc	tmcCabe	assertionDensity	assertionRoulette	mysteryGuest	eagerTest	sensitiveEquality	resourceOptimism	conditionalTestLogic	fireAndForget	loc	lcom2	lcom5	cbo	wmc	rfc	mpc	halsteadVocabulary	halsteadLength	halsteadVolume	classDataShouldBePrivate	complexClass	spaghettiCode	functionalDecomposition	godClass
6.809794261964795e-05	5.185882587737764e-06	1.9453017609880982e-07	2.2320048062856585e-05	-1.088921560044606e-06	6.891918999072024e-05	6.677022032696895e-07	-3.563594964790794e-08	-2.721343149485943e-07	-4.4120887182167825e-08	0.14041217047550333	0.2151008372738657	0.000642961565541753	0.0050413236338656756	0.01754280098595131	0.05738119421619419	0.05262865030621825	0.7362232622085285	0.057948857515895145	0.6121401587686373	0.00011416657345287263	0.017553220748840886	0.08492761955469852	-4.551570641104234e-06	0.0009605839084005948
