tloc	tmcCabe	assertionDensity	assertionRoulette	mysteryGuest	eagerTest	sensitiveEquality	resourceOptimism	conditionalTestLogic	fireAndForget	loc	lcom2	lcom5	cbo	wmc	rfc	mpc	halsteadVocabulary	halsteadLength	halsteadVolume	classDataShouldBePrivate	complexClass	spaghettiCode	functionalDecomposition	godClass
6.68738824675559e-05	5.1557538354967545e-06	1.901785642485759e-07	2.1809566786906397e-05	-1.1540425720361579e-06	6.842771369379714e-05	6.902444855961832e-07	-4.716666303293884e-08	-3.728443024629548e-07	-5.3138305598221986e-08	0.14051247183757756	0.21342963371986173	0.0006441851979348102	0.005056469538974885	0.017515752286759827	0.05743970953032762	0.0527047403651762	0.7367426368206109	0.05791655202120972	0.6120536906123317	0.00011445127889855004	0.017512069113907677	0.08504531213445803	-4.38670513242013e-06	0.000990871410494154
3.3673541048188082e-06	-2.2798820150227775e-05	3.5702458786314134e-06	3.431086303029376e-05	-1.7231590266433792e-05	0.0002187947219995292	4.3889405370085546e-07	-7.560228532113878e-07	-6.170317403445537e-06	-3.020436648288698e-07	0.04620279668670921	0.8876871237904902	-0.0003737369943963874	-0.005501500452818235	0.00955656778323927	-0.04494314932430838	-0.04732159644913932	0.10886282795399277	-0.044496249675544434	-0.4374883740707113	0.00028646530901081283	0.010614282340939278	-0.012465488579323267	1.5895310023562868e-06	-0.0007906442627674626
