tloc	tmcCabe	assertionDensity	assertionRoulette	mysteryGuest	eagerTest	sensitiveEquality	resourceOptimism	conditionalTestLogic	fireAndForget	loc	lcom2	lcom5	cbo	wmc	rfc	mpc	halsteadVocabulary	halsteadLength	halsteadVolume	classDataShouldBePrivate	complexClass	spaghettiCode	functionalDecomposition	godClass
6.812763185086395e-05	5.225503085513255e-06	2.488264220240005e-07	2.1945077701105252e-05	-1.1744825416270583e-06	6.897937710719685e-05	6.507916654947037e-07	-4.138970214706644e-08	-1.352438771335121e-07	-4.682808114608845e-08	0.14041454389546926	0.21507664626581485	0.0006431975907700816	0.00504554948238874	0.017541347024528146	0.05737783493102032	0.052626679000385285	0.7361830599830638	0.057957189000303874	0.612199163758479	0.00011418324627005977	0.017544020881736174	0.08490756789496413	-4.57745803821969e-06	0.0009890846797576253
2.127178142192209e-06	-2.308676205849353e-05	3.6013318210085663e-06	3.413692421069421e-05	-1.6937321163100926e-05	0.00021683847740753604	4.379457945635096e-07	-6.882176479353883e-07	-5.6227274985083985e-06	-3.0152304516704644e-07	0.04542720029636454	0.8889897891985369	-0.0003777323379268555	-0.00551514888855962	0.009539354108144433	-0.04501238545479264	-0.04741653479634782	0.1054156994324187	-0.04425433596412062	-0.43575986057256727	0.0002844327713573077	0.010624280531679397	-0.012896184497721357	1.6407433159793076e-06	-0.0007961388027327177
