tloc	tmcCabe	assertionDensity	assertionRoulette	mysteryGuest	eagerTest	sensitiveEquality	resourceOptimism	conditionalTestLogic	fireAndForget	loc	lcom2	lcom5	cbo	wmc	rfc	mpc	halsteadVocabulary	halsteadLength	halsteadVolume	classDataShouldBePrivate	complexClass	spaghettiCode	functionalDecomposition	godClass
6.524452008705091e-05	5.068849304149779e-06	1.1681464198972094e-07	2.186355437916398e-05	-4.7420483731511407e-07	6.772213618721583e-05	6.307888951955746e-07	-9.789232309729015e-08	-3.793671273299732e-07	-7.26822151201429e-08	0.14094318779327097	0.21624738828057094	0.0006456504719649567	0.0050686695763167405	0.017601755243462715	0.05770048616949542	0.0529384724146522	0.7375020322810115	0.05758084703575166	0.6099467637120671	0.00011716066869692696	0.017671481486379183	0.08562469130049521	-4.4187672888227e-06	0.0007606631563881642
1.9173971694379562e-05	-2.2671481332240596e-05	3.6989480782030406e-06	3.7106770606860475e-05	-7.892542664547741e-06	0.0002202248729067858	4.0799353034514653e-07	-4.964817586264096e-07	-3.720705775422188e-06	-2.6455835234813296e-07	0.041236201761845066	0.8849961212934149	-0.00040443736810008996	-0.005918291082163818	0.008805993274692841	-0.04898757362457483	-0.05110784493643329	0.11049949144657485	-0.044525914436893285	-0.4421138823564266	0.0002220696014704192	0.009808098809925092	-0.014240158735591405	1.4934516440923667e-06	-0.0006714111987881484
