tloc	tmcCabe	assertionDensity	assertionRoulette	mysteryGuest	eagerTest	sensitiveEquality	resourceOptimism	conditionalTestLogic	fireAndForget	loc	lcom2	lcom5	cbo	wmc	rfc	mpc	halsteadVocabulary	halsteadLength	halsteadVolume	classDataShouldBePrivate	complexClass	spaghettiCode	functionalDecomposition	godClass
6.895158356533223e-05	5.3822615199664e-06	2.087707092884975e-07	2.1823924626248292e-05	-6.554039654989107e-07	6.793977028801211e-05	6.518429872034278e-07	-1.1400374918176817e-08	2.0481726649250168e-08	-3.752205860307322e-08	0.14054349004014874	0.21513284925143344	0.0006429572927367974	0.005057683235102708	0.017505270121735965	0.057430521830979984	0.05268901872803397	0.7362632619015829	0.05793004001533117	0.6120385857977763	0.00011503216057178043	0.017491061337005027	0.08497588431599569	-4.599738500128277e-06	0.0009934147527316996
2.114075186784216e-06	-2.291945880904086e-05	3.5771450638235203e-06	3.415115032423127e-05	-1.7188623079060422e-05	0.00021756451386547324	4.5210346169296304e-07	-7.167293514886247e-07	-5.571436446503932e-06	-3.1367956041885343e-07	0.04536246760715106	0.8889629899844899	-0.0003767627221662871	-0.005525058170121334	0.009557301393127127	-0.0450650383274304	-0.04747260401650326	0.10533106891544149	-0.04425575668555972	-0.4358277137308653	0.0002840073681760734	0.010640649952217314	-0.012943895670248576	1.65137613345263e-06	-0.0007955479424324058
