tloc	tmcCabe	assertionDensity	assertionRoulette	mysteryGuest	eagerTest	sensitiveEquality	resourceOptimism	conditionalTestLogic	fireAndForget	loc	lcom2	lcom5	cbo	wmc	rfc	mpc	halsteadVocabulary	halsteadLength	halsteadVolume	classDataShouldBePrivate	complexClass	spaghettiCode	functionalDecomposition	godClass
6.824646796355079e-05	5.509299444309298e-06	2.1484373946407455e-07	2.2228917530926766e-05	-9.022601230131839e-07	6.87038742962799e-05	6.665690536348145e-07	-9.178830515046403e-09	4.634301238143512e-08	-7.811778735776592e-08	0.14052264581062462	0.2154863837579076	0.0006443960115056345	0.005049074734940777	0.017548158610433434	0.057437007658727474	0.05268343777930953	0.7365005280986457	0.05787167097736069	0.611630368879174	0.00011451084344442315	0.017549579079367394	0.08501975926230604	-4.592775250108738e-06	0.0006059182264691993
2.0470881658439883e-06	-2.2947982326825445e-05	3.613361497577191e-06	3.4489506612743463e-05	-1.6935875660456837e-05	0.0002182460554304814	4.2519045521961036e-07	-7.053731579127741e-07	-5.3015438327722185e-06	-2.3454021281425003e-07	0.04532441971866085	0.8886616944297784	-0.00038026079138264273	-0.005532855111296611	0.009527695387205319	-0.045257746303196345	-0.04764078457871265	0.10525920854385157	-0.044286026514859404	-0.43641973190627237	0.00028448809910695073	0.010596867260905772	-0.013079236030739553	1.6444573657820847e-06	-0.0004708066905484524
