tloc	tmcCabe	assertionDensity	assertionRoulette	mysteryGuest	eagerTest	sensitiveEquality	resourceOptimism	conditionalTestLogic	fireAndForget	loc	lcom2	lcom5	cbo	wmc	rfc	mpc	halsteadVocabulary	halsteadLength	halsteadVolume	classDataShouldBePrivate	complexClass	spaghettiCode	functionalDecomposition	godClass
6.730124034264279e-05	4.735093514791323e-06	3.651186863910211e-07	2.208713598380016e-05	-1.4004344363625722e-06	6.876883977725471e-05	6.520201981841818e-07	-4.2205981655132264e-08	-6.302784301300567e-07	-5.889547150537658e-08	0.1403375414660343	0.21513994660335886	0.00064341506004225	0.005041497555055096	0.01753726183387821	0.057376324121487535	0.05262522810599275	0.7362859396607555	0.05793183509832296	0.6120681350505336	0.00011395760745089685	0.01754680812610298	0.08494682353145577	-4.518444542791028e-06	0.0009868679946354567
3.694432705726003e-06	-2.2642557022364555e-05	3.520590536637501e-06	3.406108190735769e-05	-1.6744137801390654e-05	0.0002172670932561536	4.4972923407169575e-07	-6.950133589382859e-07	-5.266460934373171e-06	-3.0119037908546685e-07	0.04551246705563926	0.8889546774378194	-0.0003775853122256435	-0.005512716292601131	0.009539839069135496	-0.04500552566394222	-0.047405311464257076	0.1053176196891932	-0.044260028687884756	-0.43584716581613214	0.0002846837583468217	0.010630559829223686	-0.012908375963480878	1.6277744576232508e-06	-0.0007914724365083871
