tloc	tmcCabe	assertionDensity	assertionRoulette	mysteryGuest	eagerTest	sensitiveEquality	resourceOptimism	conditionalTestLogic	fireAndForget	loc	lcom2	lcom5	cbo	wmc	rfc	mpc	halsteadVocabulary	halsteadLength	halsteadVolume	classDataShouldBePrivate	complexClass	spaghettiCode	functionalDecomposition	godClass
6.925872618098559e-05	5.401727386746888e-06	1.9941758416531703e-07	2.2127374718225135e-05	-8.712680506953865e-07	6.880504189389821e-05	6.674425791307256e-07	-2.08405525535152e-08	2.898106886011575e-09	-4.6153238007789685e-08	0.14043691250028853	0.2149822183804042	0.0006427382602881538	0.005047092737524589	0.017542585785522546	0.05735404276106405	0.05260167907528037	0.7360341263934862	0.05799527868902625	0.6124171298153982	0.00011445019404917938	0.01753542077223881	0.08483599519357927	-4.619325454300892e-06	0.0009895760627131828
