tloc	tmcCabe	assertionDensity	assertionRoulette	mysteryGuest	eagerTest	sensitiveEquality	resourceOptimism	conditionalTestLogic	fireAndForget	loc	lcom2	lcom5	cbo	wmc	rfc	mpc	halsteadVocabulary	halsteadLength	halsteadVolume	classDataShouldBePrivate	complexClass	spaghettiCode	functionalDecomposition	godClass
0.00012718757948323997	8.512765030155493e-07	1.3526951788645778e-06	4.056368764604635e-05	3.3847285776999107e-06	0.0001767258248620906	2.2558729209330753e-06	3.516159996391311e-07	8.557908573102855e-06	1.1527515282966018e-07	0.12858415454649283	0.5577254730099276	0.00024967702446118385	0.0008680917480025784	0.017337714972895907	0.01735547458750326	0.01266843021488681	0.7246167340200679	0.03690622122131575	0.37571915379831505	0.0002755208405694632	0.016871242020780754	0.06132699483899773	-6.130941232305462e-06	0.0017807116239699622
