tloc	tmcCabe	assertionDensity	assertionRoulette	mysteryGuest	eagerTest	sensitiveEquality	resourceOptimism	conditionalTestLogic	fireAndForget	loc	lcom2	lcom5	cbo	wmc	rfc	mpc	halsteadVocabulary	halsteadLength	halsteadVolume	classDataShouldBePrivate	complexClass	spaghettiCode	functionalDecomposition	godClass
6.878862731296478e-05	5.491889088078252e-06	1.9888029740891e-07	2.204338061720046e-05	-1.031349600039279e-06	6.862648644574752e-05	6.7965032423329e-07	-2.762846681241329e-08	5.598973528152219e-08	-4.885891868165221e-08	0.1404052765023343	0.21501998241029685	0.0006429771081813589	0.005044016548222641	0.0175385402614094	0.057360653414440854	0.052609845516808654	0.7361242811423626	0.05797268277639673	0.6122978662317382	0.00011429729374456157	0.017540127038814902	0.08487724213404926	-4.560148230270942e-06	0.0009887426119739398
