tloc	tmcCabe	assertionDensity	assertionRoulette	mysteryGuest	eagerTest	sensitiveEquality	resourceOptimism	conditionalTestLogic	fireAndForget	loc	lcom2	lcom5	cbo	wmc	rfc	mpc	halsteadVocabulary	halsteadLength	halsteadVolume	classDataShouldBePrivate	complexClass	spaghettiCode	functionalDecomposition	godClass
6.675984486502395e-05	5.360821179849995e-06	1.4662549773019304e-07	2.159065124069279e-05	-9.017156435506791e-07	6.855513369800175e-05	6.496457374110677e-07	4.4255755769781346e-08	-2.773232310496899e-07	-4.5798314874717423e-08	0.14036013018615096	0.2149740225148	0.0006431458575843781	0.00504409269495489	0.017534613033900835	0.05735447904799588	0.05260533236630468	0.7360994502955939	0.05798652069121695	0.61235338202934	0.00011410624029133605	0.017538888738808926	0.08488176185626961	-4.6078301664134644e-06	0.0009881686199500275
