tloc	tmcCabe	assertionDensity	assertionRoulette	mysteryGuest	eagerTest	sensitiveEquality	resourceOptimism	conditionalTestLogic	fireAndForget	loc	lcom2	lcom5	cbo	wmc	rfc	mpc	halsteadVocabulary	halsteadLength	halsteadVolume	classDataShouldBePrivate	complexClass	spaghettiCode	functionalDecomposition	godClass
0.0001271875794833991	8.512765030155778e-07	1.3526951788645793e-06	4.0563687646046405e-05	3.3847285776999624e-06	0.00017672582486209055	2.255872920933076e-06	3.5161599963913423e-07	8.557908573102877e-06	1.1527515282966084e-07	0.12858415454649294	0.5577254730099269	0.0002496770244611836	0.0008680917480025803	0.017337714972895896	0.017355474587503215	0.012668430214886771	0.7246167340200679	0.03690622122131577	0.37571915379831555	0.0002755208405694635	0.016871242020780768	0.061326994838997784	-6.130941232305474e-06	0.0017807116239699722
-0.0002682321133546118	-4.448228052571229e-05	4.469279198763547e-06	-2.8917836404264615e-06	-5.823907165837426e-05	7.263020826434793e-05	-5.460007964067731e-06	-3.203588579123383e-06	-4.84408976543032e-05	-1.3605734921672847e-06	0.05687477156368206	0.7363462821999495	0.00011258982442251692	-0.0014476112457281036	0.01184210591744647	0.0012623772910888037	-0.0016102062278567884	-0.2514269534611666	-0.07150870041923932	-0.6210988223707101	9.246840414966257e-06	0.016337852261784417	-0.004521560047380711	1.3755794902211658e-05	-0.005716068749777963
-0.0007790135525744758	-6.924675868499457e-05	2.311920838848157e-06	-1.776343242577537e-05	-0.00010952022056967096	-1.430473942251762e-05	-1.973449841627715e-06	-6.401941036552494e-06	-4.6497203347319654e-05	-1.8689728058523857e-06	-0.07325898466878979	-0.35237279858127546	-0.0004839285719955985	-0.007076273355696377	-0.022787845840793658	-0.04282957399173467	-0.03575477952502961	0.6315535700491447	-0.08169603566773503	-0.6722117639423671	-0.0008987197253459674	-0.018037604646694703	0.09472595965352155	2.674189094279429e-05	-0.009030752277222885
0.0018338020010963323	5.043601132230495e-05	1.1127785098380554e-05	6.085053433075427e-05	9.571342226092192e-05	0.00012096984416123291	2.5335434425250537e-05	8.08479108325427e-07	0.00012318301627963708	4.55188395128655e-06	0.9621696066396317	-0.1469944824664585	0.0017216072386420879	0.016829833537868745	0.05703277042515297	0.14609095249462428	0.12432221381145596	-0.03471211164771918	-0.01890370315773895	-0.06835732863240652	0.0007765146214755189	0.04243008955256955	0.06437763401635606	-7.22640325196288e-05	0.010046514253804789
