tloc	tmcCabe	assertionDensity	assertionRoulette	mysteryGuest	eagerTest	sensitiveEquality	resourceOptimism	conditionalTestLogic	fireAndForget	loc	lcom2	lcom5	cbo	wmc	rfc	mpc	halsteadVocabulary	halsteadLength	halsteadVolume	classDataShouldBePrivate	complexClass	spaghettiCode	functionalDecomposition	godClass
6.925872618084867e-05	5.401727386746957e-06	1.9941758416531163e-07	2.2127374718225135e-05	-8.712680506953347e-07	6.880504189389768e-05	6.674425791307282e-07	-2.084055255351235e-08	2.8981068860454956e-09	-4.615323800778793e-08	0.14043691250028867	0.2149822183804031	0.0006427382602881536	0.005047092737524612	0.017542585785522542	0.05735404276106424	0.05260167907528065	0.7360341263934855	0.05799527868902636	0.6124171298153996	0.00011445019404917964	0.017535420772238818	0.0848359951935792	-4.619325454300911e-06	0.0009895760627131839
1.7252819177882503e-06	-2.305216497867154e-05	3.6016395860014596e-06	3.406319715378499e-05	-1.7009229391900876e-05	0.0002172142366216828	4.342534980490175e-07	-7.068866975696737e-07	-5.618454203853533e-06	-3.0785609422508437e-07	0.04549240456956284	0.888997250006436	-0.0003767385625868689	-0.005512105082392658	0.009552271377739825	-0.04495734446219572	-0.04736544512905384	0.10560043589799442	-0.04426370428294242	-0.4357050193847982	0.00028433509180504375	0.010635449693882108	-0.012823783086126823	1.6735598274546462e-06	-0.0007921565704389152
-0.0006890936962770168	-5.6626580414207246e-05	1.7020882554637942e-06	-7.528810854384968e-06	-9.26524308850018e-05	1.3156504903234636e-05	2.780734201897113e-07	-5.368880525191457e-06	-3.183768957018295e-05	-1.4805680821806631e-06	-0.09529486436726065	-0.3870867084214593	-0.0006891566881782328	-0.008012735918785634	-0.02567313487544241	-0.0616065844238588	-0.05370594793700732	0.6569894042013649	-0.07280645216842967	-0.6242825761289165	-0.0008162834906217931	-0.022234986657965968	0.08043191576385433	2.3742142133849013e-05	-0.007060176896227524
0.00029260205582180273	6.83272486844918e-05	8.276385978334502e-06	1.6873715824896387e-07	-9.248898587003516e-05	-0.00022989401047825557	-3.384436634645107e-06	-7.955135677499117e-06	-3.396002892142264e-05	-8.61640180465648e-07	0.8691766621954576	-0.09338768546339056	0.003413490805631186	0.053078212249226646	0.08097096094267862	0.2970480281286983	0.2757285897151288	-0.056720268235790225	-0.04617633729888466	-0.17053459241695873	-0.00031709085245605216	0.08400628497333844	0.1435709223867924	-8.580760304865835e-06	-0.007760760438741458
