tloc	tmcCabe	assertionDensity	assertionRoulette	mysteryGuest	eagerTest	sensitiveEquality	resourceOptimism	conditionalTestLogic	fireAndForget	loc	lcom2	lcom5	cbo	wmc	rfc	mpc	halsteadVocabulary	halsteadLength	halsteadVolume	classDataShouldBePrivate	complexClass	spaghettiCode	functionalDecomposition	godClass
6.925657594330152e-05	5.466715082211345e-06	2.068184569230597e-07	2.214155006734144e-05	-8.723239379771866e-07	6.880789082665626e-05	6.68620941418312e-07	-2.095606933925051e-08	1.1672546339799576e-08	-4.5021908821890265e-08	0.14043637084885147	0.21501570803480505	0.0006427559090284174	0.005047484353374356	0.017543754398581485	0.05735425216994441	0.05260147165365303	0.7360443547557023	0.057990310811532116	0.6123919382162828	0.00011446558439514665	0.01753790928608816	0.08484772944018941	-4.603694475617688e-06	0.0009896917977272243
7.387960034826904e-07	-2.3061952625486797e-05	3.5847613270114163e-06	3.3911154376553486e-05	-1.7064265264274418e-05	0.00021698482380169579	4.293013523617566e-07	-7.096116921570782e-07	-5.6649593647345524e-06	-3.097824171259525e-07	0.0454847471113004	0.8889805812036734	-0.0003768573043116321	-0.005513744749974296	0.009548010864343903	-0.04496288081553275	-0.04736944264208632	0.1055847757711141	-0.04426342305026138	-0.43574203467691014	0.00028425425940992714	0.010629804124248209	-0.012851606143417443	1.6611125649493892e-06	-0.0007928815967974542
