tloc	tmcCabe	assertionDensity	assertionRoulette	mysteryGuest	eagerTest	sensitiveEquality	resourceOptimism	conditionalTestLogic	fireAndForget	loc	lcom2	lcom5	cbo	wmc	rfc	mpc	halsteadVocabulary	halsteadLength	halsteadVolume	classDataShouldBePrivate	complexClass	spaghettiCode	functionalDecomposition	godClass
7.035384385344148e-05	5.4086300275682235e-06	2.2576102754588346e-07	2.2716162789740025e-05	-9.351003779007753e-07	6.819116671747739e-05	6.587759835859235e-07	-2.4775368953452903e-08	5.0823322880630815e-08	-4.708041736032566e-08	0.14044537323010461	0.2145869535971028	0.0006433875266395757	0.005049092806669731	0.017526307699116065	0.057412272479486486	0.052666186774091774	0.7361190039005985	0.057983154573521344	0.6124279486086587	0.00011445857076862139	0.017520657249946146	0.08494326070081365	-4.55842374081173e-06	0.0009903961774290321
