tloc	tmcCabe	assertionDensity	assertionRoulette	mysteryGuest	eagerTest	sensitiveEquality	resourceOptimism	conditionalTestLogic	fireAndForget	loc	lcom2	lcom5	cbo	wmc	rfc	mpc	halsteadVocabulary	halsteadLength	halsteadVolume	classDataShouldBePrivate	complexClass	spaghettiCode	functionalDecomposition	godClass
6.951920911474953e-05	5.470066621061448e-06	2.0696231876210147e-07	2.221084993966283e-05	-8.51738439194258e-07	6.880050418431507e-05	6.698603617093099e-07	-2.1782160243223784e-08	1.2980379338622048e-07	-4.662290028449841e-08	0.14043635778085262	0.2149761536099428	0.0006427188634866408	0.005048303458021273	0.017542836457036637	0.05735426424644801	0.052601869657136605	0.7360324893698857	0.05799631530379559	0.6124211948136578	0.00011444979141947245	0.01753506809413773	0.08483611372927112	-4.6175526349089015e-06	0.0009894628695734122
