tloc	tmcCabe	assertionDensity	assertionRoulette	mysteryGuest	eagerTest	sensitiveEquality	resourceOptimism	conditionalTestLogic	fireAndForget	loc	lcom2	lcom5	cbo	wmc	rfc	mpc	halsteadVocabulary	halsteadLength	halsteadVolume	classDataShouldBePrivate	complexClass	spaghettiCode	functionalDecomposition	godClass
6.974083973118208e-05	5.609841943366917e-06	1.6450527756962047e-07	2.219461009258715e-05	-1.2984450357536204e-06	6.824396220288257e-05	6.432795226074996e-07	-3.803647747370011e-08	1.1462078313232794e-08	-4.9349310949862397e-08	0.14054662177299232	0.2152659358792583	0.0006431764925809613	0.0050582094677727885	0.017552442620752683	0.05741281969062682	0.05265753437349541	0.7361590131350185	0.05793805243007288	0.6121228239054483	0.0001154629444870776	0.01755302112064942	0.08493361078539498	-4.671304870162473e-06	0.0009881743712126902
7.973029005772029e-07	-2.313029189821583e-05	3.6075321804406867e-06	3.4023067099977236e-05	-1.694972830511389e-05	0.00021743742626206155	4.395631771011751e-07	-7.057293145826968e-07	-5.692699409910245e-06	-3.10647721775818e-07	0.04521164698019876	0.8889885631939729	-0.0003777180317828738	-0.0055315001759653456	0.009521249760506372	-0.04509540087399396	-0.04749274867384874	0.10524312868428072	-0.0442350864222604	-0.43580999101499635	0.00028353839248723977	0.010610310705065563	-0.012967073520264345	1.6817768515360799e-06	-0.0007937902050525298
