tloc	tmcCabe	assertionDensity	assertionRoulette	mysteryGuest	eagerTest	sensitiveEquality	resourceOptimism	conditionalTestLogic	fireAndForget	loc	lcom2	lcom5	cbo	wmc	rfc	mpc	halsteadVocabulary	halsteadLength	halsteadVolume	classDataShouldBePrivate	complexClass	spaghettiCode	functionalDecomposition	godClass
6.930919013669285e-05	5.3908920288542825e-06	1.8797757731494013e-07	2.1997955342764146e-05	-7.536434775896666e-07	6.879377994544807e-05	6.758565707275999e-07	-1.793048916503504e-08	-2.024488224522889e-08	-4.768507615866806e-08	0.1404562439154115	0.21503707366046965	0.0006427745644774524	0.005047658706632229	0.01754406916366934	0.05736948039753801	0.0526170203302018	0.7360866957031443	0.057978405583765415	0.6123250385362093	0.00011438642017192877	0.017539848622286316	0.08486392508975227	-4.5639445812805325e-06	0.0009893717441083062
