tloc	tmcCabe	assertionDensity	assertionRoulette	mysteryGuest	eagerTest	sensitiveEquality	resourceOptimism	conditionalTestLogic	fireAndForget	loc	lcom2	lcom5	cbo	wmc	rfc	mpc	halsteadVocabulary	halsteadLength	halsteadVolume	classDataShouldBePrivate	complexClass	spaghettiCode	functionalDecomposition	godClass
6.106443628593988e-05	4.27715035719441e-06	6.340466988958603e-07	2.2206974799208425e-05	-2.219786500309635e-06	6.780140133938728e-05	5.832816335505472e-07	-2.4180405148052006e-09	-5.61771845586754e-07	-6.962717501638979e-08	0.1406568679058156	0.21613484801098365	0.0006460903845808929	0.005046723188146684	0.017554247118020855	0.05756344687149566	0.052809774766779345	0.7372304691032137	0.057666936258941315	0.6104211761406274	0.00011286235841762527	0.017638374957351526	0.08546680155815041	-4.4659037076261715e-06	0.0009753904345935421
2.399178465690571e-06	-2.2817298910238875e-05	3.6801675968713086e-06	3.375152977943963e-05	-1.7180534816278857e-05	0.0002180642572179494	4.4872557761943595e-07	-6.485624802709874e-07	-5.4415941375891215e-06	-2.7289707034819807e-07	0.04470544761775984	0.8892820160306597	-0.0003867970465445473	-0.005546745207674821	0.00944743188348439	-0.04562685578119656	-0.04800188625365351	0.103094399249291	-0.04407367626673063	-0.4356626521011583	0.00028348415750743415	0.010449920865512179	-0.013780478186134832	1.4314218200922371e-06	-0.000796883123457796
