tloc	tmcCabe	assertionDensity	assertionRoulette	mysteryGuest	eagerTest	sensitiveEquality	resourceOptimism	conditionalTestLogic	fireAndForget	loc	lcom2	lcom5	cbo	wmc	rfc	mpc	halsteadVocabulary	halsteadLength	halsteadVolume	classDataShouldBePrivate	complexClass	spaghettiCode	functionalDecomposition	godClass
6.861631547931225e-05	5.351902083704258e-06	1.9567587247981703e-07	2.196277433352336e-05	-1.060709771008313e-06	6.890266527633371e-05	6.562780995951874e-07	-2.931185025646763e-08	-2.1064819325795706e-07	-3.752597868452139e-08	0.14047303308302272	0.2151943466144476	0.0006431892301933671	0.005046270195086124	0.01755001943766186	0.05738505495959053	0.05263011524901776	0.7361172550577435	0.05796003808298469	0.6122204045861959	0.00011474314608292195	0.017550148007330728	0.08491791380422348	-4.52597763553788e-06	0.0009894167047692765
1.5430889533736584e-06	-2.3019216984658585e-05	3.581951279369011e-06	3.371874090953429e-05	-1.70104579639734e-05	0.00021571450658219317	4.344136156377116e-07	-7.303135151776369e-07	-5.307123442623087e-06	-3.0849381100360755e-07	0.04540914264693143	0.8888008879895486	-0.00037747425134428776	-0.005518876906264981	0.00951881097670325	-0.04508027309451561	-0.04746804354511066	0.10563306854909327	-0.0442837211112558	-0.4360787591995023	0.0002838574068399257	0.010597205005094338	-0.012930553262763642	1.6487779681489722e-06	-0.0007939881850546343
