tloc	tmcCabe	assertionDensity	assertionRoulette	mysteryGuest	eagerTest	sensitiveEquality	resourceOptimism	conditionalTestLogic	fireAndForget	loc	lcom2	lcom5	cbo	wmc	rfc	mpc	halsteadVocabulary	halsteadLength	halsteadVolume	classDataShouldBePrivate	complexClass	spaghettiCode	functionalDecomposition	godClass
6.322140099808459e-05	4.941083354744824e-06	1.3810582614096784e-07	2.2095829197254904e-05	-1.3161470491627121e-06	6.823127294481478e-05	6.556455653115212e-07	-2.3541787206358565e-08	-1.0004272401935867e-06	-5.6013879891348e-08	0.14073999318929928	0.21389919234599947	0.000644207500621312	0.005075834263172547	0.01751837027439537	0.0577566079044598	0.05301599215694674	0.7377219090435688	0.05765525237606991	0.61053547408783	0.00011518820948753018	0.01758267110322983	0.08566424073933657	-4.510569885023412e-06	0.0009762199255437871
-5.4284529172188504e-06	-2.309089490403264e-05	3.755001833267159e-06	3.706432956220925e-05	-1.6255414415901927e-05	0.00022418208853557735	4.0571752507027047e-07	-6.265101414924659e-07	-3.3360521757467734e-06	-2.92017190833588e-07	0.044830745634779706	0.8879897278102997	-0.0003793751371135381	-0.005612943720835094	0.009243241107219984	-0.046966933671416924	-0.04924659902996816	0.10746406767687365	-0.044211784574337366	-0.4369317873832985	0.00028899334732582866	0.010234858526078939	-0.014077055876775232	1.579970267655038e-06	-0.0007708488577231293
