tloc	tmcCabe	assertionDensity	assertionRoulette	mysteryGuest	eagerTest	sensitiveEquality	resourceOptimism	conditionalTestLogic	fireAndForget	loc	lcom2	lcom5	cbo	wmc	rfc	mpc	halsteadVocabulary	halsteadLength	halsteadVolume	classDataShouldBePrivate	complexClass	spaghettiCode	functionalDecomposition	godClass
6.645200258676958e-05	5.245378017649914e-06	1.8524317698986874e-07	2.1843741984199272e-05	-1.198954683753042e-06	6.878521454279317e-05	6.420913656732209e-07	-3.59573195502317e-08	-2.547965670130821e-07	-5.68958328096336e-08	0.14040685039600007	0.21517132759828392	0.0006433922255735094	0.0050476815671589076	0.017540693204637654	0.05740533124319807	0.05265525076507087	0.7362800792822948	0.0579268572714489	0.612038240407955	0.00011302060348242099	0.017555776906131297	0.08498124848039029	-4.463322328061779e-06	0.0009877681140635854
