tloc	tmcCabe	assertionDensity	assertionRoulette	mysteryGuest	eagerTest	sensitiveEquality	resourceOptimism	conditionalTestLogic	fireAndForget	loc	lcom2	lcom5	cbo	wmc	rfc	mpc	halsteadVocabulary	halsteadLength	halsteadVolume	classDataShouldBePrivate	complexClass	spaghettiCode	functionalDecomposition	godClass
6.305241705920693e-05	4.499233901722245e-06	3.3795183242676083e-07	2.2861823854467574e-05	-2.4504059979899184e-06	7.15723894043779e-05	4.841055129791432e-07	-2.7479119022543376e-07	-1.4453863750139985e-06	-4.892214229590684e-08	0.13966751085231127	0.22154185335870244	0.0006799637891248897	0.005229486193046958	0.018132821200292446	0.060277205872714276	0.055373044202596526	0.733829037263948	0.05755108591086501	0.6122478781278488	7.423487351410252e-05	0.01821170718102788	0.08578586773656241	-4.41943160546432e-06	0.0007243716525668984
-8.223424482913311e-06	-2.3946223836416664e-05	3.920349373954719e-06	3.4873559123493804e-05	-1.7621270323598304e-05	0.0002317926328627497	1.0689318298397531e-06	-5.19369976469999e-07	-4.368364175968666e-06	-3.1623347807276694e-07	0.030673204445825438	0.8754363872687005	-0.00047299458266278235	-0.006679542792708191	0.007831407908299925	-0.056199447928008905	-0.05791469811315302	0.12462370546021345	-0.04550584100296894	-0.45616839605797976	0.00040913224087868477	0.008692707821376653	-0.016849521547442615	1.6874451466913638e-06	-0.0006908292513292037
