tloc	tmcCabe	assertionDensity	assertionRoulette	mysteryGuest	eagerTest	sensitiveEquality	resourceOptimism	conditionalTestLogic	fireAndForget	loc	lcom2	lcom5	cbo	wmc	rfc	mpc	halsteadVocabulary	halsteadLength	halsteadVolume	classDataShouldBePrivate	complexClass	spaghettiCode	functionalDecomposition	godClass
6.943297850807533e-05	5.446617893059943e-06	2.0418866056987362e-07	2.214899955251127e-05	-8.265892654286035e-07	6.877669141828087e-05	6.690072700836056e-07	-1.8785726949060583e-08	3.70003634918358e-08	-4.495063080462681e-08	0.14042685173537042	0.21486931267966242	0.0006427746648110614	0.005047689692198185	0.01754002016143042	0.05735142415351997	0.05259972019417375	0.736027983489354	0.058002829353349925	0.6124673679903812	0.0001143038513434611	0.017530747603110654	0.08482858720910598	-4.616654482550009e-06	0.000989798667195178
-9.302417525098827e-06	-2.4512543734446765e-05	3.8272666717506996e-06	3.560721244310386e-05	-1.6738403110053758e-05	0.00020901294340884246	3.8627617735240487e-07	-7.792564504935032e-07	-5.533654447018799e-06	-2.854144625141555e-07	0.041145696000235044	0.8844421677664657	-0.00038809251191692637	-0.00574307415290487	0.008738036155769444	-0.04700140847842784	-0.049148220009587684	0.11416077542170679	-0.044890938065715404	-0.44275028258325727	0.00023204128930608364	0.00977288639594773	-0.012765440027286641	1.968867109114994e-06	-0.0008121454931626769
-0.000681404539040555	-5.383801304475306e-05	9.965773969637688e-07	-1.34742856608021e-05	-9.779033960086763e-05	3.6468227436874656e-05	4.1077773837187746e-07	-5.3928517412416905e-06	-3.371465250182143e-05	-1.6215402109297027e-06	-0.0816356180003302	-0.399583802200367	-0.0006594201558177739	-0.0072747647361796255	-0.023807537059874345	-0.05544004101712361	-0.04813897519793133	0.654417659037269	-0.07336043552093963	-0.6216326266417422	-0.0006839563366141265	-0.020054849362234218	0.08443565376027412	2.3683723864385177e-05	-0.007309108569029023
