tloc	tmcCabe	assertionDensity	assertionRoulette	mysteryGuest	eagerTest	sensitiveEquality	resourceOptimism	conditionalTestLogic	fireAndForget	loc	lcom2	lcom5	cbo	wmc	rfc	mpc	halsteadVocabulary	halsteadLength	halsteadVolume	classDataShouldBePrivate	complexClass	spaghettiCode	functionalDecomposition	godClass
6.809794261990658e-05	5.185882587737694e-06	1.9453017609880455e-07	2.2320048062856524e-05	-1.088921560044602e-06	6.891918999072008e-05	6.677022032696909e-07	-3.563594964790639e-08	-2.721343149486146e-07	-4.4120887182168725e-08	0.14041217047550292	0.21510083727386548	0.0006429615655417512	0.005041323633865652	0.017542800985951262	0.057381194216194066	0.052628650306218196	0.736223262208529	0.057948857515895076	0.6121401587686375	0.00011416657345287254	0.017553220748840852	0.0849276195546985	-4.551570641104212e-06	0.0009605839084005894
