tloc	tmcCabe	assertionDensity	assertionRoulette	mysteryGuest	eagerTest	sensitiveEquality	resourceOptimism	conditionalTestLogic	fireAndForget	loc	lcom2	lcom5	cbo	wmc	rfc	mpc	halsteadVocabulary	halsteadLength	halsteadVolume	classDataShouldBePrivate	complexClass	spaghettiCode	functionalDecomposition	godClass
5.37203395000706e-05	3.924224725905255e-06	1.8547722660612964e-07	2.234052070769339e-05	-1.741381738499677e-06	6.859635168133144e-05	6.375385566840683e-07	-4.850835181978758e-08	-1.5137728584492684e-06	-9.424180142541957e-08	0.1418059598116511	0.212289099765994	0.0006600475483116954	0.005127519341865074	0.017660298460063437	0.05833060897031112	0.05356786108815121	0.7420754751396818	0.05708973436667491	0.6054305823254895	0.00011642416152916597	0.017693718057656654	0.08612930202125564	-4.6112042459106934e-06	0.0010170237533497905
