tloc	tmcCabe	assertionDensity	assertionRoulette	mysteryGuest	eagerTest	sensitiveEquality	resourceOptimism	conditionalTestLogic	fireAndForget	loc	lcom2	lcom5	cbo	wmc	rfc	mpc	halsteadVocabulary	halsteadLength	halsteadVolume	classDataShouldBePrivate	complexClass	spaghettiCode	functionalDecomposition	godClass
6.687388246764988e-05	5.1557538354967545e-06	1.901785642485771e-07	2.1809566786906313e-05	-1.1540425720362699e-06	6.842771369379681e-05	6.902444855961727e-07	-4.7166663032946766e-08	-3.7284430246303256e-07	-5.313830559822388e-08	0.14051247183757806	0.21342963371986093	0.0006441851979348117	0.005056469538974918	0.017515752286759865	0.057439709530327815	0.052704740365176465	0.7367426368206101	0.057916552021209725	0.6120536906123317	0.00011445127889854936	0.017512069113907708	0.0850453121344582	-4.3867051324201184e-06	0.0009908714104941464
3.3673541048718642e-06	-2.2798820150219857e-05	3.570245878631405e-06	3.4310863030293926e-05	-1.7231590266433223e-05	0.00021879472199952914	4.388940537008413e-07	-7.56022853211358e-07	-6.170317403445414e-06	-3.0204366482886184e-07	0.0462027966867104	0.8876871237904932	-0.0003737369943963807	-0.005501500452818166	0.009556567783239494	-0.04494314932430786	-0.0473215964491389	0.10886282795398881	-0.044496249675543935	-0.43748837407070656	0.0002864653090108193	0.010614282340939496	-0.01246548857932353	1.589531002356158e-06	-0.0007906442627674264
