tloc	tmcCabe	assertionDensity	assertionRoulette	mysteryGuest	eagerTest	sensitiveEquality	resourceOptimism	conditionalTestLogic	fireAndForget	loc	lcom2	lcom5	cbo	wmc	rfc	mpc	halsteadVocabulary	halsteadLength	halsteadVolume	classDataShouldBePrivate	complexClass	spaghettiCode	functionalDecomposition	godClass
6.81276318507382e-05	5.225503085513305e-06	2.488264220240049e-07	2.194507770110528e-05	-1.1744825416270621e-06	6.897937710719691e-05	6.507916654947021e-07	-4.1389702147066876e-08	-1.3524387713350475e-07	-4.682808114608808e-08	0.14041454389546956	0.2150766462658153	0.0006431975907700841	0.005045549482388771	0.01754134702452818	0.05737783493102046	0.052626679000385354	0.7361830599830641	0.05795718900030382	0.6121991637584792	0.00011418324627005968	0.017544020881736237	0.0849075678949642	-4.577458038219712e-06	0.0009890846797576147
2.1271781421509542e-06	-2.308676205868161e-05	3.601331821008559e-06	3.4136924210694364e-05	-1.6937321163099974e-05	0.00021683847740753553	4.379457945635075e-07	-6.882176479353349e-07	-5.622727498508061e-06	-3.0152304516702727e-07	0.04542720029636605	0.8889897891985404	-0.00037773233792684605	-0.005515148888559507	0.00953935410814473	-0.04501238545479193	-0.047416534796347026	0.10541569943241214	-0.0442543359641199	-0.4357598605725619	0.00028443277135731617	0.010624280531679702	-0.01289618449772213	1.6407433159790508e-06	-0.0007961388027326465
