tloc	tmcCabe	assertionDensity	assertionRoulette	mysteryGuest	eagerTest	sensitiveEquality	resourceOptimism	conditionalTestLogic	fireAndForget	loc	lcom2	lcom5	cbo	wmc	rfc	mpc	halsteadVocabulary	halsteadLength	halsteadVolume	classDataShouldBePrivate	complexClass	spaghettiCode	functionalDecomposition	godClass
6.895158356536474e-05	5.382261519966389e-06	2.087707092885005e-07	2.1823924626248302e-05	-6.554039654989797e-07	6.793977028801221e-05	6.518429872034195e-07	-1.1400374918181992e-08	2.0481726649194178e-08	-3.752205860307375e-08	0.14054349004014907	0.215132849251434	0.0006429572927367991	0.005057683235102724	0.017505270121735993	0.05743052183098005	0.05268901872803407	0.7362632619015829	0.05793004001533103	0.6120385857977763	0.0001150321605717799	0.017491061337005055	0.08497588431599574	-4.599738500128279e-06	0.0009934147527316903
2.1140751866955714e-06	-2.29194588091094e-05	3.5771450638235237e-06	3.41511503242314e-05	-1.7188623079060513e-05	0.00021756451386547362	4.521034616929796e-07	-7.167293514886254e-07	-5.571436446503892e-06	-3.136795604188539e-07	0.04536246760715074	0.8889629899844893	-0.00037676272216628895	-0.005525058170121359	0.00955730139312709	-0.04506503832743067	-0.047472604016503446	0.10533106891544132	-0.04425575668555973	-0.43582771373086576	0.0002840073681760729	0.01064064995221725	-0.012943895670248399	1.6513761334526577e-06	-0.0007955479424324116
