tloc	tmcCabe	assertionDensity	assertionRoulette	mysteryGuest	eagerTest	sensitiveEquality	resourceOptimism	conditionalTestLogic	fireAndForget	loc	lcom2	lcom5	cbo	wmc	rfc	mpc	halsteadVocabulary	halsteadLength	halsteadVolume	classDataShouldBePrivate	complexClass	spaghettiCode	functionalDecomposition	godClass
6.824646796346602e-05	5.509299444309233e-06	2.1484373946408776e-07	2.222891753092691e-05	-9.022601230131858e-07	6.870387429628074e-05	6.665690536348247e-07	-9.178830515045417e-09	4.634301238148096e-08	-7.811778735776649e-08	0.14052264581062482	0.21548638375791096	0.0006443960115056331	0.005049074734940748	0.017548158610433472	0.05743700765872719	0.05268343777930924	0.7365005280986463	0.0578716709773605	0.6116303688791723	0.00011451084344442499	0.017549579079367394	0.08501975926230604	-4.592775250108748e-06	0.0006059182264691979
2.047088165904921e-06	-2.2947982326825445e-05	3.6133614975771725e-06	3.448950661274339e-05	-1.6935875660456248e-05	0.0002182460554304808	4.251904552196085e-07	-7.053731579127399e-07	-5.3015438327720025e-06	-2.3454021281424278e-07	0.045324419718660636	0.8886616944297799	-0.0003802607913826424	-0.0055328551112966	0.00952769538720535	-0.04525774630319625	-0.047640784578712694	0.10525920854384509	-0.04428602651485912	-0.43641973190627115	0.0002844880991069547	0.010596867260905784	-0.013079236030740423	1.644457365781983e-06	-0.00047080669054842816
