tloc	tmcCabe	assertionDensity	assertionRoulette	mysteryGuest	eagerTest	sensitiveEquality	resourceOptimism	conditionalTestLogic	fireAndForget	loc	lcom2	lcom5	cbo	wmc	rfc	mpc	halsteadVocabulary	halsteadLength	halsteadVolume	classDataShouldBePrivate	complexClass	spaghettiCode	functionalDecomposition	godClass
6.925872618066411e-05	5.401727386746854e-06	1.9941758416533214e-07	2.2127374718225304e-05	-8.712680506953791e-07	6.880504189389901e-05	6.674425791307391e-07	-2.0840552553513764e-08	2.8981068860482435e-09	-4.615323800778894e-08	0.14043691250028895	0.2149822183804071	0.0006427382602881516	0.0050470927375245766	0.017542585785522587	0.05735404276106385	0.05260167907528021	0.7360341263934866	0.05799527868902613	0.6124171298153964	0.0001144501940491807	0.017535420772238824	0.08483599519357915	-4.6193254543009146e-06	0.0009895760627131923
