tloc	tmcCabe	assertionDensity	assertionRoulette	mysteryGuest	eagerTest	sensitiveEquality	resourceOptimism	conditionalTestLogic	fireAndForget	loc	lcom2	lcom5	cbo	wmc	rfc	mpc	halsteadVocabulary	halsteadLength	halsteadVolume	classDataShouldBePrivate	complexClass	spaghettiCode	functionalDecomposition	godClass
6.878862731270834e-05	5.491889088078182e-06	1.9888029740891642e-07	2.2043380617200462e-05	-1.0313496000394064e-06	6.86264864457477e-05	6.796503242332813e-07	-2.762846681242052e-08	5.598973528143631e-08	-4.8858918681654246e-08	0.1404052765023344	0.21501998241029796	0.0006429771081813595	0.005044016548222637	0.017538540261409406	0.05736065341444087	0.052609845516808744	0.7361242811423626	0.05797268277639658	0.6122978662317371	0.00011429729374456137	0.017540127038814923	0.08487724213404924	-4.560148230270906e-06	0.0009887426119739317
