tloc	tmcCabe	assertionDensity	assertionRoulette	mysteryGuest	eagerTest	sensitiveEquality	resourceOptimism	conditionalTestLogic	fireAndForget	loc	lcom2	lcom5	cbo	wmc	rfc	mpc	halsteadVocabulary	halsteadLength	halsteadVolume	classDataShouldBePrivate	complexClass	spaghettiCode	functionalDecomposition	godClass
6.925872618086371e-05	5.401727386746977e-06	1.9941758416531372e-07	2.2127374718225114e-05	-8.712680506953361e-07	6.8805041893898e-05	6.674425791307274e-07	-2.084055255351134e-08	2.8981068860329225e-09	-4.615323800778811e-08	0.1404369125002889	0.21498221838040354	0.0006427382602881531	0.005047092737524609	0.017542585785522535	0.05735404276106416	0.05260167907528043	0.7360341263934851	0.05799527868902627	0.6124171298153992	0.00011445019404917894	0.01753542077223878	0.0848359951935793	-4.619325454300917e-06	0.0009895760627131817
1.7252819178294381e-06	-2.305216497860579e-05	3.6016395860014787e-06	3.4063197153784776e-05	-1.7009229391902008e-05	0.00021721423662168237	4.342534980490234e-07	-7.068866975697391e-07	-5.618454203853907e-06	-3.0785609422510226e-07	0.04549240456956139	0.8889972500064305	-0.0003767385625868777	-0.005512105082392747	0.009552271377739462	-0.04495734446219652	-0.04736544512905463	0.10560043589800265	-0.044263704282943316	-0.43570501938480666	0.00028433509180503334	0.010635449693881823	-0.012823783086125922	1.6735598274549319e-06	-0.0007921565704389998
-0.0006890936962771733	-5.6626580414268164e-05	1.7020882555249978e-06	-7.528810854385721e-06	-9.265243088500172e-05	1.3156504903231878e-05	2.7807342018969697e-07	-5.368880525191452e-06	-3.1837689570182944e-05	-1.480568082180659e-06	-0.09529486436726053	-0.3870867084214709	-0.0006891566881782248	-0.008012735918785497	-0.02567313487544244	-0.06160658442385795	-0.053705947937006365	0.6569894042013634	-0.072806452168429	-0.6242825761289105	-0.0008162834906217992	-0.022234986657966017	0.08043191576385453	2.3742142133848894e-05	-0.007060176896227523
0.0002926020558217431	6.832724868448072e-05	8.276385978321824e-06	1.6873715819666025e-07	-9.248898587004275e-05	-0.0002298940104782722	-3.384436634646241e-06	-7.9551356774996e-06	-3.39600289214305e-05	-8.616401804658005e-07	0.8691766621954515	-0.09338768546338934	0.0034134908056312314	0.05307821224922677	0.08097096094267911	0.2970480281287059	0.27572858971513553	-0.056720268235791155	-0.04617633729888516	-0.1705345924169591	-0.0003170908524560999	0.0840062849733396	0.14357092238679806	-8.580760304863378e-06	-0.007760760438741956
