tloc	tmcCabe	assertionDensity	assertionRoulette	mysteryGuest	eagerTest	sensitiveEquality	resourceOptimism	conditionalTestLogic	fireAndForget	loc	lcom2	lcom5	cbo	wmc	rfc	mpc	halsteadVocabulary	halsteadLength	halsteadVolume	classDataShouldBePrivate	complexClass	spaghettiCode	functionalDecomposition	godClass
0.00012718757948330966	8.512765030155266e-07	1.3526951788645827e-06	4.056368764604635e-05	3.384728577699958e-06	0.0001767258248620905	2.255872920933077e-06	3.5161599963913386e-07	8.557908573102856e-06	1.152751528296602e-07	0.12858415454649286	0.5577254730099281	0.0002496770244611832	0.0008680917480025806	0.017337714972895886	0.01735547458750322	0.012668430214886747	0.7246167340200674	0.036906221221315726	0.3757191537983147	0.00027552084056946307	0.016871242020780764	0.061326994838997735	-6.130941232305459e-06	0.0017807116239699709
-0.00026823211335451694	-4.448228052592762e-05	4.469279198763709e-06	-2.8917836404266026e-06	-5.823907165837443e-05	7.263020826434781e-05	-5.460007964067742e-06	-3.20358857912339e-06	-4.844089765430335e-05	-1.3605734921672894e-06	0.056874771563681925	0.736346282199948	0.00011258982442251688	-0.001447611245728116	0.011842105917446468	0.0012623772910887357	-0.001610206227856833	-0.2514269534611666	-0.0715087004192395	-0.6210988223707118	9.24684041496355e-06	0.0163378522617844	-0.004521560047380678	1.3755794902211714e-05	-0.005716068749777992
-0.0007790135525745856	-6.924675868489835e-05	2.3119208389122607e-06	-1.776343242577534e-05	-0.00010952022056967069	-1.4304739422517873e-05	-1.973449841627692e-06	-6.401941036552486e-06	-4.649720334731951e-05	-1.8689728058523815e-06	-0.0732589846687892	-0.3523727985812765	-0.00048392857199559787	-0.007076273355696366	-0.022787845840793654	-0.04282957399173468	-0.035754779525029645	0.6315535700491455	-0.08169603566773481	-0.6722117639423665	-0.0008987197253459695	-0.01803760464669468	0.09472595965352147	2.6741890942794198e-05	-0.009030752277222873
0.0018338020010963223	5.043601132231539e-05	1.1127785098415272e-05	6.085053433074616e-05	9.571342226092501e-05	0.00012096984416124306	2.5335434425251324e-05	8.084791083258329e-07	0.00012318301627963933	4.551883951286398e-06	0.9621696066396336	-0.1469944824664581	0.0017216072386421076	0.016829833537868488	0.057032770425151896	0.14609095249461568	0.12432221381144892	-0.03471211164771929	-0.018903703157738438	-0.06835732863240568	0.0007765146214755807	0.04243008955256822	0.06437763401635255	-7.226403251962887e-05	0.010046514253803984
