tloc	tmcCabe	assertionDensity	assertionRoulette	mysteryGuest	eagerTest	sensitiveEquality	resourceOptimism	conditionalTestLogic	fireAndForget	loc	lcom2	lcom5	cbo	wmc	rfc	mpc	halsteadVocabulary	halsteadLength	halsteadVolume	classDataShouldBePrivate	complexClass	spaghettiCode	functionalDecomposition	godClass
6.925872618082243e-05	5.401727386746916e-06	1.9941758416531075e-07	2.212737471822508e-05	-8.712680506953091e-07	6.880504189389775e-05	6.674425791307321e-07	-2.084055255351108e-08	2.8981068860455775e-09	-4.61532380077878e-08	0.14043691250028864	0.2149822183804026	0.0006427382602881543	0.00504709273752461	0.01754258578552253	0.057354042761064226	0.052601679075280475	0.7360341263934858	0.057995278689026326	0.6124171298153986	0.00011445019404917914	0.01753542077223878	0.08483599519357933	-4.619325454300914e-06	0.000989576062713185
1.7252819178422302e-06	-2.3052164978716068e-05	3.6016395860014804e-06	3.406319715378486e-05	-1.7009229391901825e-05	0.0002172142366216825	4.342534980490144e-07	-7.068866975697272e-07	-5.618454203853841e-06	-3.078560942250988e-07	0.04549240456956178	0.8889972500064314	-0.000376738562586876	-0.005512105082392732	0.00955227137773952	-0.04495734446219634	-0.04736544512905433	0.10560043589800126	-0.044263704282943	-0.4357050193848046	0.000284335091805035	0.010635449693881874	-0.012823783086125987	1.6735598274548758e-06	-0.0007921565704389904
-0.0006890936962770091	-5.6626580414106415e-05	1.702088255545153e-06	-7.528810854380735e-06	-9.265243088500192e-05	1.3156504903231238e-05	2.780734201896605e-07	-5.368880525191464e-06	-3.183768957018319e-05	-1.4805680821806644e-06	-0.09529486436726123	-0.38708670842146886	-0.0006891566881782267	-0.008012735918785515	-0.02567313487544248	-0.06160658442385803	-0.053705947937006476	0.6569894042013629	-0.07280645216842926	-0.6242825761289125	-0.0008162834906218005	-0.02223498665796603	0.08043191576385453	2.374214213384902e-05	-0.007060176896227532
0.00029260205582179753	6.832724868450509e-05	8.276385978268942e-06	1.687371581213166e-07	-9.248898587003951e-05	-0.00022989401047826473	-3.384436634645722e-06	-7.9551356774994e-06	-3.39600289214269e-05	-8.616401804657269e-07	0.8691766621954543	-0.09338768546338994	0.003413490805631223	0.05307821224922679	0.08097096094267892	0.2970480281287028	0.2757285897151327	-0.0567202682357907	-0.04617633729888509	-0.17053459241695898	-0.0003170908524560801	0.0840062849733392	0.14357092238679578	-8.58076030486456e-06	-0.007760760438741721
