tloc	tmcCabe	assertionDensity	assertionRoulette	mysteryGuest	eagerTest	sensitiveEquality	resourceOptimism	conditionalTestLogic	fireAndForget	loc	lcom2	lcom5	cbo	wmc	rfc	mpc	halsteadVocabulary	halsteadLength	halsteadVolume	classDataShouldBePrivate	complexClass	spaghettiCode	functionalDecomposition	godClass
0.00012718757948320194	8.512765030155884e-07	1.3526951788645755e-06	4.056368764604634e-05	3.3847285776999687e-06	0.00017672582486209055	2.255872920933074e-06	3.516159996391341e-07	8.557908573102878e-06	1.1527515282966075e-07	0.1285841545464928	0.5577254730099271	0.0002496770244611832	0.0008680917480025802	0.017337714972895893	0.0173554745875032	0.012668430214886763	0.7246167340200671	0.03690622122131578	0.3757191537983153	0.00027552084056946307	0.016871242020780757	0.06132699483899764	-6.130941232305471e-06	0.0017807116239699737
-0.0002682321133546244	-4.4482280525789615e-05	4.469279198763344e-06	-2.891783640426523e-06	-5.8239071658374305e-05	7.263020826434781e-05	-5.460007964067735e-06	-3.2035885791233838e-06	-4.844089765430327e-05	-1.3605734921672864e-06	0.05687477156368189	0.7363462821999491	0.00011258982442251654	-0.0014476112457281094	0.011842105917446484	0.0012623772910887471	-0.0016102062278568067	-0.2514269534611662	-0.07150870041923936	-0.6210988223707111	9.24684041496432e-06	0.016337852261784365	-0.004521560047380781	1.3755794902211658e-05	-0.005716068749777965
-0.0007790135525745755	-6.92467586849145e-05	2.3119208390092485e-06	-1.776343242577501e-05	-0.000109520220569671	-1.4304739422516674e-05	-1.9734498416276843e-06	-6.401941036552497e-06	-4.6497203347319505e-05	-1.868972805852378e-06	-0.07325898466878915	-0.35237279858127624	-0.00048392857199559694	-0.007076273355696375	-0.022787845840793623	-0.04282957399173456	-0.035754779525029534	0.6315535700491458	-0.0816960356677349	-0.6722117639423667	-0.0008987197253459692	-0.018037604646694655	0.09472595965352183	2.6741890942794242e-05	-0.00903075227722287
0.0018338020010963327	5.04360113223071e-05	1.1127785098401779e-05	6.085053433089563e-05	9.57134222609226e-05	0.00012096984416123473	2.5335434425250632e-05	8.084791083254972e-07	0.0001231830162796373	4.5518839512865355e-06	0.9621696066396319	-0.1469944824664581	0.001721607238642093	0.016829833537868724	0.057032770425152854	0.146090952494623	0.12432221381145497	-0.034712111647719396	-0.01890370315773882	-0.06835732863240601	0.0007765146214755312	0.0424300895525694	0.0643776340163546	-7.226403251962893e-05	0.010046514253804683
