tloc	tmcCabe	assertionDensity	assertionRoulette	mysteryGuest	eagerTest	sensitiveEquality	resourceOptimism	conditionalTestLogic	fireAndForget	loc	lcom2	lcom5	cbo	wmc	rfc	mpc	halsteadVocabulary	halsteadLength	halsteadVolume	classDataShouldBePrivate	complexClass	spaghettiCode	functionalDecomposition	godClass
7.03538438535023e-05	5.408630027568134e-06	2.2576102754589198e-07	2.2716162789740053e-05	-9.351003779009046e-07	6.819116671747748e-05	6.587759835859173e-07	-2.4775368953460338e-08	5.082332288054126e-08	-4.7080417360328067e-08	0.14044537323010478	0.2145869535971046	0.000643387526639576	0.0050490928066697265	0.0175263076991161	0.057412272479486486	0.052666186774091815	0.7361190039005993	0.05798315457352128	0.6124279486086578	0.00011445857076862161	0.017520657249946205	0.0849432607008137	-4.5584237408117e-06	0.0009903961774290254
