tloc	tmcCabe	assertionDensity	assertionRoulette	mysteryGuest	eagerTest	sensitiveEquality	resourceOptimism	conditionalTestLogic	fireAndForget	loc	lcom2	lcom5	cbo	wmc	rfc	mpc	halsteadVocabulary	halsteadLength	halsteadVolume	classDataShouldBePrivate	complexClass	spaghettiCode	functionalDecomposition	godClass
6.974083973106369e-05	5.609841943367088e-06	1.6450527756958937e-07	2.219461009258681e-05	-1.2984450357535139e-06	6.824396220288051e-05	6.432795226074946e-07	-3.80364774736959e-08	1.1462078313251361e-08	-4.934931094986053e-08	0.14054662177299207	0.21526593587925064	0.0006431764925809651	0.005058209467772835	0.01755244262075263	0.05741281969062732	0.052657534373495844	0.7361590131350172	0.0579380524300733	0.6121228239054523	0.00011546294448707508	0.017553021120649347	0.08493361078539532	-4.671304870162484e-06	0.0009881743712126868
7.9730290049814e-07	-2.313029189812931e-05	3.6075321804406757e-06	3.402306709997724e-05	-1.694972830511419e-05	0.00021743742626206196	4.395631771011711e-07	-7.057293145827112e-07	-5.692699409910387e-06	-3.106477217758242e-07	0.04521164698019869	0.8889885631939738	-0.0003777180317828725	-0.005531500175965355	0.009521249760506346	-0.04509540087399381	-0.04749274867384858	0.10524312868428894	-0.044235086422260116	-0.4358099910149926	0.000283538392487239	0.010610310705065575	-0.012967073520263463	1.6817768515361254e-06	-0.0007937902050525326
