tloc	tmcCabe	assertionDensity	assertionRoulette	mysteryGuest	eagerTest	sensitiveEquality	resourceOptimism	conditionalTestLogic	fireAndForget	loc	lcom2	lcom5	cbo	wmc	rfc	mpc	halsteadVocabulary	halsteadLength	halsteadVolume	classDataShouldBePrivate	complexClass	spaghettiCode	functionalDecomposition	godClass
6.867773925172222e-05	5.350892023672725e-06	1.7928045209632527e-07	2.1981766452678755e-05	-9.99946327076507e-07	6.876621407238674e-05	6.580413395403545e-07	-2.8178173675403798e-08	1.0843813016175832e-07	-4.9832191536816696e-08	0.14046590707851897	0.21512685388652	0.0006430127378080743	0.005049007887108264	0.01754536596459496	0.057376703115296836	0.05262315120723783	0.7361386003257165	0.057965784749343954	0.6122241834277852	0.0001143703966917214	0.017547084748499083	0.0848958994140831	-4.6518957859085705e-06	0.000989405321093233
