tloc	tmcCabe	assertionDensity	assertionRoulette	mysteryGuest	eagerTest	sensitiveEquality	resourceOptimism	conditionalTestLogic	fireAndForget	loc	lcom2	lcom5	cbo	wmc	rfc	mpc	halsteadVocabulary	halsteadLength	halsteadVolume	classDataShouldBePrivate	complexClass	spaghettiCode	functionalDecomposition	godClass
6.930919013676263e-05	5.3908920288543655e-06	1.8797757731493383e-07	2.1997955342764048e-05	-7.5364347758965e-07	6.879377994544745e-05	6.758565707275998e-07	-1.7930489165035204e-08	-2.024488224520437e-08	-4.768507615866771e-08	0.14045624391541162	0.2150370736604677	0.0006427745644774537	0.0050476587066322605	0.017544069163669324	0.05736948039753814	0.05261702033020199	0.7360866957031444	0.057978405583765456	0.6123250385362097	0.00011438642017192783	0.017539848622286306	0.08486392508975225	-4.563944581280536e-06	0.0009893717441083031
