tloc	tmcCabe	assertionDensity	assertionRoulette	mysteryGuest	eagerTest	sensitiveEquality	resourceOptimism	conditionalTestLogic	fireAndForget	loc	lcom2	lcom5	cbo	wmc	rfc	mpc	halsteadVocabulary	halsteadLength	halsteadVolume	classDataShouldBePrivate	complexClass	spaghettiCode	functionalDecomposition	godClass
6.10644362861141e-05	4.277150357194308e-06	6.34046698895878e-07	2.220697479920864e-05	-2.2197865003096855e-06	6.78014013393883e-05	5.832816335505597e-07	-2.418040514806618e-09	-5.617718455867467e-07	-6.962717501639024e-08	0.1406568679058157	0.21613484801098753	0.0006460903845808909	0.0050467231881466575	0.017554247118020887	0.057563446871495394	0.05280977476677909	0.737230469103214	0.057666936258941176	0.6104211761406256	0.00011286235841762642	0.01763837495735154	0.08546680155815027	-4.465903707626174e-06	0.0009753904345935323
2.3991784656036414e-06	-2.2817298910188114e-05	3.680167596871313e-06	3.3751529779439504e-05	-1.7180534816279453e-05	0.00021806425721794924	4.487255776194345e-07	-6.485624802710225e-07	-5.4415941375893316e-06	-2.728970703482065e-07	0.04470544761775874	0.8892820160306566	-0.0003867970465445544	-0.005546745207674884	0.009447431883484155	-0.045626855781197156	-0.04800188625365411	0.10309439924929154	-0.04407367626673141	-0.4356626521011644	0.00028348415750742846	0.010449920865511978	-0.013780478186134542	1.4314218200924254e-06	-0.0007968831234578378
