tloc	tmcCabe	assertionDensity	assertionRoulette	mysteryGuest	eagerTest	sensitiveEquality	resourceOptimism	conditionalTestLogic	fireAndForget	loc	lcom2	lcom5	cbo	wmc	rfc	mpc	halsteadVocabulary	halsteadLength	halsteadVolume	classDataShouldBePrivate	complexClass	spaghettiCode	functionalDecomposition	godClass
6.861631547934811e-05	5.351902083704232e-06	1.9567587247981968e-07	2.19627743335233e-05	-1.0607097710084314e-06	6.890266527633344e-05	6.562780995951772e-07	-2.9311850256475647e-08	-2.1064819325803687e-07	-3.752597868452322e-08	0.14047303308302264	0.21519434661444742	0.0006431892301933682	0.0050462701950861315	0.01755001943766187	0.05738505495959066	0.052630115249017874	0.7361172550577435	0.05796003808298465	0.612220404586196	0.00011474314608292135	0.017550148007330752	0.08491791380422355	-4.525977635537862e-06	0.0009894167047692691
1.5430889534283113e-06	-2.3019216984732368e-05	3.58195127936901e-06	3.371874090953438e-05	-1.7010457963973203e-05	0.00021571450658219355	4.3441361563771387e-07	-7.303135151776255e-07	-5.307123442623037e-06	-3.0849381100360575e-07	0.04540914264693173	0.8888008879895508	-0.00037747425134428576	-0.0055188769062649605	0.009518810976703353	-0.04508027309451548	-0.047468043545110535	0.10563306854909135	-0.04428372111125555	-0.4360787591995005	0.00028385740683992844	0.010597205005094423	-0.012930553262763874	1.6487779681489257e-06	-0.0007939881850546158
