tloc	tmcCabe	assertionDensity	assertionRoulette	mysteryGuest	eagerTest	sensitiveEquality	resourceOptimism	conditionalTestLogic	fireAndForget	loc	lcom2	lcom5	cbo	wmc	rfc	mpc	halsteadVocabulary	halsteadLength	halsteadVolume	classDataShouldBePrivate	complexClass	spaghettiCode	functionalDecomposition	godClass
6.803379241351153e-05	5.6944406356503555e-06	2.2239307450368486e-07	2.2237818516056227e-05	-1.080379182417455e-06	6.827086280286063e-05	6.050024191792997e-07	-2.9829653211889105e-08	-7.982948058946689e-07	-5.051300937192731e-08	0.1406302020626333	0.21648320564304024	0.0006439099164041636	0.005080751939901994	0.017591041656781787	0.05774405665483091	0.05297563795486515	0.7348677733655913	0.05802488473842882	0.6131534308454505	0.00011538522530105413	0.017591834029758245	0.08495025998694004	-4.164508738665806e-06	0.0009982263882935035
