tloc	tmcCabe	assertionDensity	assertionRoulette	mysteryGuest	eagerTest	sensitiveEquality	resourceOptimism	conditionalTestLogic	fireAndForget	loc	lcom2	lcom5	cbo	wmc	rfc	mpc	halsteadVocabulary	halsteadLength	halsteadVolume	classDataShouldBePrivate	complexClass	spaghettiCode	functionalDecomposition	godClass
6.322140099791533e-05	4.941083354744691e-06	1.381058261409574e-07	2.2095829197254755e-05	-1.3161470491628195e-06	6.823127294481436e-05	6.556455653115093e-07	-2.3541787206364577e-08	-1.000427240193691e-06	-5.6013879891350504e-08	0.14073999318929864	0.21389919234599844	0.0006442075006213108	0.005075834263172514	0.017518370274395303	0.057756607904459696	0.0530159921569467	0.7377219090435693	0.057655252376069874	0.6105354740878303	0.00011518820948752896	0.017582671103229745	0.08566424073933666	-4.5105698850233616e-06	0.0009762199255437787
-5.428452917291145e-06	-2.3090894903895953e-05	3.7550018332671637e-06	3.706432956220932e-05	-1.6255414415901995e-05	0.00022418208853557721	4.0571752507027237e-07	-6.2651014149247e-07	-3.3360521757467336e-06	-2.9201719083358907e-07	0.04483074563477987	0.8879897278102994	-0.00037937513711353823	-0.00561294372083508	0.009243241107219994	-0.04696693367141694	-0.0492465990299682	0.10746406767687589	-0.04421178457433745	-0.43693178738329946	0.0002889933473258277	0.010234858526078925	-0.014077055876775232	1.579970267655036e-06	-0.0007708488577231396
