tloc	tmcCabe	assertionDensity	assertionRoulette	mysteryGuest	eagerTest	sensitiveEquality	resourceOptimism	conditionalTestLogic	fireAndForget	loc	lcom2	lcom5	cbo	wmc	rfc	mpc	halsteadVocabulary	halsteadLength	halsteadVolume	classDataShouldBePrivate	complexClass	spaghettiCode	functionalDecomposition	godClass
6.645200258677203e-05	5.245378017649764e-06	1.852431769898806e-07	2.1843741984199434e-05	-1.1989546837531026e-06	6.878521454279405e-05	6.420913656732254e-07	-3.595731955023237e-08	-2.5479656701310584e-07	-5.689583280963444e-08	0.14040685039599965	0.2151713275982882	0.0006433922255735052	0.0050476815671588625	0.01754069320463766	0.05740533124319762	0.05265525076507051	0.7362800792822958	0.057926857271448785	0.6120382404079528	0.00011302060348242199	0.01755577690613131	0.0849812484803903	-4.463322328061764e-06	0.0009877681140635854
