tloc	tmcCabe	assertionDensity	assertionRoulette	mysteryGuest	eagerTest	sensitiveEquality	resourceOptimism	conditionalTestLogic	fireAndForget	loc	lcom2	lcom5	cbo	wmc	rfc	mpc	halsteadVocabulary	halsteadLength	halsteadVolume	classDataShouldBePrivate	complexClass	spaghettiCode	functionalDecomposition	godClass
6.943297850833658e-05	5.446617893059897e-06	2.041886605698985e-07	2.2148999552511553e-05	-8.265892654285756e-07	6.8776691418282e-05	6.690072700836284e-07	-1.8785726949058015e-08	3.700036349192395e-08	-4.4950630804625685e-08	0.14042685173537092	0.21486931267966647	0.0006427746648110595	0.005047689692198171	0.01754002016143046	0.057351424153519785	0.05259972019417353	0.7360279834893546	0.0580028293533497	0.6124673679903788	0.00011430385134346322	0.01753074760311073	0.08482858720910583	-4.6166544825500395e-06	0.000989798667195186
-9.302417525092743e-06	-2.4512543734557282e-05	3.827266671750688e-06	3.560721244310376e-05	-1.6738403110053965e-05	0.00020901294340884254	3.862761773524249e-07	-7.79256450493515e-07	-5.533654447018741e-06	-2.85414462514158e-07	0.04114569600023428	0.8844421677664632	-0.0003880925119169315	-0.005743074152904903	0.008738036155769322	-0.047001408478428416	-0.04914822000958809	0.1141607754217052	-0.04489093806571583	-0.442750282583262	0.00023204128930608107	0.009772886395947556	-0.012765440027286709	1.968867109115052e-06	-0.0008121454931627048
-0.0006814045390404864	-5.383801304468306e-05	9.965773967669554e-07	-1.3474285660802306e-05	-9.779033960086731e-05	3.6468227436873477e-05	4.107777383718726e-07	-5.392851741241673e-06	-3.371465250182119e-05	-1.6215402109297015e-06	-0.08163561800032929	-0.39958380220036976	-0.0006594201558177695	-0.007274764736179515	-0.023807537059874307	-0.05544004101712331	-0.04813897519793104	0.6544176590372682	-0.0733604355209395	-0.6216326266417409	-0.0006839563366141264	-0.020054849362234187	0.08443565376027405	2.368372386438502e-05	-0.0073091085690291146
