tloc	tmcCabe	assertionDensity	assertionRoulette	mysteryGuest	eagerTest	sensitiveEquality	resourceOptimism	conditionalTestLogic	fireAndForget	loc	lcom2	lcom5	cbo	wmc	rfc	mpc	halsteadVocabulary	halsteadLength	halsteadVolume	classDataShouldBePrivate	complexClass	spaghettiCode	functionalDecomposition	godClass
6.809794261981487e-05	5.185882587737709e-06	1.9453017609880238e-07	2.2320048062856524e-05	-1.0889215600446004e-06	6.891918999071998e-05	6.677022032696876e-07	-3.563594964790646e-08	-2.721343149486281e-07	-4.4120887182168466e-08	0.1404121704755028	0.21510083727386484	0.0006429615655417516	0.005041323633865662	0.017542800985951262	0.05738119421619407	0.052628650306218175	0.7362232622085291	0.05794885751589516	0.6121401587686376	0.0001141665734528721	0.01755322074884083	0.08492761955469853	-4.5515706411042125e-06	0.000960583908400591
