tloc	tmcCabe	assertionDensity	assertionRoulette	mysteryGuest	eagerTest	sensitiveEquality	resourceOptimism	conditionalTestLogic	fireAndForget	loc	lcom2	lcom5	cbo	wmc	rfc	mpc	halsteadVocabulary	halsteadLength	halsteadVolume	classDataShouldBePrivate	complexClass	spaghettiCode	functionalDecomposition	godClass
7.224457732670898e-05	5.952671824108067e-06	2.04579732726683e-07	2.288476528315796e-05	-5.585087621701602e-07	6.926986885545753e-05	6.979542721135486e-07	-5.540963868969415e-09	4.00328723147551e-07	-3.9854341217723116e-08	0.14015634357531037	0.21602248876382665	0.0006458630877342668	0.005071488809420833	0.01750855160414281	0.05687284516106386	0.05221569084548696	0.7356114042954448	0.05801224468379309	0.6127261258096003	0.00011533936383956481	0.017486651769416005	0.08465894564159619	-4.579209903651677e-06	0.0009951974707182293
