tloc	tmcCabe	assertionDensity	assertionRoulette	mysteryGuest	eagerTest	sensitiveEquality	resourceOptimism	conditionalTestLogic	fireAndForget	loc	lcom2	lcom5	cbo	wmc	rfc	mpc	halsteadVocabulary	halsteadLength	halsteadVolume	classDataShouldBePrivate	complexClass	spaghettiCode	functionalDecomposition	godClass
5.372033950003839e-05	3.924224725905336e-06	1.8547722660610966e-07	2.2340520707693204e-05	-1.7413817384996508e-06	6.859635168133018e-05	6.375385566840522e-07	-4.850835181978827e-08	-1.5137728584493061e-06	-9.42418014254196e-08	0.14180595981165095	0.21228909976598967	0.0006600475483116982	0.005127519341865108	0.01766029846006341	0.05833060897031152	0.053567861088151536	0.742075475139681	0.05708973436667508	0.6054305823254916	0.00011642416152916405	0.01769371805765659	0.08612930202125589	-4.6112042459106765e-06	0.0010170237533497824
