tloc	tmcCabe	assertionDensity	assertionRoulette	mysteryGuest	eagerTest	sensitiveEquality	resourceOptimism	conditionalTestLogic	fireAndForget	loc	lcom2	lcom5	cbo	wmc	rfc	mpc	halsteadVocabulary	halsteadLength	halsteadVolume	classDataShouldBePrivate	complexClass	spaghettiCode	functionalDecomposition	godClass
6.812763185072018e-05	5.225503085513394e-06	2.488264220240006e-07	2.194507770110533e-05	-1.1744825416269548e-06	6.89793771071967e-05	6.507916654947139e-07	-4.1389702147060795e-08	-1.352438771334101e-07	-4.682808114608586e-08	0.14041454389546953	0.21507664626581405	0.0006431975907700835	0.005045549482388773	0.017541347024528173	0.05737783493102043	0.052626679000385417	0.7361830599830635	0.05795718900030391	0.6121991637584803	0.00011418324627005993	0.017544020881736226	0.08490756789496409	-4.577458038219746e-06	0.0009890846797576244
2.127178142165827e-06	-2.3086762058531196e-05	3.601331821008563e-06	3.413692421069432e-05	-1.69373211631006e-05	0.0002168384774075362	4.37945794563496e-07	-6.882176479353686e-07	-5.622727498508356e-06	-3.015230451670394e-07	0.04542720029636552	0.8889897891985389	-0.00037773233792685017	-0.005515148888559579	0.009539354108144603	-0.04501238545479222	-0.047416534796347394	0.10541569943241658	-0.044254335964120164	-0.43575986057256383	0.0002844327713573121	0.010624280531679624	-0.01289618449772147	1.640743315979202e-06	-0.0007961388027326889
