tloc	tmcCabe	assertionDensity	assertionRoulette	mysteryGuest	eagerTest	sensitiveEquality	resourceOptimism	conditionalTestLogic	fireAndForget	loc	lcom2	lcom5	cbo	wmc	rfc	mpc	halsteadVocabulary	halsteadLength	halsteadVolume	classDataShouldBePrivate	complexClass	spaghettiCode	functionalDecomposition	godClass
6.524452008709984e-05	5.068849304149835e-06	1.1681464198971594e-07	2.1863554379163944e-05	-4.74204837315087e-07	6.77221361872156e-05	6.307888951955748e-07	-9.789232309728782e-08	-3.79367127329964e-07	-7.268221512014196e-08	0.14094318779327092	0.21624738828057005	0.0006456504719649574	0.005068669576316743	0.01760175524346271	0.057700486169495455	0.05293847241465228	0.7375020322810111	0.05758084703575166	0.6099467637120679	0.00011716066869692717	0.01767148148637918	0.08562469130049523	-4.418767288822704e-06	0.0007606631563881729
1.917397169434902e-05	-2.2671481332036617e-05	3.698948078203063e-06	3.710677060686074e-05	-7.892542664548297e-06	0.00022022487290678663	4.0799353034518814e-07	-4.96481758626445e-07	-3.7207057754221817e-06	-2.6455835234814683e-07	0.04123620176184436	0.8849961212934109	-0.00040443736810009734	-0.005918291082163892	0.008805993274692604	-0.04898757362457559	-0.051107844936433895	0.11049949144658262	-0.044525914436893924	-0.44211388235643245	0.0002220696014704145	0.009808098809924844	-0.014240158735590718	1.493451644092506e-06	-0.0006714111987882143
