tloc	tmcCabe	assertionDensity	assertionRoulette	mysteryGuest	eagerTest	sensitiveEquality	resourceOptimism	conditionalTestLogic	fireAndForget	loc	lcom2	lcom5	cbo	wmc	rfc	mpc	halsteadVocabulary	halsteadLength	halsteadVolume	classDataShouldBePrivate	complexClass	spaghettiCode	functionalDecomposition	godClass
6.895158356533891e-05	5.3822615199664925e-06	2.0877070928846894e-07	2.182392462624796e-05	-6.554039654988607e-07	6.793977028801047e-05	6.51842987203415e-07	-1.1400374918175401e-08	2.0481726649224698e-08	-3.752205860307247e-08	0.14054349004014832	0.2151328492514269	0.0006429572927368002	0.005057683235102736	0.01750527012173586	0.05743052183098028	0.05268901872803427	0.7362632619015826	0.05793004001533141	0.6120385857977794	0.00011503216057177787	0.017491061337004937	0.08497588431599577	-4.599738500128266e-06	0.0009934147527316975
2.114075186717871e-06	-2.291945880912109e-05	3.5771450638235165e-06	3.415115032423174e-05	-1.7188623079059527e-05	0.0002175645138654741	4.5210346169299465e-07	-7.167293514885706e-07	-5.571436446503503e-06	-3.13679560418837e-07	0.04536246760715289	0.8889629899844947	-0.00037676272216627713	-0.005525058170121239	0.009557301393127455	-0.04506503832742963	-0.0474726040165026	0.10533106891544136	-0.04425575668555863	-0.4358277137308557	0.00028400736817608193	0.010640649952217576	-0.012943895670248565	1.6513761334523545e-06	-0.0007955479424323368
