tloc	tmcCabe	assertionDensity	assertionRoulette	mysteryGuest	eagerTest	sensitiveEquality	resourceOptimism	conditionalTestLogic	fireAndForget	loc	lcom2	lcom5	cbo	wmc	rfc	mpc	halsteadVocabulary	halsteadLength	halsteadVolume	classDataShouldBePrivate	complexClass	spaghettiCode	functionalDecomposition	godClass
6.824646796350525e-05	5.509299444309141e-06	2.148437394640842e-07	2.222891753092691e-05	-9.022601230131582e-07	6.870387429628126e-05	6.665690536348216e-07	-9.17883051504042e-09	4.634301238147275e-08	-7.811778735776658e-08	0.1405226458106239	0.21548638375791224	0.0006443960115056299	0.005049074734940697	0.017548158610433417	0.05743700765872694	0.052683437779309	0.736500528098646	0.05787167097736046	0.6116303688791718	0.0001145108434444251	0.01754957907936735	0.08501975926230577	-4.592775250108725e-06	0.0006059182264692047
2.047088165861653e-06	-2.29479823268713e-05	3.6133614975771805e-06	3.4489506612743165e-05	-1.693587566045635e-05	0.00021824605543048028	4.251904552195915e-07	-7.053731579127471e-07	-5.301543832772081e-06	-2.3454021281424418e-07	0.04532441971866093	0.8886616944297792	-0.000380260791382641	-0.005532855111296572	0.009527695387205394	-0.0452577463031961	-0.04764078457871249	0.10525920854384406	-0.04428602651485924	-0.4364197319062718	0.0002844880991069544	0.010596867260905857	-0.013079236030740512	1.644457365782004e-06	-0.0004708066905484303
