tloc	tmcCabe	assertionDensity	assertionRoulette	mysteryGuest	eagerTest	sensitiveEquality	resourceOptimism	conditionalTestLogic	fireAndForget	loc	lcom2	lcom5	cbo	wmc	rfc	mpc	halsteadVocabulary	halsteadLength	halsteadVolume	classDataShouldBePrivate	complexClass	spaghettiCode	functionalDecomposition	godClass
6.730124034243389e-05	4.735093514791316e-06	3.6511868639103623e-07	2.208713598380033e-05	-1.4004344363625332e-06	6.876883977725558e-05	6.520201981841913e-07	-4.2205981655129306e-08	-6.302784301300051e-07	-5.889547150537576e-08	0.14033754146603447	0.2151399466033618	0.0006434150600422494	0.0050414975550550955	0.017537261833878253	0.05737632412148739	0.052625228105992614	0.7362859396607555	0.057931835098322816	0.6120681350505326	0.00011395760745089817	0.017546808126103035	0.08494682353145566	-4.5184445427910574e-06	0.000986867994635452
3.6944327057540974e-06	-2.264255702227296e-05	3.5205905366375187e-06	3.406108190735758e-05	-1.6744137801391884e-05	0.0002172670932561539	4.4972923407170443e-07	-6.950133589383587e-07	-5.266460934373566e-06	-3.011903790854873e-07	0.04551246705563707	0.8889546774378126	-0.00037758531222565657	-0.005512716292601278	0.009539839069135003	-0.04500552566394359	-0.0474053114642581	0.10531761968920157	-0.044260028687886116	-0.43584716581614397	0.00028468375834681035	0.010630559829223306	-0.012908375963480205	1.6277744576236124e-06	-0.0007914724365085106
