tloc	tmcCabe	assertionDensity	assertionRoulette	mysteryGuest	eagerTest	sensitiveEquality	resourceOptimism	conditionalTestLogic	fireAndForget	loc	lcom2	lcom5	cbo	wmc	rfc	mpc	halsteadVocabulary	halsteadLength	halsteadVolume	classDataShouldBePrivate	complexClass	spaghettiCode	functionalDecomposition	godClass
6.941149391008067e-05	5.436239281778308e-06	2.06632990068248e-07	2.2130625243309892e-05	-8.33705535979659e-07	6.883309152697724e-05	6.635645886472222e-07	-1.9244776590306667e-08	4.3443304040355394e-08	-4.536008567608601e-08	0.14045233262038978	0.2149957656073174	0.0006425751342316137	0.005047442572647297	0.017543148468953534	0.05735484520299574	0.05260224104626051	0.7360374606237213	0.0579937796386154	0.6124041961771327	0.00011455027529464276	0.017535187917966093	0.08484061587123067	-4.610637240331022e-06	0.0009898554365738057
