tloc	tmcCabe	assertionDensity	assertionRoulette	mysteryGuest	eagerTest	sensitiveEquality	resourceOptimism	conditionalTestLogic	fireAndForget	loc	lcom2	lcom5	cbo	wmc	rfc	mpc	halsteadVocabulary	halsteadLength	halsteadVolume	classDataShouldBePrivate	complexClass	spaghettiCode	functionalDecomposition	godClass
6.925872618084345e-05	5.401727386746905e-06	1.9941758416531605e-07	2.212737471822515e-05	-8.712680506953808e-07	6.880504189389806e-05	6.674425791307264e-07	-2.0840552553514012e-08	2.8981068859885434e-09	-4.6153238007789864e-08	0.14043691250028856	0.21498221838040402	0.0006427382602881537	0.0050470927375245965	0.01754258578552256	0.05735404276106408	0.052601679075280516	0.7360341263934864	0.05799527868902625	0.6124171298153983	0.0001144501940491795	0.017535420772238814	0.0848359951935792	-4.6193254543008926e-06	0.000989576062713184
