tloc	tmcCabe	assertionDensity	assertionRoulette	mysteryGuest	eagerTest	sensitiveEquality	resourceOptimism	conditionalTestLogic	fireAndForget	loc	lcom2	lcom5	cbo	wmc	rfc	mpc	halsteadVocabulary	halsteadLength	halsteadVolume	classDataShouldBePrivate	complexClass	spaghettiCode	functionalDecomposition	godClass
0.00012718757948328098	8.512765030155964e-07	1.3526951788645753e-06	4.0563687646046303e-05	3.3847285776999903e-06	0.00017672582486209058	2.255872920933073e-06	3.5161599963913603e-07	8.557908573102868e-06	1.1527515282966118e-07	0.12858415454649272	0.5577254730099276	0.00024967702446118396	0.0008680917480025824	0.017337714972895903	0.017355474587503236	0.012668430214886782	0.7246167340200675	0.03690622122131575	0.37571915379831544	0.00027552084056946344	0.01687124202078075	0.06132699483899766	-6.130941232305476e-06	0.0017807116239699718
