tloc	tmcCabe	assertionDensity	assertionRoulette	mysteryGuest	eagerTest	sensitiveEquality	resourceOptimism	conditionalTestLogic	fireAndForget	loc	lcom2	lcom5	cbo	wmc	rfc	mpc	halsteadVocabulary	halsteadLength	halsteadVolume	classDataShouldBePrivate	complexClass	spaghettiCode	functionalDecomposition	godClass
6.878862731287639e-05	5.491889088078232e-06	1.9888029740891417e-07	2.204338061720042e-05	-1.0313496000393901e-06	6.862648644574736e-05	6.796503242332836e-07	-2.762846681242043e-08	5.5989735281459776e-08	-4.885891868165436e-08	0.14040527650233434	0.2150199824102969	0.0006429771081813594	0.005044016548222652	0.01753854026140941	0.05736065341444082	0.05260984551680869	0.7361242811423623	0.05797268277639657	0.6122978662317375	0.00011429729374456137	0.01754012703881493	0.08487724213404925	-4.5601482302709155e-06	0.0009887426119739341
