tloc	tmcCabe	assertionDensity	assertionRoulette	mysteryGuest	eagerTest	sensitiveEquality	resourceOptimism	conditionalTestLogic	fireAndForget	loc	lcom2	lcom5	cbo	wmc	rfc	mpc	halsteadVocabulary	halsteadLength	halsteadVolume	classDataShouldBePrivate	complexClass	spaghettiCode	functionalDecomposition	godClass
6.675984486521799e-05	5.360821179850145e-06	1.4662549773018884e-07	2.159065124069279e-05	-9.017156435505325e-07	6.855513369800155e-05	6.496457374110785e-07	4.42557557697887e-08	-2.7732323104957283e-07	-4.579831487471491e-08	0.1403601301861509	0.2149740225147987	0.0006431458575843786	0.0050440926949549105	0.017534613033900828	0.05735447904799597	0.05260533236630469	0.7360994502955938	0.05798652069121705	0.6123533820293405	0.00011410624029133641	0.01753888873880892	0.08488176185626951	-4.607830166413502e-06	0.0009881686199500292
