tloc	tmcCabe	assertionDensity	assertionRoulette	mysteryGuest	eagerTest	sensitiveEquality	resourceOptimism	conditionalTestLogic	fireAndForget	loc	lcom2	lcom5	cbo	wmc	rfc	mpc	halsteadVocabulary	halsteadLength	halsteadVolume	classDataShouldBePrivate	complexClass	spaghettiCode	functionalDecomposition	godClass
6.925657594335277e-05	5.466715082211378e-06	2.0681845692305657e-07	2.2141550067341452e-05	-8.723239379771427e-07	6.880789082665618e-05	6.686209414183147e-07	-2.0956069339247917e-08	1.167254633982878e-08	-4.502190882188965e-08	0.14043637084885147	0.21501570803480463	0.0006427559090284167	0.005047484353374359	0.01754375439858145	0.05735425216994433	0.05260147165365299	0.7360443547557017	0.05799031081153219	0.6123919382162832	0.00011446558439514673	0.017537909286088157	0.08484772944018934	-4.603694475617698e-06	0.000989691797727231
7.387960034732344e-07	-2.30619526255471e-05	3.5847613270114184e-06	3.39111543765532e-05	-1.70642652642749e-05	0.00021698482380169516	4.2930135236173944e-07	-7.096116921571065e-07	-5.664959364734785e-06	-3.097824171259608e-07	0.045484747111299816	0.888980581203672	-0.0003768573043116336	-0.005513744749974327	0.009548010864343757	-0.044962880815532826	-0.04736944264208636	0.10558477577111629	-0.04426342305026157	-0.4357420346769112	0.0002842542594099239	0.010629804124248111	-0.01285160614341714	1.6611125649495166e-06	-0.000792881596797478
