tloc	tmcCabe	assertionDensity	assertionRoulette	mysteryGuest	eagerTest	sensitiveEquality	resourceOptimism	conditionalTestLogic	fireAndForget	loc	lcom2	lcom5	cbo	wmc	rfc	mpc	halsteadVocabulary	halsteadLength	halsteadVolume	classDataShouldBePrivate	complexClass	spaghettiCode	functionalDecomposition	godClass
7.035384385360609e-05	5.4086300275680634e-06	2.2576102754590265e-07	2.2716162789740215e-05	-9.351003779009185e-07	6.819116671747834e-05	6.58775983585917e-07	-2.4775368953459494e-08	5.082332288054095e-08	-4.708041736032781e-08	0.14044537323010492	0.21458695359710792	0.0006433875266395739	0.0050490928066697005	0.017526307699116117	0.05741227247948624	0.052666186774091635	0.736119003900599	0.057983154573521184	0.6124279486086562	0.00011445857076862246	0.017520657249946208	0.08494326070081354	-4.5584237408117095e-06	0.0009903961774290245
