tloc	tmcCabe	assertionDensity	assertionRoulette	mysteryGuest	eagerTest	sensitiveEquality	resourceOptimism	conditionalTestLogic	fireAndForget	loc	lcom2	lcom5	cbo	wmc	rfc	mpc	halsteadVocabulary	halsteadLength	halsteadVolume	classDataShouldBePrivate	complexClass	spaghettiCode	functionalDecomposition	godClass
6.974083973102283e-05	5.6098419433671586e-06	1.6450527756957648e-07	2.2194610092586668e-05	-1.2984450357534787e-06	6.824396220287975e-05	6.432795226074858e-07	-3.8036477473695586e-08	1.1462078313234551e-08	-4.934931094985996e-08	0.1405466217729919	0.2152659358792476	0.0006431764925809657	0.005058209467772858	0.017552442620752604	0.057412819690627476	0.05265753437349606	0.7361590131350169	0.05793805243007335	0.6121228239054538	0.00011546294448707386	0.01755302112064931	0.08493361078539528	-4.671304870162486e-06	0.000988174371212683
7.973029005348553e-07	-2.3130291898078642e-05	3.607532180440665e-06	3.40230670999775e-05	-1.694972830511341e-05	0.00021743742626206144	4.3956317710116415e-07	-7.057293145826675e-07	-5.692699409910134e-06	-3.106477217758117e-07	0.045211646980200845	0.8889885631939785	-0.0003777180317828617	-0.005531500175965242	0.00952124976050671	-0.04509540087399295	-0.04749274867384785	0.10524312868428531	-0.04423508642225929	-0.43580999101498497	0.0002835383924872461	0.01061031070506591	-0.012967073520263819	1.6817768515358988e-06	-0.0007937902050524603
