tloc	tmcCabe	assertionDensity	assertionRoulette	mysteryGuest	eagerTest	sensitiveEquality	resourceOptimism	conditionalTestLogic	fireAndForget	loc	lcom2	lcom5	cbo	wmc	rfc	mpc	halsteadVocabulary	halsteadLength	halsteadVolume	classDataShouldBePrivate	complexClass	spaghettiCode	functionalDecomposition	godClass
6.951920911469362e-05	5.470066621061447e-06	2.069623187620951e-07	2.2210849939662703e-05	-8.517384391942823e-07	6.880050418431458e-05	6.698603617093062e-07	-2.178216024322509e-08	1.2980379338619038e-07	-4.662290028449884e-08	0.14043635778085234	0.2149761536099409	0.0006427188634866418	0.0050483034580212785	0.017542836457036574	0.0573542642464479	0.05260186965713662	0.7360324893698854	0.05799631530379567	0.6124211948136585	0.00011444979141947196	0.017535068094137657	0.08483611372927119	-4.617552634908888e-06	0.0009894628695733974
