tloc	tmcCabe	assertionDensity	assertionRoulette	mysteryGuest	eagerTest	sensitiveEquality	resourceOptimism	conditionalTestLogic	fireAndForget	loc	lcom2	lcom5	cbo	wmc	rfc	mpc	halsteadVocabulary	halsteadLength	halsteadVolume	classDataShouldBePrivate	complexClass	spaghettiCode	functionalDecomposition	godClass
6.867773925169178e-05	5.350892023672732e-06	1.7928045209632165e-07	2.1981766452678775e-05	-9.999463270764392e-07	6.876621407238685e-05	6.580413395403605e-07	-2.8178173675399675e-08	1.084381301618065e-07	-4.983219153681608e-08	0.1404659070785187	0.2151268538865196	0.0006430127378080721	0.005049007887108257	0.017545365964594935	0.05737670311529676	0.05262315120723761	0.7361386003257168	0.05796578474934389	0.6122241834277851	0.00011437039669172113	0.017547084748499028	0.08489589941408301	-4.651895785908571e-06	0.0009894053210932408
