tloc	tmcCabe	assertionDensity	assertionRoulette	mysteryGuest	eagerTest	sensitiveEquality	resourceOptimism	conditionalTestLogic	fireAndForget	loc	lcom2	lcom5	cbo	wmc	rfc	mpc	halsteadVocabulary	halsteadLength	halsteadVolume	classDataShouldBePrivate	complexClass	spaghettiCode	functionalDecomposition	godClass
6.915860879735261e-05	5.315114143386947e-06	1.9478046555194818e-07	2.2078756819583773e-05	-9.459639873133149e-07	6.916199034175429e-05	7.332914302977817e-07	-2.4455324153073204e-08	-6.894644623856441e-08	-4.795431565450587e-08	0.14070225542304188	0.21523855064977174	0.0006426991222981478	0.005047848983664932	0.017555340145808555	0.05737164299065193	0.05261380780790138	0.7360134603109811	0.057976129318223435	0.6122881436998281	0.00011439015298610865	0.017543770018721688	0.08484596504330702	-4.631969855705854e-06	0.000989215193310926
2.3973522809351924e-06	-2.2624073295780797e-05	3.643382122290719e-06	3.446992243914639e-05	-1.6659762864026765e-05	0.00021538637616441063	1.4316591808967677e-07	-6.898062982258621e-07	-5.250514317410756e-06	-2.9926971073962696e-07	0.043939992425975356	0.8888170559573212	-0.0003812507075872885	-0.005532258317552185	0.009472072581008363	-0.04520406436343636	-0.047575456670379254	0.1059301804407606	-0.04427210153581784	-0.4361032388707246	0.000285185392652957	0.010568251249448747	-0.012903978327181435	1.7447273609476513e-06	-0.0007923397920612199
-0.0006954817428760295	-5.791511582908671e-05	1.5448556151571672e-06	-9.232523980665124e-06	-9.400489364346842e-05	1.6189218245275463e-05	8.069789512828673e-07	-5.441539741952537e-06	-3.293924257531094e-05	-1.5104288521456694e-06	-0.0906428163845114	-0.388202862721784	-0.0006672317273585037	-0.007928210780346518	-0.02544047755076942	-0.06082074006584974	-0.05302111375269448	0.6566830238792898	-0.07292917909821522	-0.6246887147542819	-0.0008213804244602237	-0.02204247023848594	0.08085152066810337	2.3582946913055198e-05	-0.007087724891949869
