tloc	tmcCabe	assertionDensity	assertionRoulette	mysteryGuest	eagerTest	sensitiveEquality	resourceOptimism	conditionalTestLogic	fireAndForget	loc	lcom2	lcom5	cbo	wmc	rfc	mpc	halsteadVocabulary	halsteadLength	halsteadVolume	classDataShouldBePrivate	complexClass	spaghettiCode	functionalDecomposition	godClass
8.44099477204275e-05	1.244831900819533e-05	-7.682206833820687e-07	1.033718496010192e-05	3.0943776135792485e-06	9.032362756031239e-06	-1.026872515160342e-07	1.726013238708244e-07	2.585719951675574e-06	3.672109785004563e-08	0.13827532057390785	0.025763416938172884	0.0007472949210277082	0.006595296824865366	0.01620287675451843	0.07025973462460965	0.06572969591494647	0.6792481272994111	0.06735163928229831	0.7050433357925595	5.575559807573238e-05	0.016025582016252718	0.08598789432205549	-5.268486072660113e-06	0.0012861797244805883
0.00039673454266950654	1.7637579660901605e-05	-2.0338890035634363e-06	1.5138942463141136e-05	1.8990591859970152e-06	0.00018478813404684466	1.4383031760564102e-06	7.360358920685942e-07	1.468394978722436e-05	1.6731762190973762e-07	0.13930109503241406	0.9881590129352458	-3.440379082482101e-05	0.0022670977854368514	0.024943284928542656	0.019280829155180656	0.010551100915989974	-0.030724877228663752	-0.003277965247155274	-0.036370809783196886	0.0005991653064831429	0.025314972516387042	-0.010036940031743932	-8.675541973845678e-06	0.002616728820760998
