tloc	tmcCabe	assertionDensity	assertionRoulette	mysteryGuest	eagerTest	sensitiveEquality	resourceOptimism	conditionalTestLogic	fireAndForget	loc	lcom2	lcom5	cbo	wmc	rfc	mpc	halsteadVocabulary	halsteadLength	halsteadVolume	classDataShouldBePrivate	complexClass	spaghettiCode	functionalDecomposition	godClass
6.106443628606593e-05	4.277150357194359e-06	6.340466988958684e-07	2.2206974799208506e-05	-2.2197865003096406e-06	6.780140133938787e-05	5.832816335505497e-07	-2.4180405148052755e-09	-5.617718455867408e-07	-6.962717501639008e-08	0.14065686790581555	0.21613484801098565	0.0006460903845808915	0.005046723188146665	0.017554247118020852	0.057563446871495574	0.052809774766779255	0.7372304691032133	0.05766693625894118	0.6104211761406267	0.00011286235841762614	0.01763837495735154	0.08546680155815033	-4.465903707626167e-06	0.0009753904345935268
2.399178465680153e-06	-2.2817298910243262e-05	3.680167596871301e-06	3.3751529779439714e-05	-1.718053481627772e-05	0.00021806425721794916	4.487255776194306e-07	-6.485624802709208e-07	-5.441594137588701e-06	-2.7289707034818256e-07	0.04470544761776057	0.889282016030664	-0.00038679704654454126	-0.00554674520767475	0.009447431883484653	-0.04562685578119602	-0.0480018862536532	0.10309439924928132	-0.044073676266729866	-0.4356626521011516	0.0002834841575074435	0.010449920865512418	-0.013780478186135816	1.4314218200919881e-06	-0.0007968831234577055
