tloc	tmcCabe	assertionDensity	assertionRoulette	mysteryGuest	eagerTest	sensitiveEquality	resourceOptimism	conditionalTestLogic	fireAndForget	loc	lcom2	lcom5	cbo	wmc	rfc	mpc	halsteadVocabulary	halsteadLength	halsteadVolume	classDataShouldBePrivate	complexClass	spaghettiCode	functionalDecomposition	godClass
6.861631547949105e-05	5.351902083704213e-06	1.956758724798321e-07	2.1962774333523483e-05	-1.0607097710084443e-06	6.890266527633436e-05	6.562780995951841e-07	-2.931185025647624e-08	-2.1064819325801572e-07	-3.7525978684523146e-08	0.14047303308302325	0.21519434661445064	0.000643189230193368	0.005046270195086127	0.01755001943766193	0.05738505495959062	0.05263011524901783	0.7361172550577442	0.05796003808298454	0.612220404586194	0.0001147431460829224	0.01755014800733083	0.08491791380422349	-4.5259776355378784e-06	0.0009894167047692715
1.5430889533480697e-06	-2.3019216984754974e-05	3.581951279368982e-06	3.371874090953447e-05	-1.7010457963971875e-05	0.00021571450658219274	4.3441361563771763e-07	-7.303135151775473e-07	-5.307123442622498e-06	-3.0849381100358214e-07	0.04540914264693184	0.8888008879895543	-0.0003774742513442822	-0.005518876906264901	0.009518810976703573	-0.045080273094515025	-0.047468043545110285	0.10563306854908089	-0.04428372111125492	-0.4360787591994953	0.0002838574068399383	0.010597205005094562	-0.012930553262765364	1.6487779681486245e-06	-0.0007939881850545146
