tloc	tmcCabe	assertionDensity	assertionRoulette	mysteryGuest	eagerTest	sensitiveEquality	resourceOptimism	conditionalTestLogic	fireAndForget	loc	lcom2	lcom5	cbo	wmc	rfc	mpc	halsteadVocabulary	halsteadLength	halsteadVolume	classDataShouldBePrivate	complexClass	spaghettiCode	functionalDecomposition	godClass
6.803379241336502e-05	5.6944406356504385e-06	2.2239307450368703e-07	2.2237818516056343e-05	-1.0803791824172918e-06	6.827086280286074e-05	6.050024191793187e-07	-2.98296532118788e-08	-7.982948058945471e-07	-5.051300937192444e-08	0.14063020206263324	0.21648320564304047	0.0006439099164041619	0.0050807519399019875	0.017591041656781777	0.05774405665483092	0.052975637954865075	0.7348677733655903	0.058024884738428865	0.613153430845451	0.00011538522530105541	0.01759183402975823	0.08495025998693986	-4.164508738665846e-06	0.000998226388293508
