tloc	tmcCabe	assertionDensity	assertionRoulette	mysteryGuest	eagerTest	sensitiveEquality	resourceOptimism	conditionalTestLogic	fireAndForget	loc	lcom2	lcom5	cbo	wmc	rfc	mpc	halsteadVocabulary	halsteadLength	halsteadVolume	classDataShouldBePrivate	complexClass	spaghettiCode	functionalDecomposition	godClass
6.32214009980756e-05	4.9410833547447245e-06	1.3810582614097168e-07	2.209582919725492e-05	-1.3161470491628174e-06	6.8231272944815e-05	6.556455653115197e-07	-2.354178720636437e-08	-1.0004272401936456e-06	-5.60138798913499e-08	0.14073999318929914	0.2138991923460003	0.0006442075006213113	0.005075834263172528	0.017518370274395366	0.05775660790445966	0.053015992156946634	0.737721909043569	0.05765525237606986	0.6105354740878294	0.00011518820948752974	0.017582671103229797	0.08566424073933657	-4.510569885023389e-06	0.0009762199255437766
-5.428452917239374e-06	-2.3090894904033213e-05	3.7550018332671625e-06	3.70643295622091e-05	-1.625541441590248e-05	0.00022418208853557705	4.057175250702526e-07	-6.26510141492498e-07	-3.336052175746981e-06	-2.9201719083359796e-07	0.04483074563477884	0.887989727810297	-0.00037937513711354257	-0.0056129437208351325	0.009243241107219857	-0.046966933671417334	-0.0492465990299684	0.10746406767687647	-0.044211784574337824	-0.43693178738330246	0.0002889933473258234	0.010234858526078758	-0.01407705587677489	1.5799702676551903e-06	-0.0007708488577231775
