tloc	tmcCabe	assertionDensity	assertionRoulette	mysteryGuest	eagerTest	sensitiveEquality	resourceOptimism	conditionalTestLogic	fireAndForget	loc	lcom2	lcom5	cbo	wmc	rfc	mpc	halsteadVocabulary	halsteadLength	halsteadVolume	classDataShouldBePrivate	complexClass	spaghettiCode	functionalDecomposition	godClass
6.645200258663736e-05	5.2453780176497175e-06	1.8524317698988332e-07	2.1843741984199434e-05	-1.1989546837531058e-06	6.878521454279417e-05	6.420913656732314e-07	-3.595731955023216e-08	-2.547965670130964e-07	-5.6895832809634915e-08	0.14040685039599946	0.21517132759828778	0.0006433922255735048	0.00504768156715884	0.01754069320463761	0.05740533124319754	0.052655250765070404	0.7362800792822962	0.057926857271448695	0.6120382404079527	0.00011302060348242197	0.017555776906131255	0.08498124848039021	-4.463322328061759e-06	0.0009877681140635826
