tloc	tmcCabe	assertionDensity	assertionRoulette	mysteryGuest	eagerTest	sensitiveEquality	resourceOptimism	conditionalTestLogic	fireAndForget	loc	lcom2	lcom5	cbo	wmc	rfc	mpc	halsteadVocabulary	halsteadLength	halsteadVolume	classDataShouldBePrivate	complexClass	spaghettiCode	functionalDecomposition	godClass
6.809794261963012e-05	5.185882587737777e-06	1.94530176098797e-07	2.2320048062856483e-05	-1.0889215600445204e-06	6.891918999071955e-05	6.67702203269688e-07	-3.5635949647902644e-08	-2.72134314948592e-07	-4.412088718216694e-08	0.14041217047550278	0.21510083727386342	0.0006429615655417525	0.005041323633865662	0.017542800985951252	0.05738119421619417	0.05262865030621828	0.736223262208528	0.05794885751589519	0.6121401587686379	0.00011416657345287224	0.017553220748840803	0.08492761955469844	-4.551570641104226e-06	0.000960583908400604
