tloc	tmcCabe	assertionDensity	assertionRoulette	mysteryGuest	eagerTest	sensitiveEquality	resourceOptimism	conditionalTestLogic	fireAndForget	loc	lcom2	lcom5	cbo	wmc	rfc	mpc	halsteadVocabulary	halsteadLength	halsteadVolume	classDataShouldBePrivate	complexClass	spaghettiCode	functionalDecomposition	godClass
7.224457732685781e-05	5.952671824108067e-06	2.0457973272669164e-07	2.2884765283158096e-05	-5.585087621701601e-07	6.926986885545793e-05	6.979542721135601e-07	-5.54096386896901e-09	4.0032872314760355e-07	-3.9854341217722474e-08	0.14015634357531068	0.21602248876382754	0.0006458630877342667	0.005071488809420825	0.01750855160414281	0.05687284516106372	0.05221569084548689	0.7356114042954448	0.05801224468379301	0.6127261258095998	0.0001153393638395652	0.017486651769415995	0.08465894564159614	-4.579209903651693e-06	0.0009951974707182332
