tloc	tmcCabe	assertionDensity	assertionRoulette	mysteryGuest	eagerTest	sensitiveEquality	resourceOptimism	conditionalTestLogic	fireAndForget	loc	lcom2	lcom5	cbo	wmc	rfc	mpc	halsteadVocabulary	halsteadLength	halsteadVolume	classDataShouldBePrivate	complexClass	spaghettiCode	functionalDecomposition	godClass
6.687388246758933e-05	5.155753835496778e-06	1.9017856424857027e-07	2.180956678690625e-05	-1.1540425720362375e-06	6.842771369379646e-05	6.902444855961715e-07	-4.7166663032943914e-08	-3.728443024630369e-07	-5.313830559822365e-08	0.1405124718375778	0.21342963371986	0.0006441851979348119	0.005056469538974919	0.01751575228675986	0.057439709530327836	0.05270474036517645	0.7367426368206104	0.057916552021209725	0.6120536906123326	0.00011445127889854908	0.01751206911390769	0.08504531213445814	-4.386705132420111e-06	0.0009908714104941547
3.3673541047359443e-06	-2.2798820150121164e-05	3.570245878631407e-06	3.4310863030293804e-05	-1.723159026643377e-05	0.00021879472199952895	4.388940537008345e-07	-7.560228532113864e-07	-6.1703174034455696e-06	-3.0204366482887e-07	0.046202796686709485	0.8876871237904917	-0.0003737369943963849	-0.0055015004528181964	0.009556567783239395	-0.04494314932430809	-0.04732159644913901	0.10886282795399282	-0.044496249675544206	-0.4374883740707088	0.0002864653090108143	0.010614282340939385	-0.012465488579323026	1.5895310023562788e-06	-0.0007906442627674424
