tloc	tmcCabe	assertionDensity	assertionRoulette	mysteryGuest	eagerTest	sensitiveEquality	resourceOptimism	conditionalTestLogic	fireAndForget	loc	lcom2	lcom5	cbo	wmc	rfc	mpc	halsteadVocabulary	halsteadLength	halsteadVolume	classDataShouldBePrivate	complexClass	spaghettiCode	functionalDecomposition	godClass
6.812763185068902e-05	5.225503085513401e-06	2.488264220239886e-07	2.1945077701105177e-05	-1.1744825416269431e-06	6.897937710719624e-05	6.507916654947052e-07	-4.138970214706021e-08	-1.3524387713343603e-07	-4.6828081146086115e-08	0.14041454389546912	0.21507664626581166	0.000643197590770084	0.005045549482388772	0.017541347024528114	0.05737783493102052	0.05262667900038542	0.7361830599830637	0.05795718900030403	0.6121991637584804	0.00011418324627005906	0.017544020881736153	0.08490756789496418	-4.577458038219722e-06	0.0009890846797576238
2.1271781421653877e-06	-2.308676205859154e-05	3.601331821008567e-06	3.4136924210694215e-05	-1.6937321163101095e-05	0.0002168384774075362	4.3794579456350663e-07	-6.882176479353969e-07	-5.6227274985084705e-06	-3.015230451670502e-07	0.04542720029636527	0.8889897891985369	-0.0003777323379268536	-0.00551514888855961	0.009539354108144504	-0.04501238545479256	-0.047416534796347644	0.10541569943242246	-0.044254335964120525	-0.43575986057256644	0.00028443277135730685	0.010624280531679452	-0.012896184497720882	1.6407433159793386e-06	-0.0007961388027327223
