tloc	tmcCabe	assertionDensity	assertionRoulette	mysteryGuest	eagerTest	sensitiveEquality	resourceOptimism	conditionalTestLogic	fireAndForget	loc	lcom2	lcom5	cbo	wmc	rfc	mpc	halsteadVocabulary	halsteadLength	halsteadVolume	classDataShouldBePrivate	complexClass	spaghettiCode	functionalDecomposition	godClass
6.895158356543242e-05	5.38226151996632e-06	2.0877070928850084e-07	2.182392462624831e-05	-6.554039654990131e-07	6.793977028801243e-05	6.518429872034159e-07	-1.1400374918182204e-08	2.0481726649175745e-08	-3.752205860307502e-08	0.14054349004014877	0.21513284925143492	0.0006429572927367971	0.005057683235102693	0.01750527012173595	0.05743052183097987	0.052689018728033866	0.736263261901583	0.05793004001533099	0.612038585797775	0.00011503216057178031	0.01749106133700503	0.08497588431599566	-4.5997385001282515e-06	0.00099341475273169
2.1140751867591035e-06	-2.291945880923272e-05	3.5771450638235055e-06	3.415115032423143e-05	-1.7188623079059422e-05	0.00021756451386547318	4.521034616929797e-07	-7.167293514885655e-07	-5.571436446503479e-06	-3.136795604188352e-07	0.045362467607151666	0.8889629899844929	-0.00037676272216628147	-0.005525058170121274	0.009557301393127302	-0.04506503832743003	-0.04747260401650293	0.1053310689154339	-0.044255756685559096	-0.43582771373086043	0.00028400736817608166	0.010640649952217448	-0.01294389567024947	1.6513761334523797e-06	-0.0007955479424323294
