tloc	tmcCabe	assertionDensity	assertionRoulette	mysteryGuest	eagerTest	sensitiveEquality	resourceOptimism	conditionalTestLogic	fireAndForget	loc	lcom2	lcom5	cbo	wmc	rfc	mpc	halsteadVocabulary	halsteadLength	halsteadVolume	classDataShouldBePrivate	complexClass	spaghettiCode	functionalDecomposition	godClass
6.8246467963572e-05	5.509299444309346e-06	2.1484373946407556e-07	2.2228917530926827e-05	-9.02260123013072e-07	6.870387429628006e-05	6.665690536348301e-07	-9.178830515039447e-09	4.634301238152491e-08	-7.811778735776485e-08	0.1405226458106247	0.21548638375790785	0.0006443960115056355	0.005049074734940772	0.017548158610433455	0.05743700765872737	0.05268343777930958	0.7365005280986455	0.05787167097736077	0.6116303688791748	0.00011451084344442396	0.017549579079367376	0.08501975926230596	-4.592775250108767e-06	0.0006059182264692077
2.0470881658984216e-06	-2.294798232676179e-05	3.6133614975771843e-06	3.448950661274332e-05	-1.6935875660456695e-05	0.00021824605543048104	4.251904552196129e-07	-7.053731579127679e-07	-5.301543832772168e-06	-2.3454021281424775e-07	0.04532441971866085	0.8886616944297787	-0.00038026079138264414	-0.005532855111296611	0.00952769538720527	-0.04525774630319637	-0.04764078457871274	0.10525920854385169	-0.04428602651485928	-0.4364197319062722	0.0002844880991069508	0.010596867260905763	-0.013079236030739752	1.6444573657820686e-06	-0.0004708066905484482
