tloc	tmcCabe	assertionDensity	assertionRoulette	mysteryGuest	eagerTest	sensitiveEquality	resourceOptimism	conditionalTestLogic	fireAndForget	loc	lcom2	lcom5	cbo	wmc	rfc	mpc	halsteadVocabulary	halsteadLength	halsteadVolume	classDataShouldBePrivate	complexClass	spaghettiCode	functionalDecomposition	godClass
6.941149391004552e-05	5.436239281778152e-06	2.0663299006828143e-07	2.2130625243310214e-05	-8.337055359797953e-07	6.883309152697901e-05	6.63564588647233e-07	-1.9244776590312295e-08	4.344330404032168e-08	-4.5360085676088504e-08	0.14045233262039053	0.2149957656073247	0.0006425751342316108	0.005047442572647267	0.017543148468953645	0.05735484520299545	0.05260224104626024	0.7360374606237224	0.05799377963861506	0.6124041961771294	0.0001145502752946458	0.017535187917966225	0.08484061587123064	-4.610637240331022e-06	0.0009898554365738066
