tloc	tmcCabe	assertionDensity	assertionRoulette	mysteryGuest	eagerTest	sensitiveEquality	resourceOptimism	conditionalTestLogic	fireAndForget	loc	lcom2	lcom5	cbo	wmc	rfc	mpc	halsteadVocabulary	halsteadLength	halsteadVolume	classDataShouldBePrivate	complexClass	spaghettiCode	functionalDecomposition	godClass
6.925872618102931e-05	5.401727386746913e-06	1.9941758416532147e-07	2.21273747182252e-05	-8.71268050695342e-07	6.880504189389848e-05	6.674425791307345e-07	-2.0840552553511557e-08	2.898106886044368e-09	-4.6153238007789136e-08	0.14043691250028878	0.21498221838040504	0.0006427382602881525	0.005047092737524583	0.017542585785522563	0.05735404276106404	0.05260167907528037	0.7360341263934865	0.05799527868902627	0.6124171298153981	0.00011445019404918009	0.01753542077223881	0.08483599519357929	-4.61932545430091e-06	0.0009895760627131843
