tloc	tmcCabe	assertionDensity	assertionRoulette	mysteryGuest	eagerTest	sensitiveEquality	resourceOptimism	conditionalTestLogic	fireAndForget	loc	lcom2	lcom5	cbo	wmc	rfc	mpc	halsteadVocabulary	halsteadLength	halsteadVolume	classDataShouldBePrivate	complexClass	spaghettiCode	functionalDecomposition	godClass
6.878862731298337e-05	5.491889088078205e-06	1.9888029740891795e-07	2.2043380617200527e-05	-1.0313496000393632e-06	6.862648644574793e-05	6.796503242332953e-07	-2.7628466812417537e-08	5.5989735281494154e-08	-4.885891868165293e-08	0.14040527650233453	0.21501998241029785	0.0006429771081813585	0.005044016548222637	0.01753854026140939	0.05736065341444076	0.05260984551680866	0.7361242811423625	0.05797268277639664	0.612297866231738	0.00011429729374456183	0.017540127038814933	0.08487724213404928	-4.560148230270933e-06	0.0009887426119739445
