tloc	tmcCabe	assertionDensity	assertionRoulette	mysteryGuest	eagerTest	sensitiveEquality	resourceOptimism	conditionalTestLogic	fireAndForget	loc	lcom2	lcom5	cbo	wmc	rfc	mpc	halsteadVocabulary	halsteadLength	halsteadVolume	classDataShouldBePrivate	complexClass	spaghettiCode	functionalDecomposition	godClass
6.6759844865115e-05	5.36082117985001e-06	1.466254977301964e-07	2.1590651240692827e-05	-9.017156435506576e-07	6.855513369800214e-05	6.496457374110708e-07	4.425575576978287e-08	-2.7732323104965865e-07	-4.579831487471711e-08	0.1403601301861511	0.2149740225148007	0.000643145857584377	0.0050440926949548905	0.017534613033900838	0.05735447904799583	0.052605332366304554	0.7360994502955935	0.057986520691216875	0.6123533820293402	0.00011410624029133634	0.017538888738808954	0.0848817618562695	-4.60783016641347e-06	0.0009881686199500242
