tloc	tmcCabe	assertionDensity	assertionRoulette	mysteryGuest	eagerTest	sensitiveEquality	resourceOptimism	conditionalTestLogic	fireAndForget	loc	lcom2	lcom5	cbo	wmc	rfc	mpc	halsteadVocabulary	halsteadLength	halsteadVolume	classDataShouldBePrivate	complexClass	spaghettiCode	functionalDecomposition	godClass
6.867773925183285e-05	5.350892023672879e-06	1.792804520962983e-07	2.19817664526786e-05	-9.99946327076329e-07	6.876621407238548e-05	6.580413395403585e-07	-2.8178173675394705e-08	1.0843813016184966e-07	-4.983219153681362e-08	0.14046590707851836	0.21512685388651417	0.0006430127378080743	0.005049007887108288	0.01754536596459487	0.05737670311529701	0.052623151207237914	0.7361386003257161	0.05796578474934426	0.6122241834277884	0.00011437039669171964	0.017547084748498972	0.08489589941408313	-4.651895785908587e-06	0.0009894053210932482
