tloc	tmcCabe	assertionDensity	assertionRoulette	mysteryGuest	eagerTest	sensitiveEquality	resourceOptimism	conditionalTestLogic	fireAndForget	loc	lcom2	lcom5	cbo	wmc	rfc	mpc	halsteadVocabulary	halsteadLength	halsteadVolume	classDataShouldBePrivate	complexClass	spaghettiCode	functionalDecomposition	godClass
8.440994772049343e-05	1.2448319008195443e-05	-7.68220683382076e-07	1.0337184960102004e-05	3.0943776135793146e-06	9.032362756031793e-06	-1.0268725151602703e-07	1.7260132387082952e-07	2.5857199516756914e-06	3.672109785004772e-08	0.13827532057390826	0.02576341693817544	0.0007472949210277085	0.006595296824865383	0.01620287675451848	0.0702597346246096	0.06572969591494639	0.6792481272994115	0.06735163928229836	0.7050433357925594	5.575559807573419e-05	0.016025582016252777	0.08598789432205538	-5.268486072660161e-06	0.001286179724480594
0.00039673454266951776	1.763757966093175e-05	-2.0338890035634198e-06	1.5138942463141283e-05	1.8990591859970626e-06	0.0001847881340468446	1.4383031760564102e-06	7.36035892068592e-07	1.4683949787224382e-05	1.6731762190973974e-07	0.13930109503241356	0.9881590129352457	-3.440379082482277e-05	0.002267097785436829	0.02494328492854262	0.019280829155180496	0.010551100915989816	-0.030724877228665855	-0.003277965247155416	-0.03637080978319835	0.0005991653064831433	0.02531497251638701	-0.010036940031744079	-8.675541973845666e-06	0.0026167288207609857
