tloc	tmcCabe	assertionDensity	assertionRoulette	mysteryGuest	eagerTest	sensitiveEquality	resourceOptimism	conditionalTestLogic	fireAndForget	loc	lcom2	lcom5	cbo	wmc	rfc	mpc	halsteadVocabulary	halsteadLength	halsteadVolume	classDataShouldBePrivate	complexClass	spaghettiCode	functionalDecomposition	godClass
6.930919013663006e-05	5.3908920288542164e-06	1.8797757731495831e-07	2.1997955342764298e-05	-7.536434775897477e-07	6.879377994544893e-05	6.758565707276011e-07	-1.7930489165039793e-08	-2.024488224524826e-08	-4.7685076158669267e-08	0.14045624391541198	0.2150370736604735	0.0006427745644774516	0.005047658706632232	0.017544069163669428	0.05736948039753803	0.05261702033020171	0.7360866957031451	0.05797840558376523	0.6123250385362073	0.00011438642017192987	0.017539848622286386	0.08486392508975228	-4.563944581280537e-06	0.0009893717441083018
