tloc	tmcCabe	assertionDensity	assertionRoulette	mysteryGuest	eagerTest	sensitiveEquality	resourceOptimism	conditionalTestLogic	fireAndForget	loc	lcom2	lcom5	cbo	wmc	rfc	mpc	halsteadVocabulary	halsteadLength	halsteadVolume	classDataShouldBePrivate	complexClass	spaghettiCode	functionalDecomposition	godClass
6.106443628613275e-05	4.277150357194288e-06	6.340466988958796e-07	2.2206974799208635e-05	-2.2197865003097253e-06	6.780140133938841e-05	5.832816335505494e-07	-2.4180405148089304e-09	-5.617718455867766e-07	-6.962717501639071e-08	0.1406568679058158	0.21613484801098815	0.0006460903845808913	0.005046723188146655	0.01755424711802092	0.057563446871495526	0.05280977476677912	0.7372304691032141	0.05766693625894114	0.610421176140626	0.00011286235841762672	0.017638374957351585	0.08546680155815037	-4.465903707626156e-06	0.0009753904345935434
2.3991784656344293e-06	-2.28172989103309e-05	3.680167596871295e-06	3.375152977943954e-05	-1.7180534816277803e-05	0.00021806425721794835	4.487255776194132e-07	-6.485624802709259e-07	-5.441594137588793e-06	-2.7289707034818393e-07	0.044705447617759665	0.8892820160306634	-0.000386797046544543	-0.00554674520767476	0.009447431883484575	-0.045626855781196206	-0.04800188625365321	0.10309439924927943	-0.044073676266730186	-0.43566265210115324	0.0002834841575074418	0.010449920865512337	-0.013780478186136088	1.431421820092042e-06	-0.0007968831234577249
