tloc	tmcCabe	assertionDensity	assertionRoulette	mysteryGuest	eagerTest	sensitiveEquality	resourceOptimism	conditionalTestLogic	fireAndForget	loc	lcom2	lcom5	cbo	wmc	rfc	mpc	halsteadVocabulary	halsteadLength	halsteadVolume	classDataShouldBePrivate	complexClass	spaghettiCode	functionalDecomposition	godClass
6.861631547936642e-05	5.351902083704328e-06	1.9567587247981555e-07	2.1962774333523243e-05	-1.0607097710083816e-06	6.890266527633322e-05	6.562780995951835e-07	-2.9311850256474615e-08	-2.106481932579935e-07	-3.752597868452171e-08	0.14047303308302292	0.21519434661444511	0.0006431892301933694	0.005046270195086161	0.01755001943766186	0.05738505495959089	0.05263011524901804	0.7361172550577433	0.0579600380829847	0.612220404586197	0.00011474314608292067	0.017550148007330773	0.08491791380422352	-4.525977635537876e-06	0.0009894167047692787
1.5430889533653555e-06	-2.3019216984715532e-05	3.5819512793689885e-06	3.371874090953456e-05	-1.7010457963971926e-05	0.00021571450658219285	4.3441361563771376e-07	-7.303135151775524e-07	-5.307123442622564e-06	-3.0849381100358315e-07	0.045409142646933236	0.8888008879895564	-0.0003774742513442742	-0.005518876906264823	0.00951881097670374	-0.04508027309451437	-0.04746804354510964	0.10563306854908447	-0.04428372111125449	-0.4360787591994905	0.00028385740683993933	0.010597205005094722	-0.012930553262764832	1.6487779681485807e-06	-0.0007939881850544978
