tloc	tmcCabe	assertionDensity	assertionRoulette	mysteryGuest	eagerTest	sensitiveEquality	resourceOptimism	conditionalTestLogic	fireAndForget	loc	lcom2	lcom5	cbo	wmc	rfc	mpc	halsteadVocabulary	halsteadLength	halsteadVolume	classDataShouldBePrivate	complexClass	spaghettiCode	functionalDecomposition	godClass
6.803379241336376e-05	5.694440635650275e-06	2.22393074503698e-07	2.223781851605631e-05	-1.0803791824174923e-06	6.827086280286136e-05	6.050024191793028e-07	-2.9829653211890184e-08	-7.98294805894698e-07	-5.051300937192817e-08	0.14063020206263346	0.21648320564304357	0.0006439099164041614	0.005080751939901967	0.01759104165678182	0.057744056654830796	0.05297563795486504	0.7348677733655913	0.058024884738428616	0.613153430845449	0.00011538522530105531	0.01759183402975828	0.08495025998693988	-4.164508738665801e-06	0.0009982263882934981
