tloc	tmcCabe	assertionDensity	assertionRoulette	mysteryGuest	eagerTest	sensitiveEquality	resourceOptimism	conditionalTestLogic	fireAndForget	loc	lcom2	lcom5	cbo	wmc	rfc	mpc	halsteadVocabulary	halsteadLength	halsteadVolume	classDataShouldBePrivate	complexClass	spaghettiCode	functionalDecomposition	godClass
6.3221400998194e-05	4.941083354744778e-06	1.381058261409629e-07	2.209582919725479e-05	-1.316147049162769e-06	6.823127294481445e-05	6.556455653115157e-07	-2.3541787206362374e-08	-1.000427240193643e-06	-5.601387989134943e-08	0.14073999318929906	0.21389919234599877	0.0006442075006213133	0.00507583426317254	0.01751837027439535	0.05775660790445978	0.05301599215694675	0.7377219090435686	0.05765525237606992	0.6105354740878305	0.00011518820948752975	0.017582671103229773	0.08566424073933658	-4.51056988502339e-06	0.0009762199255437754
-5.428452917282853e-06	-2.3090894904148002e-05	3.7550018332671676e-06	3.7064329562209285e-05	-1.625541441590244e-05	0.00022418208853557721	4.057175250702555e-07	-6.265101414924966e-07	-3.3360521757469467e-06	-2.9201719083359664e-07	0.0448307456347798	0.8879897278102977	-0.0003793751371135389	-0.005612943720835095	0.009243241107219935	-0.04696693367141698	-0.049246599029968224	0.10746406767687765	-0.04421178457433776	-0.4369317873833013	0.00028899334732582395	0.010234858526078838	-0.014077055876774823	1.579970267655154e-06	-0.0007708488577231732
