tloc	tmcCabe	assertionDensity	assertionRoulette	mysteryGuest	eagerTest	sensitiveEquality	resourceOptimism	conditionalTestLogic	fireAndForget	loc	lcom2	lcom5	cbo	wmc	rfc	mpc	halsteadVocabulary	halsteadLength	halsteadVolume	classDataShouldBePrivate	complexClass	spaghettiCode	functionalDecomposition	godClass
6.645200258661839e-05	5.2453780176497725e-06	1.8524317698987967e-07	2.1843741984199387e-05	-1.1989546837531435e-06	6.878521454279388e-05	6.420913656732221e-07	-3.595731955023526e-08	-2.5479656701312374e-07	-5.6895832809634955e-08	0.14040685039599968	0.21517132759828722	0.0006433922255735057	0.005047681567158864	0.01754069320463765	0.057405331243197674	0.05265525076507058	0.7362800792822963	0.05792685727144868	0.6120382404079527	0.00011302060348242148	0.0175557769061313	0.08498124848039024	-4.463322328061753e-06	0.0009877681140635763
