tloc	tmcCabe	assertionDensity	assertionRoulette	mysteryGuest	eagerTest	sensitiveEquality	resourceOptimism	conditionalTestLogic	fireAndForget	loc	lcom2	lcom5	cbo	wmc	rfc	mpc	halsteadVocabulary	halsteadLength	halsteadVolume	classDataShouldBePrivate	complexClass	spaghettiCode	functionalDecomposition	godClass
6.809794261989018e-05	5.185882587737844e-06	1.9453017609879447e-07	2.2320048062856466e-05	-1.0889215600444639e-06	6.891918999071948e-05	6.677022032696961e-07	-3.5635949647900024e-08	-2.7213431494852975e-07	-4.412088718216568e-08	0.1404121704755029	0.21510083727386234	0.0006429615655417536	0.005041323633865687	0.01754280098595123	0.057381194216194205	0.05262865030621825	0.7362232622085281	0.05794885751589526	0.6121401587686397	0.00011416657345287152	0.017553220748840796	0.0849276195546985	-4.551570641104252e-06	0.0009605839084005962
