tloc	tmcCabe	assertionDensity	assertionRoulette	mysteryGuest	eagerTest	sensitiveEquality	resourceOptimism	conditionalTestLogic	fireAndForget	loc	lcom2	lcom5	cbo	wmc	rfc	mpc	halsteadVocabulary	halsteadLength	halsteadVolume	classDataShouldBePrivate	complexClass	spaghettiCode	functionalDecomposition	godClass
5.372033950009234e-05	3.924224725905231e-06	1.854772266061182e-07	2.234052070769325e-05	-1.7413817384996783e-06	6.859635168133086e-05	6.375385566840557e-07	-4.8508351819787156e-08	-1.5137728584493254e-06	-9.424180142542081e-08	0.1418059598116507	0.2122890997659923	0.000660047548311696	0.005127519341865072	0.017660298460063402	0.05833060897031117	0.05356786108815132	0.7420754751396819	0.057089734366675034	0.6054305823254905	0.00011642416152916519	0.017693718057656592	0.08612930202125588	-4.611204245910664e-06	0.0010170237533497755
