tloc	tmcCabe	assertionDensity	assertionRoulette	mysteryGuest	eagerTest	sensitiveEquality	resourceOptimism	conditionalTestLogic	fireAndForget	loc	lcom2	lcom5	cbo	wmc	rfc	mpc	halsteadVocabulary	halsteadLength	halsteadVolume	classDataShouldBePrivate	complexClass	spaghettiCode	functionalDecomposition	godClass
7.224457732677486e-05	5.952671824108098e-06	2.0457973272669003e-07	2.288476528315809e-05	-5.585087621701036e-07	6.926986885545793e-05	6.979542721135594e-07	-5.540963868966473e-09	4.003287231476131e-07	-3.98543412177222e-08	0.14015634357531084	0.2160224887638281	0.0006458630877342675	0.005071488809420833	0.01750855160414284	0.05687284516106385	0.05221569084548696	0.7356114042954447	0.05801224468379307	0.6127261258095998	0.00011533936383956576	0.017486651769416033	0.0846589456415962	-4.579209903651708e-06	0.0009951974707182413
