tloc	tmcCabe	assertionDensity	assertionRoulette	mysteryGuest	eagerTest	sensitiveEquality	resourceOptimism	conditionalTestLogic	fireAndForget	loc	lcom2	lcom5	cbo	wmc	rfc	mpc	halsteadVocabulary	halsteadLength	halsteadVolume	classDataShouldBePrivate	complexClass	spaghettiCode	functionalDecomposition	godClass
6.687388246744154e-05	5.155753835496727e-06	1.9017856424857895e-07	2.1809566786906373e-05	-1.1540425720362222e-06	6.842771369379712e-05	6.902444855961731e-07	-4.7166663032942855e-08	-3.728443024630064e-07	-5.3138305598222965e-08	0.14051247183757778	0.2134296337198623	0.0006441851979348103	0.005056469538974893	0.01751575228675988	0.05743970953032774	0.05270474036517628	0.7367426368206104	0.05791655202120966	0.6120536906123312	0.00011445127889854974	0.017512069113907715	0.08504531213445811	-4.386705132420122e-06	0.000990871410494152
3.3673541047368396e-06	-2.2798820150137356e-05	3.570245878631419e-06	3.431086303029369e-05	-1.7231590266434405e-05	0.0002187947219995297	4.3889405370084376e-07	-7.560228532114197e-07	-6.170317403445774e-06	-3.020436648288818e-07	0.04620279668670819	0.8876871237904879	-0.00037373699439639216	-0.0055015004528183	0.009556567783239114	-0.04494314932430882	-0.04732159644913976	0.10886282795399582	-0.044496249675544934	-0.4374883740707149	0.0002864653090108088	0.010614282340939153	-0.012465488579322913	1.5895310023564565e-06	-0.0007906442627674995
