tloc	tmcCabe	assertionDensity	assertionRoulette	mysteryGuest	eagerTest	sensitiveEquality	resourceOptimism	conditionalTestLogic	fireAndForget	loc	lcom2	lcom5	cbo	wmc	rfc	mpc	halsteadVocabulary	halsteadLength	halsteadVolume	classDataShouldBePrivate	complexClass	spaghettiCode	functionalDecomposition	godClass
6.812763185079519e-05	5.225503085513366e-06	2.4882642202400066e-07	2.1945077701105306e-05	-1.1744825416269668e-06	6.89793771071969e-05	6.507916654947059e-07	-4.1389702147061225e-08	-1.352438771334396e-07	-4.682808114608668e-08	0.14041454389546953	0.21507664626581488	0.0006431975907700837	0.005045549482388766	0.01754134702452817	0.057377834931020395	0.05262667900038531	0.7361830599830642	0.05795718900030387	0.6121991637584786	0.00011418324627005993	0.01754402088173622	0.08490756789496406	-4.57745803821973e-06	0.0009890846797576194
2.127178142124782e-06	-2.3086762058573863e-05	3.6013318210085418e-06	3.4136924210694276e-05	-1.6937321163099513e-05	0.00021683847740753553	4.379457945634888e-07	-6.882176479353073e-07	-5.622727498507977e-06	-3.015230451670188e-07	0.04542720029636595	0.8889897891985425	-0.0003777323379268441	-0.005515148888559506	0.009539354108144825	-0.04501238545479181	-0.047416534796346915	0.10541569943240832	-0.04425433596411954	-0.4357598605725576	0.00028443277135731997	0.010624280531679759	-0.012896184497722772	1.6407433159789648e-06	-0.0007961388027326182
