tloc	tmcCabe	assertionDensity	assertionRoulette	mysteryGuest	eagerTest	sensitiveEquality	resourceOptimism	conditionalTestLogic	fireAndForget	loc	lcom2	lcom5	cbo	wmc	rfc	mpc	halsteadVocabulary	halsteadLength	halsteadVolume	classDataShouldBePrivate	complexClass	spaghettiCode	functionalDecomposition	godClass
6.524452008715905e-05	5.068849304149768e-06	1.1681464198972422e-07	2.186355437916409e-05	-4.7420483731510284e-07	6.772213618721638e-05	6.30788895195579e-07	-9.789232309728754e-08	-3.7936712732994527e-07	-7.268221512014257e-08	0.140943187793271	0.21624738828057258	0.0006456504719649566	0.005068669576316721	0.017601755243462726	0.05770048616949533	0.05293847241465219	0.7375020322810114	0.05758084703575167	0.6099467637120674	0.0001171606686969281	0.01767148148637918	0.08562469130049521	-4.418767288822704e-06	0.0007606631563881762
1.917397169439845e-05	-2.2671481332257536e-05	3.6989480782030257e-06	3.710677060686049e-05	-7.892542664547172e-06	0.00022022487290678636	4.079935303451516e-07	-4.964817586263698e-07	-3.7207057754219902e-06	-2.6455835234811904e-07	0.04123620176184562	0.884996121293418	-0.0004044373681000831	-0.0059182910821637645	0.008805993274693082	-0.048987573624574426	-0.051107844936433014	0.11049949144656868	-0.04452591443689261	-0.44211388235642274	0.00022206960147042393	0.00980809880992529	-0.014240158735592161	1.49345164409216e-06	-0.0006714111987880995
