tloc	tmcCabe	assertionDensity	assertionRoulette	mysteryGuest	eagerTest	sensitiveEquality	resourceOptimism	conditionalTestLogic	fireAndForget	loc	lcom2	lcom5	cbo	wmc	rfc	mpc	halsteadVocabulary	halsteadLength	halsteadVolume	classDataShouldBePrivate	complexClass	spaghettiCode	functionalDecomposition	godClass
6.730124034257384e-05	4.7350935147912945e-06	3.651186863910328e-07	2.2087135983800287e-05	-1.4004344363625332e-06	6.876883977725536e-05	6.52020198184186e-07	-4.220598165512918e-08	-6.302784301300195e-07	-5.88954715053756e-08	0.1403375414660343	0.21513994660336164	0.0006434150600422482	0.005041497555055076	0.017537261833878222	0.057376324121487327	0.052625228105992516	0.7362859396607561	0.05793183509832278	0.6120681350505321	0.00011395760745089833	0.01754680812610302	0.08494682353145566	-4.5184445427910456e-06	0.0009868679946354619
3.694432705730125e-06	-2.2642557022287458e-05	3.5205905366375047e-06	3.406108190735752e-05	-1.6744137801390915e-05	0.00021726709325615363	4.497292340716908e-07	-6.950133589383036e-07	-5.266460934373285e-06	-3.011903790854721e-07	0.045512467055638245	0.8889546774378178	-0.00037758531222564865	-0.005512716292601172	0.009539839069135346	-0.04500552566394273	-0.04740531146425738	0.10531761968919341	-0.04426002868788529	-0.4358471658161365	0.00028468375834681973	0.010630559829223538	-0.012908375963481121	1.6277744576233554e-06	-0.0007914724365084253
