tloc	tmcCabe	assertionDensity	assertionRoulette	mysteryGuest	eagerTest	sensitiveEquality	resourceOptimism	conditionalTestLogic	fireAndForget	loc	lcom2	lcom5	cbo	wmc	rfc	mpc	halsteadVocabulary	halsteadLength	halsteadVolume	classDataShouldBePrivate	complexClass	spaghettiCode	functionalDecomposition	godClass
6.941149391003409e-05	5.43623928177809e-06	2.0663299006828315e-07	2.213062524331019e-05	-8.33705535979876e-07	6.883309152697926e-05	6.635645886472255e-07	-1.9244776590317116e-08	4.344330404027764e-08	-4.536008567608954e-08	0.14045233262039025	0.2149957656073256	0.0006425751342316107	0.005047442572647259	0.017543148468953634	0.05735484520299544	0.052602241046260205	0.7360374606237227	0.057993779638614955	0.6124041961771289	0.0001145502752946451	0.017535187917966204	0.08484061587123061	-4.610637240330995e-06	0.0009898554365737999
