tloc	tmcCabe	assertionDensity	assertionRoulette	mysteryGuest	eagerTest	sensitiveEquality	resourceOptimism	conditionalTestLogic	fireAndForget	loc	lcom2	lcom5	cbo	wmc	rfc	mpc	halsteadVocabulary	halsteadLength	halsteadVolume	classDataShouldBePrivate	complexClass	spaghettiCode	functionalDecomposition	godClass
6.925872618083536e-05	5.401727386747028e-06	1.9941758416530872e-07	2.212737471822508e-05	-8.712680506952918e-07	6.880504189389756e-05	6.6744257913073e-07	-2.0840552553510277e-08	2.8981068860514753e-09	-4.615323800778793e-08	0.14043691250028875	0.2149822183804015	0.0006427382602881557	0.005047092737524628	0.017542585785522535	0.05735404276106423	0.05260167907528069	0.7360341263934853	0.05799527868902644	0.6124171298153993	0.00011445019404917913	0.01753542077223881	0.08483599519357936	-4.619325454300919e-06	0.0009895760627131878
