tloc	tmcCabe	assertionDensity	assertionRoulette	mysteryGuest	eagerTest	sensitiveEquality	resourceOptimism	conditionalTestLogic	fireAndForget	loc	lcom2	lcom5	cbo	wmc	rfc	mpc	halsteadVocabulary	halsteadLength	halsteadVolume	classDataShouldBePrivate	complexClass	spaghettiCode	functionalDecomposition	godClass
0.00012718757948327274	8.512765030152034e-07	1.3526951788646166e-06	4.056368764604631e-05	3.3847285776994868e-06	0.0001767258248620915	2.2558729209330367e-06	3.5161599963910787e-07	8.557908573102474e-06	1.1527515282964938e-07	0.12858415454649358	0.5577254730099347	0.00024967702446118515	0.0008680917480025708	0.017337714972895994	0.01735547458750328	0.012668430214886778	0.7246167340200644	0.036906221221315205	0.37571915379830995	0.00027552084056946426	0.016871242020780913	0.06132699483899773	-6.130941232305373e-06	0.0017807116239699247
