tloc	tmcCabe	assertionDensity	assertionRoulette	mysteryGuest	eagerTest	sensitiveEquality	resourceOptimism	conditionalTestLogic	fireAndForget	loc	lcom2	lcom5	cbo	wmc	rfc	mpc	halsteadVocabulary	halsteadLength	halsteadVolume	classDataShouldBePrivate	complexClass	spaghettiCode	functionalDecomposition	godClass
6.878862731294706e-05	5.4918890880781465e-06	1.988802974089188e-07	2.2043380617200472e-05	-1.0313496000394575e-06	6.862648644574773e-05	6.796503242332827e-07	-2.7628466812423503e-08	5.598973528141239e-08	-4.885891868165521e-08	0.1404052765023345	0.21501998241029832	0.0006429771081813591	0.005044016548222638	0.017538540261409424	0.057360653414440896	0.052609845516808716	0.7361242811423624	0.05797268277639657	0.6122978662317372	0.00011429729374456157	0.017540127038814912	0.08487724213404936	-4.560148230270901e-06	0.0009887426119739445
