tloc	tmcCabe	assertionDensity	assertionRoulette	mysteryGuest	eagerTest	sensitiveEquality	resourceOptimism	conditionalTestLogic	fireAndForget	loc	lcom2	lcom5	cbo	wmc	rfc	mpc	halsteadVocabulary	halsteadLength	halsteadVolume	classDataShouldBePrivate	complexClass	spaghettiCode	functionalDecomposition	godClass
6.675984486511014e-05	5.360821179849979e-06	1.4662549773019074e-07	2.1590651240692766e-05	-9.01715643550639e-07	6.855513369800175e-05	6.49645737411071e-07	4.42557557697837e-08	-2.773232310496586e-07	-4.5798314874717086e-08	0.14036013018615068	0.21497402251479933	0.0006431458575843767	0.005044092694954876	0.017534613033900814	0.05735447904799573	0.05260533236630454	0.7360994502955942	0.05798652069121689	0.6123533820293394	0.00011410624029133598	0.017538888738808874	0.08488176185626943	-4.607830166413464e-06	0.0009881686199500225
