tloc	tmcCabe	assertionDensity	assertionRoulette	mysteryGuest	eagerTest	sensitiveEquality	resourceOptimism	conditionalTestLogic	fireAndForget	loc	lcom2	lcom5	cbo	wmc	rfc	mpc	halsteadVocabulary	halsteadLength	halsteadVolume	classDataShouldBePrivate	complexClass	spaghettiCode	functionalDecomposition	godClass
7.224457732700594e-05	5.9526718241081365e-06	2.0457973272668182e-07	2.2884765283157987e-05	-5.585087621700868e-07	6.926986885545764e-05	6.979542721135569e-07	-5.540963868965411e-09	4.003287231476322e-07	-3.98543412177217e-08	0.1401563435753108	0.21602248876382682	0.0006458630877342672	0.00507148880942083	0.01750855160414283	0.056872845161063876	0.05221569084548701	0.7356114042954445	0.0580122446837931	0.6127261258096005	0.00011533936383956502	0.017486651769416002	0.0846589456415962	-4.579209903651701e-06	0.0009951974707182486
-1.079144424810136e-06	-2.357876605089853e-05	3.6013609227245027e-06	3.332493107965279e-05	-1.731925233837467e-05	0.00021687552856528496	4.047394493661846e-07	-7.22026034196463e-07	-6.002277857322267e-06	-3.1395036551834306e-07	0.04569349194109466	0.8884641326576128	-0.00038048679960553166	-0.005543044520410408	0.009577924119517882	-0.04457674526116509	-0.0470739177491391	0.10555918825107592	-0.04436229155165787	-0.43684153914652835	0.00028357519717796877	0.010675267828178077	-0.012725064787284206	1.6473807195920647e-06	-0.000799709166002229
-0.0006733665035875448	-5.23622334305855e-05	1.5055353055297313e-06	-1.6024625015539669e-06	-9.05593002010556e-05	1.5715046331484308e-05	5.154356420987243e-07	-5.265931893432432e-06	-2.8464673665023258e-05	-1.4254846688837423e-06	-0.1019450757654084	-0.38694353509749285	-0.000671250184252652	-0.007957875374783093	-0.026558923200060317	-0.06768884153169841	-0.05868054888867271	0.6579430451150153	-0.07260630827971358	-0.6213865080372476	-0.0008160753775443714	-0.023307600745266027	0.07881469328093843	2.4123275457147214e-05	-0.007036347997886824
0.0003529796084279206	8.41770928299777e-05	8.062241567879095e-06	1.862497231944506e-05	-8.798462626951738e-05	-0.000226158291703108	-2.6260518502700305e-06	-7.827630918671053e-06	-2.328860600460804e-05	-6.907938397143537e-07	0.8747633266906193	-0.09844934487224397	0.003555608755212356	0.05471664841836926	0.08034445507173951	0.28557162644008244	0.26712662202918863	-0.05000372383317662	-0.04769649516528334	-0.17495290004750746	-0.0003244480963019852	0.08288953820570813	0.14286278838081	-7.477451384842462e-06	-0.007917276848831416
