tloc	tmcCabe	assertionDensity	assertionRoulette	mysteryGuest	eagerTest	sensitiveEquality	resourceOptimism	conditionalTestLogic	fireAndForget	loc	lcom2	lcom5	cbo	wmc	rfc	mpc	halsteadVocabulary	halsteadLength	halsteadVolume	classDataShouldBePrivate	complexClass	spaghettiCode	functionalDecomposition	godClass
6.92587261808309e-05	5.401727386746983e-06	1.9941758416531494e-07	2.212737471822513e-05	-8.712680506952818e-07	6.880504189389793e-05	6.674425791307342e-07	-2.0840552553508778e-08	2.8981068860806905e-09	-4.615323800778818e-08	0.14043691250028884	0.21498221838040313	0.0006427382602881546	0.005047092737524604	0.01754258578552256	0.05735404276106418	0.05260167907528047	0.7360341263934859	0.05799527868902643	0.6124171298153991	0.00011445019404917971	0.01753542077223878	0.08483599519357919	-4.619325454300923e-06	0.0009895760627131845
1.72528191786201e-06	-2.3052164978577744e-05	3.6016395860014736e-06	3.406319715378492e-05	-1.700922939190187e-05	0.00021721423662168324	4.3425349804902214e-07	-7.068866975697334e-07	-5.618454203853849e-06	-3.078560942251001e-07	0.04549240456956159	0.8889972500064316	-0.0003767385625868758	-0.005512105082392728	0.009552271377739521	-0.04495734446219636	-0.04736544512905436	0.1056004358980018	-0.04426370428294309	-0.4357050193848057	0.0002843350918050346	0.010635449693881879	-0.01282378308612608	1.6735598274548974e-06	-0.0007921565704389963
-0.0006890936962770585	-5.662658041412326e-05	1.7020882556137838e-06	-7.52881085438539e-06	-9.265243088500183e-05	1.3156504903231697e-05	2.7807342018973434e-07	-5.368880525191453e-06	-3.1837689570182964e-05	-1.4805680821806631e-06	-0.09529486436726078	-0.3870867084214698	-0.0006891566881782268	-0.008012735918785522	-0.025673134875442472	-0.06160658442385819	-0.05370594793700666	0.6569894042013635	-0.07280645216842926	-0.624282576128912	-0.0008162834906218005	-0.022234986657966065	0.08043191576385435	2.3742142133849016e-05	-0.007060176896227482
0.00029260205582179184	6.832724868447376e-05	8.276385978307823e-06	1.687371581972657e-07	-9.248898587004359e-05	-0.00022989401047827538	-3.384436634646454e-06	-7.955135677499688e-06	-3.396002892143185e-05	-8.616401804658261e-07	0.869176662195451	-0.09338768546338934	0.0034134908056312435	0.05307821224922695	0.08097096094267936	0.2970480281287071	0.2757285897151378	-0.05672026823579115	-0.04617633729888527	-0.1705345924169593	-0.0003170908524561132	0.08400628497333996	0.1435709223867997	-8.580760304862941e-06	-0.007760760438742187
