tloc	tmcCabe	assertionDensity	assertionRoulette	mysteryGuest	eagerTest	sensitiveEquality	resourceOptimism	conditionalTestLogic	fireAndForget	loc	lcom2	lcom5	cbo	wmc	rfc	mpc	halsteadVocabulary	halsteadLength	halsteadVolume	classDataShouldBePrivate	complexClass	spaghettiCode	functionalDecomposition	godClass
0.00012718757948328329	8.51276503015583e-07	1.352695178864576e-06	4.056368764604633e-05	3.3847285776999467e-06	0.00017672582486209047	2.2558729209330727e-06	3.5161599963913254e-07	8.557908573102853e-06	1.152751528296607e-07	0.12858415454649297	0.5577254730099284	0.00024967702446118364	0.0008680917480025784	0.017337714972895858	0.017355474587503212	0.01266843021488676	0.7246167340200671	0.03690622122131572	0.3757191537983148	0.0002755208405694635	0.016871242020780757	0.06132699483899769	-6.13094123230546e-06	0.0017807116239699668
-0.00026823211335461565	-4.448228052576254e-05	4.469279198763673e-06	-2.8917836404266322e-06	-5.823907165837433e-05	7.26302082643477e-05	-5.460007964067741e-06	-3.2035885791233863e-06	-4.8440897654303344e-05	-1.3605734921672874e-06	0.05687477156368174	0.7363462821999476	0.00011258982442251669	-0.00144761124572811	0.011842105917446421	0.0012623772910887164	-0.0016102062278568316	-0.2514269534611668	-0.0715087004192394	-0.6210988223707116	9.246840414965056e-06	0.01633785226178434	-0.004521560047380884	1.3755794902211689e-05	-0.005716068749777961
-0.000779013552574389	-6.92467586848962e-05	2.3119208388827323e-06	-1.7763432425775335e-05	-0.00010952022056967091	-1.4304739422517341e-05	-1.973449841627712e-06	-6.401941036552478e-06	-4.649720334731953e-05	-1.8689728058523787e-06	-0.07325898466878955	-0.3523727985812763	-0.00048392857199559835	-0.007076273355696374	-0.02278784584079365	-0.04282957399173464	-0.03575477952502964	0.6315535700491456	-0.0816960356677348	-0.6722117639423659	-0.0008987197253459678	-0.018037604646694693	0.0947259596535216	2.67418909427942e-05	-0.009030752277222883
0.0018338020010963132	5.043601132231816e-05	1.112778509840249e-05	6.0850534330948345e-05	9.571342226092461e-05	0.00012096984416124343	2.533543442525134e-05	8.084791083257974e-07	0.00012318301627963936	4.551883951286421e-06	0.9621696066396342	-0.14699448246645838	0.001721607238642105	0.01682983353786851	0.057032770425152	0.1460909524946167	0.12432221381144942	-0.034712111647719215	-0.018903703157738566	-0.06835732863240614	0.000776514621475571	0.04243008955256834	0.064377634016353	-7.226403251962889e-05	0.010046514253803988
