tloc	tmcCabe	assertionDensity	assertionRoulette	mysteryGuest	eagerTest	sensitiveEquality	resourceOptimism	conditionalTestLogic	fireAndForget	loc	lcom2	lcom5	cbo	wmc	rfc	mpc	halsteadVocabulary	halsteadLength	halsteadVolume	classDataShouldBePrivate	complexClass	spaghettiCode	functionalDecomposition	godClass
6.925657594320719e-05	5.466715082211361e-06	2.0681845692305212e-07	2.2141550067341415e-05	-8.723239379771779e-07	6.880789082665592e-05	6.686209414183086e-07	-2.0956069339250845e-08	1.1672546339775612e-08	-4.502190882189006e-08	0.14043637084885136	0.21501570803480347	0.0006427559090284173	0.005047484353374367	0.017543754398581458	0.05735425216994448	0.052601471653653115	0.736044354755702	0.05799031081153225	0.6123919382162833	0.00011446558439514589	0.01753790928608814	0.08484772944018945	-4.603694475617682e-06	0.0009896917977272252
7.387960035364138e-07	-2.3061952625446515e-05	3.584761327011394e-06	3.391115437655361e-05	-1.706426526427306e-05	0.00021698482380169535	4.293013523617493e-07	-7.096116921570001e-07	-5.664959364734101e-06	-3.097824171259308e-07	0.04548474711130197	0.8889805812036793	-0.0003768573043116201	-0.005513744749974174	0.009548010864344333	-0.04496288081553167	-0.047369442642085466	0.10558477577110517	-0.04426342305026028	-0.4357420346768991	0.0002842542594099401	0.01062980412424858	-0.012851606143418537	1.66111256494902e-06	-0.0007928815967973447
