tloc	tmcCabe	assertionDensity	assertionRoulette	mysteryGuest	eagerTest	sensitiveEquality	resourceOptimism	conditionalTestLogic	fireAndForget	loc	lcom2	lcom5	cbo	wmc	rfc	mpc	halsteadVocabulary	halsteadLength	halsteadVolume	classDataShouldBePrivate	complexClass	spaghettiCode	functionalDecomposition	godClass
7.035384385339872e-05	5.408630027568174e-06	2.257610275458914e-07	2.2716162789740103e-05	-9.35100377900801e-07	6.81911667174776e-05	6.587759835859271e-07	-2.4775368953454e-08	5.082332288063408e-08	-4.708041736032592e-08	0.14044537323010467	0.21458695359710456	0.0006433875266395753	0.005049092806669723	0.0175263076991161	0.057412272479486375	0.05266618677409169	0.7361190039005987	0.057983154573521344	0.6124279486086578	0.00011445857076862173	0.017520657249946187	0.08494326070081358	-4.558423740811735e-06	0.000990396177429029
