tloc	tmcCabe	assertionDensity	assertionRoulette	mysteryGuest	eagerTest	sensitiveEquality	resourceOptimism	conditionalTestLogic	fireAndForget	loc	lcom2	lcom5	cbo	wmc	rfc	mpc	halsteadVocabulary	halsteadLength	halsteadVolume	classDataShouldBePrivate	complexClass	spaghettiCode	functionalDecomposition	godClass
6.95192091145766e-05	5.470066621061455e-06	2.069623187620969e-07	2.221084993966277e-05	-8.51738439194243e-07	6.880050418431481e-05	6.698603617093072e-07	-2.1782160243222875e-08	1.298037933862285e-07	-4.6622900284498264e-08	0.14043635778085253	0.214976153609942	0.0006427188634866417	0.005048303458021286	0.01754283645703664	0.05735426424644792	0.05260186965713663	0.7360324893698852	0.05799631530379566	0.612421194813659	0.0001144497914194724	0.017535068094137695	0.08483611372927123	-4.617552634908905e-06	0.0009894628695734018
