tloc	tmcCabe	assertionDensity	assertionRoulette	mysteryGuest	eagerTest	sensitiveEquality	resourceOptimism	conditionalTestLogic	fireAndForget	loc	lcom2	lcom5	cbo	wmc	rfc	mpc	halsteadVocabulary	halsteadLength	halsteadVolume	classDataShouldBePrivate	complexClass	spaghettiCode	functionalDecomposition	godClass
6.974083973116819e-05	5.609841943367024e-06	1.645052775695864e-07	2.219461009258683e-05	-1.2984450357535664e-06	6.824396220288069e-05	6.432795226074873e-07	-3.8036477473698187e-08	1.1462078313188557e-08	-4.9349310949862066e-08	0.1405466217729917	0.2152659358792512	0.0006431764925809642	0.005058209467772813	0.01755244262075262	0.05741281969062725	0.05265753437349573	0.7361590131350174	0.057938052430073175	0.612122823905452	0.00011546294448707462	0.017553021120649357	0.08493361078539521	-4.6713048701624556e-06	0.0009881743712126935
7.97302900554232e-07	-2.313029189821239e-05	3.607532180440661e-06	3.4023067099977514e-05	-1.6949728305112822e-05	0.00021743742626206215	4.39563177101164e-07	-7.057293145826337e-07	-5.6926994099099205e-06	-3.1064772177580217e-07	0.04521164698020125	0.8889885631939799	-0.000377718031782861	-0.0055315001759652215	0.009521249760506818	-0.045095400873992955	-0.047492748673847764	0.10524312868427896	-0.04423508642225912	-0.43580999101498447	0.0002835383924872515	0.010610310705065936	-0.012967073520264747	1.681776851535767e-06	-0.0007937902050524202
