tloc	tmcCabe	assertionDensity	assertionRoulette	mysteryGuest	eagerTest	sensitiveEquality	resourceOptimism	conditionalTestLogic	fireAndForget	loc	lcom2	lcom5	cbo	wmc	rfc	mpc	halsteadVocabulary	halsteadLength	halsteadVolume	classDataShouldBePrivate	complexClass	spaghettiCode	functionalDecomposition	godClass
6.915860879747293e-05	5.3151141433869885e-06	1.947804655519354e-07	2.2078756819583654e-05	-9.459639873132777e-07	6.916199034175362e-05	7.332914302977787e-07	-2.4455324153071142e-08	-6.894644623859202e-08	-4.7954315654505176e-08	0.14070225542304163	0.2152385506497696	0.0006426991222981496	0.00504784898366494	0.017555340145808517	0.057371642990652	0.05261380780790155	0.7360134603109807	0.05797612931822359	0.6122881436998282	0.00011439015298610776	0.017543770018721677	0.08484596504330705	-4.631969855705857e-06	0.0009892151933109216
2.3973522808748485e-06	-2.2624073295786665e-05	3.6433821222906423e-06	3.4469922439146624e-05	-1.6659762864025396e-05	0.00021538637616441039	1.431659180896649e-07	-6.898062982257818e-07	-5.250514317410292e-06	-2.992697107396039e-07	0.04393999242597732	0.8888170559573275	-0.00038125070758727563	-0.005532258317552036	0.00947207258100884	-0.04520406436343514	-0.04757545667037822	0.10593018044075199	-0.04427210153581656	-0.43610323887071367	0.0002851853926529702	0.010568251249449177	-0.012903978327182377	1.744727360947287e-06	-0.0007923397920611134
-0.0006954817428760541	-5.791511582927188e-05	1.544855615146703e-06	-9.232523980664256e-06	-9.400489364346889e-05	1.618921824527937e-05	8.069789512828812e-07	-5.441539741952556e-06	-3.2939242575311194e-05	-1.5104288521456708e-06	-0.0906428163845104	-0.38820286272177057	-0.0006672317273585046	-0.00792821078034658	-0.02544047755076915	-0.060820740065850046	-0.053021113752694804	0.6566830238792916	-0.07292917909821586	-0.6246887147542891	-0.0008213804244602196	-0.022042470238485695	0.08085152066810283	2.3582946913055106e-05	-0.007087724891950046
