tloc	tmcCabe	assertionDensity	assertionRoulette	mysteryGuest	eagerTest	sensitiveEquality	resourceOptimism	conditionalTestLogic	fireAndForget	loc	lcom2	lcom5	cbo	wmc	rfc	mpc	halsteadVocabulary	halsteadLength	halsteadVolume	classDataShouldBePrivate	complexClass	spaghettiCode	functionalDecomposition	godClass
8.440994772046443e-05	1.2448319008195394e-05	-7.682206833820803e-07	1.0337184960101957e-05	3.0943776135792523e-06	9.032362756032106e-06	-1.0268725151602744e-07	1.7260132387082897e-07	2.5857199516756703e-06	3.6721097850046495e-08	0.13827532057390834	0.0257634169381775	0.0007472949210277089	0.006595296824865372	0.016202876754518543	0.07025973462460958	0.06572969591494639	0.6792481272994118	0.06735163928229843	0.7050433357925587	5.575559807573514e-05	0.016025582016252822	0.08598789432205542	-5.268486072660158e-06	0.0012861797244806015
0.0003967345426695082	1.7637579660927616e-05	-2.033889003563399e-06	1.5138942463141144e-05	1.8990591859970942e-06	0.00018478813404684445	1.4383031760564075e-06	7.360358920685962e-07	1.4683949787224399e-05	1.6731762190973937e-07	0.13930109503241367	0.988159012935246	-3.440379082482427e-05	0.0022670977854368415	0.024943284928542604	0.01928082915518035	0.010551100915989705	-0.030724877228667565	-0.003277965247155557	-0.0363708097831996	0.0005991653064831433	0.025314972516387018	-0.010036940031744334	-8.675541973845705e-06	0.0026167288207609774
