tloc	tmcCabe	assertionDensity	assertionRoulette	mysteryGuest	eagerTest	sensitiveEquality	resourceOptimism	conditionalTestLogic	fireAndForget	loc	lcom2	lcom5	cbo	wmc	rfc	mpc	halsteadVocabulary	halsteadLength	halsteadVolume	classDataShouldBePrivate	complexClass	spaghettiCode	functionalDecomposition	godClass
6.106443628605806e-05	4.277150357194458e-06	6.340466988958653e-07	2.2206974799208527e-05	-2.219786500309546e-06	6.780140133938753e-05	5.832816335505612e-07	-2.4180405148013906e-09	-5.617718455866747e-07	-6.962717501638827e-08	0.14065686790581564	0.21613484801098404	0.0006460903845808925	0.005046723188146688	0.017554247118020852	0.05756344687149564	0.05280977476677931	0.7372304691032135	0.05766693625894129	0.610421176140628	0.00011286235841762605	0.017638374957351526	0.08546680155815028	-4.465903707626198e-06	0.0009753904345935422
2.3991784656027647e-06	-2.2817298910063895e-05	3.6801675968713014e-06	3.3751529779439525e-05	-1.7180534816278627e-05	0.00021806425721794897	4.487255776194229e-07	-6.485624802709749e-07	-5.441594137589057e-06	-2.728970703481956e-07	0.04470544761775956	0.8892820160306605	-0.00038679704654454695	-0.0055467452076748015	0.009447431883484372	-0.04562685578119642	-0.048001886253653474	0.103094399249289	-0.04407367626673044	-0.4356626521011563	0.0002834841575074351	0.010449920865512167	-0.013780478186134823	1.431421820092219e-06	-0.0007968831234577863
