tloc	tmcCabe	assertionDensity	assertionRoulette	mysteryGuest	eagerTest	sensitiveEquality	resourceOptimism	conditionalTestLogic	fireAndForget	loc	lcom2	lcom5	cbo	wmc	rfc	mpc	halsteadVocabulary	halsteadLength	halsteadVolume	classDataShouldBePrivate	complexClass	spaghettiCode	functionalDecomposition	godClass
6.861631547942334e-05	5.351902083704276e-06	1.956758724798261e-07	2.19627743335234e-05	-1.0607097710083675e-06	6.890266527633393e-05	6.562780995951924e-07	-2.931185025647141e-08	-2.1064819325796365e-07	-3.752597868452166e-08	0.14047303308302303	0.21519434661444808	0.0006431892301933684	0.005046270195086143	0.017550019437661907	0.05738505495959072	0.052630115249017825	0.7361172550577437	0.05796003808298462	0.6122204045861955	0.00011474314608292201	0.01755014800733077	0.0849179138042235	-4.5259776355378895e-06	0.0009894167047692765
1.5430889532976372e-06	-2.3019216984749434e-05	3.5819512793689957e-06	3.371874090953432e-05	-1.7010457963972688e-05	0.00021571450658219307	4.344136156377011e-07	-7.303135151775936e-07	-5.307123442622882e-06	-3.084938110035968e-07	0.04540914264693166	0.8888008879895523	-0.00037747425134428413	-0.005518876906264937	0.009518810976703469	-0.045080273094515205	-0.047468043545110375	0.10563306854908754	-0.04428372111125521	-0.43607875919949785	0.0002838574068399323	0.010597205005094442	-0.012930553262764469	1.6487779681488232e-06	-0.000793988185054572
