tloc	tmcCabe	assertionDensity	assertionRoulette	mysteryGuest	eagerTest	sensitiveEquality	resourceOptimism	conditionalTestLogic	fireAndForget	loc	lcom2	lcom5	cbo	wmc	rfc	mpc	halsteadVocabulary	halsteadLength	halsteadVolume	classDataShouldBePrivate	complexClass	spaghettiCode	functionalDecomposition	godClass
6.322140099814652e-05	4.941083354744723e-06	1.3810582614097192e-07	2.209582919725488e-05	-1.3161470491628521e-06	6.823127294481488e-05	6.556455653115093e-07	-2.3541787206367625e-08	-1.0004272401936922e-06	-5.6013879891350484e-08	0.14073999318929908	0.2138991923460002	0.0006442075006213124	0.005075834263172536	0.017518370274395362	0.05775660790445979	0.05301599215694675	0.7377219090435692	0.057655252376069825	0.6105354740878286	0.00011518820948752957	0.01758267110322981	0.08566424073933657	-4.5105698850233844e-06	0.0009762199255437767
-5.4284529172803645e-06	-2.3090894903964694e-05	3.755001833267162e-06	3.7064329562209245e-05	-1.6255414415902256e-05	0.000224182088535577	4.057175250702613e-07	-6.265101414924846e-07	-3.336052175746853e-06	-2.9201719083359346e-07	0.04483074563477948	0.8879897278102978	-0.0003793751371135409	-0.005612943720835108	0.009243241107219928	-0.04696693367141716	-0.049246599029968405	0.1074640676768752	-0.04421178457433776	-0.43693178738330163	0.0002889933473258248	0.010234858526078855	-0.0140770558767751	1.5799702676551225e-06	-0.0007708488577231602
