tloc	tmcCabe	assertionDensity	assertionRoulette	mysteryGuest	eagerTest	sensitiveEquality	resourceOptimism	conditionalTestLogic	fireAndForget	loc	lcom2	lcom5	cbo	wmc	rfc	mpc	halsteadVocabulary	halsteadLength	halsteadVolume	classDataShouldBePrivate	complexClass	spaghettiCode	functionalDecomposition	godClass
6.645200258664382e-05	5.245378017649761e-06	1.8524317698988086e-07	2.184374198419946e-05	-1.1989546837530855e-06	6.878521454279407e-05	6.420913656732244e-07	-3.595731955023074e-08	-2.5479656701309975e-07	-5.6895832809633916e-08	0.14040685039599968	0.21517132759828828	0.0006433922255735057	0.005047681567158855	0.01754069320463765	0.05740533124319757	0.05265525076507048	0.7362800792822959	0.0579268572714487	0.6120382404079526	0.00011302060348242182	0.0175557769061313	0.0849812484803901	-4.4633223280617705e-06	0.0009877681140635862
