tloc	tmcCabe	assertionDensity	assertionRoulette	mysteryGuest	eagerTest	sensitiveEquality	resourceOptimism	conditionalTestLogic	fireAndForget	loc	lcom2	lcom5	cbo	wmc	rfc	mpc	halsteadVocabulary	halsteadLength	halsteadVolume	classDataShouldBePrivate	complexClass	spaghettiCode	functionalDecomposition	godClass
6.305241705896391e-05	4.499233901722358e-06	3.379518324267418e-07	2.2861823854467326e-05	-2.4504059979899053e-06	7.157238940437653e-05	4.841055129791294e-07	-2.747911902254348e-07	-1.4453863750140317e-06	-4.8922142295906545e-08	0.13966751085231116	0.22154185335869764	0.0006799637891248929	0.005229486193047005	0.018132821200292408	0.06027720587271464	0.05537304420259694	0.7338290372639481	0.05755108591086514	0.6122478781278501	7.423487351410055e-05	0.018211707181027867	0.08578586773656262	-4.419431605464315e-06	0.0007243716525669009
-8.223424482893182e-06	-2.3946223836454882e-05	3.920349373954679e-06	3.487355912349372e-05	-1.76212703235993e-05	0.00023179263286274998	1.0689318298397605e-06	-5.193699764700652e-07	-4.368364175969251e-06	-3.1623347807278187e-07	0.03067320444582247	0.8754363872686969	-0.000472994582662794	-0.006679542792708332	0.007831407908299544	-0.05619944792800962	-0.057914698113153563	0.12462370546022565	-0.045505841002969664	-0.4561683960579843	0.00040913224087867485	0.008692707821376325	-0.01684952154744131	1.6874451466918372e-06	-0.0006908292513293049
