tloc	tmcCabe	assertionDensity	assertionRoulette	mysteryGuest	eagerTest	sensitiveEquality	resourceOptimism	conditionalTestLogic	fireAndForget	loc	lcom2	lcom5	cbo	wmc	rfc	mpc	halsteadVocabulary	halsteadLength	halsteadVolume	classDataShouldBePrivate	complexClass	spaghettiCode	functionalDecomposition	godClass
6.943297850820153e-05	5.4466178930599234e-06	2.0418866056988958e-07	2.2148999552511387e-05	-8.265892654286755e-07	6.877669141828117e-05	6.690072700836104e-07	-1.8785726949065893e-08	3.700036349181753e-08	-4.4950630804627524e-08	0.1404268517353709	0.2148693126796645	0.0006427746648110626	0.005047689692198201	0.017540020161430473	0.0573514241535201	0.052599720194173805	0.7360279834893543	0.058002829353349813	0.6124673679903802	0.00011430385134346169	0.017530747603110724	0.08482858720910597	-4.6166544825500116e-06	0.0009897986671951753
-9.30241752509359e-06	-2.4512543734460172e-05	3.8272666717506835e-06	3.5607212443103805e-05	-1.6738403110054744e-05	0.00020901294340884316	3.862761773524156e-07	-7.792564504935548e-07	-5.533654447019086e-06	-2.854144625141727e-07	0.04114569600023342	0.8844421677664607	-0.00038809251191693726	-0.00574307415290499	0.008738036155769131	-0.047001408478428784	-0.049148220009588496	0.11416077542171234	-0.04489093806571621	-0.4427502825832654	0.000232041289306077	0.009772886395947443	-0.012765440027285935	1.968867109115252e-06	-0.0008121454931627684
-0.0006814045390403873	-5.383801304472552e-05	9.965773967869864e-07	-1.3474285660802772e-05	-9.779033960086766e-05	3.646822743687195e-05	4.107777383718547e-07	-5.392851741241697e-06	-3.371465250182162e-05	-1.621540210929701e-06	-0.08163561800033022	-0.3995838022003765	-0.0006594201558177638	-0.007274764736179539	-0.023807537059874352	-0.055440041017122625	-0.048138975197930325	0.6544176590372675	-0.07336043552093913	-0.6216326266417367	-0.0006839563366141312	-0.020054849362234242	0.08443565376027443	2.368372386438511e-05	-0.00730910856902905
