tloc	tmcCabe	assertionDensity	assertionRoulette	mysteryGuest	eagerTest	sensitiveEquality	resourceOptimism	conditionalTestLogic	fireAndForget	loc	lcom2	lcom5	cbo	wmc	rfc	mpc	halsteadVocabulary	halsteadLength	halsteadVolume	classDataShouldBePrivate	complexClass	spaghettiCode	functionalDecomposition	godClass
7.224457732689404e-05	5.952671824108136e-06	2.0457973272668008e-07	2.2884765283158018e-05	-5.58508762170016e-07	6.926986885545769e-05	6.979542721135619e-07	-5.540963868960255e-09	4.0032872314765284e-07	-3.9854341217721104e-08	0.14015634357531048	0.21602248876382607	0.0006458630877342664	0.00507148880942083	0.0175085516041428	0.056872845161063786	0.052215690845486905	0.7356114042954442	0.0580122446837932	0.6127261258096012	0.00011533936383956549	0.01748665176941596	0.08465894564159603	-4.579209903651703e-06	0.0009951974707182439
