tloc	tmcCabe	assertionDensity	assertionRoulette	mysteryGuest	eagerTest	sensitiveEquality	resourceOptimism	conditionalTestLogic	fireAndForget	loc	lcom2	lcom5	cbo	wmc	rfc	mpc	halsteadVocabulary	halsteadLength	halsteadVolume	classDataShouldBePrivate	complexClass	spaghettiCode	functionalDecomposition	godClass
6.687388246756443e-05	5.1557538354967e-06	1.9017856424858385e-07	2.180956678690633e-05	-1.1540425720363895e-06	6.84277136937969e-05	6.902444855961665e-07	-4.716666303295323e-08	-3.7284430246312017e-07	-5.313830559822547e-08	0.1405124718375783	0.21342963371986237	0.000644185197934813	0.00505646953897493	0.017515752286759934	0.057439709530327926	0.05270474036517652	0.7367426368206113	0.057916552021209634	0.6120536906123312	0.00011445127889854939	0.017512069113907763	0.08504531213445828	-4.386705132420104e-06	0.0009908714104941395
3.3673541047083755e-06	-2.2798820150118725e-05	3.5702458786314337e-06	3.431086303029363e-05	-1.7231590266434775e-05	0.00021879472199952946	4.38894053700849e-07	-7.560228532114392e-07	-6.170317403445859e-06	-3.0204366482888635e-07	0.0462027966867083	0.887687123790487	-0.00037373699439639514	-0.005501500452818308	0.00955656778323905	-0.04494314932430898	-0.047321596449139865	0.1088628279539985	-0.04449624967554516	-0.4374883740707183	0.0002864653090108048	0.010614282340939068	-0.01246548857932244	1.5895310023565253e-06	-0.0007906442627675376
