tloc	tmcCabe	assertionDensity	assertionRoulette	mysteryGuest	eagerTest	sensitiveEquality	resourceOptimism	conditionalTestLogic	fireAndForget	loc	lcom2	lcom5	cbo	wmc	rfc	mpc	halsteadVocabulary	halsteadLength	halsteadVolume	classDataShouldBePrivate	complexClass	spaghettiCode	functionalDecomposition	godClass
6.812763185086534e-05	5.225503085513379e-06	2.4882642202400357e-07	2.194507770110532e-05	-1.1744825416269567e-06	6.897937710719683e-05	6.507916654947104e-07	-4.1389702147060834e-08	-1.3524387713341245e-07	-4.682808114608647e-08	0.14041454389546953	0.21507664626581466	0.0006431975907700837	0.005045549482388774	0.017541347024528177	0.05737783493102045	0.052626679000385396	0.7361830599830633	0.0579571890003039	0.6121991637584794	0.00011418324627006043	0.017544020881736223	0.08490756789496409	-4.577458038219733e-06	0.0009890846797576175
2.127178142164324e-06	-2.30867620585663e-05	3.6013318210085583e-06	3.413692421069438e-05	-1.6937321163099916e-05	0.0002168384774075358	4.379457945635111e-07	-6.882176479353303e-07	-5.622727498508037e-06	-3.015230451670258e-07	0.045427200296366564	0.8889897891985407	-0.0003777323379268456	-0.005515148888559515	0.009539354108144793	-0.04501238545479196	-0.04741653479634711	0.10541569943241247	-0.044254335964119804	-0.4357598605725611	0.00028443277135731693	0.010624280531679738	-0.012896184497722354	1.640743315979026e-06	-0.0007961388027326444
