tloc	tmcCabe	assertionDensity	assertionRoulette	mysteryGuest	eagerTest	sensitiveEquality	resourceOptimism	conditionalTestLogic	fireAndForget	loc	lcom2	lcom5	cbo	wmc	rfc	mpc	halsteadVocabulary	halsteadLength	halsteadVolume	classDataShouldBePrivate	complexClass	spaghettiCode	functionalDecomposition	godClass
6.524452008705788e-05	5.068849304149753e-06	1.1681464198972179e-07	2.1863554379164005e-05	-4.742048373151364e-07	6.772213618721594e-05	6.307888951955721e-07	-9.789232309729163e-08	-3.7936712732999355e-07	-7.268221512014345e-08	0.14094318779327106	0.21624738828057133	0.0006456504719649568	0.005068669576316732	0.017601755243462722	0.05770048616949533	0.052938472414652216	0.7375020322810115	0.05758084703575167	0.6099467637120668	0.00011716066869692709	0.017671481486379204	0.08562469130049537	-4.418767288822689e-06	0.000760663156388169
1.9173971694378125e-05	-2.2671481332213152e-05	3.698948078203036e-06	3.710677060686062e-05	-7.892542664547149e-06	0.00022022487290678636	4.079935303451756e-07	-4.964817586263694e-07	-3.7207057754218543e-06	-2.6455835234811824e-07	0.041236201761845614	0.8849961212934174	-0.0004044373681000857	-0.005918291082163784	0.008805993274693003	-0.0489875736245746	-0.051107844936433104	0.11049949144656969	-0.04452591443689279	-0.4421138823564223	0.0002220696014704241	0.009808098809925189	-0.014240158735592024	1.493451644092152e-06	-0.0006714111987880937
