tloc	tmcCabe	assertionDensity	assertionRoulette	mysteryGuest	eagerTest	sensitiveEquality	resourceOptimism	conditionalTestLogic	fireAndForget	loc	lcom2	lcom5	cbo	wmc	rfc	mpc	halsteadVocabulary	halsteadLength	halsteadVolume	classDataShouldBePrivate	complexClass	spaghettiCode	functionalDecomposition	godClass
6.895158356526646e-05	5.3822615199664205e-06	2.0877070928849263e-07	2.1823924626248224e-05	-6.554039654989011e-07	6.793977028801176e-05	6.518429872034212e-07	-1.1400374918176938e-08	2.0481726649236354e-08	-3.7522058603072915e-08	0.14054349004014868	0.21513284925143242	0.0006429572927367986	0.0050576832351027145	0.017505270121735948	0.05743052183098007	0.05268901872803403	0.7362632619015826	0.05793004001533119	0.6120385857977767	0.00011503216057177996	0.017491061337005013	0.0849758843159958	-4.599738500128278e-06	0.0009934147527317038
2.114075186688483e-06	-2.291945880918665e-05	3.577145063823513e-06	3.415115032423151e-05	-1.718862307905968e-05	0.0002175645138654734	4.5210346169296394e-07	-7.16729351488578e-07	-5.571436446503667e-06	-3.136795604188397e-07	0.04536246760715183	0.8889629899844931	-0.00037676272216628163	-0.0055250581701212775	0.00955730139312732	-0.04506503832742994	-0.04747260401650288	0.10533106891543677	-0.04425575668555907	-0.4358277137308593	0.0002840073681760802	0.010640649952217538	-0.012943895670248994	1.6513761334524544e-06	-0.0007955479424323482
