tloc	tmcCabe	assertionDensity	assertionRoulette	mysteryGuest	eagerTest	sensitiveEquality	resourceOptimism	conditionalTestLogic	fireAndForget	loc	lcom2	lcom5	cbo	wmc	rfc	mpc	halsteadVocabulary	halsteadLength	halsteadVolume	classDataShouldBePrivate	complexClass	spaghettiCode	functionalDecomposition	godClass
6.824646796346782e-05	5.50929944430929e-06	2.1484373946408135e-07	2.2228917530926848e-05	-9.022601230131526e-07	6.870387429628023e-05	6.665690536348224e-07	-9.178830515044415e-09	4.634301238148693e-08	-7.811778735776572e-08	0.14052264581062496	0.2154863837579086	0.0006443960115056349	0.005049074734940765	0.017548158610433462	0.05743700765872732	0.05268343777930941	0.7365005280986455	0.05787167097736056	0.6116303688791737	0.0001145108434444239	0.01754957907936739	0.08501975926230594	-4.592775250108759e-06	0.0006059182264692016
2.047088165970404e-06	-2.294798232681812e-05	3.6133614975771856e-06	3.448950661274329e-05	-1.6935875660456976e-05	0.0002182460554304808	4.2519045521959834e-07	-7.053731579127829e-07	-5.301543832772274e-06	-2.3454021281425085e-07	0.04532441971866059	0.8886616944297778	-0.0003802607913826434	-0.005532855111296606	0.009527695387205284	-0.04525774630319635	-0.04764078457871273	0.10525920854385093	-0.04428602651485953	-0.436419731906273	0.0002844880991069481	0.01059686726090575	-0.013079236030739445	1.6444573657821302e-06	-0.0004708066905484642
