tloc	tmcCabe	assertionDensity	assertionRoulette	mysteryGuest	eagerTest	sensitiveEquality	resourceOptimism	conditionalTestLogic	fireAndForget	loc	lcom2	lcom5	cbo	wmc	rfc	mpc	halsteadVocabulary	halsteadLength	halsteadVolume	classDataShouldBePrivate	complexClass	spaghettiCode	functionalDecomposition	godClass
6.730124034248867e-05	4.735093514791318e-06	3.6511868639103464e-07	2.2087135983800338e-05	-1.400434436362505e-06	6.876883977725564e-05	6.520201981841946e-07	-4.2205981655127394e-08	-6.302784301299698e-07	-5.8895471505375266e-08	0.1403375414660344	0.21513994660336194	0.000643415060042248	0.005041497555055085	0.01753726183387824	0.057376324121487264	0.05262522810599254	0.7362859396607558	0.05793183509832281	0.6120681350505325	0.00011395760745089821	0.01754680812610302	0.08494682353145565	-4.5184445427910574e-06	0.0009868679946354645
3.694432705738282e-06	-2.264255702228293e-05	3.5205905366374996e-06	3.4061081907357664e-05	-1.674413780139033e-05	0.00021726709325615358	4.4972923407168913e-07	-6.950133589382689e-07	-5.266460934373081e-06	-3.0119037908546156e-07	0.04551246705563899	0.8889546774378196	-0.00037758531222564296	-0.005512716292601113	0.009539839069135466	-0.04500552566394231	-0.04740531146425702	0.10531761968918914	-0.04426002868788479	-0.4358471658161325	0.0002846837583468243	0.0106305598292237	-0.012908375963481543	1.627774457623186e-06	-0.0007914724365083831
