tloc	tmcCabe	assertionDensity	assertionRoulette	mysteryGuest	eagerTest	sensitiveEquality	resourceOptimism	conditionalTestLogic	fireAndForget	loc	lcom2	lcom5	cbo	wmc	rfc	mpc	halsteadVocabulary	halsteadLength	halsteadVolume	classDataShouldBePrivate	complexClass	spaghettiCode	functionalDecomposition	godClass
6.941149390989848e-05	5.4362392817781076e-06	2.0663299006828055e-07	2.2130625243310193e-05	-8.337055359797986e-07	6.883309152697938e-05	6.635645886472256e-07	-1.9244776590312216e-08	4.344330404030988e-08	-4.5360085676088677e-08	0.1404523326203902	0.21499576560732575	0.0006425751342316106	0.005047442572647253	0.017543148468953638	0.05735484520299541	0.0526022410462602	0.7360374606237222	0.05799377963861504	0.6124041961771292	0.00011455027529464578	0.01753518791796619	0.08484061587123053	-4.610637240331013e-06	0.0009898554365737982
