tloc	tmcCabe	assertionDensity	assertionRoulette	mysteryGuest	eagerTest	sensitiveEquality	resourceOptimism	conditionalTestLogic	fireAndForget	loc	lcom2	lcom5	cbo	wmc	rfc	mpc	halsteadVocabulary	halsteadLength	halsteadVolume	classDataShouldBePrivate	complexClass	spaghettiCode	functionalDecomposition	godClass
0.0001271875794834462	8.512765030156332e-07	1.352695178864574e-06	4.056368764604635e-05	3.3847285777000128e-06	0.00017672582486209069	2.25587292093308e-06	3.516159996391374e-07	8.557908573102914e-06	1.1527515282966233e-07	0.12858415454649288	0.5577254730099271	0.00024967702446118364	0.0008680917480025831	0.0173377149728959	0.01735547458750326	0.012668430214886797	0.7246167340200672	0.03690622122131582	0.3757191537983164	0.0002755208405694643	0.01687124202078075	0.06132699483899773	-6.130941232305486e-06	0.001780711623969972
