tloc	tmcCabe	assertionDensity	assertionRoulette	mysteryGuest	eagerTest	sensitiveEquality	resourceOptimism	conditionalTestLogic	fireAndForget	loc	lcom2	lcom5	cbo	wmc	rfc	mpc	halsteadVocabulary	halsteadLength	halsteadVolume	classDataShouldBePrivate	complexClass	spaghettiCode	functionalDecomposition	godClass
6.878862731296989e-05	5.491889088078206e-06	1.9888029740891567e-07	2.2043380617200466e-05	-1.0313496000393941e-06	6.86264864457476e-05	6.796503242332867e-07	-2.762846681241974e-08	5.5989735281456514e-08	-4.885891868165383e-08	0.14040527650233423	0.21501998241029702	0.0006429771081813588	0.00504401654822265	0.0175385402614094	0.057360653414440875	0.05260984551680878	0.7361242811423626	0.05797268277639661	0.6122978662317374	0.00011429729374456142	0.01754012703881493	0.08487724213404932	-4.560148230270922e-06	0.0009887426119739356
