tloc	tmcCabe	assertionDensity	assertionRoulette	mysteryGuest	eagerTest	sensitiveEquality	resourceOptimism	conditionalTestLogic	fireAndForget	loc	lcom2	lcom5	cbo	wmc	rfc	mpc	halsteadVocabulary	halsteadLength	halsteadVolume	classDataShouldBePrivate	complexClass	spaghettiCode	functionalDecomposition	godClass
6.675984486515501e-05	5.360821179850003e-06	1.466254977301947e-07	2.1590651240692766e-05	-9.017156435507195e-07	6.855513369800183e-05	6.496457374110604e-07	4.425575576977768e-08	-2.7732323104972535e-07	-4.5798314874718125e-08	0.14036013018615118	0.21497402251480008	0.000643145857584379	0.005044092694954908	0.01753461303390086	0.05735447904799592	0.05260533236630472	0.7360994502955938	0.05798652069121689	0.6123533820293402	0.00011410624029133544	0.017538888738808975	0.08488176185626957	-4.607830166413449e-06	0.0009881686199500184
