tloc	tmcCabe	assertionDensity	assertionRoulette	mysteryGuest	eagerTest	sensitiveEquality	resourceOptimism	conditionalTestLogic	fireAndForget	loc	lcom2	lcom5	cbo	wmc	rfc	mpc	halsteadVocabulary	halsteadLength	halsteadVolume	classDataShouldBePrivate	complexClass	spaghettiCode	functionalDecomposition	godClass
7.224457732682116e-05	5.952671824108088e-06	2.045797327266852e-07	2.2884765283158028e-05	-5.585087621701063e-07	6.926986885545779e-05	6.979542721135567e-07	-5.540963868965312e-09	4.003287231476099e-07	-3.985434121772188e-08	0.1401563435753106	0.21602248876382735	0.0006458630877342665	0.005071488809420832	0.017508551604142802	0.05687284516106383	0.052215690845486974	0.7356114042954447	0.058012244683793	0.6127261258095993	0.00011533936383956534	0.01748665176941601	0.0846589456415961	-4.5792099036516955e-06	0.0009951974707182404
-1.079144424819565e-06	-2.3578766050844276e-05	3.6013609227244976e-06	3.3324931079652845e-05	-1.7319252338373996e-05	0.00021687552856528556	4.047394493661887e-07	-7.220260341964306e-07	-6.002277857322025e-06	-3.1395036551833364e-07	0.04569349194109466	0.8884641326576141	-0.00038048679960552885	-0.005543044520410378	0.009577924119518055	-0.044576745261164785	-0.04707391774913881	0.10555918825107134	-0.04436229155165741	-0.43684153914652496	0.00028357519717797387	0.010675267828178316	-0.012725064787284603	1.6473807195919015e-06	-0.0007997091660021709
-0.0006733665035873991	-5.236223343081777e-05	1.5055353055988308e-06	-1.6024625015514883e-06	-9.055930020105536e-05	1.5715046331486524e-05	5.154356420987759e-07	-5.2659318934324165e-06	-2.8464673665022933e-05	-1.4254846688837336e-06	-0.10194507576541052	-0.38694353509748775	-0.0006712501842526634	-0.007957875374783298	-0.02655892320006049	-0.0676888415316995	-0.05868054888867394	0.6579430451150158	-0.07260630827971373	-0.6213865080372504	-0.0008160753775443697	-0.023307600745266218	0.07881469328093792	2.4123275457147214e-05	-0.007036347997886619
0.00035297960842786767	8.417709282998768e-05	8.062241567856896e-06	1.8624972319471272e-05	-8.79846262695191e-05	-0.0002261582917031076	-2.6260518502700855e-06	-7.82763091867117e-06	-2.3288606004608888e-05	-6.907938397143735e-07	0.8747633266906186	-0.09844934487224455	0.0035556087552123584	0.05471664841836927	0.08034445507173965	0.28557162644008277	0.26712662202918874	-0.05000372383317491	-0.04769649516528442	-0.17495290004750919	-0.0003244480963019974	0.08288953820570819	0.14286278838081143	-7.477451384842063e-06	-0.0079172768488312
