tloc	tmcCabe	assertionDensity	assertionRoulette	mysteryGuest	eagerTest	sensitiveEquality	resourceOptimism	conditionalTestLogic	fireAndForget	loc	lcom2	lcom5	cbo	wmc	rfc	mpc	halsteadVocabulary	halsteadLength	halsteadVolume	classDataShouldBePrivate	complexClass	spaghettiCode	functionalDecomposition	godClass
6.925872618085504e-05	5.401727386746964e-06	1.9941758416531292e-07	2.2127374718225125e-05	-8.712680506952739e-07	6.880504189389787e-05	6.674425791307342e-07	-2.0840552553509542e-08	2.8981068860881277e-09	-4.615323800778736e-08	0.1404369125002884	0.21498221838040282	0.0006427382602881537	0.005047092737524599	0.017542585785522525	0.05735404276106411	0.052601679075280516	0.7360341263934859	0.05799527868902623	0.6124171298153988	0.00011445019404917982	0.017535420772238755	0.08483599519357933	-4.619325454300916e-06	0.0009895760627131908
1.7252819178715736e-06	-2.3052164978556196e-05	3.601639586001466e-06	3.406319715378505e-05	-1.7009229391900697e-05	0.00021721423662168302	4.3425349804901425e-07	-7.068866975696632e-07	-5.618454203853456e-06	-3.0785609422508103e-07	0.04549240456956332	0.8889972500064357	-0.00037673856258686885	-0.0055121050823926385	0.009552271377739875	-0.04495734446219572	-0.04736544512905385	0.10560043589799369	-0.04426370428294228	-0.43570501938479783	0.0002843350918050455	0.010635449693882179	-0.012823783086127164	1.6735598274545946e-06	-0.000792156570438907
-0.0006890936962769815	-5.66265804141767e-05	1.7020882555385214e-06	-7.528810854384653e-06	-9.265243088500181e-05	1.3156504903235604e-05	2.780734201897529e-07	-5.368880525191443e-06	-3.183768957018279e-05	-1.48056808218066e-06	-0.09529486436726069	-0.38708670842145904	-0.0006891566881782345	-0.008012735918785652	-0.025673134875442438	-0.061606584423859106	-0.05370594793700757	0.6569894042013645	-0.07280645216842972	-0.6242825761289177	-0.0008162834906217942	-0.022234986657966044	0.08043191576385392	2.3742142133848952e-05	-0.007060176896227527
0.00029260205582179894	6.832724868450573e-05	8.276385978281294e-06	1.687371582340871e-07	-9.24889858700376e-05	-0.00022989401047826002	-3.3844366346454004e-06	-7.95513567749927e-06	-3.3960028921424846e-05	-8.616401804656891e-07	0.8691766621954568	-0.0933876854633907	0.003413490805631197	0.0530782122492265	0.08097096094267868	0.2970480281287006	0.275728589715131	-0.0567202682357903	-0.04617633729888453	-0.17053459241695892	-0.0003170908524560667	0.0840062849733387	0.14357092238679475	-8.58076030486514e-06	-0.00776076043874147
