tloc	tmcCabe	assertionDensity	assertionRoulette	mysteryGuest	eagerTest	sensitiveEquality	resourceOptimism	conditionalTestLogic	fireAndForget	loc	lcom2	lcom5	cbo	wmc	rfc	mpc	halsteadVocabulary	halsteadLength	halsteadVolume	classDataShouldBePrivate	complexClass	spaghettiCode	functionalDecomposition	godClass
0.0001271875794833517	8.512765030154328e-07	1.352695178864578e-06	4.056368764604638e-05	3.3847285776999565e-06	0.00017672582486209063	2.2558729209330723e-06	3.516159996391344e-07	8.55790857310287e-06	1.1527515282966034e-07	0.12858415454649288	0.557725473009928	0.0002496770244611837	0.0008680917480025799	0.01733771497289589	0.017355474587503247	0.012668430214886773	0.7246167340200664	0.036906221221315684	0.37571915379831483	0.00027552084056946377	0.016871242020780754	0.06132699483899776	-6.130941232305465e-06	0.0017807116239699715
-0.0002682321133546871	-4.448228052570218e-05	4.469279198763578e-06	-2.8917836404266017e-06	-5.8239071658374285e-05	7.263020826434746e-05	-5.460007964067737e-06	-3.203588579123379e-06	-4.84408976543032e-05	-1.3605734921672853e-06	0.056874771563681814	0.736346282199948	0.00011258982442251635	-0.0014476112457281073	0.011842105917446407	0.0012623772910887445	-0.0016102062278568173	-0.25142695346116734	-0.07150870041923939	-0.621098822370711	9.246840414964443e-06	0.01633785226178436	-0.0045215600473808805	1.3755794902211672e-05	-0.005716068749777969
-0.0007790135525744082	-6.924675868486861e-05	2.3119208388646862e-06	-1.7763432425775227e-05	-0.00010952022056967096	-1.4304739422517275e-05	-1.973449841627703e-06	-6.401941036552492e-06	-4.6497203347319566e-05	-1.8689728058523836e-06	-0.07325898466878934	-0.3523727985812754	-0.000483928571995599	-0.007076273355696371	-0.022787845840793648	-0.04282957399173466	-0.03575477952502964	0.6315535700491454	-0.0816960356677349	-0.6722117639423665	-0.0008987197253459704	-0.018037604646694693	0.0947259596535217	2.6741890942794252e-05	-0.009030752277222871
0.001833802001096337	5.0436011322315016e-05	1.1127785098370931e-05	6.085053433100461e-05	9.57134222609237e-05	0.00012096984416123848	2.533543442525094e-05	8.084791083256284e-07	0.0001231830162796383	4.551883951286485e-06	0.9621696066396334	-0.14699448246645824	0.0017216072386420976	0.016829833537868634	0.05703277042515247	0.14609095249461995	0.12432221381145243	-0.03471211164771928	-0.01890370315773863	-0.06835732863240615	0.0007765146214755483	0.04243008955256888	0.06437763401635398	-7.226403251962894e-05	0.010046514253804383
