tloc	tmcCabe	assertionDensity	assertionRoulette	mysteryGuest	eagerTest	sensitiveEquality	resourceOptimism	conditionalTestLogic	fireAndForget	loc	lcom2	lcom5	cbo	wmc	rfc	mpc	halsteadVocabulary	halsteadLength	halsteadVolume	classDataShouldBePrivate	complexClass	spaghettiCode	functionalDecomposition	godClass
6.925872618070832e-05	5.401727386746986e-06	1.9941758416531414e-07	2.2127374718225097e-05	-8.712680506953075e-07	6.880504189389778e-05	6.674425791307292e-07	-2.0840552553511703e-08	2.8981068860417472e-09	-4.615323800778805e-08	0.14043691250028847	0.2149822183804027	0.0006427382602881549	0.005047092737524618	0.017542585785522535	0.05735404276106422	0.052601679075280586	0.7360341263934864	0.057995278689026326	0.6124171298153986	0.00011445019404917956	0.017535420772238786	0.08483599519357916	-4.61932545430091e-06	0.000989576062713184
1.725281917820117e-06	-2.3052164978584476e-05	3.601639586001499e-06	3.4063197153784816e-05	-1.700922939190211e-05	0.00021721423662168326	4.342534980490222e-07	-7.068866975697462e-07	-5.618454203853939e-06	-3.0785609422510406e-07	0.04549240456956132	0.8889972500064302	-0.00037673856258687834	-0.005512105082392763	0.009552271377739454	-0.04495734446219664	-0.047365445129054516	0.10560043589800412	-0.044263704282943475	-0.43570501938480766	0.00028433509180503274	0.010635449693881867	-0.012823783086125687	1.6735598274549575e-06	-0.0007921565704390144
-0.0006890936962770883	-5.662658041419941e-05	1.7020882554369947e-06	-7.528810854385555e-06	-9.265243088500139e-05	1.3156504903230915e-05	2.780734201896897e-07	-5.3688805251914395e-06	-3.183768957018283e-05	-1.4805680821806583e-06	-0.0952948643672609	-0.3870867084214731	-0.000689156688178226	-0.008012735918785504	-0.025673134875442528	-0.06160658442385799	-0.05370594793700652	0.6569894042013623	-0.07280645216842911	-0.624282576128911	-0.0008162834906217981	-0.022234986657966152	0.08043191576385424	2.3742142133848986e-05	-0.007060176896227564
0.0002926020558218937	6.832724868446679e-05	8.276385978338738e-06	1.6873715811811793e-07	-9.248898587003051e-05	-0.00022989401047824706	-3.3844366346444204e-06	-7.955135677498842e-06	-3.396002892141803e-05	-8.616401804655558e-07	0.8691766621954617	-0.09338768546339082	0.003413490805631166	0.05307821224922649	0.08097096094267853	0.29704802812869396	0.2757285897151249	-0.056720268235790426	-0.04617633729888347	-0.17053459241695815	-0.00031709085245602164	0.08400628497333791	0.1435709223867892	-8.580760304867302e-06	-0.0077607604387409795
