tloc	tmcCabe	assertionDensity	assertionRoulette	mysteryGuest	eagerTest	sensitiveEquality	resourceOptimism	conditionalTestLogic	fireAndForget	loc	lcom2	lcom5	cbo	wmc	rfc	mpc	halsteadVocabulary	halsteadLength	halsteadVolume	classDataShouldBePrivate	complexClass	spaghettiCode	functionalDecomposition	godClass
0.0001271875794833377	8.512765030155851e-07	1.3526951788645785e-06	4.056368764604635e-05	3.3847285776999454e-06	0.0001767258248620902	2.2558729209330753e-06	3.516159996391339e-07	8.557908573102875e-06	1.1527515282966067e-07	0.12858415454649308	0.5577254730099281	0.0002496770244611836	0.0008680917480025797	0.017337714972895876	0.017355474587503247	0.012668430214886778	0.724616734020067	0.03690622122131572	0.375719153798315	0.00027552084056946355	0.01687124202078074	0.061326994838997714	-6.130941232305472e-06	0.0017807116239699702
-0.0002682321133546937	-4.448228052578848e-05	4.469279198763209e-06	-2.891783640426714e-06	-5.823907165837431e-05	7.263020826434757e-05	-5.460007964067746e-06	-3.2035885791233804e-06	-4.844089765430328e-05	-1.3605734921672872e-06	0.056874771563681585	0.7363462821999487	0.00011258982442251645	-0.0014476112457281081	0.011842105917446435	0.0012623772910887606	-0.0016102062278568214	-0.2514269534611677	-0.07150870041923933	-0.6210988223707107	9.246840414964636e-06	0.016337852261784358	-0.004521560047380915	1.375579490221167e-05	-0.005716068749777972
-0.0007790135525744265	-6.924675868492319e-05	2.3119208390255945e-06	-1.776343242577532e-05	-0.00010952022056967091	-1.4304739422517278e-05	-1.9734498416277042e-06	-6.401941036552487e-06	-4.6497203347319674e-05	-1.868972805852385e-06	-0.07325898466878948	-0.3523727985812749	-0.0004839285719955978	-0.007076273355696371	-0.022787845840793602	-0.04282957399173464	-0.03575477952502958	0.6315535700491451	-0.08169603566773492	-0.672211763942367	-0.0008987197253459677	-0.018037604646694683	0.09472595965352171	2.674189094279419e-05	-0.009030752277222878
0.0018338020010963373	5.043601132226687e-05	1.1127785098399602e-05	6.085053433091892e-05	9.571342226092162e-05	0.0001209698441612316	2.5335434425250385e-05	8.084791083253566e-07	0.0001231830162796364	4.551883951286579e-06	0.9621696066396311	-0.14699448246645824	0.0017216072386420876	0.016829833537868814	0.05703277042515321	0.14609095249462592	0.12432221381145755	-0.03471211164771928	-0.018903703157739038	-0.06835732863240669	0.0007765146214755116	0.042430089552569814	0.06437763401635566	-7.226403251962893e-05	0.010046514253804968
