tloc	tmcCabe	assertionDensity	assertionRoulette	mysteryGuest	eagerTest	sensitiveEquality	resourceOptimism	conditionalTestLogic	fireAndForget	loc	lcom2	lcom5	cbo	wmc	rfc	mpc	halsteadVocabulary	halsteadLength	halsteadVolume	classDataShouldBePrivate	complexClass	spaghettiCode	functionalDecomposition	godClass
7.224457732678411e-05	5.952671824108187e-06	2.0457973272668002e-07	2.288476528315799e-05	-5.58508762170057e-07	6.926986885545743e-05	6.979542721135579e-07	-5.5409638689638e-09	4.003287231476246e-07	-3.985434121772158e-08	0.1401563435753107	0.21602248876382574	0.0006458630877342657	0.005071488809420847	0.017508551604142792	0.056872845161063876	0.052215690845486995	0.7356114042954441	0.058012244683793096	0.6127261258096008	0.00011533936383956499	0.017486651769415985	0.08465894564159605	-4.579209903651701e-06	0.0009951974707182402
-1.0791444248094143e-06	-2.3578766050899103e-05	3.601360922724511e-06	3.332493107965296e-05	-1.7319252338374003e-05	0.00021687552856528589	4.047394493661933e-07	-7.220260341964287e-07	-6.002277857321999e-06	-3.139503655183328e-07	0.045693491941095905	0.8884641326576156	-0.0003804867996055257	-0.005543044520410346	0.00957792411951811	-0.04457674526116459	-0.047073917749138536	0.1055591882510718	-0.044362291551657135	-0.4368415391465229	0.000283575197177975	0.010675267828178254	-0.012725064787284319	1.6473807195918687e-06	-0.0007997091660021782
-0.0006733665035876335	-5.236223343076785e-05	1.5055353053622636e-06	-1.6024625015538574e-06	-9.05593002010555e-05	1.571504633148638e-05	5.15435642098763e-07	-5.265931893432432e-06	-2.8464673665023183e-05	-1.425484668883743e-06	-0.10194507576540826	-0.3869435350974862	-0.0006712501842526599	-0.007957875374783204	-0.02655892320006034	-0.06768884153169906	-0.05868054888867355	0.6579430451150163	-0.07260630827971389	-0.6213865080372507	-0.0008160753775443684	-0.023307600745266034	0.07881469328093821	2.4123275457147173e-05	-0.007036347997886822
0.00035297960842782256	8.417709282993118e-05	8.062241567867138e-06	1.8624972319537195e-05	-8.798462626952082e-05	-0.00022615829170311502	-2.6260518502705827e-06	-7.827630918671275e-06	-2.3288606004611355e-05	-6.90793839714424e-07	0.8747633266906168	-0.09844934487224405	0.0035556087552123684	0.05471664841836948	0.08034445507173987	0.28557162644008627	0.2671266220291915	-0.05000372383317645	-0.04769649516528476	-0.1749529000475079	-0.0003244480963020133	0.08288953820570853	0.14286278838081246	-7.477451384841338e-06	-0.007917276848831574
