tloc	tmcCabe	assertionDensity	assertionRoulette	mysteryGuest	eagerTest	sensitiveEquality	resourceOptimism	conditionalTestLogic	fireAndForget	loc	lcom2	lcom5	cbo	wmc	rfc	mpc	halsteadVocabulary	halsteadLength	halsteadVolume	classDataShouldBePrivate	complexClass	spaghettiCode	functionalDecomposition	godClass
6.92587261808213e-05	5.4017273867469665e-06	1.99417584165314e-07	2.212737471822513e-05	-8.712680506953238e-07	6.880504189389794e-05	6.674425791307276e-07	-2.0840552553511785e-08	2.898106886034443e-09	-4.6153238007788024e-08	0.1404369125002887	0.214982218380403	0.0006427382602881528	0.005047092737524599	0.01754258578552255	0.05735404276106414	0.05260167907528054	0.7360341263934855	0.05799527868902624	0.6124171298153995	0.00011445019404917936	0.017535420772238783	0.08483599519357923	-4.619325454300919e-06	0.000989576062713185
1.7252819178504928e-06	-2.3052164978502985e-05	3.6016395860014804e-06	3.4063197153784864e-05	-1.7009229391901622e-05	0.0002172142366216827	4.3425349804901303e-07	-7.068866975697162e-07	-5.618454203853849e-06	-3.078560942250967e-07	0.04549240456956237	0.8889972500064324	-0.00037673856258687444	-0.005512105082392718	0.009552271377739638	-0.04495734446219618	-0.047365445129054155	0.10560043589799996	-0.04426370428294309	-0.43570501938480355	0.0002843350918050371	0.010635449693881971	-0.01282378308612619	1.673559827454839e-06	-0.0007921565704389726
-0.0006890936962770506	-5.662658041419349e-05	1.702088255467755e-06	-7.52881085438605e-06	-9.265243088500195e-05	1.3156504903232304e-05	2.780734201896777e-07	-5.3688805251914616e-06	-3.18376895701833e-05	-1.480568082180666e-06	-0.09529486436726141	-0.38708670842146675	-0.0006891566881782285	-0.008012735918785588	-0.02567313487544248	-0.061606584423858135	-0.053705947937006726	0.6569894042013634	-0.0728064521684292	-0.6242825761289127	-0.0008162834906217999	-0.02223498665796609	0.08043191576385443	2.3742142133849087e-05	-0.007060176896227605
0.0002926020558217667	6.83272486844972e-05	8.276385978301114e-06	1.6873715812196218e-07	-9.248898587004359e-05	-0.00022989401047827202	-3.3844366346462237e-06	-7.955135677499655e-06	-3.3960028921430734e-05	-8.616401804658081e-07	0.8691766621954518	-0.09338768546339007	0.00341349080563123	0.05307821224922679	0.0809709609426789	0.29704802812870534	0.2757285897151364	-0.05672026823579053	-0.046176337298885824	-0.17053459241695917	-0.0003170908524561045	0.08400628497333955	0.14357092238679856	-8.580760304863255e-06	-0.0077607604387420065
