tloc	tmcCabe	assertionDensity	assertionRoulette	mysteryGuest	eagerTest	sensitiveEquality	resourceOptimism	conditionalTestLogic	fireAndForget	loc	lcom2	lcom5	cbo	wmc	rfc	mpc	halsteadVocabulary	halsteadLength	halsteadVolume	classDataShouldBePrivate	complexClass	spaghettiCode	functionalDecomposition	godClass
6.925872618093527e-05	5.401727386747071e-06	1.994175841653152e-07	2.2127374718225175e-05	-8.712680506953069e-07	6.880504189389806e-05	6.674425791307313e-07	-2.084055255351039e-08	2.898106886042873e-09	-4.615323800778816e-08	0.1404369125002886	0.21498221838040368	0.0006427382602881526	0.005047092737524604	0.017542585785522553	0.0573540427610641	0.05260167907528052	0.7360341263934861	0.057995278689026306	0.6124171298153983	0.00011445019404917957	0.017535420772238828	0.08483599519357933	-4.619325454300922e-06	0.000989576062713194
1.7252819178306521e-06	-2.3052164978474664e-05	3.601639586001478e-06	3.406319715378484e-05	-1.7009229391901232e-05	0.00021721423662168305	4.342534980490161e-07	-7.068866975696946e-07	-5.6184542038536555e-06	-3.0785609422508966e-07	0.04549240456956224	0.8889972500064335	-0.00037673856258687444	-0.005512105082392698	0.009552271377739596	-0.04495734446219623	-0.0473654451290542	0.10560043589799774	-0.0442637042829428	-0.43570501938480294	0.00028433509180504076	0.010635449693881954	-0.012823783086126802	1.6735598274547525e-06	-0.0007921565704389406
-0.0006890936962770484	-5.6626580414142105e-05	1.7020882556168226e-06	-7.528810854385158e-06	-9.265243088500183e-05	1.3156504903232985e-05	2.780734201897273e-07	-5.368880525191469e-06	-3.183768957018291e-05	-1.4805680821806627e-06	-0.09529486436726002	-0.3870867084214649	-0.0006891566881782262	-0.008012735918785525	-0.02567313487544237	-0.06160658442385825	-0.05370594793700671	0.656989404201363	-0.07280645216842938	-0.6242825761289142	-0.0008162834906217962	-0.022234986657966013	0.08043191576385461	2.374214213384898e-05	-0.007060176896227417
0.0002926020558218204	6.832724868446369e-05	8.276385978328687e-06	1.6873715814626234e-07	-9.248898587003685e-05	-0.0002298940104782606	-3.384436634645429e-06	-7.955135677499217e-06	-3.396002892142447e-05	-8.616401804656786e-07	0.8691766621954565	-0.09338768546339002	0.003413490805631201	0.05307821224922674	0.0809709609426788	0.2970480281287004	0.27572858971513103	-0.05672026823579109	-0.046176337298884276	-0.1705345924169583	-0.00031709085245606566	0.0840062849733388	0.1435709223867936	-8.580760304865262e-06	-0.007760760438741455
