tloc	tmcCabe	assertionDensity	assertionRoulette	mysteryGuest	eagerTest	sensitiveEquality	resourceOptimism	conditionalTestLogic	fireAndForget	loc	lcom2	lcom5	cbo	wmc	rfc	mpc	halsteadVocabulary	halsteadLength	halsteadVolume	classDataShouldBePrivate	complexClass	spaghettiCode	functionalDecomposition	godClass
6.925657594335476e-05	5.4667150822114745e-06	2.0681845692305834e-07	2.2141550067341438e-05	-8.723239379771848e-07	6.880789082665624e-05	6.686209414183108e-07	-2.0956069339250253e-08	1.1672546339775409e-08	-4.5021908821890774e-08	0.14043637084885144	0.21501570803480502	0.0006427559090284156	0.005047484353374346	0.01754375439858145	0.0573542521699443	0.052601471653653004	0.7360443547557017	0.057990310811532136	0.6123919382162827	0.00011446558439514687	0.017537909286088144	0.0848477294401893	-4.603694475617687e-06	0.000989691797727222
7.387960035610695e-07	-2.306195262533737e-05	3.5847613270114176e-06	3.391115437655334e-05	-1.706426526427453e-05	0.0002169848238016951	4.2930135236174325e-07	-7.096116921570831e-07	-5.6649593647346464e-06	-3.097824171259548e-07	0.04548474711130063	0.8889805812036728	-0.0003768573043116311	-0.005513744749974292	0.009548010864343908	-0.04496288081553265	-0.04736944264208629	0.10558477577111429	-0.04426342305026143	-0.4357420346769102	0.0002842542594099273	0.010629804124248236	-0.012851606143417498	1.661112564949416e-06	-0.0007928815967974592
