tloc	tmcCabe	assertionDensity	assertionRoulette	mysteryGuest	eagerTest	sensitiveEquality	resourceOptimism	conditionalTestLogic	fireAndForget	loc	lcom2	lcom5	cbo	wmc	rfc	mpc	halsteadVocabulary	halsteadLength	halsteadVolume	classDataShouldBePrivate	complexClass	spaghettiCode	functionalDecomposition	godClass
6.951920911485229e-05	5.4700666210614475e-06	2.0696231876210105e-07	2.221084993966276e-05	-8.517384391943048e-07	6.88005041843147e-05	6.698603617093028e-07	-2.1782160243227245e-08	1.2980379338619764e-07	-4.662290028449909e-08	0.14043635778085253	0.21497615360994157	0.0006427188634866421	0.005048303458021293	0.017542836457036623	0.05735426424644797	0.052601869657136625	0.7360324893698863	0.05799631530379569	0.6124211948136578	0.00011444979141947202	0.01753506809413772	0.08483611372927116	-4.6175526349089e-06	0.000989462869573401
