tloc	tmcCabe	assertionDensity	assertionRoulette	mysteryGuest	eagerTest	sensitiveEquality	resourceOptimism	conditionalTestLogic	fireAndForget	loc	lcom2	lcom5	cbo	wmc	rfc	mpc	halsteadVocabulary	halsteadLength	halsteadVolume	classDataShouldBePrivate	complexClass	spaghettiCode	functionalDecomposition	godClass
6.974083973111406e-05	5.6098419433671365e-06	1.6450527756957275e-07	2.219461009258662e-05	-1.298445035753479e-06	6.824396220287958e-05	6.432795226074833e-07	-3.803647747369499e-08	1.1462078313229476e-08	-4.9349310949860325e-08	0.14054662177299154	0.2152659358792466	0.0006431764925809656	0.005058209467772842	0.017552442620752555	0.05741281969062748	0.052657534373496045	0.7361590131350167	0.05793805243007331	0.6121228239054542	0.00011546294448707347	0.017553021120649277	0.08493361078539516	-4.67130487016247e-06	0.0009881743712126837
7.973029005201768e-07	-2.3130291898218487e-05	3.607532180440674e-06	3.40230670999776e-05	-1.6949728305113534e-05	0.00021743742626206228	4.395631771011733e-07	-7.057293145826766e-07	-5.692699409910132e-06	-3.1064772177581345e-07	0.045211646980201095	0.8889885631939772	-0.0003777180317828618	-0.005531500175965254	0.009521249760506703	-0.045095400873992955	-0.04749274867384783	0.10524312868428742	-0.044235086422259325	-0.43580999101498535	0.0002835383924872447	0.01061031070506585	-0.012967073520263491	1.6817768515359365e-06	-0.0007937902050524816
