tloc	tmcCabe	assertionDensity	assertionRoulette	mysteryGuest	eagerTest	sensitiveEquality	resourceOptimism	conditionalTestLogic	fireAndForget	loc	lcom2	lcom5	cbo	wmc	rfc	mpc	halsteadVocabulary	halsteadLength	halsteadVolume	classDataShouldBePrivate	complexClass	spaghettiCode	functionalDecomposition	godClass
6.915860879725526e-05	5.315114143386944e-06	1.947804655519446e-07	2.2078756819583695e-05	-9.459639873133529e-07	6.916199034175368e-05	7.33291430297773e-07	-2.445532415307614e-08	-6.894644623863241e-08	-4.7954315654506665e-08	0.14070225542304177	0.21523855064977082	0.0006426991222981496	0.005047848983664945	0.017555340145808566	0.057371642990651985	0.05261380780790159	0.7360134603109802	0.05797612931822348	0.6122881436998283	0.00011439015298610781	0.01754377001872171	0.08484596504330716	-4.631969855705839e-06	0.000989215193310916
2.39735228088308e-06	-2.262407329582796e-05	3.6433821222907113e-06	3.446992243914661e-05	-1.6659762864025955e-05	0.00021538637616441036	1.4316591808966833e-07	-6.898062982258155e-07	-5.250514317410446e-06	-2.992697107396141e-07	0.04393999242597656	0.8888170559573247	-0.00038125070758728284	-0.005532258317552104	0.009472072581008593	-0.04520406436343573	-0.04757545667037871	0.10593018044075604	-0.04427210153581716	-0.4361032388707191	0.00028518539265296464	0.01056825124944902	-0.012903978327182085	1.7447273609474573e-06	-0.0007923397920611724
-0.0006954817428761962	-5.7915115829337235e-05	1.5448556152074497e-06	-9.232523980664678e-06	-9.400489364346885e-05	1.6189218245277197e-05	8.069789512828444e-07	-5.441539741952559e-06	-3.293924257531111e-05	-1.5104288521456738e-06	-0.09064281638450995	-0.38820286272177706	-0.0006672317273585016	-0.007928210780346483	-0.025440477550769208	-0.06082074006584963	-0.05302111375269444	0.6566830238792913	-0.0729291790982157	-0.6246887147542859	-0.0008213804244602227	-0.022042470238485726	0.08085152066810326	2.3582946913055127e-05	-0.007087724891950025
