tloc	tmcCabe	assertionDensity	assertionRoulette	mysteryGuest	eagerTest	sensitiveEquality	resourceOptimism	conditionalTestLogic	fireAndForget	loc	lcom2	lcom5	cbo	wmc	rfc	mpc	halsteadVocabulary	halsteadLength	halsteadVolume	classDataShouldBePrivate	complexClass	spaghettiCode	functionalDecomposition	godClass
8.44099477204189e-05	1.2448319008195507e-05	-7.682206833820794e-07	1.033718496010206e-05	3.0943776135793464e-06	9.03236275603211e-06	-1.0268725151602296e-07	1.7260132387083161e-07	2.5857199516757118e-06	3.672109785004898e-08	0.13827532057390862	0.02576341693817712	0.0007472949210277095	0.006595296824865408	0.01620287675451855	0.07025973462460976	0.06572969591494641	0.679248127299411	0.06735163928229837	0.7050433357925595	5.57555980757357e-05	0.01602558201625284	0.08598789432205527	-5.2684860726601876e-06	0.001286179724480602
0.0003967345426694885	1.7637579661006004e-05	-2.033889003563466e-06	1.513894246314102e-05	1.8990591859969783e-06	0.00018478813404684485	1.438303176056413e-06	7.360358920685909e-07	1.4683949787224331e-05	1.6731762190973725e-07	0.13930109503241378	0.9881590129352461	-3.440379082482407e-05	0.0022670977854368276	0.024943284928542604	0.0192808291551803	0.010551100915989672	-0.03072487722866661	-0.0032779652471556066	-0.036370809783200085	0.0005991653064831446	0.02531497251638702	-0.01003694003174424	-8.675541973845698e-06	0.0026167288207610074
