tloc	tmcCabe	assertionDensity	assertionRoulette	mysteryGuest	eagerTest	sensitiveEquality	resourceOptimism	conditionalTestLogic	fireAndForget	loc	lcom2	lcom5	cbo	wmc	rfc	mpc	halsteadVocabulary	halsteadLength	halsteadVolume	classDataShouldBePrivate	complexClass	spaghettiCode	functionalDecomposition	godClass
6.930919013661297e-05	5.390892028854216e-06	1.879775773149513e-07	2.1997955342764244e-05	-7.536434775897493e-07	6.879377994544866e-05	6.758565707275963e-07	-1.7930489165039694e-08	-2.024488224528751e-08	-4.768507615866992e-08	0.14045624391541178	0.21503707366047276	0.0006427745644774519	0.005047658706632225	0.017544069163669407	0.057369480397537954	0.05261702033020169	0.7360866957031451	0.05797840558376532	0.6123250385362079	0.00011438642017192958	0.017539848622286386	0.08486392508975231	-4.563944581280519e-06	0.0009893717441083014
