tloc	tmcCabe	assertionDensity	assertionRoulette	mysteryGuest	eagerTest	sensitiveEquality	resourceOptimism	conditionalTestLogic	fireAndForget	loc	lcom2	lcom5	cbo	wmc	rfc	mpc	halsteadVocabulary	halsteadLength	halsteadVolume	classDataShouldBePrivate	complexClass	spaghettiCode	functionalDecomposition	godClass
6.861631547927563e-05	5.351902083704132e-06	1.9567587247983445e-07	2.1962774333523497e-05	-1.0607097710084395e-06	6.890266527633477e-05	6.562780995951836e-07	-2.9311850256473695e-08	-2.1064819325801516e-07	-3.752597868452363e-08	0.1404730330830227	0.2151943466144521	0.0006431892301933653	0.0050462701950860995	0.017550019437661914	0.05738505495959042	0.05263011524901759	0.7361172550577437	0.05796003808298443	0.6122204045861939	0.00011474314608292306	0.017550148007330794	0.0849179138042234	-4.525977635537863e-06	0.000989416704769279
1.5430889533476123e-06	-2.3019216984780598e-05	3.581951279369025e-06	3.37187409095342e-05	-1.7010457963973914e-05	0.00021571450658219288	4.3441361563771736e-07	-7.303135151776685e-07	-5.307123442623228e-06	-3.0849381100361655e-07	0.04540914264693012	0.8888008879895464	-0.00037747425134429557	-0.005518876906265057	0.00951881097670304	-0.045080273094516274	-0.04746804354511117	0.10563306854909278	-0.044283721111256495	-0.4360787591995086	0.0002838574068399202	0.01059720500509407	-0.01293055326276363	1.6487779681491444e-06	-0.0007939881850546656
