tloc	tmcCabe	assertionDensity	assertionRoulette	mysteryGuest	eagerTest	sensitiveEquality	resourceOptimism	conditionalTestLogic	fireAndForget	loc	lcom2	lcom5	cbo	wmc	rfc	mpc	halsteadVocabulary	halsteadLength	halsteadVolume	classDataShouldBePrivate	complexClass	spaghettiCode	functionalDecomposition	godClass
6.803379241343213e-05	5.69444063565023e-06	2.2239307450370577e-07	2.2237818516056427e-05	-1.0803791824174906e-06	6.827086280286173e-05	6.050024191793099e-07	-2.9829653211889323e-08	-7.982948058946697e-07	-5.051300937192845e-08	0.14063020206263352	0.21648320564304588	0.0006439099164041604	0.005080751939901951	0.01759104165678184	0.057744056654830685	0.052975637954864846	0.7348677733655911	0.05802488473842859	0.6131534308454486	0.00011538522530105657	0.0175918340297583	0.08495025998693986	-4.164508738665807e-06	0.0009982263882935085
