tloc	tmcCabe	assertionDensity	assertionRoulette	mysteryGuest	eagerTest	sensitiveEquality	resourceOptimism	conditionalTestLogic	fireAndForget	loc	lcom2	lcom5	cbo	wmc	rfc	mpc	halsteadVocabulary	halsteadLength	halsteadVolume	classDataShouldBePrivate	complexClass	spaghettiCode	functionalDecomposition	godClass
6.322140099822441e-05	4.9410833547447465e-06	1.3810582614096622e-07	2.2095829197254846e-05	-1.3161470491627846e-06	6.823127294481473e-05	6.556455653115151e-07	-2.3541787206363525e-08	-1.0004272401936441e-06	-5.601387989134954e-08	0.14073999318929886	0.21389919234599936	0.000644207500621312	0.00507583426317253	0.017518370274395345	0.057756607904459745	0.05301599215694668	0.7377219090435695	0.05765525237606985	0.6105354740878297	0.00011518820948752955	0.017582671103229797	0.08566424073933654	-4.510569885023384e-06	0.0009762199255437785
-5.4284529172942025e-06	-2.3090894904071312e-05	3.755001833267149e-06	3.706432956220934e-05	-1.625541441590114e-05	0.00022418208853557692	4.0571752507025914e-07	-6.265101414924213e-07	-3.3360521757465193e-06	-2.9201719083357477e-07	0.04483074563478094	0.8879897278103033	-0.00037937513711353135	-0.005612943720834998	0.009243241107220313	-0.046966933671416196	-0.04924659902996749	0.1074640676768676	-0.044211784574336735	-0.4369317873832931	0.00028899334732583663	0.01023485852607919	-0.014077055876775879	1.5799702676548263e-06	-0.0007708488577230672
