tloc	tmcCabe	assertionDensity	assertionRoulette	mysteryGuest	eagerTest	sensitiveEquality	resourceOptimism	conditionalTestLogic	fireAndForget	loc	lcom2	lcom5	cbo	wmc	rfc	mpc	halsteadVocabulary	halsteadLength	halsteadVolume	classDataShouldBePrivate	complexClass	spaghettiCode	functionalDecomposition	godClass
6.645200258678675e-05	5.2453780176497285e-06	1.852431769898696e-07	2.184374198419927e-05	-1.1989546837531488e-06	6.87852145427934e-05	6.420913656732141e-07	-3.595731955023519e-08	-2.5479656701318107e-07	-5.68958328096357e-08	0.14040685039599907	0.21517132759828567	0.0006433922255735056	0.005047681567158852	0.017540693204637574	0.05740533124319773	0.05265525076507062	0.7362800792822958	0.057926857271448834	0.6120382404079538	0.00011302060348242057	0.017555776906131238	0.08498124848039028	-4.4633223280617316e-06	0.0009877681140635808
