tloc	tmcCabe	assertionDensity	assertionRoulette	mysteryGuest	eagerTest	sensitiveEquality	resourceOptimism	conditionalTestLogic	fireAndForget	loc	lcom2	lcom5	cbo	wmc	rfc	mpc	halsteadVocabulary	halsteadLength	halsteadVolume	classDataShouldBePrivate	complexClass	spaghettiCode	functionalDecomposition	godClass
6.305241705917507e-05	4.499233901722398e-06	3.379518324267281e-07	2.2861823854467323e-05	-2.4504059979897194e-06	7.157238940437624e-05	4.841055129791323e-07	-2.747911902254263e-07	-1.4453863750139324e-06	-4.892214229590274e-08	0.13966751085231077	0.22154185335869642	0.0006799637891248923	0.0052294861930469805	0.01813282120029235	0.06027720587271454	0.05537304420259679	0.7338290372639465	0.05755108591086532	0.6122478781278524	7.423487351409966e-05	0.018211707181027798	0.08578586773656252	-4.419431605464343e-06	0.0007243716525669149
-8.223424482904009e-06	-2.3946223836478857e-05	3.92034937395471e-06	3.4873559123493994e-05	-1.7621270323598575e-05	0.00023179263286275014	1.0689318298397571e-06	-5.193699764700175e-07	-4.3683641759688055e-06	-3.162334780727712e-07	0.030673204445825376	0.8754363872687014	-0.000472994582662781	-0.006679542792708182	0.00783140790829992	-0.056199447928008656	-0.05791469811315277	0.12462370546022122	-0.045505841002968846	-0.4561683960579776	0.00040913224087868233	0.008692707821376712	-0.016849521547441848	1.6874451466914527e-06	-0.0006908292513292389
