tloc	tmcCabe	assertionDensity	assertionRoulette	mysteryGuest	eagerTest	sensitiveEquality	resourceOptimism	conditionalTestLogic	fireAndForget	loc	lcom2	lcom5	cbo	wmc	rfc	mpc	halsteadVocabulary	halsteadLength	halsteadVolume	classDataShouldBePrivate	complexClass	spaghettiCode	functionalDecomposition	godClass
5.3720339500065356e-05	3.924224725905229e-06	1.8547722660611696e-07	2.234052070769324e-05	-1.7413817384997308e-06	6.859635168133055e-05	6.375385566840544e-07	-4.850835181979141e-08	-1.513772858449356e-06	-9.424180142542153e-08	0.1418059598116508	0.2122890997659916	0.0006600475483116964	0.005127519341865077	0.01766029846006341	0.058330608970311344	0.05356786108815136	0.7420754751396816	0.05708973436667496	0.6054305823254909	0.00011642416152916467	0.01769371805765659	0.08612930202125588	-4.6112042459106545e-06	0.001017023753349784
