tloc	tmcCabe	assertionDensity	assertionRoulette	mysteryGuest	eagerTest	sensitiveEquality	resourceOptimism	conditionalTestLogic	fireAndForget	loc	lcom2	lcom5	cbo	wmc	rfc	mpc	halsteadVocabulary	halsteadLength	halsteadVolume	classDataShouldBePrivate	complexClass	spaghettiCode	functionalDecomposition	godClass
6.812763185082079e-05	5.225503085513319e-06	2.488264220240202e-07	2.1945077701105503e-05	-1.1744825416269442e-06	6.897937710719797e-05	6.507916654947198e-07	-4.1389702147058737e-08	-1.3524387713335922e-07	-4.682808114608625e-08	0.14041454389546995	0.21507664626581888	0.0006431975907700819	0.0050455494823887495	0.01754134702452824	0.057377834931020215	0.052626679000385125	0.7361830599830647	0.057957189000303735	0.6121991637584775	0.00011418324627006214	0.017544020881736268	0.08490756789496404	-4.577458038219755e-06	0.000989084679757625
2.127178142185094e-06	-2.3086762058712583e-05	3.6013318210085752e-06	3.413692421069434e-05	-1.6937321163100743e-05	0.00021683847740753607	4.379457945635158e-07	-6.882176479353806e-07	-5.622727498508304e-06	-3.015230451670423e-07	0.04542720029636436	0.8889897891985368	-0.0003777323379268566	-0.005515148888559623	0.0095393541081445	-0.04501238545479292	-0.04741653479634793	0.10541569943241477	-0.04425433596412074	-0.4357598605725696	0.000284432771357309	0.010624280531679435	-0.0128961844977219	1.6407433159792636e-06	-0.0007961388027327118
