tloc	tmcCabe	assertionDensity	assertionRoulette	mysteryGuest	eagerTest	sensitiveEquality	resourceOptimism	conditionalTestLogic	fireAndForget	loc	lcom2	lcom5	cbo	wmc	rfc	mpc	halsteadVocabulary	halsteadLength	halsteadVolume	classDataShouldBePrivate	complexClass	spaghettiCode	functionalDecomposition	godClass
6.895158356541489e-05	5.382261519966424e-06	2.087707092884935e-07	2.1823924626248275e-05	-6.5540396549884e-07	6.793977028801186e-05	6.518429872034358e-07	-1.1400374918172888e-08	2.0481726649291693e-08	-3.752205860307135e-08	0.14054349004014857	0.2151328492514322	0.0006429572927367968	0.005057683235102701	0.01750527012173593	0.05743052183097995	0.0526890187280338	0.7362632619015829	0.05793004001533107	0.6120385857977764	0.00011503216057178003	0.017491061337004975	0.08497588431599562	-4.599738500128294e-06	0.000993414752731706
2.1140751866957433e-06	-2.291945880918923e-05	3.5771450638235063e-06	3.415115032423139e-05	-1.7188623079059846e-05	0.00021756451386547297	4.521034616929619e-07	-7.167293514885905e-07	-5.571436446503725e-06	-3.1367956041884247e-07	0.04536246760715148	0.8889629899844921	-0.00037676272216628206	-0.005525058170121274	0.00955730139312723	-0.045065038327430015	-0.047472604016502835	0.10533106891543821	-0.04425575668555912	-0.4358277137308605	0.0002840073681760783	0.01064064995221747	-0.012943895670248952	1.6513761334524963e-06	-0.0007955479424323512
