tloc	tmcCabe	assertionDensity	assertionRoulette	mysteryGuest	eagerTest	sensitiveEquality	resourceOptimism	conditionalTestLogic	fireAndForget	loc	lcom2	lcom5	cbo	wmc	rfc	mpc	halsteadVocabulary	halsteadLength	halsteadVolume	classDataShouldBePrivate	complexClass	spaghettiCode	functionalDecomposition	godClass
6.824646796363033e-05	5.509299444309302e-06	2.1484373946408344e-07	2.22289175309269e-05	-9.022601230131131e-07	6.870387429628046e-05	6.665690536348332e-07	-9.178830515041718e-09	4.634301238154383e-08	-7.811778735776522e-08	0.14052264581062485	0.21548638375790927	0.0006443960115056342	0.005049074734940759	0.017548158610433448	0.05743700765872723	0.052683437779309325	0.7365005280986461	0.05787167097736052	0.6116303688791739	0.00011451084344442413	0.017549579079367373	0.08501975926230602	-4.592775250108758e-06	0.0006059182264692025
2.0470881659634487e-06	-2.2947982326942228e-05	3.613361497577163e-06	3.448950661274334e-05	-1.6935875660455617e-05	0.000218246055430481	4.251904552195976e-07	-7.053731579127053e-07	-5.3015438327718306e-06	-2.3454021281423695e-07	0.04532441971866194	0.8886616944297838	-0.0003802607913826358	-0.005532855111296511	0.00952769538720559	-0.045257746303195574	-0.04764078457871203	0.10525920854384145	-0.04428602651485853	-0.4364197319062649	0.0002844880991069604	0.010596867260906029	-0.013079236030740847	1.6444573657818107e-06	-0.00047080669054840133
