tloc	tmcCabe	assertionDensity	assertionRoulette	mysteryGuest	eagerTest	sensitiveEquality	resourceOptimism	conditionalTestLogic	fireAndForget	loc	lcom2	lcom5	cbo	wmc	rfc	mpc	halsteadVocabulary	halsteadLength	halsteadVolume	classDataShouldBePrivate	complexClass	spaghettiCode	functionalDecomposition	godClass
6.730124034260301e-05	4.735093514791276e-06	3.651186863910393e-07	2.2087135983800345e-05	-1.400434436362569e-06	6.876883977725574e-05	6.52020198184187e-07	-4.220598165513085e-08	-6.302784301300317e-07	-5.889547150537658e-08	0.1403375414660344	0.21513994660336325	0.0006434150600422476	0.005041497555055082	0.01753726183387827	0.057376324121487306	0.05262522810599252	0.7362859396607557	0.05793183509832276	0.6120681350505324	0.0001139576074508988	0.01754680812610307	0.08494682353145565	-4.5184445427910456e-06	0.000986867994635447
3.6944327057262936e-06	-2.2642557022264086e-05	3.5205905366375035e-06	3.4061081907357624e-05	-1.6744137801390732e-05	0.0002172670932561535	4.49729234071695e-07	-6.950133589382933e-07	-5.2664609343731945e-06	-3.0119037908546844e-07	0.04551246705563816	0.8889546774378176	-0.0003775853122256477	-0.005512716292601185	0.009539839069135362	-0.045005525663942725	-0.04740531146425746	0.10531761968919186	-0.04426002868788512	-0.43584716581613686	0.00028468375834682044	0.010630559829223542	-0.012908375963481314	1.6277744576233151e-06	-0.0007914724365084153
