tloc	tmcCabe	assertionDensity	assertionRoulette	mysteryGuest	eagerTest	sensitiveEquality	resourceOptimism	conditionalTestLogic	fireAndForget	loc	lcom2	lcom5	cbo	wmc	rfc	mpc	halsteadVocabulary	halsteadLength	halsteadVolume	classDataShouldBePrivate	complexClass	spaghettiCode	functionalDecomposition	godClass
6.941149390997477e-05	5.436239281778218e-06	2.0663299006826878e-07	2.213062524331007e-05	-8.33705535979694e-07	6.883309152697843e-05	6.635645886472293e-07	-1.9244776590306687e-08	4.344330404036819e-08	-4.5360085676086645e-08	0.1404523326203901	0.2149957656073223	0.0006425751342316108	0.00504744257264727	0.017543148468953586	0.05735484520299554	0.052602241046260205	0.7360374606237221	0.05799377963861512	0.6124041961771303	0.00011455027529464485	0.01753518791796615	0.08484061587123047	-4.6106372403310314e-06	0.0009898554365738055
