tloc	tmcCabe	assertionDensity	assertionRoulette	mysteryGuest	eagerTest	sensitiveEquality	resourceOptimism	conditionalTestLogic	fireAndForget	loc	lcom2	lcom5	cbo	wmc	rfc	mpc	halsteadVocabulary	halsteadLength	halsteadVolume	classDataShouldBePrivate	complexClass	spaghettiCode	functionalDecomposition	godClass
0.00012718757948347028	8.512765030155654e-07	1.3526951788645818e-06	4.0563687646046324e-05	3.384728577699953e-06	0.00017672582486209055	2.255872920933077e-06	3.5161599963913275e-07	8.557908573102878e-06	1.1527515282966066e-07	0.1285841545464932	0.5577254730099274	0.0002496770244611837	0.0008680917480025802	0.017337714972895893	0.017355474587503226	0.012668430214886785	0.7246167340200679	0.03690622122131574	0.37571915379831494	0.00027552084056946366	0.01687124202078076	0.06132699483899776	-6.130941232305464e-06	0.001780711623969967
