tloc	tmcCabe	assertionDensity	assertionRoulette	mysteryGuest	eagerTest	sensitiveEquality	resourceOptimism	conditionalTestLogic	fireAndForget	loc	lcom2	lcom5	cbo	wmc	rfc	mpc	halsteadVocabulary	halsteadLength	halsteadVolume	classDataShouldBePrivate	complexClass	spaghettiCode	functionalDecomposition	godClass
6.878862731289772e-05	5.491889088078281e-06	1.9888029740890326e-07	2.204338061720031e-05	-1.0313496000393516e-06	6.862648644574693e-05	6.796503242332824e-07	-2.762846681241915e-08	5.598973528146317e-08	-4.8858918681653346e-08	0.14040527650233436	0.2150199824102942	0.00064297710818136	0.005044016548222667	0.017538540261409403	0.05736065341444109	0.05260984551680899	0.7361242811423621	0.05797268277639676	0.612297866231739	0.00011429729374456024	0.0175401270388149	0.08487724213404939	-4.560148230270919e-06	0.0009887426119739296
