tloc	tmcCabe	assertionDensity	assertionRoulette	mysteryGuest	eagerTest	sensitiveEquality	resourceOptimism	conditionalTestLogic	fireAndForget	loc	lcom2	lcom5	cbo	wmc	rfc	mpc	halsteadVocabulary	halsteadLength	halsteadVolume	classDataShouldBePrivate	complexClass	spaghettiCode	functionalDecomposition	godClass
6.675984486502145e-05	5.360821179850069e-06	1.4662549773018902e-07	2.1590651240692793e-05	-9.017156435505416e-07	6.855513369800168e-05	6.496457374110741e-07	4.425575576978904e-08	-2.7732323104960163e-07	-4.579831487471523e-08	0.1403601301861509	0.21497402251479944	0.0006431458575843771	0.005044092694954894	0.017534613033900828	0.057354479047995816	0.0526053323663046	0.7360994502955936	0.05798652069121706	0.6123533820293405	0.00011410624029133637	0.01753888873880892	0.08488176185626953	-4.607830166413493e-06	0.0009881686199500266
