tloc	tmcCabe	assertionDensity	assertionRoulette	mysteryGuest	eagerTest	sensitiveEquality	resourceOptimism	conditionalTestLogic	fireAndForget	loc	lcom2	lcom5	cbo	wmc	rfc	mpc	halsteadVocabulary	halsteadLength	halsteadVolume	classDataShouldBePrivate	complexClass	spaghettiCode	functionalDecomposition	godClass
6.925872618086622e-05	5.40172738674697e-06	1.9941758416531332e-07	2.2127374718225094e-05	-8.712680506953124e-07	6.880504189389785e-05	6.674425791307291e-07	-2.0840552553510995e-08	2.898106886041472e-09	-4.615323800778805e-08	0.14043691250028878	0.21498221838040296	0.0006427382602881538	0.0050470927375246095	0.01754258578552258	0.05735404276106422	0.0526016790752806	0.7360341263934861	0.05799527868902632	0.6124171298153983	0.00011445019404917964	0.017535420772238818	0.08483599519357936	-4.619325454300922e-06	0.0009895760627131865
1.725281917763329e-06	-2.305216497853684e-05	3.6016395860014618e-06	3.406319715378501e-05	-1.700922939190103e-05	0.0002172142366216834	4.3425349804901335e-07	-7.068866975696812e-07	-5.618454203853599e-06	-3.0785609422508643e-07	0.045492404569562786	0.8889972500064345	-0.0003767385625868701	-0.005512105082392661	0.009552271377739747	-0.04495734446219588	-0.04736544512905402	0.1056004358979963	-0.04426370428294256	-0.43570501938480083	0.0002843350918050429	0.010635449693882124	-0.012823783086126785	1.6735598274546805e-06	-0.0007921565704389247
-0.0006890936962771518	-5.662658041427638e-05	1.7020882554354302e-06	-7.528810854384817e-06	-9.265243088500169e-05	1.3156504903233466e-05	2.78073420189679e-07	-5.368880525191459e-06	-3.183768957018287e-05	-1.480568082180659e-06	-0.09529486436725995	-0.38708670842146264	-0.0006891566881782273	-0.008012735918785516	-0.02567313487544231	-0.06160658442385821	-0.053705947937006726	0.6569894042013632	-0.07280645216842968	-0.6242825761289158	-0.0008162834906217987	-0.022234986657965916	0.08043191576385443	2.374214213384904e-05	-0.007060176896227521
0.00029260205582183494	6.832724868447279e-05	8.276385978306354e-06	1.6873715816708149e-07	-9.248898587003181e-05	-0.00022989401047825056	-3.3844366346446648e-06	-7.95513567749892e-06	-3.396002892141935e-05	-8.616401804655784e-07	0.8691766621954601	-0.09338768546339074	0.003413490805631181	0.053078212249226625	0.08097096094267885	0.297048028128696	0.2757285897151264	-0.05672026823579118	-0.04617633729888319	-0.17053459241695798	-0.0003170908524560366	0.08400628497333819	0.14357092238678998	-8.58076030486683e-06	-0.007760760438741079
