tloc	tmcCabe	assertionDensity	assertionRoulette	mysteryGuest	eagerTest	sensitiveEquality	resourceOptimism	conditionalTestLogic	fireAndForget	loc	lcom2	lcom5	cbo	wmc	rfc	mpc	halsteadVocabulary	halsteadLength	halsteadVolume	classDataShouldBePrivate	complexClass	spaghettiCode	functionalDecomposition	godClass
6.925657594317805e-05	5.466715082211441e-06	2.0681845692304712e-07	2.214155006734137e-05	-8.723239379771261e-07	6.880789082665541e-05	6.686209414183148e-07	-2.09560693392484e-08	1.1672546339837962e-08	-4.5021908821889074e-08	0.14043637084885138	0.21501570803480158	0.0006427559090284181	0.005047484353374378	0.01754375439858142	0.05735425216994453	0.05260147165365325	0.7360443547557015	0.05799031081153231	0.6123919382162847	0.00011446558439514562	0.017537909286088112	0.0848477294401895	-4.603694475617694e-06	0.0009896917977272348
7.387960035197132e-07	-2.3061952625436693e-05	3.5847613270113904e-06	3.391115437655358e-05	-1.7064265264273205e-05	0.00021698482380169527	4.2930135236174315e-07	-7.096116921570051e-07	-5.664959364734165e-06	-3.0978241712593256e-07	0.04548474711130223	0.8889805812036802	-0.0003768573043116173	-0.005513744749974156	0.00954801086434434	-0.04496288081553148	-0.04736944264208518	0.10558477577110623	-0.044263423050259994	-0.4357420346768972	0.0002842542594099393	0.010629804124248611	-0.01285160614341815	1.6611125649490518e-06	-0.0007928815967973544
