tloc	tmcCabe	assertionDensity	assertionRoulette	mysteryGuest	eagerTest	sensitiveEquality	resourceOptimism	conditionalTestLogic	fireAndForget	loc	lcom2	lcom5	cbo	wmc	rfc	mpc	halsteadVocabulary	halsteadLength	halsteadVolume	classDataShouldBePrivate	complexClass	spaghettiCode	functionalDecomposition	godClass
6.974083973110013e-05	5.60984194336702e-06	1.645052775695931e-07	2.219461009258688e-05	-1.2984450357535323e-06	6.824396220288116e-05	6.432795226074927e-07	-3.803647747369503e-08	1.1462078313239296e-08	-4.934931094986135e-08	0.1405466217729917	0.21526593587925288	0.0006431764925809627	0.005058209467772801	0.017552442620752593	0.05741281969062705	0.05265753437349561	0.7361590131350172	0.05793805243007311	0.6121228239054515	0.00011546294448707572	0.017553021120649364	0.08493361078539506	-4.6713048701624674e-06	0.0009881743712126904
7.97302900594434e-07	-2.313029189802827e-05	3.6075321804406765e-06	3.4023067099977216e-05	-1.6949728305114022e-05	0.00021743742626206163	4.39563177101161e-07	-7.057293145827012e-07	-5.692699409910338e-06	-3.1064772177582213e-07	0.045211646980199194	0.888988563193974	-0.0003777180317828715	-0.005531500175965343	0.009521249760506384	-0.04509540087399374	-0.04749274867384846	0.10524312868428576	-0.044235086422260116	-0.4358099910149927	0.0002835383924872394	0.010610310705065596	-0.012967073520263809	1.6817768515361034e-06	-0.0007937902050525178
