tloc	tmcCabe	assertionDensity	assertionRoulette	mysteryGuest	eagerTest	sensitiveEquality	resourceOptimism	conditionalTestLogic	fireAndForget	loc	lcom2	lcom5	cbo	wmc	rfc	mpc	halsteadVocabulary	halsteadLength	halsteadVolume	classDataShouldBePrivate	complexClass	spaghettiCode	functionalDecomposition	godClass
6.951920911471264e-05	5.470066621061468e-06	2.0696231876209443e-07	2.221084993966271e-05	-8.517384391942401e-07	6.880050418431452e-05	6.698603617093068e-07	-2.1782160243222937e-08	1.2980379338622135e-07	-4.662290028449828e-08	0.1404363577808523	0.2149761536099406	0.0006427188634866412	0.005048303458021285	0.0175428364570366	0.05735426424644797	0.05260186965713659	0.7360324893698856	0.05799631530379574	0.6124211948136588	0.00011444979141947214	0.017535068094137674	0.08483611372927118	-4.617552634908898e-06	0.0009894628695734115
