tloc	tmcCabe	assertionDensity	assertionRoulette	mysteryGuest	eagerTest	sensitiveEquality	resourceOptimism	conditionalTestLogic	fireAndForget	loc	lcom2	lcom5	cbo	wmc	rfc	mpc	halsteadVocabulary	halsteadLength	halsteadVolume	classDataShouldBePrivate	complexClass	spaghettiCode	functionalDecomposition	godClass
6.915860879753271e-05	5.315114143386818e-06	1.9478046555196184e-07	2.2078756819583827e-05	-9.459639873135023e-07	6.916199034175463e-05	7.33291430297767e-07	-2.4455324153084695e-08	-6.894644623869082e-08	-4.795431565450907e-08	0.1407022554230423	0.2152385506497744	0.0006426991222981487	0.005047848983664935	0.017555340145808604	0.05737164299065184	0.05261380780790146	0.736013460310981	0.05797612931822326	0.612288143699826	0.00011439015298610852	0.017543770018721767	0.08484596504330717	-4.631969855705824e-06	0.0009892151933109051
2.397352280943251e-06	-2.262407329574485e-05	3.6433821222907355e-06	3.446992243914633e-05	-1.6659762864027368e-05	0.00021538637616441055	1.4316591808969115e-07	-6.898062982258947e-07	-5.250514317410882e-06	-2.9926971073963463e-07	0.04393999242597497	0.8888170559573169	-0.0003812507075872943	-0.005532258317552247	0.00947207258100814	-0.04520406436343696	-0.047575456670379726	0.10593018044076362	-0.0442721015358185	-0.43610323887073166	0.0002851853926529523	0.010568251249448584	-0.012903978327181207	1.74472736094781e-06	-0.0007923397920612711
-0.0006954817428760477	-5.791511582916809e-05	1.5448556151356998e-06	-9.232523980666702e-06	-9.400489364346854e-05	1.618921824527315e-05	8.069789512828449e-07	-5.441539741952552e-06	-3.29392425753109e-05	-1.5104288521456692e-06	-0.09064281638451133	-0.3882028627217919	-0.0006672317273584954	-0.007928210780346397	-0.025440477550769378	-0.06082074006584892	-0.0530211137526936	0.6566830238792895	-0.07292917909821495	-0.6246887147542791	-0.0008213804244602277	-0.022042470238485892	0.08085152066810371	2.358294691305527e-05	-0.007087724891949944
