tloc	tmcCabe	assertionDensity	assertionRoulette	mysteryGuest	eagerTest	sensitiveEquality	resourceOptimism	conditionalTestLogic	fireAndForget	loc	lcom2	lcom5	cbo	wmc	rfc	mpc	halsteadVocabulary	halsteadLength	halsteadVolume	classDataShouldBePrivate	complexClass	spaghettiCode	functionalDecomposition	godClass
8.440994772051198e-05	1.244831900819562e-05	-7.682206833820885e-07	1.033718496010214e-05	3.0943776135794277e-06	9.032362756032753e-06	-1.0268725151601461e-07	1.726013238708385e-07	2.585719951675846e-06	3.672109785005064e-08	0.13827532057390934	0.025763416938180357	0.0007472949210277079	0.006595296824865416	0.01620287675451864	0.07025973462460977	0.06572969591494651	0.6792481272994111	0.06735163928229837	0.7050433357925593	5.5755598075737905e-05	0.01602558201625294	0.08598789432205525	-5.2684860726602325e-06	0.0012861797244806215
0.0003967345426695275	1.7637579660962148e-05	-2.033889003563414e-06	1.5138942463141156e-05	1.8990591859969671e-06	0.00018478813404684504	1.4383031760564149e-06	7.360358920685897e-07	1.468394978722437e-05	1.673176219097389e-07	0.13930109503241317	0.9881590129352462	-3.440379082482702e-05	0.0022670977854367907	0.024943284928542538	0.01928082915518014	0.010551100915989505	-0.030724877228668717	-0.003277965247155837	-0.036370809783202514	0.0005991653064831438	0.025314972516386963	-0.010036940031744507	-8.675541973845657e-06	0.002616728820760987
