tloc	tmcCabe	assertionDensity	assertionRoulette	mysteryGuest	eagerTest	sensitiveEquality	resourceOptimism	conditionalTestLogic	fireAndForget	loc	lcom2	lcom5	cbo	wmc	rfc	mpc	halsteadVocabulary	halsteadLength	halsteadVolume	classDataShouldBePrivate	complexClass	spaghettiCode	functionalDecomposition	godClass
6.106443628584496e-05	4.277150357194348e-06	6.340466988958602e-07	2.2206974799208415e-05	-2.2197865003097e-06	6.780140133938733e-05	5.832816335505419e-07	-2.4180405148086222e-09	-5.617718455868065e-07	-6.962717501639128e-08	0.14065686790581539	0.21613484801098418	0.0006460903845808928	0.0050467231881466765	0.01755424711802084	0.05756344687149567	0.05280977476677935	0.7372304691032135	0.05766693625894133	0.6104211761406276	0.00011286235841762524	0.017638374957351516	0.08546680155815047	-4.465903707626146e-06	0.0009753904345935346
2.3991784655824384e-06	-2.2817298910274806e-05	3.6801675968713e-06	3.3751529779439674e-05	-1.7180534816278213e-05	0.000218064257217949	4.487255776194266e-07	-6.485624802709463e-07	-5.441594137588884e-06	-2.7289707034818986e-07	0.044705447617760255	0.889282016030663	-0.00038679704654454413	-0.005546745207674777	0.009447431883484547	-0.04562685578119615	-0.04800188625365335	0.10309439924928515	-0.04407367626673023	-0.4356626521011532	0.00028348415750743957	0.010449920865512302	-0.013780478186135292	1.4314218200920987e-06	-0.000796883123457753
