tloc	tmcCabe	assertionDensity	assertionRoulette	mysteryGuest	eagerTest	sensitiveEquality	resourceOptimism	conditionalTestLogic	fireAndForget	loc	lcom2	lcom5	cbo	wmc	rfc	mpc	halsteadVocabulary	halsteadLength	halsteadVolume	classDataShouldBePrivate	complexClass	spaghettiCode	functionalDecomposition	godClass
6.861631547930533e-05	5.351902083704289e-06	1.956758724798113e-07	2.196277433352322e-05	-1.0607097710083927e-06	6.890266527633302e-05	6.562780995951746e-07	-2.931185025647476e-08	-2.1064819325803443e-07	-3.7525978684522014e-08	0.14047303308302272	0.2151943466144457	0.0006431892301933705	0.005046270195086152	0.01755001943766187	0.05738505495959086	0.05263011524901802	0.736117255057743	0.05796003808298479	0.6122204045861972	0.00011474314608292045	0.01755014800733075	0.08491791380422357	-4.5259776355378674e-06	0.0009894167047692808
1.5430889533889744e-06	-2.301921698467033e-05	3.581951279369015e-06	3.3718740909534427e-05	-1.7010457963973525e-05	0.0002157145065821933	4.344136156377266e-07	-7.303135151776431e-07	-5.307123442623099e-06	-3.0849381100361126e-07	0.04540914264693123	0.8888008879895486	-0.0003774742513442909	-0.005518876906265011	0.009518810976703214	-0.04508027309451584	-0.04746804354511078	0.10563306854909629	-0.04428372111125582	-0.43607875919950184	0.00028385740683992464	0.01059720500509425	-0.012930553262763577	1.6487779681490184e-06	-0.0007939881850546536
