tloc	tmcCabe	assertionDensity	assertionRoulette	mysteryGuest	eagerTest	sensitiveEquality	resourceOptimism	conditionalTestLogic	fireAndForget	loc	lcom2	lcom5	cbo	wmc	rfc	mpc	halsteadVocabulary	halsteadLength	halsteadVolume	classDataShouldBePrivate	complexClass	spaghettiCode	functionalDecomposition	godClass
6.80337924135126e-05	5.694440635650342e-06	2.223930745036846e-07	2.223781851605627e-05	-1.0803791824173204e-06	6.82708628028609e-05	6.050024191793135e-07	-2.982965321188031e-08	-7.982948058945966e-07	-5.051300937192554e-08	0.14063020206263296	0.21648320564304124	0.0006439099164041612	0.005080751939901958	0.017591041656781756	0.05774405665483073	0.05297563795486493	0.7348677733655898	0.05802488473842877	0.6131534308454508	0.00011538522530105522	0.01759183402975821	0.08495025998693977	-4.164508738665821e-06	0.0009982263882935185
