tloc	tmcCabe	assertionDensity	assertionRoulette	mysteryGuest	eagerTest	sensitiveEquality	resourceOptimism	conditionalTestLogic	fireAndForget	loc	lcom2	lcom5	cbo	wmc	rfc	mpc	halsteadVocabulary	halsteadLength	halsteadVolume	classDataShouldBePrivate	complexClass	spaghettiCode	functionalDecomposition	godClass
6.322140099806361e-05	4.941083354744644e-06	1.3810582614097888e-07	2.2095829197254975e-05	-1.3161470491628682e-06	6.823127294481552e-05	6.556455653115114e-07	-2.3541787206366847e-08	-1.0004272401936829e-06	-5.601387989135133e-08	0.1407399931892991	0.21389919234600271	0.0006442075006213111	0.005075834263172516	0.017518370274395387	0.057756607904459606	0.05301599215694658	0.7377219090435696	0.05765525237606972	0.610535474087828	0.00011518820948753078	0.017582671103229842	0.08566424073933653	-4.510569885023372e-06	0.0009762199255437787
-5.428452917252021e-06	-2.3090894904020124e-05	3.755001833267146e-06	3.706432956220938e-05	-1.6255414415900907e-05	0.00022418208853557724	4.057175250702704e-07	-6.265101414924084e-07	-3.3360521757463702e-06	-2.9201719083357117e-07	0.04483074563478045	0.8879897278103026	-0.00037937513711353444	-0.005612943720835032	0.009243241107220185	-0.04696693367141653	-0.04924659902996794	0.10746406767686525	-0.044211784574336846	-0.43693178738329574	0.0002889933473258369	0.01023485852607903	-0.01407705587677642	1.5799702676548007e-06	-0.0007708488577230587
