tloc	tmcCabe	assertionDensity	assertionRoulette	mysteryGuest	eagerTest	sensitiveEquality	resourceOptimism	conditionalTestLogic	fireAndForget	loc	lcom2	lcom5	cbo	wmc	rfc	mpc	halsteadVocabulary	halsteadLength	halsteadVolume	classDataShouldBePrivate	complexClass	spaghettiCode	functionalDecomposition	godClass
6.64520025867725e-05	5.245378017649849e-06	1.852431769898641e-07	2.1843741984199265e-05	-1.1989546837530385e-06	6.878521454279332e-05	6.42091365673224e-07	-3.595731955022879e-08	-2.547965670130748e-07	-5.6895832809633625e-08	0.14040685039599923	0.215171327598284	0.0006433922255735065	0.005047681567158872	0.017540693204637584	0.05740533124319773	0.05265525076507073	0.7362800792822954	0.05792685727144899	0.6120382404079543	0.00011302060348242053	0.01755577690613123	0.08498124848039021	-4.463322328061768e-06	0.0009877681140635813
