tloc	tmcCabe	assertionDensity	assertionRoulette	mysteryGuest	eagerTest	sensitiveEquality	resourceOptimism	conditionalTestLogic	fireAndForget	loc	lcom2	lcom5	cbo	wmc	rfc	mpc	halsteadVocabulary	halsteadLength	halsteadVolume	classDataShouldBePrivate	complexClass	spaghettiCode	functionalDecomposition	godClass
6.305241705913944e-05	4.499233901722356e-06	3.3795183242674426e-07	2.286182385446734e-05	-2.450405997989886e-06	7.157238940437657e-05	4.841055129791296e-07	-2.7479119022543386e-07	-1.4453863750140264e-06	-4.892214229590608e-08	0.13966751085231127	0.22154185335869847	0.0006799637891248926	0.005229486193047001	0.018132821200292432	0.060277205872714665	0.05537304420259692	0.7338290372639475	0.05755108591086519	0.6122478781278503	7.423487351410069e-05	0.018211707181027863	0.08578586773656265	-4.4194316054643254e-06	0.0007243716525669057
-8.22342448292945e-06	-2.3946223836336833e-05	3.9203493739546915e-06	3.487355912349378e-05	-1.7621270323598883e-05	0.00023179263286274976	1.0689318298397425e-06	-5.19369976470038e-07	-4.368364175968977e-06	-3.1623347807277467e-07	0.030673204445824036	0.8754363872686988	-0.000472994582662788	-0.0066795427927082455	0.007831407908299746	-0.05619944792800913	-0.05791469811315307	0.12462370546022153	-0.04550584100296922	-0.4561683960579814	0.00040913224087867913	0.00869270782137656	-0.01684952154744166	1.6874451466916077e-06	-0.0006908292513292621
