tloc	tmcCabe	assertionDensity	assertionRoulette	mysteryGuest	eagerTest	sensitiveEquality	resourceOptimism	conditionalTestLogic	fireAndForget	loc	lcom2	lcom5	cbo	wmc	rfc	mpc	halsteadVocabulary	halsteadLength	halsteadVolume	classDataShouldBePrivate	complexClass	spaghettiCode	functionalDecomposition	godClass
6.943297850823927e-05	5.446617893060108e-06	2.0418866056987285e-07	2.21489995525113e-05	-8.265892654285114e-07	6.877669141828044e-05	6.690072700836216e-07	-1.8785726949054776e-08	3.7000363491924205e-08	-4.4950630804625116e-08	0.14042685173537064	0.21486931267966056	0.0006427746648110638	0.005047689692198216	0.017540020161430442	0.057351424153520174	0.05259972019417385	0.7360279834893542	0.05800282935335009	0.6124673679903819	0.0001143038513434619	0.017530747603110675	0.08482858720910595	-4.616654482550048e-06	0.0009897986671951694
-9.302417525037036e-06	-2.451254373443507e-05	3.827266671750697e-06	3.560721244310379e-05	-1.67384031100548e-05	0.000209012943408843	3.8627617735242933e-07	-7.792564504935585e-07	-5.5336544470190605e-06	-2.8541446251417324e-07	0.04114569600023369	0.884442167766461	-0.0003880925119169353	-0.00574307415290497	0.008738036155769149	-0.04700140847842867	-0.04914822000958832	0.11416077542171675	-0.0448909380657162	-0.44275028258326393	0.0002320412893060756	0.009772886395947448	-0.012765440027285583	1.968867109115247e-06	-0.0008121454931627578
-0.0006814045390404213	-5.3838013044683574e-05	9.965773968609064e-07	-1.3474285660802459e-05	-9.779033960086717e-05	3.646822743687215e-05	4.1077773837186925e-07	-5.392851741241668e-06	-3.3714652501821274e-05	-1.6215402109296953e-06	-0.08163561800033062	-0.39958380220037815	-0.0006594201558177665	-0.007274764736179511	-0.023807537059874408	-0.055440041017122924	-0.0481389751979306	0.6544176590372667	-0.07336043552093889	-0.621632626641736	-0.0006839563366141256	-0.020054849362234294	0.08443565376027397	2.3683723864385018e-05	-0.007309108569029122
