tloc	tmcCabe	assertionDensity	assertionRoulette	mysteryGuest	eagerTest	sensitiveEquality	resourceOptimism	conditionalTestLogic	fireAndForget	loc	lcom2	lcom5	cbo	wmc	rfc	mpc	halsteadVocabulary	halsteadLength	halsteadVolume	classDataShouldBePrivate	complexClass	spaghettiCode	functionalDecomposition	godClass
6.80979426198347e-05	5.18588258773782e-06	1.9453017609879066e-07	2.2320048062856412e-05	-1.0889215600444973e-06	6.891918999071921e-05	6.677022032696916e-07	-3.563594964790148e-08	-2.721343149485777e-07	-4.41208871821668e-08	0.14041217047550275	0.21510083727386178	0.0006429615655417536	0.005041323633865679	0.01754280098595125	0.057381194216194316	0.05262865030621835	0.736223262208528	0.05794885751589536	0.6121401587686395	0.00011416657345287147	0.01755322074884082	0.08492761955469857	-4.55157064110423e-06	0.0009605839084005953
