tloc	tmcCabe	assertionDensity	assertionRoulette	mysteryGuest	eagerTest	sensitiveEquality	resourceOptimism	conditionalTestLogic	fireAndForget	loc	lcom2	lcom5	cbo	wmc	rfc	mpc	halsteadVocabulary	halsteadLength	halsteadVolume	classDataShouldBePrivate	complexClass	spaghettiCode	functionalDecomposition	godClass
5.372033950020054e-05	3.924224725905377e-06	1.8547722660610677e-07	2.234052070769323e-05	-1.7413817384995237e-06	6.859635168133017e-05	6.375385566840665e-07	-4.8508351819780744e-08	-1.5137728584492036e-06	-9.424180142541778e-08	0.1418059598116506	0.21228909976598878	0.0006600475483116962	0.005127519341865092	0.01766029846006337	0.05833060897031128	0.05356786108815146	0.7420754751396813	0.05708973436667524	0.6054305823254923	0.00011642416152916444	0.017693718057656554	0.08612930202125578	-4.611204245910703e-06	0.001017023753349795
