tloc	tmcCabe	assertionDensity	assertionRoulette	mysteryGuest	eagerTest	sensitiveEquality	resourceOptimism	conditionalTestLogic	fireAndForget	loc	lcom2	lcom5	cbo	wmc	rfc	mpc	halsteadVocabulary	halsteadLength	halsteadVolume	classDataShouldBePrivate	complexClass	spaghettiCode	functionalDecomposition	godClass
6.687388246740522e-05	5.155753835496738e-06	1.9017856424857016e-07	2.180956678690624e-05	-1.1540425720362405e-06	6.842771369379642e-05	6.902444855961764e-07	-4.7166663032944046e-08	-3.728443024630264e-07	-5.3138305598223534e-08	0.1405124718375775	0.21342963371985976	0.000644185197934811	0.005056469538974909	0.017515752286759827	0.057439709530327836	0.052704740365176396	0.736742636820611	0.05791655202120978	0.6120536906123323	0.00011445127889854887	0.017512069113907666	0.08504531213445818	-4.386705132420119e-06	0.0009908714104941419
3.3673541047750175e-06	-2.279882015016836e-05	3.5702458786314054e-06	3.431086303029385e-05	-1.7231590266433663e-05	0.00021879472199952922	4.3889405370083916e-07	-7.560228532113801e-07	-6.170317403445593e-06	-3.0204366482886883e-07	0.04620279668670946	0.8876871237904925	-0.00037373699439638403	-0.005501500452818197	0.00955656778323942	-0.044943149324308054	-0.04732159644913905	0.10886282795399213	-0.04449624967554419	-0.4374883740707082	0.00028646530901081543	0.010614282340939387	-0.012465488579323203	1.589531002356256e-06	-0.0007906442627674546
