tloc	tmcCabe	assertionDensity	assertionRoulette	mysteryGuest	eagerTest	sensitiveEquality	resourceOptimism	conditionalTestLogic	fireAndForget	loc	lcom2	lcom5	cbo	wmc	rfc	mpc	halsteadVocabulary	halsteadLength	halsteadVolume	classDataShouldBePrivate	complexClass	spaghettiCode	functionalDecomposition	godClass
6.81276318507218e-05	5.225503085513538e-06	2.4882642202397313e-07	2.1945077701105066e-05	-1.174482541626754e-06	6.89793771071955e-05	6.507916654947125e-07	-4.138970214704943e-08	-1.3524387713331517e-07	-4.682808114608284e-08	0.14041454389546876	0.21507664626580816	0.000643197590770084	0.005045549482388786	0.01754134702452806	0.0573778349310206	0.0526266790003856	0.736183059983063	0.05795718900030425	0.6121991637584824	0.00011418324627005842	0.017544020881736087	0.08490756789496409	-4.57745803821975e-06	0.0009890846797576329
2.127178142157488e-06	-2.30867620586418e-05	3.6013318210085706e-06	3.413692421069438e-05	-1.6937321163101095e-05	0.00021683847740753612	4.3794579456350637e-07	-6.88217647935401e-07	-5.622727498508492e-06	-3.015230451670502e-07	0.045427200296366065	0.8889897891985373	-0.0003777323379268491	-0.005515148888559566	0.009539354108144571	-0.045012385454792206	-0.047416534796347255	0.10541569943242572	-0.04425433596412031	-0.43575986057256405	0.00028443277135730663	0.010624280531679567	-0.012896184497720602	1.6407433159793093e-06	-0.0007961388027327214
