tloc	tmcCabe	assertionDensity	assertionRoulette	mysteryGuest	eagerTest	sensitiveEquality	resourceOptimism	conditionalTestLogic	fireAndForget	loc	lcom2	lcom5	cbo	wmc	rfc	mpc	halsteadVocabulary	halsteadLength	halsteadVolume	classDataShouldBePrivate	complexClass	spaghettiCode	functionalDecomposition	godClass
6.524452008699292e-05	5.068849304149768e-06	1.1681464198972282e-07	2.186355437916405e-05	-4.7420483731508717e-07	6.772213618721626e-05	6.307888951955797e-07	-9.78923230972873e-08	-3.7936712732993256e-07	-7.268221512014169e-08	0.14094318779327092	0.21624738828057147	0.0006456504719649553	0.0050686695763167205	0.017601755243462698	0.05770048616949528	0.05293847241465209	0.7375020322810115	0.0575808470357516	0.6099467637120662	0.00011716066869692767	0.017671481486379155	0.0856246913004951	-4.418767288822704e-06	0.0007606631563881786
1.9173971694320273e-05	-2.2671481332268643e-05	3.698948078203052e-06	3.710677060686052e-05	-7.892542664547997e-06	0.00022022487290678625	4.0799353034515003e-07	-4.964817586264279e-07	-3.720705775422236e-06	-2.645583523481397e-07	0.04123620176184519	0.8849961212934129	-0.0004044373681000909	-0.005918291082163829	0.008805993274692805	-0.04898757362457495	-0.05110784493643332	0.11049949144657675	-0.044525914436893535	-0.44211388235642957	0.00022206960147041696	0.009808098809925026	-0.014240158735591056	1.4934516440924184e-06	-0.0006714111987881919
