tloc	tmcCabe	assertionDensity	assertionRoulette	mysteryGuest	eagerTest	sensitiveEquality	resourceOptimism	conditionalTestLogic	fireAndForget	loc	lcom2	lcom5	cbo	wmc	rfc	mpc	halsteadVocabulary	halsteadLength	halsteadVolume	classDataShouldBePrivate	complexClass	spaghettiCode	functionalDecomposition	godClass
6.895158356550161e-05	5.38226151996648e-06	2.0877070928849414e-07	2.1823924626248248e-05	-6.554039654988581e-07	6.793977028801194e-05	6.518429872034296e-07	-1.1400374918174172e-08	2.0481726649278765e-08	-3.752205860307225e-08	0.14054349004014866	0.21513284925143203	0.0006429572927367986	0.005057683235102725	0.01750527012173595	0.057430521830980026	0.052689018728034	0.7362632619015823	0.057930040015331155	0.6120385857977768	0.00011503216057178012	0.01749106133700499	0.08497588431599559	-4.599738500128293e-06	0.0009934147527316905
2.114075186742087e-06	-2.291945880908715e-05	3.577145063823528e-06	3.415115032423131e-05	-1.718862307906084e-05	0.0002175645138654734	4.5210346169297675e-07	-7.167293514886468e-07	-5.57143644650405e-06	-3.1367956041885984e-07	0.045362467607150375	0.8889629899844884	-0.0003767627221662904	-0.005525058170121381	0.009557301393127033	-0.045065038327430626	-0.047472604016503606	0.10533106891544623	-0.044255756685559956	-0.4358277137308678	0.0002840073681760697	0.010640649952217187	-0.012943895670247962	1.6513761334527411e-06	-0.0007955479424324362
