tloc	tmcCabe	assertionDensity	assertionRoulette	mysteryGuest	eagerTest	sensitiveEquality	resourceOptimism	conditionalTestLogic	fireAndForget	loc	lcom2	lcom5	cbo	wmc	rfc	mpc	halsteadVocabulary	halsteadLength	halsteadVolume	classDataShouldBePrivate	complexClass	spaghettiCode	functionalDecomposition	godClass
6.824646796365789e-05	5.509299444309393e-06	2.1484373946407405e-07	2.2228917530926875e-05	-9.022601230129836e-07	6.870387429628016e-05	6.665690536348397e-07	-9.178830515033688e-09	4.6343012381610396e-08	-7.811778735776372e-08	0.14052264581062465	0.2154863837579075	0.0006443960115056342	0.005049074734940764	0.01754815861043343	0.05743700765872726	0.052683437779309394	0.7365005280986459	0.05787167097736078	0.6116303688791745	0.00011451084344442417	0.017549579079367345	0.08501975926230596	-4.592775250108793e-06	0.0006059182264692094
2.0470881659417236e-06	-2.2947982326742155e-05	3.6133614975771945e-06	3.4489506612743274e-05	-1.6935875660457644e-05	0.00021824605543048094	4.2519045521960035e-07	-7.053731579128222e-07	-5.301543832772517e-06	-2.3454021281425813e-07	0.04532441971865996	0.8886616944297752	-0.00038026079138265054	-0.005532855111296667	0.009527695387205068	-0.04525774630319683	-0.04764078457871316	0.10525920854385776	-0.04428602651485994	-0.4364197319062778	0.00028448809910694233	0.010596867260905547	-0.013079236030739046	1.6444573657823077e-06	-0.00047080669054849403
