tloc	tmcCabe	assertionDensity	assertionRoulette	mysteryGuest	eagerTest	sensitiveEquality	resourceOptimism	conditionalTestLogic	fireAndForget	loc	lcom2	lcom5	cbo	wmc	rfc	mpc	halsteadVocabulary	halsteadLength	halsteadVolume	classDataShouldBePrivate	complexClass	spaghettiCode	functionalDecomposition	godClass
6.925872618089868e-05	5.401727386747041e-06	1.9941758416531848e-07	2.2127374718225233e-05	-8.71268050695231e-07	6.880504189389818e-05	6.674425791307402e-07	-2.084055255350618e-08	2.8981068861388707e-09	-4.615323800778625e-08	0.1404369125002891	0.2149822183804036	0.000642738260288154	0.005047092737524617	0.017542585785522556	0.05735404276106412	0.052601679075280426	0.7360341263934853	0.05799527868902633	0.6124171298153985	0.00011445019404918005	0.017535420772238786	0.08483599519357919	-4.619325454300949e-06	0.0009895760627131932
