tloc	tmcCabe	assertionDensity	assertionRoulette	mysteryGuest	eagerTest	sensitiveEquality	resourceOptimism	conditionalTestLogic	fireAndForget	loc	lcom2	lcom5	cbo	wmc	rfc	mpc	halsteadVocabulary	halsteadLength	halsteadVolume	classDataShouldBePrivate	complexClass	spaghettiCode	functionalDecomposition	godClass
0.00012718757948327225	8.512765030155536e-07	1.3526951788645825e-06	4.056368764604635e-05	3.384728577699939e-06	0.0001767258248620908	2.2558729209330804e-06	3.5161599963913317e-07	8.557908573102865e-06	1.1527515282966005e-07	0.12858415454649297	0.5577254730099278	0.0002496770244611842	0.0008680917480025796	0.017337714972895886	0.017355474587503247	0.012668430214886764	0.7246167340200671	0.036906221221315746	0.37571915379831444	0.00027552084056946426	0.016871242020780757	0.061326994838997805	-6.13094123230546e-06	0.001780711623969971
