tloc	tmcCabe	assertionDensity	assertionRoulette	mysteryGuest	eagerTest	sensitiveEquality	resourceOptimism	conditionalTestLogic	fireAndForget	loc	lcom2	lcom5	cbo	wmc	rfc	mpc	halsteadVocabulary	halsteadLength	halsteadVolume	classDataShouldBePrivate	complexClass	spaghettiCode	functionalDecomposition	godClass
6.675984486528604e-05	5.3608211798501215e-06	1.4662549773018383e-07	2.1590651240692766e-05	-9.017156435504801e-07	6.855513369800159e-05	6.496457374110832e-07	4.425575576979292e-08	-2.773232310495391e-07	-4.579831487471397e-08	0.14036013018615068	0.2149740225147976	0.0006431458575843769	0.005044092694954891	0.017534613033900793	0.05735447904799572	0.05260533236630455	0.7360994502955935	0.05798652069121703	0.6123533820293408	0.00011410624029133569	0.017538888738808867	0.0848817618562694	-4.607830166413499e-06	0.0009881686199500344
