tloc	tmcCabe	assertionDensity	assertionRoulette	mysteryGuest	eagerTest	sensitiveEquality	resourceOptimism	conditionalTestLogic	fireAndForget	loc	lcom2	lcom5	cbo	wmc	rfc	mpc	halsteadVocabulary	halsteadLength	halsteadVolume	classDataShouldBePrivate	complexClass	spaghettiCode	functionalDecomposition	godClass
6.925872618091826e-05	5.401727386746955e-06	1.994175841653128e-07	2.212737471822511e-05	-8.712680506952979e-07	6.880504189389776e-05	6.674425791307317e-07	-2.0840552553510793e-08	2.898106886039718e-09	-4.615323800778789e-08	0.14043691250028853	0.2149822183804022	0.0006427382602881532	0.005047092737524602	0.017542585785522525	0.05735404276106412	0.052601679075280475	0.7360341263934862	0.05799527868902634	0.6124171298153985	0.0001144501940491793	0.017535420772238762	0.08483599519357914	-4.619325454300913e-06	0.0009895760627131915
1.7252819178700155e-06	-2.305216497845597e-05	3.6016395860014812e-06	3.406319715378489e-05	-1.7009229391901805e-05	0.00021721423662168267	4.342534980490152e-07	-7.068866975697276e-07	-5.618454203853826e-06	-3.0785609422509877e-07	0.04549240456956216	0.888997250006431	-0.00037673856258687514	-0.005512105082392722	0.009552271377739554	-0.04495734446219635	-0.0473654451290544	0.10560043589800154	-0.04426370428294303	-0.43570501938480466	0.0002843350918050344	0.010635449693881893	-0.012823783086125643	1.673559827454883e-06	-0.0007921565704389795
-0.0006890936962770069	-5.662658041417986e-05	1.7020882556229115e-06	-7.5288108543848736e-06	-9.26524308850015e-05	1.315650490323229e-05	2.780734201897243e-07	-5.368880525191435e-06	-3.183768957018261e-05	-1.4805680821806536e-06	-0.09529486436725985	-0.38708670842146925	-0.000689156688178224	-0.008012735918785473	-0.02567313487544237	-0.061606584423857996	-0.053705947937006504	0.6569894042013619	-0.07280645216842917	-0.6242825761289127	-0.0008162834906217986	-0.022234986657965975	0.08043191576385417	2.374214213384891e-05	-0.007060176896227522
0.0002926020558217942	6.832724868450247e-05	8.276385978336064e-06	1.6873715814774867e-07	-9.248898587003315e-05	-0.00022989401047825378	-3.3844366346448405e-06	-7.955135677499e-06	-3.3960028921420855e-05	-8.616401804656041e-07	0.8691766621954594	-0.09338768546339055	0.0034134908056311837	0.05307821224922676	0.08097096094267874	0.29704802812869735	0.27572858971512754	-0.056720268235791245	-0.046176337298883915	-0.1705345924169577	-0.0003170908524560377	0.08400628497333831	0.143570922386791	-8.580760304866466e-06	-0.007760760438741187
