tloc	tmcCabe	assertionDensity	assertionRoulette	mysteryGuest	eagerTest	sensitiveEquality	resourceOptimism	conditionalTestLogic	fireAndForget	loc	lcom2	lcom5	cbo	wmc	rfc	mpc	halsteadVocabulary	halsteadLength	halsteadVolume	classDataShouldBePrivate	complexClass	spaghettiCode	functionalDecomposition	godClass
7.22445773270087e-05	5.9526718241082915e-06	2.0457973272667883e-07	2.2884765283157974e-05	-5.585087621701319e-07	6.926986885545753e-05	6.979542721135485e-07	-5.540963868967876e-09	4.0032872314757184e-07	-3.9854341217722765e-08	0.14015634357531054	0.21602248876382657	0.000645863087734268	0.005071488809420842	0.017508551604142823	0.05687284516106397	0.05221569084548709	0.7356114042954445	0.05801224468379307	0.6127261258096011	0.00011533936383956496	0.017486651769416005	0.08465894564159632	-4.579209903651688e-06	0.0009951974707182378
-1.0791444248079519e-06	-2.3578766050925236e-05	3.601360922724489e-06	3.3324931079652886e-05	-1.7319252338373542e-05	0.00021687552856528553	4.047394493661955e-07	-7.220260341964e-07	-6.0022778573219e-06	-3.1395036551832686e-07	0.04569349194109649	0.8884641326576174	-0.0003804867996055225	-0.005543044520410306	0.00957792411951821	-0.04457674526116425	-0.04707391774913827	0.10555918825106861	-0.044362291551656885	-0.436841539146521	0.0002835751971779791	0.010675267828178417	-0.012725064787284844	1.647380719591758e-06	-0.0007997091660021302
-0.0006733665035875548	-5.236223343063319e-05	1.5055353054537165e-06	-1.6024625015535059e-06	-9.055930020105515e-05	1.571504633148627e-05	5.15435642098738e-07	-5.2659318934324165e-06	-2.846467366502295e-05	-1.425484668883738e-06	-0.10194507576540772	-0.3869435350974822	-0.0006712501842526606	-0.007957875374783185	-0.026558923200060237	-0.06768884153169916	-0.058680548888673585	0.6579430451150163	-0.07260630827971389	-0.621386508037252	-0.000816075377544364	-0.023307600745265944	0.07881469328093829	2.4123275457147156e-05	-0.007036347997886688
0.0003529796084280074	8.417709282996284e-05	8.062241567840284e-06	1.862497231943658e-05	-8.798462626950741e-05	-0.00022615829170308767	-2.6260518502686884e-06	-7.827630918670435e-06	-2.3288606004598588e-05	-6.907938397141587e-07	0.8747633266906258	-0.09844934487224544	0.0035556087552122946	0.054716648418369075	0.08034445507173917	0.28557162644007417	0.26712662202917975	-0.050003723833175896	-0.04769649516528135	-0.17495290004750658	-0.0003244480963019267	0.08288953820570674	0.1428627883808026	-7.4774513848456335e-06	-0.007917276848830323
