tloc	tmcCabe	assertionDensity	assertionRoulette	mysteryGuest	eagerTest	sensitiveEquality	resourceOptimism	conditionalTestLogic	fireAndForget	loc	lcom2	lcom5	cbo	wmc	rfc	mpc	halsteadVocabulary	halsteadLength	halsteadVolume	classDataShouldBePrivate	complexClass	spaghettiCode	functionalDecomposition	godClass
6.925872618105616e-05	5.401727386746956e-06	1.9941758416531404e-07	2.212737471822514e-05	-8.712680506952952e-07	6.880504189389789e-05	6.674425791307317e-07	-2.0840552553510247e-08	2.898106886063164e-09	-4.615323800778801e-08	0.14043691250028872	0.21498221838040277	0.000642738260288154	0.005047092737524597	0.01754258578552253	0.0573540427610642	0.05260167907528049	0.736034126393486	0.05799527868902639	0.6124171298153983	0.0001144501940491796	0.01753542077223879	0.08483599519357916	-4.619325454300918e-06	0.0009895760627131904
1.7252819177954363e-06	-2.3052164978627357e-05	3.601639586001489e-06	3.406319715378478e-05	-1.700922939190133e-05	0.00021721423662168234	4.3425349804901107e-07	-7.068866975697008e-07	-5.61845420385372e-06	-3.0785609422509157e-07	0.04549240456956248	0.888997250006433	-0.0003767385625868699	-0.005512105082392691	0.009552271377739646	-0.04495734446219589	-0.0473654451290539	0.10560043589799772	-0.04426370428294266	-0.4357050193848017	0.0002843350918050386	0.010635449693882021	-0.0128237830861265	1.6735598274547654e-06	-0.000792156570438951
-0.0006890936962770977	-5.662658041422628e-05	1.702088255483098e-06	-7.5288108543851726e-06	-9.265243088500172e-05	1.3156504903232936e-05	2.7807342018970406e-07	-5.368880525191451e-06	-3.183768957018299e-05	-1.48056808218066e-06	-0.09529486436726091	-0.3870867084214646	-0.0006891566881782287	-0.008012735918785582	-0.025673134875442406	-0.06160658442385835	-0.0537059479370068	0.6569894042013632	-0.07280645216842936	-0.6242825761289147	-0.000816283490621797	-0.022234986657965986	0.08043191576385406	2.374214213384902e-05	-0.0070601768962275
0.00029260205582187787	6.832724868447008e-05	8.276385978372385e-06	1.6873715810641842e-07	-9.248898587003035e-05	-0.0002298940104782466	-3.3844366346443713e-06	-7.955135677498822e-06	-3.3960028921417676e-05	-8.61640180465555e-07	0.8691766621954617	-0.09338768546339139	0.0034134908056311693	0.05307821224922645	0.08097096094267843	0.297048028128694	0.2757285897151242	-0.056720268235790336	-0.04617633729888316	-0.17053459241695834	-0.000317090852456021	0.08400628497333797	0.14357092238678873	-8.580760304867329e-06	-0.0077607604387409605
