tloc	tmcCabe	assertionDensity	assertionRoulette	mysteryGuest	eagerTest	sensitiveEquality	resourceOptimism	conditionalTestLogic	fireAndForget	loc	lcom2	lcom5	cbo	wmc	rfc	mpc	halsteadVocabulary	halsteadLength	halsteadVolume	classDataShouldBePrivate	complexClass	spaghettiCode	functionalDecomposition	godClass
6.925872618068556e-05	5.4017273867469445e-06	1.994175841653125e-07	2.2127374718225118e-05	-8.712680506953328e-07	6.880504189389794e-05	6.674425791307265e-07	-2.0840552553512487e-08	2.898106886035361e-09	-4.615323800778871e-08	0.14043691250028875	0.21498221838040316	0.000642738260288153	0.005047092737524594	0.017542585785522553	0.05735404276106416	0.05260167907528039	0.7360341263934863	0.057995278689026264	0.6124171298153976	0.00011445019404917913	0.01753542077223881	0.08483599519357926	-4.619325454300905e-06	0.0009895760627131789
1.7252819178205602e-06	-2.3052164978538435e-05	3.6016395860014685e-06	3.406319715378486e-05	-1.700922939190109e-05	0.00021721423662168267	4.3425349804901774e-07	-7.068866975696866e-07	-5.618454203853625e-06	-3.078560942250877e-07	0.04549240456956286	0.8889972500064341	-0.00037673856258687086	-0.005512105082392673	0.009552271377739733	-0.04495734446219583	-0.04736544512905396	0.10560043589799524	-0.04426370428294267	-0.4357050193848003	0.0002843350918050423	0.010635449693882078	-0.01282378308612665	1.6735598274546987e-06	-0.0007921565704389352
-0.0006890936962771238	-5.662658041423457e-05	1.702088255510889e-06	-7.528810854385665e-06	-9.265243088500223e-05	1.315650490323371e-05	2.7807342018971883e-07	-5.368880525191476e-06	-3.1837689570183256e-05	-1.480568082180671e-06	-0.09529486436726017	-0.3870867084214618	-0.0006891566881782306	-0.008012735918785631	-0.025673134875442444	-0.06160658442385853	-0.05370594793700692	0.6569894042013629	-0.07280645216842965	-0.6242825761289166	-0.000816283490621797	-0.02223498665796599	0.08043191576385467	2.374214213384908e-05	-0.007060176896227575
0.0002926020558217926	6.832724868449548e-05	8.276385978314103e-06	1.6873715818654358e-07	-9.248898587003497e-05	-0.00022989401047825758	-3.3844366346451044e-06	-7.955135677499115e-06	-3.396002892142267e-05	-8.616401804656453e-07	0.8691766621954576	-0.0933876854633906	0.0034134908056311928	0.053078212249226694	0.08097096094267862	0.29704802812869857	0.27572858971512854	-0.056720268235791106	-0.046176337298883686	-0.17053459241695815	-0.00031709085245604923	0.08400628497333854	0.1435709223867924	-8.580760304865804e-06	-0.007760760438741341
