tloc	tmcCabe	assertionDensity	assertionRoulette	mysteryGuest	eagerTest	sensitiveEquality	resourceOptimism	conditionalTestLogic	fireAndForget	loc	lcom2	lcom5	cbo	wmc	rfc	mpc	halsteadVocabulary	halsteadLength	halsteadVolume	classDataShouldBePrivate	complexClass	spaghettiCode	functionalDecomposition	godClass
6.925657594322492e-05	5.466715082211361e-06	2.0681845692306544e-07	2.2141550067341557e-05	-8.723239379771342e-07	6.880789082665662e-05	6.686209414183283e-07	-2.095606933924722e-08	1.167254633987494e-08	-4.5021908821888935e-08	0.14043637084885158	0.21501570803480557	0.0006427559090284165	0.005047484353374353	0.01754375439858149	0.05735425216994436	0.052601471653653004	0.7360443547557017	0.05799031081153215	0.612391938216283	0.00011446558439514693	0.01753790928608816	0.08484772944018934	-4.603694475617715e-06	0.0009896917977272233
7.387960035524469e-07	-2.306195262542478e-05	3.5847613270114015e-06	3.391115437655342e-05	-1.70642652642736e-05	0.00021698482380169486	4.293013523617372e-07	-7.096116921570319e-07	-5.664959364734288e-06	-3.0978241712593865e-07	0.04548474711130156	0.888980581203677	-0.00037685730431162345	-0.005513744749974204	0.009548010864344187	-0.04496288081553202	-0.04736944264208565	0.1055847757711072	-0.04426342305026073	-0.43574203467690387	0.0002842542594099343	0.010629804124248436	-0.012851606143418327	1.6611125649491567e-06	-0.0007928815967973754
