tloc	tmcCabe	assertionDensity	assertionRoulette	mysteryGuest	eagerTest	sensitiveEquality	resourceOptimism	conditionalTestLogic	fireAndForget	loc	lcom2	lcom5	cbo	wmc	rfc	mpc	halsteadVocabulary	halsteadLength	halsteadVolume	classDataShouldBePrivate	complexClass	spaghettiCode	functionalDecomposition	godClass
6.951920911455251e-05	5.4700666210614195e-06	2.0696231876209657e-07	2.2210849939662697e-05	-8.517384391943189e-07	6.880050418431468e-05	6.698603617093012e-07	-2.1782160243227705e-08	1.298037933861582e-07	-4.66229002844994e-08	0.1404363577808523	0.21497615360994118	0.0006427188634866417	0.005048303458021282	0.017542836457036606	0.05735426424644801	0.05260186965713666	0.7360324893698857	0.05799631530379572	0.6124211948136586	0.00011444979141947142	0.017535068094137688	0.08483611372927125	-4.617552634908884e-06	0.0009894628695734113
