tloc	tmcCabe	assertionDensity	assertionRoulette	mysteryGuest	eagerTest	sensitiveEquality	resourceOptimism	conditionalTestLogic	fireAndForget	loc	lcom2	lcom5	cbo	wmc	rfc	mpc	halsteadVocabulary	halsteadLength	halsteadVolume	classDataShouldBePrivate	complexClass	spaghettiCode	functionalDecomposition	godClass
6.974083973104832e-05	5.609841943367077e-06	1.6450527756958305e-07	2.2194610092586793e-05	-1.298445035753492e-06	6.82439622028803e-05	6.432795226074905e-07	-3.803647747369445e-08	1.1462078313251498e-08	-4.9349310949860385e-08	0.14054662177299165	0.21526593587924983	0.0006431764925809633	0.0050582094677728215	0.017552442620752586	0.05741281969062725	0.05265753437349577	0.7361590131350173	0.05793805243007328	0.6121228239054525	0.00011546294448707443	0.017553021120649288	0.08493361078539512	-4.67130487016247e-06	0.0009881743712126868
7.973029005781036e-07	-2.3130291898218802e-05	3.6075321804406893e-06	3.4023067099977385e-05	-1.6949728305114544e-05	0.0002174374262620623	4.395631771011689e-07	-7.057293145827326e-07	-5.692699409910531e-06	-3.106477217758296e-07	0.04521164698019898	0.8889885631939729	-0.00037771803178287443	-0.005531500175965395	0.009521249760506315	-0.04509540087399405	-0.04749274867384879	0.10524312868429224	-0.04423508642226045	-0.4358099910149949	0.0002835383924872361	0.010610310705065502	-0.012967073520263247	1.6817768515362186e-06	-0.0007937902050525586
