tloc	tmcCabe	assertionDensity	assertionRoulette	mysteryGuest	eagerTest	sensitiveEquality	resourceOptimism	conditionalTestLogic	fireAndForget	loc	lcom2	lcom5	cbo	wmc	rfc	mpc	halsteadVocabulary	halsteadLength	halsteadVolume	classDataShouldBePrivate	complexClass	spaghettiCode	functionalDecomposition	godClass
6.867773925187024e-05	5.350892023672756e-06	1.7928045209632993e-07	2.198176645267888e-05	-9.999463270764337e-07	6.876621407238719e-05	6.580413395403709e-07	-2.8178173675399546e-08	1.0843813016185862e-07	-4.983219153681534e-08	0.1404659070785193	0.21512685388652047	0.000643012737808073	0.005049007887108264	0.01754536596459495	0.05737670311529667	0.05262315120723766	0.7361386003257168	0.057965784749343906	0.6122241834277848	0.00011437039669172212	0.017547084748499062	0.08489589941408299	-4.651895785908592e-06	0.0009894053210932425
