tloc	tmcCabe	assertionDensity	assertionRoulette	mysteryGuest	eagerTest	sensitiveEquality	resourceOptimism	conditionalTestLogic	fireAndForget	loc	lcom2	lcom5	cbo	wmc	rfc	mpc	halsteadVocabulary	halsteadLength	halsteadVolume	classDataShouldBePrivate	complexClass	spaghettiCode	functionalDecomposition	godClass
8.440994772043505e-05	1.2448319008195289e-05	-7.682206833820631e-07	1.0337184960101874e-05	3.094377613579281e-06	9.032362756030661e-06	-1.0268725151603565e-07	1.726013238708252e-07	2.585719951675587e-06	3.672109785004598e-08	0.13827532057390726	0.02576341693816923	0.0007472949210277084	0.0065952968248653605	0.016202876754518317	0.07025973462460945	0.06572969591494626	0.6792481272994118	0.06735163928229836	0.7050433357925594	5.575559807573019e-05	0.016025582016252617	0.08598789432205543	-5.268486072660094e-06	0.0012861797244805798
0.000396734542669519	1.7637579660952346e-05	-2.0338890035634333e-06	1.5138942463140954e-05	1.8990591859968288e-06	0.0001847881340468448	1.4383031760564032e-06	7.360358920685864e-07	1.4683949787224218e-05	1.6731762190973445e-07	0.13930109503241478	0.9881590129352459	-3.440379082481793e-05	0.002267097785436876	0.02494328492854273	0.01928082915518098	0.010551100915990227	-0.03072487722866105	-0.0032779652471550706	-0.03637080978319449	0.000599165306483141	0.02531497251638714	-0.01003694003174352	-8.675541973845701e-06	0.002616728820761005
