tloc	tmcCabe	assertionDensity	assertionRoulette	mysteryGuest	eagerTest	sensitiveEquality	resourceOptimism	conditionalTestLogic	fireAndForget	loc	lcom2	lcom5	cbo	wmc	rfc	mpc	halsteadVocabulary	halsteadLength	halsteadVolume	classDataShouldBePrivate	complexClass	spaghettiCode	functionalDecomposition	godClass
6.106443628610792e-05	4.277150357194463e-06	6.340466988958649e-07	2.220697479920847e-05	-2.2197865003096647e-06	6.780140133938719e-05	5.832816335505531e-07	-2.418040514809457e-09	-5.617718455867439e-07	-6.962717501638939e-08	0.14065686790581594	0.21613484801098365	0.000646090384580895	0.005046723188146717	0.01755424711802089	0.05756344687149582	0.052809774766779484	0.7372304691032133	0.05766693625894127	0.6104211761406281	0.00011286235841762512	0.017638374957351557	0.08546680155815038	-4.4659037076261825e-06	0.0009753904345935383
2.3991784656490864e-06	-2.2817298910113934e-05	3.680167596871307e-06	3.3751529779439626e-05	-1.7180534816278928e-05	0.00021806425721794916	4.487255776194342e-07	-6.485624802709892e-07	-5.441594137589116e-06	-2.7289707034819934e-07	0.04470544761775915	0.8892820160306592	-0.00038679704654454944	-0.005546745207674861	0.009447431883484297	-0.04562685578119678	-0.048001886253653744	0.10309439924929191	-0.04407367626673073	-0.43566265210115845	0.000283484157507433	0.010449920865512118	-0.01378047818613452	1.4314218200922852e-06	-0.0007968831234577959
