tloc	tmcCabe	assertionDensity	assertionRoulette	mysteryGuest	eagerTest	sensitiveEquality	resourceOptimism	conditionalTestLogic	fireAndForget	loc	lcom2	lcom5	cbo	wmc	rfc	mpc	halsteadVocabulary	halsteadLength	halsteadVolume	classDataShouldBePrivate	complexClass	spaghettiCode	functionalDecomposition	godClass
6.86163154793299e-05	5.35190208370427e-06	1.956758724798101e-07	2.1962774333523158e-05	-1.0607097710084507e-06	6.890266527633283e-05	6.562780995951683e-07	-2.9311850256478532e-08	-2.1064819325808846e-07	-3.7525978684523384e-08	0.14047303308302272	0.21519434661444506	0.000643189230193371	0.005046270195086159	0.017550019437661872	0.057385054959590974	0.05263011524901819	0.7361172550577434	0.05796003808298479	0.6122204045861975	0.00011474314608291998	0.017550148007330766	0.08491791380422364	-4.525977635537851e-06	0.0009894167047692682
1.5430889533323331e-06	-2.3019216984741052e-05	3.5819512793690194e-06	3.3718740909534474e-05	-1.7010457963973437e-05	0.00021571450658219372	4.3441361563771683e-07	-7.303135151776383e-07	-5.307123442623122e-06	-3.084938110036095e-07	0.045409142646931404	0.88880088798955	-0.0003774742513442866	-0.005518876906264972	0.00951881097670334	-0.045080273094515524	-0.0474680435451106	0.10563306854909583	-0.044283721111255656	-0.43607875919950106	0.0002838574068399255	0.010597205005094404	-0.01293055326276341	1.6487779681489752e-06	-0.0007939881850546328
