tloc	tmcCabe	assertionDensity	assertionRoulette	mysteryGuest	eagerTest	sensitiveEquality	resourceOptimism	conditionalTestLogic	fireAndForget	loc	lcom2	lcom5	cbo	wmc	rfc	mpc	halsteadVocabulary	halsteadLength	halsteadVolume	classDataShouldBePrivate	complexClass	spaghettiCode	functionalDecomposition	godClass
6.803379241345803e-05	5.694440635650319e-06	2.223930745036869e-07	2.2237818516056275e-05	-1.0803791824173915e-06	6.827086280286082e-05	6.050024191793077e-07	-2.982965321188429e-08	-7.982948058946314e-07	-5.051300937192619e-08	0.14063020206263313	0.21648320564304158	0.0006439099164041599	0.005080751939901959	0.017591041656781756	0.057744056654830726	0.05297563795486499	0.7348677733655905	0.058024884738428754	0.6131534308454502	0.00011538522530105477	0.017591834029758217	0.08495025998693981	-4.164508738665812e-06	0.0009982263882935061
