tloc	tmcCabe	assertionDensity	assertionRoulette	mysteryGuest	eagerTest	sensitiveEquality	resourceOptimism	conditionalTestLogic	fireAndForget	loc	lcom2	lcom5	cbo	wmc	rfc	mpc	halsteadVocabulary	halsteadLength	halsteadVolume	classDataShouldBePrivate	complexClass	spaghettiCode	functionalDecomposition	godClass
6.322140099798068e-05	4.941083354744715e-06	1.3810582614096948e-07	2.2095829197254866e-05	-1.3161470491628305e-06	6.823127294481496e-05	6.556455653115119e-07	-2.3541787206365004e-08	-1.0004272401936744e-06	-5.601387989135043e-08	0.14073999318929895	0.21389919234600055	0.0006442075006213119	0.005075834263172525	0.017518370274395362	0.0577566079044597	0.05301599215694663	0.7377219090435693	0.05765525237606978	0.6105354740878288	0.00011518820948752975	0.01758267110322981	0.08566424073933662	-4.510569885023372e-06	0.000976219925543778
-5.428452917205461e-06	-2.3090894903934103e-05	3.7550018332671633e-06	3.706432956220933e-05	-1.625541441590194e-05	0.00022418208853557686	4.0571752507026475e-07	-6.265101414924652e-07	-3.336052175746718e-06	-2.920171908335876e-07	0.04483074563477964	0.8879897278102996	-0.0003793751371135381	-0.005612943720835076	0.009243241107219996	-0.04696693367141692	-0.0492465990299682	0.10746406767687294	-0.04421178457433745	-0.4369317873833001	0.000288993347325829	0.010234858526078906	-0.014077055876775425	1.5799702676550457e-06	-0.0007708488577231452
