tloc	tmcCabe	assertionDensity	assertionRoulette	mysteryGuest	eagerTest	sensitiveEquality	resourceOptimism	conditionalTestLogic	fireAndForget	loc	lcom2	lcom5	cbo	wmc	rfc	mpc	halsteadVocabulary	halsteadLength	halsteadVolume	classDataShouldBePrivate	complexClass	spaghettiCode	functionalDecomposition	godClass
6.645200258673174e-05	5.245378017649984e-06	1.8524317698985227e-07	2.1843741984199092e-05	-1.1989546837529847e-06	6.87852145427921e-05	6.420913656732199e-07	-3.595731955022919e-08	-2.5479656701308424e-07	-5.6895832809632566e-08	0.1404068503959996	0.2151713275982804	0.0006433922255735103	0.005047681567158921	0.017540693204637577	0.05740533124319817	0.052655250765071056	0.7362800792822948	0.057926857271449146	0.6120382404079574	0.00011302060348241958	0.01755577690613124	0.08498124848039036	-4.463322328061777e-06	0.0009877681140635815
