tloc	tmcCabe	assertionDensity	assertionRoulette	mysteryGuest	eagerTest	sensitiveEquality	resourceOptimism	conditionalTestLogic	fireAndForget	loc	lcom2	lcom5	cbo	wmc	rfc	mpc	halsteadVocabulary	halsteadLength	halsteadVolume	classDataShouldBePrivate	complexClass	spaghettiCode	functionalDecomposition	godClass
6.305241705898356e-05	4.499233901722283e-06	3.3795183242675405e-07	2.286182385446759e-05	-2.4504059979898384e-06	7.157238940437769e-05	4.841055129791471e-07	-2.7479119022543053e-07	-1.4453863750139464e-06	-4.892214229590454e-08	0.13966751085231105	0.2215418533587012	0.000679963789124889	0.005229486193046953	0.018132821200292408	0.06027720587271428	0.055373044202596505	0.733829037263948	0.057551085910864996	0.6122478781278491	7.42348735141018e-05	0.018211707181027856	0.08578586773656235	-4.419431605464335e-06	0.0007243716525669094
-8.223424482857307e-06	-2.3946223836372578e-05	3.920349373954689e-06	3.487355912349365e-05	-1.762127032359883e-05	0.00023179263286274927	1.0689318298397387e-06	-5.19369976470033e-07	-4.368364175969e-06	-3.1623347807277467e-07	0.030673204445823582	0.8754363872686978	-0.0004729945826627907	-0.006679542792708265	0.007831407908299642	-0.056199447928009266	-0.057914698113153355	0.12462370546021988	-0.045505841002969505	-0.45616839605798376	0.000409132240878679	0.00869270782137648	-0.016849521547442098	1.6874451466916363e-06	-0.0006908292513292401
