tloc	tmcCabe	assertionDensity	assertionRoulette	mysteryGuest	eagerTest	sensitiveEquality	resourceOptimism	conditionalTestLogic	fireAndForget	loc	lcom2	lcom5	cbo	wmc	rfc	mpc	halsteadVocabulary	halsteadLength	halsteadVolume	classDataShouldBePrivate	complexClass	spaghettiCode	functionalDecomposition	godClass
6.943297850819763e-05	5.446617893060061e-06	2.0418866056988262e-07	2.2148999552511394e-05	-8.265892654285946e-07	6.877669141828113e-05	6.690072700836123e-07	-1.878572694906096e-08	3.700036349187621e-08	-4.495063080462604e-08	0.14042685173537076	0.21486931267966375	0.0006427746648110612	0.005047689692198196	0.017540020161430445	0.05735142415352	0.052599720194173735	0.7360279834893538	0.05800282935334985	0.6124673679903809	0.00011430385134346184	0.01753074760311071	0.08482858720910591	-4.616654482550018e-06	0.0009897986671951794
-9.302417525179954e-06	-2.4512543734442672e-05	3.827266671750704e-06	3.560721244310381e-05	-1.6738403110054896e-05	0.00020901294340884297	3.8627617735243357e-07	-7.792564504935617e-07	-5.533654447019104e-06	-2.8541446251417425e-07	0.0411456960002337	0.88444216776646	-0.000388092511916936	-0.005743074152904982	0.00873803615576908	-0.047001408478428805	-0.04914822000958856	0.11416077542171411	-0.04489093806571627	-0.44275028258326565	0.00023204128930607576	0.009772886395947429	-0.012765440027285767	1.968867109115261e-06	-0.0008121454931627604
-0.0006814045390404945	-5.3838013044655364e-05	9.965773967380442e-07	-1.3474285660803046e-05	-9.779033960086751e-05	3.6468227436872094e-05	4.1077773837193405e-07	-5.392851741241694e-06	-3.371465250182108e-05	-1.6215402109296928e-06	-0.0816356180003279	-0.39958380220037815	-0.0006594201558177576	-0.007274764736179422	-0.023807537059874206	-0.05544004101712224	-0.04813897519793003	0.6544176590372672	-0.07336043552093909	-0.621632626641736	-0.0006839563366141314	-0.02005484936223409	0.08443565376027445	2.3683723864385035e-05	-0.007309108569029066
