tloc	tmcCabe	assertionDensity	assertionRoulette	mysteryGuest	eagerTest	sensitiveEquality	resourceOptimism	conditionalTestLogic	fireAndForget	loc	lcom2	lcom5	cbo	wmc	rfc	mpc	halsteadVocabulary	halsteadLength	halsteadVolume	classDataShouldBePrivate	complexClass	spaghettiCode	functionalDecomposition	godClass
6.809794261990492e-05	5.185882587737838e-06	1.945301760987814e-07	2.23200480628563e-05	-1.088921560044521e-06	6.891918999071853e-05	6.677022032696844e-07	-3.563594964790462e-08	-2.721343149485946e-07	-4.4120887182167117e-08	0.14041217047550247	0.21510083727385917	0.0006429615655417539	0.0050413236338656894	0.017542800985951186	0.05738119421619438	0.0526286503062185	0.7362232622085282	0.057948857515895354	0.6121401587686404	0.00011416657345287045	0.01755322074884075	0.08492761955469853	-4.551570641104217e-06	0.0009605839084005911
