tloc	tmcCabe	assertionDensity	assertionRoulette	mysteryGuest	eagerTest	sensitiveEquality	resourceOptimism	conditionalTestLogic	fireAndForget	loc	lcom2	lcom5	cbo	wmc	rfc	mpc	halsteadVocabulary	halsteadLength	halsteadVolume	classDataShouldBePrivate	complexClass	spaghettiCode	functionalDecomposition	godClass
7.224457732681965e-05	5.952671824108167e-06	2.0457973272668344e-07	2.288476528315801e-05	-5.585087621701459e-07	6.926986885545737e-05	6.979542721135527e-07	-5.5409638689700645e-09	4.0032872314758285e-07	-3.985434121772222e-08	0.14015634357531095	0.21602248876382577	0.0006458630877342693	0.005071488809420863	0.017508551604142823	0.05687284516106403	0.05221569084548713	0.735611404295444	0.05801224468379306	0.6127261258096012	0.00011533936383956431	0.017486651769416047	0.0846589456415962	-4.579209903651698e-06	0.000995197470718235
