tloc	tmcCabe	assertionDensity	assertionRoulette	mysteryGuest	eagerTest	sensitiveEquality	resourceOptimism	conditionalTestLogic	fireAndForget	loc	lcom2	lcom5	cbo	wmc	rfc	mpc	halsteadVocabulary	halsteadLength	halsteadVolume	classDataShouldBePrivate	complexClass	spaghettiCode	functionalDecomposition	godClass
5.3720339500102145e-05	3.924224725905239e-06	1.8547722660611895e-07	2.234052070769329e-05	-1.7413817384996954e-06	6.859635168133071e-05	6.375385566840588e-07	-4.8508351819789115e-08	-1.5137728584493044e-06	-9.424180142542046e-08	0.14180595981165053	0.21228909976599175	0.0006600475483116949	0.005127519341865067	0.0176602984600634	0.05833060897031119	0.05356786108815129	0.7420754751396815	0.057089734366675	0.6054305823254902	0.00011642416152916465	0.017693718057656578	0.08612930202125578	-4.611204245910668e-06	0.0010170237533497796
