tloc	tmcCabe	assertionDensity	assertionRoulette	mysteryGuest	eagerTest	sensitiveEquality	resourceOptimism	conditionalTestLogic	fireAndForget	loc	lcom2	lcom5	cbo	wmc	rfc	mpc	halsteadVocabulary	halsteadLength	halsteadVolume	classDataShouldBePrivate	complexClass	spaghettiCode	functionalDecomposition	godClass
6.68738824675252e-05	5.1557538354967604e-06	1.9017856424856966e-07	2.1809566786906272e-05	-1.1540425720362189e-06	6.842771369379651e-05	6.902444855961753e-07	-4.7166663032943053e-08	-3.7284430246300625e-07	-5.313830559822301e-08	0.1405124718375776	0.21342963371985987	0.0006441851979348111	0.005056469538974911	0.017515752286759827	0.057439709530327746	0.05270474036517637	0.7367426368206108	0.05791655202120978	0.6120536906123322	0.000114451278898549	0.017512069113907656	0.0850453121344582	-4.386705132420119e-06	0.0009908714104941477
3.367354104781005e-06	-2.279882015025345e-05	3.5702458786314265e-06	3.431086303029381e-05	-1.723159026643435e-05	0.0002187947219995291	4.388940537008466e-07	-7.560228532114188e-07	-6.170317403445757e-06	-3.020436648288794e-07	0.04620279668670936	0.887687123790489	-0.0003737369943963878	-0.005501500452818236	0.009556567783239234	-0.0449431493243084	-0.047321596449139455	0.10886282795399764	-0.044496249675544775	-0.43748837407071356	0.0002864653090108086	0.010614282340939241	-0.012465488579322486	1.5895310023564107e-06	-0.0007906442627675017
