tloc	tmcCabe	assertionDensity	assertionRoulette	mysteryGuest	eagerTest	sensitiveEquality	resourceOptimism	conditionalTestLogic	fireAndForget	loc	lcom2	lcom5	cbo	wmc	rfc	mpc	halsteadVocabulary	halsteadLength	halsteadVolume	classDataShouldBePrivate	complexClass	spaghettiCode	functionalDecomposition	godClass
6.524452008718468e-05	5.0688493041497095e-06	1.1681464198973825e-07	2.186355437916423e-05	-4.742048373151144e-07	6.77221361872171e-05	6.307888951955842e-07	-9.78923230972895e-08	-3.793671273299436e-07	-7.268221512014302e-08	0.14094318779327114	0.21624738828057524	0.0006456504719649551	0.005068669576316708	0.017601755243462754	0.05770048616949514	0.05293847241465198	0.737502032281012	0.05758084703575148	0.6099467637120654	0.00011716066869692842	0.01767148148637922	0.08562469130049516	-4.418767288822709e-06	0.0007606631563881755
1.9173971694378556e-05	-2.2671481332226382e-05	3.6989480782030465e-06	3.710677060686036e-05	-7.892542664548035e-06	0.00022022487290678563	4.079935303451462e-07	-4.964817586264272e-07	-3.72070577542224e-06	-2.6455835234813937e-07	0.041236201761843935	0.8849961212934115	-0.00040443736810009533	-0.00591829108216388	0.008805993274692654	-0.04898757362457542	-0.05110784493643371	0.11049949144657452	-0.044525914436893854	-0.44211388235643223	0.000222069601470416	0.009808098809924896	-0.014240158735591509	1.493451644092462e-06	-0.0006714111987881809
