tloc	tmcCabe	assertionDensity	assertionRoulette	mysteryGuest	eagerTest	sensitiveEquality	resourceOptimism	conditionalTestLogic	fireAndForget	loc	lcom2	lcom5	cbo	wmc	rfc	mpc	halsteadVocabulary	halsteadLength	halsteadVolume	classDataShouldBePrivate	complexClass	spaghettiCode	functionalDecomposition	godClass
6.895158356543999e-05	5.382261519966367e-06	2.0877070928849546e-07	2.182392462624822e-05	-6.554039654989657e-07	6.793977028801199e-05	6.518429872034176e-07	-1.1400374918180771e-08	2.048172664919349e-08	-3.752205860307394e-08	0.14054349004014885	0.21513284925143342	0.0006429572927367975	0.005057683235102704	0.017505270121735965	0.057430521830979984	0.05268901872803391	0.736263261901583	0.05793004001533111	0.6120385857977761	0.00011503216057177999	0.017491061337005002	0.08497588431599573	-4.599738500128265e-06	0.0009934147527316953
2.1140751866984344e-06	-2.2919458809019526e-05	3.5771450638235127e-06	3.4151150324231475e-05	-1.7188623079059754e-05	0.00021756451386547332	4.5210346169298655e-07	-7.16729351488583e-07	-5.571436446503568e-06	-3.1367956041884025e-07	0.04536246760715197	0.8889629899844919	-0.00037676272216628244	-0.005525058170121273	0.009557301393127281	-0.04506503832743008	-0.047472604016503016	0.10533106891543732	-0.04425575668555916	-0.4358277137308613	0.00028400736817607905	0.01064064995221744	-0.012943895670249086	1.6513761334524248e-06	-0.0007955479424323505
