tloc	tmcCabe	assertionDensity	assertionRoulette	mysteryGuest	eagerTest	sensitiveEquality	resourceOptimism	conditionalTestLogic	fireAndForget	loc	lcom2	lcom5	cbo	wmc	rfc	mpc	halsteadVocabulary	halsteadLength	halsteadVolume	classDataShouldBePrivate	complexClass	spaghettiCode	functionalDecomposition	godClass
6.824646796339698e-05	5.509299444309161e-06	2.1484373946409676e-07	2.2228917530927054e-05	-9.022601230131438e-07	6.870387429628143e-05	6.665690536348391e-07	-9.17883051504062e-09	4.6343012381529954e-08	-7.811778735776568e-08	0.14052264581062465	0.21548638375791265	0.0006443960115056316	0.005049074734940705	0.017548158610433455	0.05743700765872696	0.05268343777930896	0.7365005280986462	0.05787167097736046	0.6116303688791718	0.00011451084344442578	0.01754957907936738	0.08501975926230576	-4.592775250108761e-06	0.0006059182264692061
2.047088165976589e-06	-2.294798232681927e-05	3.613361497577168e-06	3.448950661274334e-05	-1.6935875660456017e-05	0.00021824605543048026	4.2519045521960083e-07	-7.053731579127279e-07	-5.3015438327719525e-06	-2.3454021281424063e-07	0.04532441971866055	0.8886616944297805	-0.00038026079138264084	-0.005532855111296584	0.00952769538720541	-0.045257746303196185	-0.04764078457871257	0.10525920854384245	-0.04428602651485903	-0.4364197319062708	0.0002844880991069561	0.01059686726090585	-0.013079236030740654	1.644457365781942e-06	-0.00047080669054841895
