tloc	tmcCabe	assertionDensity	assertionRoulette	mysteryGuest	eagerTest	sensitiveEquality	resourceOptimism	conditionalTestLogic	fireAndForget	loc	lcom2	lcom5	cbo	wmc	rfc	mpc	halsteadVocabulary	halsteadLength	halsteadVolume	classDataShouldBePrivate	complexClass	spaghettiCode	functionalDecomposition	godClass
6.730124034259507e-05	4.735093514791453e-06	3.6511868639102135e-07	2.208713598380019e-05	-1.4004344363624144e-06	6.876883977725476e-05	6.520201981841967e-07	-4.22059816551229e-08	-6.302784301299295e-07	-5.8895471505373e-08	0.14033754146603436	0.21513994660335767	0.0006434150600422502	0.005041497555055109	0.017537261833878208	0.05737632412148755	0.05262522810599278	0.7362859396607553	0.05793183509832303	0.6120681350505341	0.0001139576074508972	0.01754680812610298	0.0849468235314557	-4.5184445427910795e-06	0.0009868679946354766
3.6944327057287157e-06	-2.2642557022248264e-05	3.52059053663751e-06	3.406108190735791e-05	-1.674413780139051e-05	0.0002172670932561542	4.497292340717173e-07	-6.950133589382769e-07	-5.266460934373056e-06	-3.011903790854646e-07	0.04551246705563901	0.8889546774378195	-0.0003775853122256448	-0.00551271629260116	0.009539839069135447	-0.04500552566394257	-0.04740531146425728	0.1053176196891951	-0.04426002868788474	-0.4358471658161321	0.0002846837583468231	0.010630559829223661	-0.012908375963481149	1.6277744576232186e-06	-0.0007914724365083882
