tloc	tmcCabe	assertionDensity	assertionRoulette	mysteryGuest	eagerTest	sensitiveEquality	resourceOptimism	conditionalTestLogic	fireAndForget	loc	lcom2	lcom5	cbo	wmc	rfc	mpc	halsteadVocabulary	halsteadLength	halsteadVolume	classDataShouldBePrivate	complexClass	spaghettiCode	functionalDecomposition	godClass
6.941149390993566e-05	5.436239281778205e-06	2.0663299006827354e-07	2.2130625243310143e-05	-8.33705535979784e-07	6.883309152697847e-05	6.635645886472267e-07	-1.9244776590311987e-08	4.344330404032227e-08	-4.536008567608781e-08	0.14045233262039045	0.21499576560732298	0.000642575134231612	0.005047442572647283	0.01754314846895363	0.057354845202995566	0.05260224104626032	0.7360374606237221	0.05799377963861511	0.6124041961771295	0.00011455027529464456	0.017535187917966162	0.08484061587123058	-4.610637240331021e-06	0.0009898554365737951
