tloc	tmcCabe	assertionDensity	assertionRoulette	mysteryGuest	eagerTest	sensitiveEquality	resourceOptimism	conditionalTestLogic	fireAndForget	loc	lcom2	lcom5	cbo	wmc	rfc	mpc	halsteadVocabulary	halsteadLength	halsteadVolume	classDataShouldBePrivate	complexClass	spaghettiCode	functionalDecomposition	godClass
6.878862731280381e-05	5.491889088078185e-06	1.988802974089196e-07	2.2043380617200547e-05	-1.0313496000393943e-06	6.862648644574801e-05	6.796503242332892e-07	-2.762846681241945e-08	5.598973528147495e-08	-4.8858918681654034e-08	0.14040527650233442	0.21501998241029865	0.0006429771081813583	0.005044016548222635	0.017538540261409417	0.05736065341444071	0.052609845516808626	0.7361242811423624	0.05797268277639659	0.6122978662317367	0.00011429729374456191	0.017540127038814933	0.08487724213404926	-4.560148230270922e-06	0.0009887426119739307
