tloc	tmcCabe	assertionDensity	assertionRoulette	mysteryGuest	eagerTest	sensitiveEquality	resourceOptimism	conditionalTestLogic	fireAndForget	loc	lcom2	lcom5	cbo	wmc	rfc	mpc	halsteadVocabulary	halsteadLength	halsteadVolume	classDataShouldBePrivate	complexClass	spaghettiCode	functionalDecomposition	godClass
6.675984486502323e-05	5.360821179850034e-06	1.4662549773018696e-07	2.1590651240692736e-05	-9.017156435506021e-07	6.85551336980016e-05	6.496457374110721e-07	4.4255755769785317e-08	-2.7732323104964224e-07	-4.579831487471673e-08	0.14036013018615068	0.21497402251479872	0.0006431458575843785	0.005044092694954894	0.017534613033900817	0.0573544790479959	0.05260533236630473	0.7360994502955933	0.057986520691217	0.6123533820293405	0.00011410624029133576	0.017538888738808885	0.08488176185626957	-4.607830166413471e-06	0.0009881686199500247
