tloc	tmcCabe	assertionDensity	assertionRoulette	mysteryGuest	eagerTest	sensitiveEquality	resourceOptimism	conditionalTestLogic	fireAndForget	loc	lcom2	lcom5	cbo	wmc	rfc	mpc	halsteadVocabulary	halsteadLength	halsteadVolume	classDataShouldBePrivate	complexClass	spaghettiCode	functionalDecomposition	godClass
7.035384385363803e-05	5.408630027568045e-06	2.2576102754590606e-07	2.2716162789740246e-05	-9.351003779009131e-07	6.819116671747847e-05	6.587759835859228e-07	-2.4775368953458988e-08	5.082332288056254e-08	-4.708041736032798e-08	0.1404453732301049	0.21458695359710867	0.0006433875266395732	0.005049092806669694	0.017526307699116127	0.057412272479486215	0.05266618677409145	0.7361190039005993	0.05798315457352103	0.6124279486086561	0.00011445857076862298	0.01752065724994621	0.08494326070081362	-4.558423740811714e-06	0.000990396177429026
