tloc	tmcCabe	assertionDensity	assertionRoulette	mysteryGuest	eagerTest	sensitiveEquality	resourceOptimism	conditionalTestLogic	fireAndForget	loc	lcom2	lcom5	cbo	wmc	rfc	mpc	halsteadVocabulary	halsteadLength	halsteadVolume	classDataShouldBePrivate	complexClass	spaghettiCode	functionalDecomposition	godClass
6.951920911471098e-05	5.4700666210613534e-06	2.0696231876211044e-07	2.2210849939662832e-05	-8.517384391943669e-07	6.88005041843154e-05	6.698603617093043e-07	-2.178216024323026e-08	1.2980379338616294e-07	-4.662290028450021e-08	0.14043635778085273	0.21497615360994446	0.0006427188634866404	0.005048303458021272	0.017542836457036654	0.05735426424644783	0.05260186965713653	0.7360324893698864	0.05799631530379549	0.6124211948136563	0.00011444979141947298	0.01753506809413774	0.08483611372927123	-4.617552634908882e-06	0.0009894628695734046
