tloc	tmcCabe	assertionDensity	assertionRoulette	mysteryGuest	eagerTest	sensitiveEquality	resourceOptimism	conditionalTestLogic	fireAndForget	loc	lcom2	lcom5	cbo	wmc	rfc	mpc	halsteadVocabulary	halsteadLength	halsteadVolume	classDataShouldBePrivate	complexClass	spaghettiCode	functionalDecomposition	godClass
6.974083973113746e-05	5.609841943367056e-06	1.6450527756958606e-07	2.2194610092586783e-05	-1.2984450357535232e-06	6.824396220288035e-05	6.432795226074885e-07	-3.803647747369594e-08	1.1462078313219124e-08	-4.934931094986075e-08	0.14054662177299176	0.21526593587925058	0.0006431764925809635	0.005058209467772813	0.0175524426207526	0.057412819690627295	0.05265753437349582	0.7361590131350174	0.05793805243007319	0.6121228239054525	0.0001154629444870745	0.01755302112064931	0.08493361078539517	-4.671304870162467e-06	0.0009881743712126928
7.973029004890057e-07	-2.3130291898054587e-05	3.6075321804406926e-06	3.402306709997737e-05	-1.6949728305114557e-05	0.0002174374262620625	4.395631771011733e-07	-7.057293145827326e-07	-5.692699409910498e-06	-3.106477217758297e-07	0.045211646980199346	0.8889885631939729	-0.0003777180317828739	-0.0055315001759653785	0.009521249760506329	-0.045095400873994045	-0.04749274867384882	0.10524312868429145	-0.04423508642226046	-0.4358099910149952	0.0002835383924872355	0.010610310705065526	-0.012967073520263023	1.6817768515362065e-06	-0.0007937902050525654
