tloc	tmcCabe	assertionDensity	assertionRoulette	mysteryGuest	eagerTest	sensitiveEquality	resourceOptimism	conditionalTestLogic	fireAndForget	loc	lcom2	lcom5	cbo	wmc	rfc	mpc	halsteadVocabulary	halsteadLength	halsteadVolume	classDataShouldBePrivate	complexClass	spaghettiCode	functionalDecomposition	godClass
6.867773925181914e-05	5.350892023672813e-06	1.792804520963303e-07	2.1981766452678914e-05	-9.999463270763807e-07	6.876621407238713e-05	6.580413395403757e-07	-2.8178173675395665e-08	1.0843813016191227e-07	-4.9832191536813977e-08	0.1404659070785192	0.2151268538865203	0.0006430127378080722	0.0050490078871082665	0.017545365964594963	0.057376703115296655	0.05262315120723759	0.7361386003257168	0.05796578474934389	0.6122241834277853	0.00011437039669172212	0.017547084748499073	0.08489589941408297	-4.651895785908612e-06	0.0009894053210932443
