tloc	tmcCabe	assertionDensity	assertionRoulette	mysteryGuest	eagerTest	sensitiveEquality	resourceOptimism	conditionalTestLogic	fireAndForget	loc	lcom2	lcom5	cbo	wmc	rfc	mpc	halsteadVocabulary	halsteadLength	halsteadVolume	classDataShouldBePrivate	complexClass	spaghettiCode	functionalDecomposition	godClass
6.91586087974506e-05	5.315114143386883e-06	1.9478046555193008e-07	2.2078756819583556e-05	-9.45963987313322e-07	6.916199034175283e-05	7.332914302977683e-07	-2.445532415307684e-08	-6.89464462386476e-08	-4.795431565450613e-08	0.14070225542304177	0.21523855064976738	0.0006426991222981522	0.0050478489836649695	0.017555340145808524	0.05737164299065227	0.052613807807901876	0.7360134603109795	0.057976129318223685	0.61228814369983	0.00011439015298610705	0.01754377001872169	0.08484596504330721	-4.6319698557058346e-06	0.0009892151933109156
2.397352280850981e-06	-2.2624073295765618e-05	3.6433821222906914e-06	3.446992243914665e-05	-1.6659762864025274e-05	0.00021538637616441058	1.4316591808966423e-07	-6.898062982257753e-07	-5.25051431741023e-06	-2.992697107396023e-07	0.04393999242597803	0.8888170559573286	-0.00038125070758727287	-0.005532258317552011	0.009472072581008868	-0.04520406436343494	-0.04757545667037806	0.10593018044075354	-0.044272101535816386	-0.43610323887071145	0.000285185392652971	0.010568251249449224	-0.01290397832718234	1.74472736094724e-06	-0.0007923397920611107
-0.0006954817428760686	-5.7915115829098195e-05	1.544855615216021e-06	-9.232523980663655e-06	-9.400489364346906e-05	1.618921824527844e-05	8.06978951282854e-07	-5.441539741952558e-06	-3.2939242575311133e-05	-1.5104288521456778e-06	-0.09064281638451077	-0.38820286272176996	-0.0006672317273585074	-0.007928210780346572	-0.025440477550769218	-0.06082074006585022	-0.05302111375269496	0.6566830238792927	-0.07292917909821595	-0.6246887147542893	-0.0008213804244602225	-0.022042470238485733	0.08085152066810328	2.3582946913055313e-05	-0.007087724891950047
