tloc	tmcCabe	assertionDensity	assertionRoulette	mysteryGuest	eagerTest	sensitiveEquality	resourceOptimism	conditionalTestLogic	fireAndForget	loc	lcom2	lcom5	cbo	wmc	rfc	mpc	halsteadVocabulary	halsteadLength	halsteadVolume	classDataShouldBePrivate	complexClass	spaghettiCode	functionalDecomposition	godClass
8.440994772045845e-05	1.2448319008195424e-05	-7.6822068338207e-07	1.033718496010198e-05	3.0943776135793747e-06	9.032362756031193e-06	-1.0268725151602736e-07	1.726013238708318e-07	2.5857199516757025e-06	3.672109785004825e-08	0.1382753205739081	0.02576341693817205	0.0007472949210277079	0.006595296824865374	0.016202876754518394	0.07025973462460955	0.06572969591494625	0.679248127299411	0.0673516392822983	0.7050433357925596	5.575559807573285e-05	0.016025582016252676	0.08598789432205536	-5.268486072660147e-06	0.0012861797244805885
0.0003967345426695223	1.763757966090628e-05	-2.0338890035633834e-06	1.5138942463141164e-05	1.8990591859970162e-06	0.0001847881340468446	1.4383031760564092e-06	7.360358920685915e-07	1.4683949787224348e-05	1.673176219097371e-07	0.13930109503241425	0.9881590129352454	-3.440379082482045e-05	0.0022670977854368575	0.024943284928542666	0.01928082915518073	0.010551100915990024	-0.03072487722866298	-0.003277965247155226	-0.03637080978319658	0.0005991653064831454	0.025314972516387074	-0.010036940031743746	-8.675541973845686e-06	0.002616728820760991
