tloc	tmcCabe	assertionDensity	assertionRoulette	mysteryGuest	eagerTest	sensitiveEquality	resourceOptimism	conditionalTestLogic	fireAndForget	loc	lcom2	lcom5	cbo	wmc	rfc	mpc	halsteadVocabulary	halsteadLength	halsteadVolume	classDataShouldBePrivate	complexClass	spaghettiCode	functionalDecomposition	godClass
6.930919013662768e-05	5.390892028854192e-06	1.8797757731494968e-07	2.1997955342764214e-05	-7.536434775897558e-07	6.879377994544859e-05	6.758565707275921e-07	-1.7930489165040518e-08	-2.0244882245276385e-08	-4.768507615866986e-08	0.14045624391541162	0.21503707366047292	0.0006427745644774516	0.005047658706632222	0.017544069163669396	0.057369480397537954	0.05261702033020171	0.7360866957031449	0.05797840558376526	0.6123250385362072	0.00011438642017192949	0.017539848622286382	0.0848639250897522	-4.563944581280518e-06	0.0009893717441082966
