tloc	tmcCabe	assertionDensity	assertionRoulette	mysteryGuest	eagerTest	sensitiveEquality	resourceOptimism	conditionalTestLogic	fireAndForget	loc	lcom2	lcom5	cbo	wmc	rfc	mpc	halsteadVocabulary	halsteadLength	halsteadVolume	classDataShouldBePrivate	complexClass	spaghettiCode	functionalDecomposition	godClass
6.106443628590978e-05	4.277150357194356e-06	6.340466988958675e-07	2.2206974799208544e-05	-2.2197865003096495e-06	6.780140133938785e-05	5.832816335505494e-07	-2.4180405148049342e-09	-5.617718455867487e-07	-6.96271750163903e-08	0.1406568679058154	0.21613484801098584	0.0006460903845808906	0.005046723188146669	0.01755424711802087	0.05756344687149552	0.05280977476677926	0.7372304691032133	0.0576669362589412	0.6104211761406273	0.00011286235841762568	0.017638374957351533	0.0854668015581503	-4.465903707626166e-06	0.0009753904345935286
2.399178465669644e-06	-2.2817298910249483e-05	3.6801675968713014e-06	3.375152977943974e-05	-1.71805348162782e-05	0.00021806425721794908	4.48725577619429e-07	-6.485624802709482e-07	-5.44159413758887e-06	-2.7289707034818886e-07	0.04470544761775986	0.8892820160306619	-0.0003867970465445452	-0.005546745207674792	0.00944743188348451	-0.045626855781196296	-0.048001886253653446	0.10309439924928493	-0.04407367626673032	-0.43566265210115507	0.0002834841575074393	0.010449920865512257	-0.013780478186135491	1.4314218200921097e-06	-0.000796883123457753
