tloc	tmcCabe	assertionDensity	assertionRoulette	mysteryGuest	eagerTest	sensitiveEquality	resourceOptimism	conditionalTestLogic	fireAndForget	loc	lcom2	lcom5	cbo	wmc	rfc	mpc	halsteadVocabulary	halsteadLength	halsteadVolume	classDataShouldBePrivate	complexClass	spaghettiCode	functionalDecomposition	godClass
6.86163154794235e-05	5.351902083704209e-06	1.9567587247983127e-07	2.196277433352345e-05	-1.0607097710084153e-06	6.890266527633447e-05	6.562780995951864e-07	-2.931185025647354e-08	-2.1064819325798798e-07	-3.752597868452298e-08	0.1404730330830229	0.21519434661444997	0.0006431892301933677	0.005046270195086115	0.017550019437661907	0.05738505495959056	0.05263011524901775	0.736117255057744	0.0579600380829845	0.612220404586195	0.00011474314608292249	0.017550148007330787	0.08491791380422341	-4.525977635537876e-06	0.0009894167047692756
1.5430889533031054e-06	-2.3019216984876445e-05	3.581951279368991e-06	3.3718740909534345e-05	-1.7010457963972163e-05	0.00021571450658219269	4.344136156377115e-07	-7.303135151775674e-07	-5.3071234426226765e-06	-3.084938110035873e-07	0.045409142646931695	0.8888008879895537	-0.0003774742513442813	-0.005518876906264903	0.009518810976703528	-0.04508027309451508	-0.047468043545110264	0.10563306854908275	-0.04428372111125511	-0.43607875919949585	0.00028385740683993543	0.01059720500509452	-0.012930553262765163	1.6487779681486904e-06	-0.0007939881850545433
