tloc	tmcCabe	assertionDensity	assertionRoulette	mysteryGuest	eagerTest	sensitiveEquality	resourceOptimism	conditionalTestLogic	fireAndForget	loc	lcom2	lcom5	cbo	wmc	rfc	mpc	halsteadVocabulary	halsteadLength	halsteadVolume	classDataShouldBePrivate	complexClass	spaghettiCode	functionalDecomposition	godClass
6.803379241338666e-05	5.694440635650226e-06	2.223930745037044e-07	2.2237818516056407e-05	-1.080379182417486e-06	6.827086280286181e-05	6.050024191793099e-07	-2.982965321188879e-08	-7.982948058946649e-07	-5.051300937192815e-08	0.1406302020626334	0.21648320564304518	0.0006439099164041603	0.00508075193990195	0.01759104165678183	0.05774405665483072	0.05297563795486485	0.7348677733655907	0.05802488473842865	0.6131534308454485	0.00011538522530105626	0.017591834029758294	0.0849502599869399	-4.164508738665809e-06	0.000998226388293504
