tloc	tmcCabe	assertionDensity	assertionRoulette	mysteryGuest	eagerTest	sensitiveEquality	resourceOptimism	conditionalTestLogic	fireAndForget	loc	lcom2	lcom5	cbo	wmc	rfc	mpc	halsteadVocabulary	halsteadLength	halsteadVolume	classDataShouldBePrivate	complexClass	spaghettiCode	functionalDecomposition	godClass
6.322140099815048e-05	4.941083354744734e-06	1.3810582614097173e-07	2.2095829197254927e-05	-1.3161470491627992e-06	6.823127294481506e-05	6.55645565311513e-07	-2.3541787206363287e-08	-1.0004272401936551e-06	-5.601387989134985e-08	0.14073999318929933	0.21389919234600133	0.0006442075006213122	0.005075834263172532	0.017518370274395383	0.057756607904459745	0.053015992156946634	0.7377219090435695	0.05765525237606983	0.610535474087829	0.00011518820948753052	0.017582671103229818	0.08566424073933658	-4.510569885023391e-06	0.0009762199255437801
-5.428452917286377e-06	-2.3090894904107514e-05	3.755001833267168e-06	3.706432956220936e-05	-1.6255414415901707e-05	0.00022418208853557738	4.057175250702659e-07	-6.265101414924525e-07	-3.3360521757466405e-06	-2.9201719083358367e-07	0.04483074563478035	0.8879897278103001	-0.00037937513711353807	-0.00561294372083507	0.00924324110722009	-0.04696693367141686	-0.049246599029968176	0.10746406767687151	-0.04421178457433744	-0.43693178738329963	0.0002889933473258305	0.010234858526079015	-0.014077055876775697	1.5799702676549694e-06	-0.0007708488577231091
