tloc	tmcCabe	assertionDensity	assertionRoulette	mysteryGuest	eagerTest	sensitiveEquality	resourceOptimism	conditionalTestLogic	fireAndForget	loc	lcom2	lcom5	cbo	wmc	rfc	mpc	halsteadVocabulary	halsteadLength	halsteadVolume	classDataShouldBePrivate	complexClass	spaghettiCode	functionalDecomposition	godClass
6.645200258678966e-05	5.245378017649852e-06	1.8524317698987117e-07	2.1843741984199323e-05	-1.1989546837530552e-06	6.87852145427933e-05	6.42091365673228e-07	-3.595731955023071e-08	-2.5479656701307487e-07	-5.6895832809633175e-08	0.14040685039599973	0.21517132759828428	0.0006433922255735077	0.005047681567158886	0.017540693204637636	0.05740533124319782	0.0526552507650708	0.7362800792822951	0.057926857271448924	0.6120382404079545	0.00011302060348242076	0.017555776906131262	0.08498124848039024	-4.463322328061775e-06	0.000987768114063586
