tloc	tmcCabe	assertionDensity	assertionRoulette	mysteryGuest	eagerTest	sensitiveEquality	resourceOptimism	conditionalTestLogic	fireAndForget	loc	lcom2	lcom5	cbo	wmc	rfc	mpc	halsteadVocabulary	halsteadLength	halsteadVolume	classDataShouldBePrivate	complexClass	spaghettiCode	functionalDecomposition	godClass
6.943297850828668e-05	5.446617893060129e-06	2.041886605698694e-07	2.214899955251122e-05	-8.265892654285012e-07	6.877669141828026e-05	6.690072700836209e-07	-1.8785726949055127e-08	3.70003634919248e-08	-4.495063080462454e-08	0.14042685173537084	0.2148693126796593	0.0006427746648110646	0.00504768969219824	0.01754002016143043	0.05735142415352021	0.052599720194174034	0.7360279834893535	0.058002829353350084	0.6124673679903824	0.00011430385134346122	0.01753074760311067	0.08482858720910594	-4.616654482550061e-06	0.0009897986671951813
-9.302417525163586e-06	-2.4512543734541412e-05	3.8272666717506945e-06	3.5607212443103887e-05	-1.6738403110054215e-05	0.0002090129434088431	3.8627617735242017e-07	-7.792564504935265e-07	-5.533654447018889e-06	-2.8541446251416366e-07	0.041145696000234905	0.8844421677664646	-0.0003880925119169279	-0.005743074152904905	0.008738036155769414	-0.04700140847842802	-0.04914822000958784	0.11416077542171227	-0.04489093806571543	-0.44275028258325794	0.00023204128930608023	0.009772886395947696	-0.012765440027285836	1.9688671091150884e-06	-0.0008121454931627136
-0.0006814045390403058	-5.3838013044523187e-05	9.965773967935647e-07	-1.3474285660802713e-05	-9.779033960086742e-05	3.64682274368744e-05	4.107777383718929e-07	-5.392851741241674e-06	-3.371465250182137e-05	-1.6215402109296972e-06	-0.08163561800033076	-0.3995838022003704	-0.0006594201558177707	-0.007274764736179628	-0.02380753705987437	-0.05544004101712337	-0.04813897519793109	0.6544176590372676	-0.07336043552093924	-0.6216326266417389	-0.0006839563366141297	-0.020054849362234253	0.08443565376027397	2.3683723864385025e-05	-0.007309108569029026
