tloc	tmcCabe	assertionDensity	assertionRoulette	mysteryGuest	eagerTest	sensitiveEquality	resourceOptimism	conditionalTestLogic	fireAndForget	loc	lcom2	lcom5	cbo	wmc	rfc	mpc	halsteadVocabulary	halsteadLength	halsteadVolume	classDataShouldBePrivate	complexClass	spaghettiCode	functionalDecomposition	godClass
6.809794261985506e-05	5.185882587737719e-06	1.9453017609879354e-07	2.2320048062856456e-05	-1.0889215600445748e-06	6.891918999071947e-05	6.677022032696858e-07	-3.5635949647906045e-08	-2.721343149486225e-07	-4.41208871821683e-08	0.14041217047550267	0.21510083727386306	0.0006429615655417526	0.005041323633865655	0.017542800985951228	0.05738119421619414	0.052628650306218286	0.7362232622085282	0.0579488575158952	0.6121401587686391	0.00011416657345287162	0.0175532207488408	0.08492761955469855	-4.551570641104212e-06	0.0009605839084005935
