tloc	tmcCabe	assertionDensity	assertionRoulette	mysteryGuest	eagerTest	sensitiveEquality	resourceOptimism	conditionalTestLogic	fireAndForget	loc	lcom2	lcom5	cbo	wmc	rfc	mpc	halsteadVocabulary	halsteadLength	halsteadVolume	classDataShouldBePrivate	complexClass	spaghettiCode	functionalDecomposition	godClass
7.22445773268602e-05	5.952671824108249e-06	2.045797327266705e-07	2.28847652831579e-05	-5.585087621700159e-07	6.926986885545653e-05	6.9795427211356e-07	-5.540963868962751e-09	4.0032872314765787e-07	-3.985434121772037e-08	0.1401563435753105	0.21602248876382174	0.000645863087734269	0.005071488809420872	0.017508551604142768	0.05687284516106404	0.052215690845487245	0.7356114042954441	0.05801224468379322	0.6127261258096025	0.000115339363839564	0.01748665176941595	0.08465894564159619	-4.57920990365171e-06	0.0009951974707182428
