tloc	tmcCabe	assertionDensity	assertionRoulette	mysteryGuest	eagerTest	sensitiveEquality	resourceOptimism	conditionalTestLogic	fireAndForget	loc	lcom2	lcom5	cbo	wmc	rfc	mpc	halsteadVocabulary	halsteadLength	halsteadVolume	classDataShouldBePrivate	complexClass	spaghettiCode	functionalDecomposition	godClass
5.372033950000587e-05	3.924224725905152e-06	1.8547722660613658e-07	2.2340520707693434e-05	-1.7413817384997837e-06	6.85963516813318e-05	6.375385566840633e-07	-4.8508351819792655e-08	-1.5137728584493199e-06	-9.424180142542179e-08	0.14180595981165087	0.21228909976599583	0.0006600475483116934	0.005127519341865054	0.017660298460063457	0.05833060897031101	0.05356786108815116	0.7420754751396823	0.05708973436667474	0.6054305823254883	0.00011642416152916629	0.017693718057656637	0.08612930202125564	-4.611204245910662e-06	0.0010170237533497814
