tloc	tmcCabe	assertionDensity	assertionRoulette	mysteryGuest	eagerTest	sensitiveEquality	resourceOptimism	conditionalTestLogic	fireAndForget	loc	lcom2	lcom5	cbo	wmc	rfc	mpc	halsteadVocabulary	halsteadLength	halsteadVolume	classDataShouldBePrivate	complexClass	spaghettiCode	functionalDecomposition	godClass
6.687388246755505e-05	5.155753835496822e-06	1.901785642485746e-07	2.1809566786906323e-05	-1.1540425720361822e-06	6.842771369379681e-05	6.902444855961805e-07	-4.716666303294095e-08	-3.728443024629696e-07	-5.313830559822189e-08	0.1405124718375781	0.21342963371986082	0.0006441851979348119	0.005056469538974926	0.017515752286759896	0.05743970953032786	0.052704740365176445	0.7367426368206107	0.057916552021209766	0.6120536906123325	0.00011445127889854988	0.017512069113907708	0.0850453121344581	-4.386705132420148e-06	0.0009908714104941549
3.3673541048414558e-06	-2.27988201502648e-05	3.5702458786313977e-06	3.431086303029399e-05	-1.723159026643317e-05	0.00021879472199952903	4.388940537008399e-07	-7.56022853211354e-07	-6.170317403445397e-06	-3.0204366482885956e-07	0.046202796686710616	0.8876871237904951	-0.0003737369943963773	-0.005501500452818129	0.009556567783239586	-0.04494314932430749	-0.047321596449138574	0.10886282795398661	-0.044496249675543685	-0.4374883740707041	0.0002864653090108199	0.010614282340939567	-0.012465488579323487	1.589531002356115e-06	-0.0007906442627674117
