tloc	tmcCabe	assertionDensity	assertionRoulette	mysteryGuest	eagerTest	sensitiveEquality	resourceOptimism	conditionalTestLogic	fireAndForget	loc	lcom2	lcom5	cbo	wmc	rfc	mpc	halsteadVocabulary	halsteadLength	halsteadVolume	classDataShouldBePrivate	complexClass	spaghettiCode	functionalDecomposition	godClass
6.812763185067079e-05	5.225503085513395e-06	2.488264220239976e-07	2.1945077701105313e-05	-1.1744825416269088e-06	6.897937710719686e-05	6.507916654947086e-07	-4.1389702147057486e-08	-1.352438771333926e-07	-4.682808114608557e-08	0.14041454389546942	0.21507664626581416	0.0006431975907700831	0.00504554948238876	0.01754134702452816	0.057377834931020416	0.05262667900038528	0.7361830599830641	0.057957189000303944	0.6121991637584798	0.00011418324627006027	0.01754402088173619	0.08490756789496408	-4.577458038219745e-06	0.0009890846797576305
2.127178142164135e-06	-2.308676205855192e-05	3.6013318210085418e-06	3.41369242106944e-05	-1.6937321163099445e-05	0.00021683847740753577	4.37945794563499e-07	-6.882176479353043e-07	-5.622727498507926e-06	-3.01523045167018e-07	0.04542720029636654	0.8889897891985432	-0.00037773233792684334	-0.005515148888559498	0.009539354108144873	-0.045012385454791685	-0.04741653479634691	0.10541569943240954	-0.04425433596411938	-0.43575986057255767	0.00028443277135732105	0.010624280531679825	-0.01289618449772266	1.6407433159789235e-06	-0.0007961388027326007
