tloc	tmcCabe	assertionDensity	assertionRoulette	mysteryGuest	eagerTest	sensitiveEquality	resourceOptimism	conditionalTestLogic	fireAndForget	loc	lcom2	lcom5	cbo	wmc	rfc	mpc	halsteadVocabulary	halsteadLength	halsteadVolume	classDataShouldBePrivate	complexClass	spaghettiCode	functionalDecomposition	godClass
6.524452008712769e-05	5.06884930414987e-06	1.1681464198970626e-07	2.186355437916387e-05	-4.7420483731506795e-07	6.772213618721507e-05	6.307888951955769e-07	-9.789232309728624e-08	-3.7936712732993235e-07	-7.268221512014124e-08	0.14094318779327092	0.21624738828056767	0.0006456504719649581	0.005068669576316749	0.017601755243462677	0.0577004861694955	0.05293847241465235	0.737502032281011	0.05758084703575188	0.6099467637120687	0.00011716066869692678	0.01767148148637912	0.08562469130049533	-4.41876728882271e-06	0.0007606631563881786
1.9173971694282146e-05	-2.267148133218867e-05	3.698948078203044e-06	3.71067706068608e-05	-7.89254266454763e-06	0.00022022487290678655	4.079935303451764e-07	-4.964817586263996e-07	-3.7207057754220216e-06	-2.6455835234813053e-07	0.04123620176184563	0.8849961212934155	-0.0004044373681000872	-0.0059182910821638035	0.008805993274692909	-0.04898757362457482	-0.05110784493643332	0.11049949144657784	-0.044525914436893035	-0.4421138823564247	0.00022206960147042097	0.009808098809925146	-0.014240158735591235	1.4934516440922757e-06	-0.0006714111987881447
