tloc	tmcCabe	assertionDensity	assertionRoulette	mysteryGuest	eagerTest	sensitiveEquality	resourceOptimism	conditionalTestLogic	fireAndForget	loc	lcom2	lcom5	cbo	wmc	rfc	mpc	halsteadVocabulary	halsteadLength	halsteadVolume	classDataShouldBePrivate	complexClass	spaghettiCode	functionalDecomposition	godClass
6.895158356541604e-05	5.3822615199665256e-06	2.0877070928848392e-07	2.1823924626248224e-05	-6.554039654987877e-07	6.793977028801122e-05	6.5184298720343e-07	-1.1400374918171082e-08	2.048172664930713e-08	-3.752205860307062e-08	0.14054349004014874	0.21513284925142953	0.0006429572927368	0.00505768323510273	0.017505270121735916	0.05743052183098026	0.05268901872803416	0.7362632619015824	0.05793004001533133	0.6120385857977787	0.0001150321605717798	0.017491061337004978	0.08497588431599569	-4.599738500128306e-06	0.0009934147527317064
2.114075186703735e-06	-2.291945880920085e-05	3.5771450638234974e-06	3.4151150324231516e-05	-1.7188623079059148e-05	0.00021756451386547386	4.5210346169297305e-07	-7.167293514885463e-07	-5.5714364465034035e-06	-3.136795604188323e-07	0.045362467607152734	0.8889629899844962	-0.0003767627221662766	-0.005525058170121228	0.009557301393127495	-0.04506503832742951	-0.04747260401650252	0.10533106891543612	-0.04425575668555846	-0.4358277137308542	0.0002840073681760848	0.010640649952217624	-0.012943895670249317	1.6513761334522907e-06	-0.0007955479424323102
