tloc	tmcCabe	assertionDensity	assertionRoulette	mysteryGuest	eagerTest	sensitiveEquality	resourceOptimism	conditionalTestLogic	fireAndForget	loc	lcom2	lcom5	cbo	wmc	rfc	mpc	halsteadVocabulary	halsteadLength	halsteadVolume	classDataShouldBePrivate	complexClass	spaghettiCode	functionalDecomposition	godClass
6.824646796346584e-05	5.509299444309192e-06	2.1484373946409265e-07	2.222891753092698e-05	-9.022601230131671e-07	6.870387429628101e-05	6.665690536348323e-07	-9.178830515043028e-09	4.634301238149529e-08	-7.811778735776654e-08	0.14052264581062462	0.21548638375791174	0.0006443960115056316	0.005049074734940726	0.017548158610433445	0.05743700765872705	0.05268343777930918	0.7365005280986459	0.057871670977360505	0.6116303688791721	0.00011451084344442552	0.01754957907936738	0.08501975926230596	-4.5927752501087464e-06	0.0006059182264692095
2.0470881658752108e-06	-2.2947982326856247e-05	3.613361497577173e-06	3.448950661274331e-05	-1.6935875660456244e-05	0.00021824605543048102	4.2519045521960496e-07	-7.053731579127379e-07	-5.301543832771986e-06	-2.3454021281424344e-07	0.045324419718660545	0.8886616944297799	-0.00038026079138264414	-0.005532855111296605	0.009527695387205333	-0.04525774630319633	-0.04764078457871278	0.10525920854384437	-0.044286026514859286	-0.4364197319062714	0.0002844880991069548	0.010596867260905807	-0.013079236030740448	1.6444573657819697e-06	-0.00047080669054842074
