tloc	tmcCabe	assertionDensity	assertionRoulette	mysteryGuest	eagerTest	sensitiveEquality	resourceOptimism	conditionalTestLogic	fireAndForget	loc	lcom2	lcom5	cbo	wmc	rfc	mpc	halsteadVocabulary	halsteadLength	halsteadVolume	classDataShouldBePrivate	complexClass	spaghettiCode	functionalDecomposition	godClass
6.730124034255511e-05	4.7350935147913555e-06	3.651186863910256e-07	2.208713598380023e-05	-1.4004344363624936e-06	6.87688397772548e-05	6.520201981841876e-07	-4.220598165512786e-08	-6.302784301299977e-07	-5.889547150537512e-08	0.1403375414660344	0.21513994660335958	0.0006434150600422491	0.005041497555055094	0.017537261833878205	0.057376324121487396	0.052625228105992655	0.7362859396607557	0.05793183509832291	0.6120681350505336	0.00011395760745089749	0.017546808126103	0.08494682353145572	-4.518444542791053e-06	0.0009868679946354582
3.6944327057841447e-06	-2.2642557022204997e-05	3.5205905366375107e-06	3.4061081907357685e-05	-1.674413780139059e-05	0.00021726709325615388	4.4972923407170284e-07	-6.950133589382871e-07	-5.2664609343731666e-06	-3.0119037908546654e-07	0.0455124670556387	0.8889546774378191	-0.0003775853122256455	-0.00551271629260116	0.009539839069135423	-0.04500552566394253	-0.04740531146425721	0.10531761968919368	-0.044260028687884916	-0.43584716581613353	0.0002846837583468222	0.010630559829223644	-0.012908375963481187	1.6277744576232556e-06	-0.000791472436508398
