tloc	tmcCabe	assertionDensity	assertionRoulette	mysteryGuest	eagerTest	sensitiveEquality	resourceOptimism	conditionalTestLogic	fireAndForget	loc	lcom2	lcom5	cbo	wmc	rfc	mpc	halsteadVocabulary	halsteadLength	halsteadVolume	classDataShouldBePrivate	complexClass	spaghettiCode	functionalDecomposition	godClass
6.941149391003833e-05	5.436239281778217e-06	2.0663299006827076e-07	2.2130625243310146e-05	-8.337055359796694e-07	6.883309152697877e-05	6.635645886472328e-07	-1.924477659030483e-08	4.3443304040398176e-08	-4.536008567608621e-08	0.14045233262038997	0.21499576560732342	0.0006425751342316106	0.005047442572647256	0.01754314846895358	0.057354845202995455	0.05260224104626022	0.7360374606237219	0.05799377963861514	0.6124041961771303	0.00011455027529464538	0.017535187917966134	0.08484061587123047	-4.6106372403310365e-06	0.0009898554365738112
