tloc	tmcCabe	assertionDensity	assertionRoulette	mysteryGuest	eagerTest	sensitiveEquality	resourceOptimism	conditionalTestLogic	fireAndForget	loc	lcom2	lcom5	cbo	wmc	rfc	mpc	halsteadVocabulary	halsteadLength	halsteadVolume	classDataShouldBePrivate	complexClass	spaghettiCode	functionalDecomposition	godClass
6.925872618085194e-05	5.401727386747009e-06	1.994175841653102e-07	2.2127374718225172e-05	-8.712680506952012e-07	6.880504189389794e-05	6.674425791307435e-07	-2.0840552553503613e-08	2.8981068861360462e-09	-4.6153238007785926e-08	0.14043691250028853	0.21498221838040188	0.0006427382602881531	0.005047092737524597	0.017542585785522518	0.05735404276106403	0.05260167907528044	0.7360341263934855	0.0579952786890264	0.6124171298153996	0.00011445019404917952	0.01753542077223875	0.0848359951935792	-4.619325454300946e-06	0.0009895760627131943
