tloc	tmcCabe	assertionDensity	assertionRoulette	mysteryGuest	eagerTest	sensitiveEquality	resourceOptimism	conditionalTestLogic	fireAndForget	loc	lcom2	lcom5	cbo	wmc	rfc	mpc	halsteadVocabulary	halsteadLength	halsteadVolume	classDataShouldBePrivate	complexClass	spaghettiCode	functionalDecomposition	godClass
6.675984486514296e-05	5.3608211798500554e-06	1.4662549773018097e-07	2.1590651240692736e-05	-9.017156435505086e-07	6.855513369800129e-05	6.496457374110744e-07	4.4255755769791616e-08	-2.773232310495891e-07	-4.579831487471495e-08	0.14036013018615037	0.21497402251479783	0.0006431458575843758	0.0050440926949548845	0.017534613033900765	0.057354479047995795	0.052605332366304505	0.7360994502955929	0.05798652069121712	0.6123533820293414	0.00011410624029133572	0.01753888873880884	0.08488176185626943	-4.607830166413478e-06	0.000988168619950032
