tloc	tmcCabe	assertionDensity	assertionRoulette	mysteryGuest	eagerTest	sensitiveEquality	resourceOptimism	conditionalTestLogic	fireAndForget	loc	lcom2	lcom5	cbo	wmc	rfc	mpc	halsteadVocabulary	halsteadLength	halsteadVolume	classDataShouldBePrivate	complexClass	spaghettiCode	functionalDecomposition	godClass
6.92587261809281e-05	5.401727386746957e-06	1.9941758416531576e-07	2.212737471822511e-05	-8.712680506953106e-07	6.880504189389794e-05	6.674425791307303e-07	-2.0840552553511656e-08	2.8981068860513057e-09	-4.6153238007788024e-08	0.14043691250028845	0.21498221838040305	0.0006427382602881535	0.005047092737524588	0.017542585785522542	0.05735404276106417	0.052601679075280385	0.7360341263934859	0.057995278689026306	0.6124171298153983	0.00011445019404917943	0.017535420772238776	0.08483599519357916	-4.61932545430091e-06	0.0009895760627131828
1.7252819178505591e-06	-2.3052164978688153e-05	3.6016395860014736e-06	3.4063197153784904e-05	-1.7009229391901537e-05	0.0002172142366216827	4.342534980490203e-07	-7.068866975697106e-07	-5.61845420385375e-06	-3.0785609422509453e-07	0.045492404569562356	0.8889972500064326	-0.0003767385625868753	-0.005512105082392713	0.00955227137773963	-0.04495734446219614	-0.04736544512905425	0.10560043589799833	-0.04426370428294299	-0.4357050193848026	0.0002843350918050379	0.01063544969388197	-0.012823783086126432	1.6735598274548125e-06	-0.0007921565704389711
-0.0006890936962769445	-5.6626580414199073e-05	1.7020882556074302e-06	-7.5288108543853776e-06	-9.265243088500172e-05	1.3156504903232919e-05	2.7807342018972645e-07	-5.368880525191452e-06	-3.183768957018288e-05	-1.4805680821806608e-06	-0.09529486436726035	-0.3870867084214653	-0.0006891566881782284	-0.008012735918785577	-0.025673134875442444	-0.06160658442385833	-0.05370594793700682	0.656989404201363	-0.07280645216842924	-0.624282576128914	-0.0008162834906217984	-0.022234986657966072	0.08043191576385443	2.3742142133849013e-05	-0.007060176896227586
0.00029260205582187136	6.832724868447497e-05	8.276385978331783e-06	1.6873715815859533e-07	-9.24889858700357e-05	-0.00022989401047825698	-3.3844366346451353e-06	-7.95513567749915e-06	-3.396002892142298e-05	-8.616401804656564e-07	0.8691766621954579	-0.09338768546339041	0.003413490805631198	0.05307821224922656	0.08097096094267896	0.2970480281286992	0.2757285897151293	-0.05672026823579073	-0.04617633729888431	-0.17053459241695837	-0.0003170908524560546	0.08400628497333874	0.14357092238679314	-8.580760304865784e-06	-0.007760760438741398
