tloc	tmcCabe	assertionDensity	assertionRoulette	mysteryGuest	eagerTest	sensitiveEquality	resourceOptimism	conditionalTestLogic	fireAndForget	loc	lcom2	lcom5	cbo	wmc	rfc	mpc	halsteadVocabulary	halsteadLength	halsteadVolume	classDataShouldBePrivate	complexClass	spaghettiCode	functionalDecomposition	godClass
6.925872618096523e-05	5.401727386746987e-06	1.9941758416531385e-07	2.212737471822516e-05	-8.712680506953058e-07	6.880504189389812e-05	6.674425791307315e-07	-2.084055255351052e-08	2.898106886059032e-09	-4.615323800778787e-08	0.1404369125002886	0.21498221838040346	0.0006427382602881539	0.005047092737524614	0.017542585785522567	0.05735404276106412	0.052601679075280586	0.7360341263934854	0.05799527868902633	0.6124171298153991	0.00011445019404917961	0.01753542077223882	0.08483599519357934	-4.619325454300927e-06	0.0009895760627131852
1.7252819178498489e-06	-2.3052164978526123e-05	3.601639586001372e-06	3.406319715378495e-05	-1.700922939190113e-05	0.00021721423662168264	4.34253498049012e-07	-7.068866975696894e-07	-5.618454203853654e-06	-3.078560942250888e-07	0.04549240456956249	0.8889972500064341	-0.0003767385625868712	-0.005512105082392669	0.009552271377739705	-0.04495734446219586	-0.04736544512905395	0.10560043589799645	-0.04426370428294251	-0.43570501938480094	0.0002843350918050419	0.01063544969388212	-0.012823783086126644	1.6735598274547142e-06	-0.0007921565704389387
-0.0006890936962770357	-5.662658041421661e-05	1.7020882557097114e-06	-7.5288108543850015e-06	-9.265243088500145e-05	1.3156504903233335e-05	2.7807342018971597e-07	-5.368880525191435e-06	-3.1837689570182714e-05	-1.4805680821806591e-06	-0.09529486436725965	-0.387086708421463	-0.0006891566881782292	-0.008012735918785522	-0.025673134875442344	-0.061606584423858454	-0.053705947937006907	0.6569894042013644	-0.07280645216842929	-0.6242825761289152	-0.0008162834906217917	-0.022234986657965986	0.08043191576385435	2.3742142133848952e-05	-0.007060176896227501
0.00029260205582173936	6.832724868446999e-05	8.27638597835667e-06	1.6873715817533783e-07	-9.248898587004302e-05	-0.000229894010478274	-3.3844366346463296e-06	-7.955135677499606e-06	-3.3960028921430755e-05	-8.616401804658032e-07	0.8691766621954509	-0.09338768546338923	0.0034134908056312344	0.05307821224922671	0.08097096094267892	0.29704802812870634	0.27572858971513653	-0.05672026823579141	-0.04617633729888503	-0.1705345924169585	-0.00031709085245610306	0.08400628497333962	0.14357092238679842	-8.580760304863299e-06	-0.00776076043874196
