tloc	tmcCabe	assertionDensity	assertionRoulette	mysteryGuest	eagerTest	sensitiveEquality	resourceOptimism	conditionalTestLogic	fireAndForget	loc	lcom2	lcom5	cbo	wmc	rfc	mpc	halsteadVocabulary	halsteadLength	halsteadVolume	classDataShouldBePrivate	complexClass	spaghettiCode	functionalDecomposition	godClass
7.035384385348688e-05	5.408630027568085e-06	2.2576102754589884e-07	2.2716162789740117e-05	-9.351003779009529e-07	6.819116671747774e-05	6.587759835859146e-07	-2.4775368953463246e-08	5.0823322880516876e-08	-4.7080417360328325e-08	0.14044537323010495	0.21458695359710625	0.0006433875266395764	0.0050490928066697265	0.017526307699116155	0.05741227247948647	0.05266618677409179	0.736119003900599	0.05798315457352119	0.6124279486086573	0.00011445857076862177	0.017520657249946222	0.08494326070081372	-4.5584237408117045e-06	0.0009903961774290239
