tloc	tmcCabe	assertionDensity	assertionRoulette	mysteryGuest	eagerTest	sensitiveEquality	resourceOptimism	conditionalTestLogic	fireAndForget	loc	lcom2	lcom5	cbo	wmc	rfc	mpc	halsteadVocabulary	halsteadLength	halsteadVolume	classDataShouldBePrivate	complexClass	spaghettiCode	functionalDecomposition	godClass
6.925657594329455e-05	5.466715082211352e-06	2.0681845692305252e-07	2.214155006734147e-05	-8.723239379771175e-07	6.880789082665616e-05	6.686209414183148e-07	-2.095606933924656e-08	1.1672546339832297e-08	-4.502190882188926e-08	0.14043637084885116	0.21501570803480408	0.0006427559090284159	0.005047484353374346	0.01754375439858143	0.057354252169944275	0.052601471653652934	0.736044354755702	0.05799031081153219	0.6123919382162833	0.00011446558439514624	0.01753790928608809	0.08484772944018944	-4.603694475617688e-06	0.0009896917977272293
7.387960035311558e-07	-2.3061952625469683e-05	3.5847613270114197e-06	3.391115437655338e-05	-1.7064265264274608e-05	0.00021698482380169514	4.2930135236174225e-07	-7.096116921570898e-07	-5.6649593647346575e-06	-3.097824171259554e-07	0.04548474711130068	0.8889805812036732	-0.0003768573043116296	-0.005513744749974286	0.009548010864343945	-0.04496288081553247	-0.04736944264208618	0.10558477577111476	-0.04426342305026132	-0.4357420346769092	0.0002842542594099262	0.010629804124248245	-0.012851606143417177	1.6611125649494239e-06	-0.0007928815967974589
