tloc	tmcCabe	assertionDensity	assertionRoulette	mysteryGuest	eagerTest	sensitiveEquality	resourceOptimism	conditionalTestLogic	fireAndForget	loc	lcom2	lcom5	cbo	wmc	rfc	mpc	halsteadVocabulary	halsteadLength	halsteadVolume	classDataShouldBePrivate	complexClass	spaghettiCode	functionalDecomposition	godClass
6.951920911480515e-05	5.470066621061384e-06	2.0696231876210462e-07	2.221084993966276e-05	-8.517384391944204e-07	6.880050418431479e-05	6.698603617092976e-07	-2.1782160243233598e-08	1.2980379338611627e-07	-4.662290028450071e-08	0.14043635778085264	0.21497615360994243	0.000642718863486643	0.005048303458021295	0.01754283645703665	0.05735426424644807	0.05260186965713672	0.7360324893698855	0.057996315303795606	0.6124211948136579	0.00011444979141947158	0.017535068094137737	0.0848361137292713	-4.617552634908874e-06	0.000989462869573387
