tloc	tmcCabe	assertionDensity	assertionRoulette	mysteryGuest	eagerTest	sensitiveEquality	resourceOptimism	conditionalTestLogic	fireAndForget	loc	lcom2	lcom5	cbo	wmc	rfc	mpc	halsteadVocabulary	halsteadLength	halsteadVolume	classDataShouldBePrivate	complexClass	spaghettiCode	functionalDecomposition	godClass
6.974083973112141e-05	5.609841943367087e-06	1.645052775695785e-07	2.2194610092586708e-05	-1.29844503575349e-06	6.824396220288015e-05	6.432795226074913e-07	-3.803647747369479e-08	1.1462078313244466e-08	-4.9349310949860226e-08	0.14054662177299154	0.2152659358792483	0.000643176492580963	0.0050582094677728215	0.01755244262075258	0.05741281969062723	0.052657534373495796	0.7361590131350175	0.05793805243007321	0.6121228239054526	0.00011546294448707418	0.017553021120649295	0.08493361078539516	-4.671304870162472e-06	0.0009881743712126783
7.973029005360274e-07	-2.313029189805974e-05	3.6075321804406545e-06	3.4023067099977534e-05	-1.69497283051128e-05	0.00021743742626206177	4.395631771011607e-07	-7.057293145826301e-07	-5.692699409909921e-06	-3.106477217758014e-07	0.045211646980201095	0.8889885631939803	-0.0003777180317828587	-0.005531500175965222	0.009521249760506856	-0.04509540087399274	-0.047492748673847555	0.10524312868428025	-0.04423508642225884	-0.4358099910149815	0.0002835383924872521	0.010610310705066014	-0.012967073520264622	1.6817768515357516e-06	-0.0007937902050524279
