tloc	tmcCabe	assertionDensity	assertionRoulette	mysteryGuest	eagerTest	sensitiveEquality	resourceOptimism	conditionalTestLogic	fireAndForget	loc	lcom2	lcom5	cbo	wmc	rfc	mpc	halsteadVocabulary	halsteadLength	halsteadVolume	classDataShouldBePrivate	complexClass	spaghettiCode	functionalDecomposition	godClass
6.915860879735638e-05	5.315114143386943e-06	1.9478046555195332e-07	2.207875681958375e-05	-9.459639873134341e-07	6.916199034175418e-05	7.332914302977662e-07	-2.4455324153081413e-08	-6.89464462386717e-08	-4.795431565450812e-08	0.14070225542304193	0.2152385506497729	0.0006426991222981494	0.005047848983664934	0.017555340145808576	0.05737164299065199	0.05261380780790152	0.7360134603109807	0.0579761293182233	0.612288143699827	0.00011439015298610814	0.01754377001872174	0.08484596504330714	-4.631969855705823e-06	0.0009892151933109104
2.39735228088391e-06	-2.2624073295663696e-05	3.6433821222907206e-06	3.446992243914647e-05	-1.665976286402701e-05	0.00021538637616441052	1.4316591808967902e-07	-6.898062982258772e-07	-5.250514317410804e-06	-2.992697107396292e-07	0.04393999242597553	0.88881705595732	-0.00038125070758728783	-0.00553225831755218	0.00947207258100832	-0.04520406436343637	-0.047575456670379275	0.10593018044076082	-0.04427210153581814	-0.43610323887072683	0.00028518539265295483	0.01056825124944875	-0.012903978327181312	1.7447273609476936e-06	-0.0007923397920612416
-0.0006954817428761561	-5.791511582919684e-05	1.5448556152627823e-06	-9.232523980664839e-06	-9.40048936434685e-05	1.618921824527517e-05	8.069789512828812e-07	-5.4415397419525465e-06	-3.293924257531087e-05	-1.5104288521456666e-06	-0.09064281638451165	-0.38820286272178584	-0.0006672317273585013	-0.007928210780346522	-0.0254404775507694	-0.06082074006584951	-0.05302111375269424	0.6566830238792898	-0.07292917909821506	-0.6246887147542811	-0.0008213804244602227	-0.022042470238485906	0.08085152066810322	2.3582946913055245e-05	-0.0070877248919500035
