tloc	tmcCabe	assertionDensity	assertionRoulette	mysteryGuest	eagerTest	sensitiveEquality	resourceOptimism	conditionalTestLogic	fireAndForget	loc	lcom2	lcom5	cbo	wmc	rfc	mpc	halsteadVocabulary	halsteadLength	halsteadVolume	classDataShouldBePrivate	complexClass	spaghettiCode	functionalDecomposition	godClass
8.440994772048572e-05	1.2448319008195499e-05	-7.682206833820833e-07	1.0337184960102053e-05	3.094377613579308e-06	9.032362756032599e-06	-1.0268725151602033e-07	1.726013238708318e-07	2.585719951675727e-06	3.672109785004762e-08	0.13827532057390896	0.02576341693817962	0.0007472949210277077	0.006595296824865396	0.016202876754518602	0.07025973462460977	0.06572969591494647	0.6792481272994112	0.06735163928229834	0.7050433357925593	5.575559807573705e-05	0.016025582016252905	0.08598789432205524	-5.26848607266019e-06	0.0012861797244806104
0.0003967345426695141	1.7637579660865878e-05	-2.033889003563477e-06	1.5138942463141147e-05	1.8990591859970292e-06	0.00018478813404684458	1.4383031760564106e-06	7.36035892068594e-07	1.468394978722438e-05	1.673176219097394e-07	0.13930109503241295	0.9881590129352454	-3.440379082482537e-05	0.002267097785436823	0.02494328492854258	0.019280829155180243	0.0105511009159896	-0.03072487722866832	-0.0032779652471557545	-0.03637080978320176	0.0005991653064831428	0.025314972516386976	-0.010036940031744495	-8.675541973845691e-06	0.0026167288207609544
