tloc	tmcCabe	assertionDensity	assertionRoulette	mysteryGuest	eagerTest	sensitiveEquality	resourceOptimism	conditionalTestLogic	fireAndForget	loc	lcom2	lcom5	cbo	wmc	rfc	mpc	halsteadVocabulary	halsteadLength	halsteadVolume	classDataShouldBePrivate	complexClass	spaghettiCode	functionalDecomposition	godClass
6.93091901367513e-05	5.390892028854002e-06	1.8797757731499328e-07	2.1997955342764664e-05	-7.536434775898873e-07	6.879377994545131e-05	6.758565707276033e-07	-1.793048916504466e-08	-2.0244882245289637e-08	-4.768507615867189e-08	0.14045624391541237	0.2150370736604831	0.0006427745644774479	0.005047658706632173	0.017544069163669504	0.05736948039753748	0.05261702033020115	0.7360866957031464	0.05797840558376477	0.6123250385362028	0.00011438642017193315	0.017539848622286504	0.0848639250897521	-4.563944581280521e-06	0.0009893717441082932
