tloc	tmcCabe	assertionDensity	assertionRoulette	mysteryGuest	eagerTest	sensitiveEquality	resourceOptimism	conditionalTestLogic	fireAndForget	loc	lcom2	lcom5	cbo	wmc	rfc	mpc	halsteadVocabulary	halsteadLength	halsteadVolume	classDataShouldBePrivate	complexClass	spaghettiCode	functionalDecomposition	godClass
6.10644362861206e-05	4.277150357194288e-06	6.340466988958774e-07	2.220697479920862e-05	-2.2197865003096753e-06	6.780140133938838e-05	5.832816335505562e-07	-2.418040514805981e-09	-5.617718455867581e-07	-6.962717501639024e-08	0.1406568679058156	0.21613484801098778	0.000646090384580891	0.005046723188146653	0.01755424711802089	0.057563446871495526	0.05280977476677915	0.7372304691032141	0.057666936258941114	0.6104211761406262	0.00011286235841762683	0.01763837495735155	0.08546680155815033	-4.465903707626168e-06	0.0009753904345935372
2.3991784655581722e-06	-2.2817298910238465e-05	3.6801675968713137e-06	3.3751529779439586e-05	-1.7180534816278698e-05	0.0002180642572179491	4.4872557761941885e-07	-6.485624802709784e-07	-5.441594137589116e-06	-2.7289707034819605e-07	0.0447054476177596	0.8892820160306604	-0.00038679704654454716	-0.005546745207674816	0.009447431883484408	-0.045626855781196504	-0.04800188625365363	0.10309439924928593	-0.044073676266730734	-0.43566265210115934	0.00028348415750743485	0.010449920865512207	-0.013780478186135158	1.4314218200922458e-06	-0.0007968831234577848
