tloc	tmcCabe	assertionDensity	assertionRoulette	mysteryGuest	eagerTest	sensitiveEquality	resourceOptimism	conditionalTestLogic	fireAndForget	loc	lcom2	lcom5	cbo	wmc	rfc	mpc	halsteadVocabulary	halsteadLength	halsteadVolume	classDataShouldBePrivate	complexClass	spaghettiCode	functionalDecomposition	godClass
6.803379241346417e-05	5.694440635650399e-06	2.2239307450367046e-07	2.223781851605604e-05	-1.0803791824173993e-06	6.827086280285974e-05	6.050024191792954e-07	-2.982965321188652e-08	-7.982948058946886e-07	-5.051300937192645e-08	0.14063020206263285	0.21648320564303722	0.000643909916404164	0.005080751939901995	0.017591041656781745	0.057744056654831094	0.052975637954865255	0.7348677733655903	0.058024884738428935	0.6131534308454522	0.0001153852253010533	0.01759183402975819	0.08495025998694004	-4.164508738665799e-06	0.0009982263882935053
