tloc	tmcCabe	assertionDensity	assertionRoulette	mysteryGuest	eagerTest	sensitiveEquality	resourceOptimism	conditionalTestLogic	fireAndForget	loc	lcom2	lcom5	cbo	wmc	rfc	mpc	halsteadVocabulary	halsteadLength	halsteadVolume	classDataShouldBePrivate	complexClass	spaghettiCode	functionalDecomposition	godClass
6.322140099811344e-05	4.941083354744722e-06	1.381058261409615e-07	2.2095829197254785e-05	-1.3161470491628206e-06	6.823127294481453e-05	6.556455653115091e-07	-2.354178720636478e-08	-1.0004272401936947e-06	-5.601387989135038e-08	0.1407399931892988	0.21389919234599852	0.0006442075006213117	0.005075834263172533	0.017518370274395328	0.05775660790445985	0.05301599215694669	0.7377219090435688	0.05765525237606992	0.6105354740878299	0.0001151882094875292	0.01758267110322978	0.08566424073933657	-4.510569885023375e-06	0.0009762199255437795
-5.428452917245274e-06	-2.3090894904105864e-05	3.755001833267153e-06	3.70643295622094e-05	-1.6255414415901222e-05	0.00022418208853557697	4.057175250702616e-07	-6.265101414924268e-07	-3.3360521757465185e-06	-2.920171908335767e-07	0.044830745634780726	0.8879897278103025	-0.00037937513711353173	-0.005612943720835006	0.009243241107220274	-0.04696693367141633	-0.04924659902996759	0.10746406767686965	-0.04421178457433684	-0.4369317873832936	0.00028899334732583436	0.010234858526079126	-0.014077055876775655	1.5799702676548564e-06	-0.0007708488577231019
