tloc	tmcCabe	assertionDensity	assertionRoulette	mysteryGuest	eagerTest	sensitiveEquality	resourceOptimism	conditionalTestLogic	fireAndForget	loc	lcom2	lcom5	cbo	wmc	rfc	mpc	halsteadVocabulary	halsteadLength	halsteadVolume	classDataShouldBePrivate	complexClass	spaghettiCode	functionalDecomposition	godClass
6.645200258682896e-05	5.245378017649841e-06	1.8524317698986786e-07	2.1843741984199285e-05	-1.1989546837530912e-06	6.878521454279321e-05	6.420913656732188e-07	-3.5957319550232683e-08	-2.547965670131122e-07	-5.6895832809633764e-08	0.14040685039599962	0.21517132759828453	0.0006433922255735077	0.005047681567158888	0.017540693204637612	0.0574053312431978	0.05265525076507073	0.736280079282295	0.05792685727144885	0.6120382404079547	0.00011302060348242028	0.01755577690613126	0.08498124848039032	-4.463322328061766e-06	0.000987768114063579
