tloc	tmcCabe	assertionDensity	assertionRoulette	mysteryGuest	eagerTest	sensitiveEquality	resourceOptimism	conditionalTestLogic	fireAndForget	loc	lcom2	lcom5	cbo	wmc	rfc	mpc	halsteadVocabulary	halsteadLength	halsteadVolume	classDataShouldBePrivate	complexClass	spaghettiCode	functionalDecomposition	godClass
6.305241705915188e-05	4.4992339017223015e-06	3.3795183242675506e-07	2.2861823854467533e-05	-2.4504059979898786e-06	7.157238940437743e-05	4.841055129791427e-07	-2.7479119022543185e-07	-1.4453863750139703e-06	-4.892214229590532e-08	0.13966751085231113	0.22154185335870083	0.00067996378912489	0.005229486193046964	0.01813282120029243	0.060277205872714366	0.055373044202596554	0.7338290372639477	0.05755108591086495	0.6122478781278491	7.423487351410187e-05	0.018211707181027874	0.08578586773656235	-4.419431605464336e-06	0.0007243716525669137
-8.223424482979202e-06	-2.3946223836303338e-05	3.9203493739546915e-06	3.487355912349366e-05	-1.762127032359864e-05	0.0002317926328627493	1.0689318298397438e-06	-5.193699764700203e-07	-4.368364175968855e-06	-3.16233478072771e-07	0.03067320444582397	0.875436387268699	-0.0004729945826627873	-0.006679542792708248	0.00783140790829974	-0.056199447928009065	-0.05791469811315313	0.12462370546021805	-0.04550584100296922	-0.4561683960579816	0.00040913224087868016	0.008692707821376497	-0.016849521547442334	1.6874451466915404e-06	-0.0006908292513292446
