tloc	tmcCabe	assertionDensity	assertionRoulette	mysteryGuest	eagerTest	sensitiveEquality	resourceOptimism	conditionalTestLogic	fireAndForget	loc	lcom2	lcom5	cbo	wmc	rfc	mpc	halsteadVocabulary	halsteadLength	halsteadVolume	classDataShouldBePrivate	complexClass	spaghettiCode	functionalDecomposition	godClass
6.809794261989907e-05	5.185882587737752e-06	1.9453017609879778e-07	2.232004806285646e-05	-1.0889215600445657e-06	6.891918999071964e-05	6.677022032696903e-07	-3.563594964790546e-08	-2.7213431494860185e-07	-4.412088718216776e-08	0.14041217047550275	0.21510083727386353	0.000642961565541753	0.005041323633865669	0.017542800985951252	0.05738119421619422	0.052628650306218244	0.7362232622085282	0.0579488575158952	0.6121401587686379	0.00011416657345287159	0.01755322074884083	0.08492761955469849	-4.551570641104224e-06	0.0009605839084005945
