tloc	tmcCabe	assertionDensity	assertionRoulette	mysteryGuest	eagerTest	sensitiveEquality	resourceOptimism	conditionalTestLogic	fireAndForget	loc	lcom2	lcom5	cbo	wmc	rfc	mpc	halsteadVocabulary	halsteadLength	halsteadVolume	classDataShouldBePrivate	complexClass	spaghettiCode	functionalDecomposition	godClass
5.37203395001109e-05	3.924224725905126e-06	1.8547722660613023e-07	2.2340520707693353e-05	-1.7413817384997465e-06	6.859635168133156e-05	6.37538556684056e-07	-4.8508351819790875e-08	-1.5137728584493533e-06	-9.424180142542188e-08	0.14180595981165053	0.21228909976599536	0.000660047548311693	0.005127519341865033	0.017660298460063416	0.058330608970310956	0.053567861088151016	0.7420754751396814	0.057089734366674645	0.6054305823254889	0.00011642416152916582	0.017693718057656592	0.08612930202125557	-4.611204245910646e-06	0.0010170237533497835
