tloc	tmcCabe	assertionDensity	assertionRoulette	mysteryGuest	eagerTest	sensitiveEquality	resourceOptimism	conditionalTestLogic	fireAndForget	loc	lcom2	lcom5	cbo	wmc	rfc	mpc	halsteadVocabulary	halsteadLength	halsteadVolume	classDataShouldBePrivate	complexClass	spaghettiCode	functionalDecomposition	godClass
7.224457732697663e-05	5.952671824108094e-06	2.0457973272668614e-07	2.288476528315802e-05	-5.585087621701468e-07	6.926986885545769e-05	6.979542721135492e-07	-5.540963868969722e-09	4.0032872314756215e-07	-3.9854341217723275e-08	0.1401563435753107	0.2160224887638272	0.0006458630877342677	0.005071488809420835	0.017508551604142844	0.056872845161063966	0.05221569084548702	0.7356114042954438	0.05801224468379309	0.6127261258096007	0.00011533936383956544	0.017486651769416026	0.08465894564159614	-4.579209903651686e-06	0.0009951974707182384
