tloc	tmcCabe	assertionDensity	assertionRoulette	mysteryGuest	eagerTest	sensitiveEquality	resourceOptimism	conditionalTestLogic	fireAndForget	loc	lcom2	lcom5	cbo	wmc	rfc	mpc	halsteadVocabulary	halsteadLength	halsteadVolume	classDataShouldBePrivate	complexClass	spaghettiCode	functionalDecomposition	godClass
6.812763185074934e-05	5.225503085513402e-06	2.488264220239977e-07	2.1945077701105303e-05	-1.1744825416269107e-06	6.897937710719674e-05	6.507916654947155e-07	-4.138970214705742e-08	-1.3524387713337438e-07	-4.68280811460856e-08	0.14041454389546937	0.21507664626581344	0.0006431975907700835	0.005045549482388764	0.01754134702452816	0.05737783493102048	0.05262667900038537	0.7361830599830639	0.0579571890003039	0.6121991637584798	0.00011418324627006004	0.017544020881736188	0.08490756789496401	-4.577458038219746e-06	0.000989084679757619
2.1271781421592916e-06	-2.308676205850758e-05	3.6013318210085485e-06	3.413692421069443e-05	-1.6937321163099625e-05	0.00021683847740753585	4.379457945635014e-07	-6.882176479353138e-07	-5.622727498507964e-06	-3.015230451670207e-07	0.04542720029636639	0.8889897891985422	-0.0003777323379268448	-0.00551514888855951	0.009539354108144845	-0.04501238545479175	-0.0474165347963469	0.10541569943241118	-0.04425433596411951	-0.43575986057255806	0.00028443277135731964	0.010624280531679764	-0.012896184497722459	1.6407433159789777e-06	-0.0007961388027326121
