tloc	tmcCabe	assertionDensity	assertionRoulette	mysteryGuest	eagerTest	sensitiveEquality	resourceOptimism	conditionalTestLogic	fireAndForget	loc	lcom2	lcom5	cbo	wmc	rfc	mpc	halsteadVocabulary	halsteadLength	halsteadVolume	classDataShouldBePrivate	complexClass	spaghettiCode	functionalDecomposition	godClass
6.524452008701435e-05	5.0688493041497594e-06	1.1681464198972698e-07	2.1863554379164046e-05	-4.7420483731511624e-07	6.772213618721617e-05	6.307888951955741e-07	-9.789232309728975e-08	-3.793671273299839e-07	-7.268221512014315e-08	0.1409431877932712	0.21624738828057244	0.0006456504719649572	0.00506866957631674	0.017601755243462747	0.05770048616949543	0.0529384724146522	0.7375020322810116	0.05758084703575165	0.6099467637120666	0.00011716066869692769	0.01767148148637922	0.08562469130049531	-4.4187672888227e-06	0.0007606631563881703
1.9173971694342662e-05	-2.267148133223659e-05	3.698948078203053e-06	3.710677060686053e-05	-7.892542664548338e-06	0.0002202248729067856	4.079935303451537e-07	-4.964817586264476e-07	-3.7207057754223163e-06	-2.6455835234814757e-07	0.041236201761844206	0.8849961212934105	-0.0004044373681000971	-0.0059182910821638885	0.008805993274692614	-0.048987573624575516	-0.051107844936433854	0.11049949144658006	-0.044525914436893986	-0.4421138823564337	0.00022206960147041417	0.009808098809924847	-0.014240158735590949	1.493451644092555e-06	-0.0006714111987882145
