tloc	tmcCabe	assertionDensity	assertionRoulette	mysteryGuest	eagerTest	sensitiveEquality	resourceOptimism	conditionalTestLogic	fireAndForget	loc	lcom2	lcom5	cbo	wmc	rfc	mpc	halsteadVocabulary	halsteadLength	halsteadVolume	classDataShouldBePrivate	complexClass	spaghettiCode	functionalDecomposition	godClass
6.895158356546187e-05	5.382261519966491e-06	2.0877070928848162e-07	2.1823924626248065e-05	-6.554039654989432e-07	6.793977028801076e-05	6.518429872034188e-07	-1.1400374918181488e-08	2.048172664918582e-08	-3.752205860307295e-08	0.14054349004014893	0.2151328492514284	0.0006429572927368004	0.0050576832351027536	0.017505270121735934	0.05743052183098037	0.052689018728034345	0.7362632619015823	0.057930040015331245	0.6120385857977787	0.00011503216057177818	0.01749106133700499	0.0849758843159958	-4.599738500128274e-06	0.0009934147527316903
2.114075186752413e-06	-2.2919458809193686e-05	3.577145063823511e-06	3.415115032423148e-05	-1.718862307906004e-05	0.00021756451386547394	4.521034616929605e-07	-7.167293514886007e-07	-5.571436446503799e-06	-3.136795604188469e-07	0.04536246760715231	0.8889629899844929	-0.00037676272216628006	-0.005525058170121273	0.009557301393127307	-0.04506503832742985	-0.04747260401650272	0.1053310689154425	-0.04425575668555903	-0.4358277137308589	0.00028400736817607775	0.010640649952217472	-0.012943895670248336	1.651376133452512e-06	-0.0007955479424323705
