tloc	tmcCabe	assertionDensity	assertionRoulette	mysteryGuest	eagerTest	sensitiveEquality	resourceOptimism	conditionalTestLogic	fireAndForget	loc	lcom2	lcom5	cbo	wmc	rfc	mpc	halsteadVocabulary	halsteadLength	halsteadVolume	classDataShouldBePrivate	complexClass	spaghettiCode	functionalDecomposition	godClass
6.824646796353095e-05	5.5092994443092755e-06	2.148437394640843e-07	2.2228917530926916e-05	-9.022601230130993e-07	6.87038742962805e-05	6.665690536348323e-07	-9.178830515040792e-09	4.63430123815369e-08	-7.811778735776542e-08	0.14052264581062487	0.21548638375790963	0.0006443960115056332	0.00504907473494075	0.017548158610433434	0.057437007658727224	0.052683437779309276	0.7365005280986461	0.0578716709773606	0.6116303688791737	0.00011451084344442475	0.01754957907936738	0.08501975926230594	-4.592775250108764e-06	0.0006059182264692062
2.047088165876521e-06	-2.2947982326944152e-05	3.6133614975771767e-06	3.4489506612743396e-05	-1.6935875660456173e-05	0.00021824605543048066	4.2519045521960184e-07	-7.053731579127378e-07	-5.301543832771974e-06	-2.3454021281424182e-07	0.04532441971866152	0.8886616944297812	-0.00038026079138263905	-0.005532855111296541	0.009527695387205425	-0.04525774630319593	-0.04764078457871241	0.10525920854384517	-0.044286026514859	-0.4364197319062688	0.0002844880991069553	0.010596867260905852	-0.013079236030740283	1.644457365781934e-06	-0.00047080669054842524
