tloc	tmcCabe	assertionDensity	assertionRoulette	mysteryGuest	eagerTest	sensitiveEquality	resourceOptimism	conditionalTestLogic	fireAndForget	loc	lcom2	lcom5	cbo	wmc	rfc	mpc	halsteadVocabulary	halsteadLength	halsteadVolume	classDataShouldBePrivate	complexClass	spaghettiCode	functionalDecomposition	godClass
6.7301240342492e-05	4.735093514791341e-06	3.6511868639102273e-07	2.208713598380026e-05	-1.4004344363623827e-06	6.876883977725527e-05	6.520201981841973e-07	-4.220598165511995e-08	-6.302784301299264e-07	-5.8895471505373467e-08	0.14033754146603383	0.21513994660335953	0.0006434150600422476	0.005041497555055064	0.017537261833878173	0.05737632412148718	0.052625228105992516	0.7362859396607554	0.05793183509832299	0.6120681350505336	0.00011395760745089798	0.017546808126102945	0.08494682353145552	-4.518444542791066e-06	0.000986867994635473
3.6944327058076913e-06	-2.2642557022284296e-05	3.520590536637502e-06	3.406108190735775e-05	-1.674413780139016e-05	0.00021726709325615377	4.497292340717054e-07	-6.950133589382587e-07	-5.2664609343729895e-06	-3.011903790854595e-07	0.045512467055638745	0.8889546774378201	-0.00037758531222564285	-0.005512716292601126	0.009539839069135518	-0.04500552566394228	-0.047405311464256965	0.10531761968919136	-0.044260028687884506	-0.4358471658161309	0.0002846837583468257	0.01063055982922374	-0.01290837596348149	1.6277744576231406e-06	-0.0007914724365083494
