tloc	tmcCabe	assertionDensity	assertionRoulette	mysteryGuest	eagerTest	sensitiveEquality	resourceOptimism	conditionalTestLogic	fireAndForget	loc	lcom2	lcom5	cbo	wmc	rfc	mpc	halsteadVocabulary	halsteadLength	halsteadVolume	classDataShouldBePrivate	complexClass	spaghettiCode	functionalDecomposition	godClass
6.941149391000712e-05	5.436239281778159e-06	2.0663299006827936e-07	2.2130625243310156e-05	-8.337055359797919e-07	6.883309152697894e-05	6.635645886472273e-07	-1.9244776590312156e-08	4.344330404031466e-08	-4.536008567608825e-08	0.14045233262039042	0.21499576560732453	0.0006425751342316113	0.005047442572647266	0.017543148468953648	0.05735484520299551	0.052602241046260254	0.7360374606237227	0.0579937796386151	0.6124041961771294	0.00011455027529464527	0.017535187917966183	0.08484061587123062	-4.61063724033102e-06	0.0009898554365737906
