tloc	tmcCabe	assertionDensity	assertionRoulette	mysteryGuest	eagerTest	sensitiveEquality	resourceOptimism	conditionalTestLogic	fireAndForget	loc	lcom2	lcom5	cbo	wmc	rfc	mpc	halsteadVocabulary	halsteadLength	halsteadVolume	classDataShouldBePrivate	complexClass	spaghettiCode	functionalDecomposition	godClass
6.925872618092847e-05	5.401727386746999e-06	1.9941758416531097e-07	2.212737471822516e-05	-8.712680506952479e-07	6.880504189389786e-05	6.674425791307349e-07	-2.0840552553507577e-08	2.8981068860954648e-09	-4.6153238007786886e-08	0.14043691250028867	0.2149822183804025	0.000642738260288154	0.005047092737524605	0.01754258578552254	0.05735404276106415	0.052601679075280565	0.7360341263934858	0.057995278689026424	0.6124171298153996	0.00011445019404917956	0.017535420772238786	0.08483599519357915	-4.6193254543009315e-06	0.0009895760627131915
