tloc	tmcCabe	assertionDensity	assertionRoulette	mysteryGuest	eagerTest	sensitiveEquality	resourceOptimism	conditionalTestLogic	fireAndForget	loc	lcom2	lcom5	cbo	wmc	rfc	mpc	halsteadVocabulary	halsteadLength	halsteadVolume	classDataShouldBePrivate	complexClass	spaghettiCode	functionalDecomposition	godClass
0.00012718757948333855	8.512765030155211e-07	1.3526951788645816e-06	4.0563687646046344e-05	3.3847285776998586e-06	0.00017672582486209028	2.2558729209330723e-06	3.5161599963912946e-07	8.5579085731028e-06	1.1527515282965812e-07	0.12858415454649283	0.557725473009928	0.0002496770244611837	0.000868091748002575	0.017337714972895872	0.017355474587503188	0.012668430214886726	0.7246167340200675	0.03690622122131562	0.3757191537983144	0.00027552084056946323	0.016871242020780736	0.061326994838997555	-6.130941232305438e-06	0.0017807116239699709
