tloc	tmcCabe	assertionDensity	assertionRoulette	mysteryGuest	eagerTest	sensitiveEquality	resourceOptimism	conditionalTestLogic	fireAndForget	loc	lcom2	lcom5	cbo	wmc	rfc	mpc	halsteadVocabulary	halsteadLength	halsteadVolume	classDataShouldBePrivate	complexClass	spaghettiCode	functionalDecomposition	godClass
6.878862731300331e-05	5.49188908807821e-06	1.988802974089093e-07	2.2043380617200398e-05	-1.0313496000393774e-06	6.862648644574729e-05	6.79650324233281e-07	-2.762846681241926e-08	5.598973528146348e-08	-4.885891868165409e-08	0.14040527650233411	0.21501998241029605	0.0006429771081813597	0.005044016548222643	0.017538540261409396	0.05736065341444091	0.052609845516808855	0.7361242811423623	0.0579726827763966	0.6122978662317383	0.00011429729374456113	0.0175401270388149	0.08487724213404926	-4.560148230270905e-06	0.00098874261197394
