tloc	tmcCabe	assertionDensity	assertionRoulette	mysteryGuest	eagerTest	sensitiveEquality	resourceOptimism	conditionalTestLogic	fireAndForget	loc	lcom2	lcom5	cbo	wmc	rfc	mpc	halsteadVocabulary	halsteadLength	halsteadVolume	classDataShouldBePrivate	complexClass	spaghettiCode	functionalDecomposition	godClass
6.675984486514512e-05	5.360821179850026e-06	1.4662549773019447e-07	2.1590651240692746e-05	-9.017156435506298e-07	6.855513369800186e-05	6.496457374110716e-07	4.4255755769784456e-08	-2.7732323104965113e-07	-4.5798314874716834e-08	0.140360130186151	0.21497402251480002	0.0006431458575843786	0.005044092694954905	0.01753461303390085	0.0573544790479959	0.05260533236630463	0.7360994502955936	0.057986520691217056	0.6123533820293404	0.00011410624029133645	0.017538888738808944	0.0848817618562695	-4.607830166413484e-06	0.0009881686199500173
