tloc	tmcCabe	assertionDensity	assertionRoulette	mysteryGuest	eagerTest	sensitiveEquality	resourceOptimism	conditionalTestLogic	fireAndForget	loc	lcom2	lcom5	cbo	wmc	rfc	mpc	halsteadVocabulary	halsteadLength	halsteadVolume	classDataShouldBePrivate	complexClass	spaghettiCode	functionalDecomposition	godClass
7.035384385353553e-05	5.408630027568188e-06	2.2576102754589344e-07	2.2716162789740134e-05	-9.351003779008253e-07	6.81911667174777e-05	6.587759835859218e-07	-2.4775368953455633e-08	5.0823322880611426e-08	-4.7080417360326214e-08	0.14044537323010478	0.21458695359710517	0.000643387526639576	0.0050490928066697326	0.01752630769911612	0.057412272479486416	0.05266618677409175	0.7361190039005989	0.05798315457352125	0.6124279486086578	0.00011445857076862202	0.017520657249946194	0.08494326070081365	-4.558423740811733e-06	0.0009903961774290334
