tloc	tmcCabe	assertionDensity	assertionRoulette	mysteryGuest	eagerTest	sensitiveEquality	resourceOptimism	conditionalTestLogic	fireAndForget	loc	lcom2	lcom5	cbo	wmc	rfc	mpc	halsteadVocabulary	halsteadLength	halsteadVolume	classDataShouldBePrivate	complexClass	spaghettiCode	functionalDecomposition	godClass
6.974083973109783e-05	5.60984194336702e-06	1.645052775695935e-07	2.219461009258686e-05	-1.2984450357535746e-06	6.824396220288087e-05	6.432795226074886e-07	-3.803647747369908e-08	1.1462078313200319e-08	-4.934931094986181e-08	0.14054662177299207	0.21526593587925183	0.0006431764925809634	0.005058209467772824	0.017552442620752635	0.057412819690627226	0.05265753437349577	0.7361590131350176	0.05793805243007313	0.6121228239054518	0.00011546294448707537	0.017553021120649378	0.08493361078539517	-4.671304870162461e-06	0.0009881743712126868
7.973029006097838e-07	-2.313029189813774e-05	3.6075321804406867e-06	3.402306709997735e-05	-1.6949728305114144e-05	0.00021743742626206204	4.3956317710116436e-07	-7.057293145827085e-07	-5.69269940991039e-06	-3.1064772177582234e-07	0.04521164698019937	0.8889885631939743	-0.00037771803178287123	-0.00553150017596534	0.00952124976050645	-0.045095400873993635	-0.047492748673848444	0.10524312868428681	-0.044235086422260116	-0.4358099910149924	0.00028353839248723933	0.010610310705065662	-0.012967073520263625	1.6817768515361089e-06	-0.0007937902050525346
