tloc	tmcCabe	assertionDensity	assertionRoulette	mysteryGuest	eagerTest	sensitiveEquality	resourceOptimism	conditionalTestLogic	fireAndForget	loc	lcom2	lcom5	cbo	wmc	rfc	mpc	halsteadVocabulary	halsteadLength	halsteadVolume	classDataShouldBePrivate	complexClass	spaghettiCode	functionalDecomposition	godClass
6.867773925183792e-05	5.350892023672784e-06	1.792804520963245e-07	2.1981766452678802e-05	-9.999463270764294e-07	6.876621407238686e-05	6.580413395403652e-07	-2.8178173675399645e-08	1.0843813016185257e-07	-4.983219153681522e-08	0.14046590707851905	0.21512685388651953	0.0006430127378080731	0.00504900788710827	0.017545365964594946	0.05737670311529684	0.052623151207237776	0.7361386003257172	0.0579657847493439	0.6122241834277854	0.0001143703966917212	0.017547084748499038	0.08489589941408306	-4.651895785908597e-06	0.000989405321093239
