tloc	tmcCabe	assertionDensity	assertionRoulette	mysteryGuest	eagerTest	sensitiveEquality	resourceOptimism	conditionalTestLogic	fireAndForget	loc	lcom2	lcom5	cbo	wmc	rfc	mpc	halsteadVocabulary	halsteadLength	halsteadVolume	classDataShouldBePrivate	complexClass	spaghettiCode	functionalDecomposition	godClass
6.915860879743314e-05	5.315114143386823e-06	1.947804655519644e-07	2.2078756819583776e-05	-9.459639873135342e-07	6.91619903417545e-05	7.332914302977598e-07	-2.445532415308661e-08	-6.894644623873165e-08	-4.795431565451016e-08	0.14070225542304254	0.21523855064977548	0.0006426991222981489	0.005047848983664938	0.01755534014580865	0.05737164299065193	0.05261380780790151	0.7360134603109809	0.057976129318223296	0.6122881436998256	0.00011439015298610877	0.01754377001872181	0.08484596504330723	-4.631969855705813e-06	0.0009892151933109177
2.39735228087329e-06	-2.262407329591755e-05	3.643382122290697e-06	3.4469922439146305e-05	-1.6659762864025992e-05	0.00021538637616441014	1.43165918089667e-07	-6.898062982258153e-07	-5.250514317410483e-06	-2.9926971073961356e-07	0.04393999242597592	0.8888170559573233	-0.0003812507075872845	-0.005532258317552127	0.009472072581008505	-0.04520406436343607	-0.047575456670379046	0.10593018044075186	-0.04427210153581754	-0.43610323887072205	0.0002851853926529639	0.010568251249448853	-0.012903978327182595	1.7447273609474501e-06	-0.0007923397920611609
-0.0006954817428760649	-5.7915115829292945e-05	1.5448556153400035e-06	-9.232523980664417e-06	-9.40048936434687e-05	1.618921824527598e-05	8.069789512828043e-07	-5.441539741952553e-06	-3.293924257531095e-05	-1.510428852145672e-06	-0.09064281638450992	-0.388202862721777	-0.0006672317273585009	-0.007928210780346464	-0.025440477550769218	-0.06082074006584945	-0.05302111375269423	0.6566830238792913	-0.07292917909821572	-0.6246887147542863	-0.0008213804244602221	-0.022042470238485736	0.08085152066810353	2.35829469130552e-05	-0.007087724891950109
