tloc	tmcCabe	assertionDensity	assertionRoulette	mysteryGuest	eagerTest	sensitiveEquality	resourceOptimism	conditionalTestLogic	fireAndForget	loc	lcom2	lcom5	cbo	wmc	rfc	mpc	halsteadVocabulary	halsteadLength	halsteadVolume	classDataShouldBePrivate	complexClass	spaghettiCode	functionalDecomposition	godClass
8.440994772043343e-05	1.2448319008195534e-05	-7.682206833820768e-07	1.0337184960102077e-05	3.094377613579418e-06	9.032362756031916e-06	-1.0268725151601893e-07	1.7260132387083582e-07	2.585719951675785e-06	3.672109785005038e-08	0.13827532057390843	0.02576341693817521	0.0007472949210277072	0.006595296824865401	0.016202876754518505	0.07025973462460956	0.0657296959149464	0.6792481272994115	0.06735163928229841	0.7050433357925593	5.575559807573492e-05	0.016025582016252753	0.0859878943220553	-5.268486072660197e-06	0.0012861797244806046
0.0003967345426695091	1.7637579660820287e-05	-2.033889003563422e-06	1.5138942463141112e-05	1.8990591859969154e-06	0.00018478813404684483	1.4383031760564056e-06	7.360358920685868e-07	1.4683949787224292e-05	1.6731762190973836e-07	0.13930109503241364	0.9881590129352453	-3.440379082482161e-05	0.0022670977854368384	0.024943284928542638	0.01928082915518054	0.010551100915989918	-0.030724877228665102	-0.00327796524715547	-0.036370809783198815	0.000599165306483142	0.025314972516387063	-0.010036940031744039	-8.675541973845693e-06	0.0026167288207610017
