tloc	tmcCabe	assertionDensity	assertionRoulette	mysteryGuest	eagerTest	sensitiveEquality	resourceOptimism	conditionalTestLogic	fireAndForget	loc	lcom2	lcom5	cbo	wmc	rfc	mpc	halsteadVocabulary	halsteadLength	halsteadVolume	classDataShouldBePrivate	complexClass	spaghettiCode	functionalDecomposition	godClass
6.930919013689025e-05	5.3908920288542766e-06	1.879775773149434e-07	2.1997955342764075e-05	-7.536434775897873e-07	6.87937799454477e-05	6.758565707275843e-07	-1.793048916504477e-08	-2.0244882245323306e-08	-4.768507615867032e-08	0.14045624391541198	0.21503707366047006	0.0006427745644774544	0.0050476587066322675	0.017544069163669407	0.057369480397538274	0.052617020330202	0.7360866957031451	0.05797840558376537	0.6123250385362086	0.00011438642017192823	0.017539848622286396	0.0848639250897524	-4.5639445812805105e-06	0.0009893717441082934
