tloc	tmcCabe	assertionDensity	assertionRoulette	mysteryGuest	eagerTest	sensitiveEquality	resourceOptimism	conditionalTestLogic	fireAndForget	loc	lcom2	lcom5	cbo	wmc	rfc	mpc	halsteadVocabulary	halsteadLength	halsteadVolume	classDataShouldBePrivate	complexClass	spaghettiCode	functionalDecomposition	godClass
6.106443628609591e-05	4.277150357194285e-06	6.340466988958832e-07	2.2206974799208608e-05	-2.219786500309758e-06	6.780140133938841e-05	5.832816335505471e-07	-2.4180405148119016e-09	-5.617718455867994e-07	-6.962717501639184e-08	0.14065686790581605	0.21613484801098876	0.0006460903845808912	0.005046723188146666	0.01755424711802094	0.057563446871495526	0.05280977476677915	0.737230469103214	0.05766693625894108	0.6104211761406251	0.00011286235841762688	0.017638374957351603	0.08546680155815028	-4.465903707626158e-06	0.000975390434593519
2.3991784655869375e-06	-2.2817298910176198e-05	3.6801675968713073e-06	3.375152977943961e-05	-1.7180534816278098e-05	0.00021806425721794878	4.487255776194287e-07	-6.485624802709451e-07	-5.4415941375888725e-06	-2.7289707034818806e-07	0.04470544761775993	0.8892820160306616	-0.0003867970465445448	-0.005546745207674771	0.009447431883484519	-0.04562685578119625	-0.04800188625365334	0.10309439924928038	-0.04407367626673041	-0.4356626521011554	0.00028348415750744017	0.010449920865512304	-0.013780478186135823	1.431421820092092e-06	-0.0007968831234577466
