tloc	tmcCabe	assertionDensity	assertionRoulette	mysteryGuest	eagerTest	sensitiveEquality	resourceOptimism	conditionalTestLogic	fireAndForget	loc	lcom2	lcom5	cbo	wmc	rfc	mpc	halsteadVocabulary	halsteadLength	halsteadVolume	classDataShouldBePrivate	complexClass	spaghettiCode	functionalDecomposition	godClass
6.861631547937756e-05	5.351902083704339e-06	1.956758724798012e-07	2.196277433352316e-05	-1.060709771008324e-06	6.89026652763326e-05	6.562780995951761e-07	-2.9311850256469936e-08	-2.1064819325799939e-07	-3.752597868452121e-08	0.14047303308302247	0.2151943466144431	0.0006431892301933701	0.005046270195086159	0.017550019437661823	0.05738505495959088	0.05263011524901811	0.7361172550577434	0.05796003808298483	0.6122204045861975	0.00011474314608292018	0.017550148007330717	0.08491791380422359	-4.52597763553787e-06	0.0009894167047692754
1.5430889533753389e-06	-2.301921698479684e-05	3.5819512793690096e-06	3.371874090953441e-05	-1.701045796397339e-05	0.00021571450658219345	4.344136156377109e-07	-7.303135151776347e-07	-5.307123442623123e-06	-3.0849381100360845e-07	0.045409142646931806	0.8888008879895501	-0.00037747425134428456	-0.0055188769062649605	0.009518810976703372	-0.04508027309451543	-0.047468043545110465	0.10563306854909649	-0.04428372111125554	-0.43607875919949907	0.0002838574068399266	0.010597205005094418	-0.012930553262763435	1.6487779681489667e-06	-0.0007939881850546258
