tloc	tmcCabe	assertionDensity	assertionRoulette	mysteryGuest	eagerTest	sensitiveEquality	resourceOptimism	conditionalTestLogic	fireAndForget	loc	lcom2	lcom5	cbo	wmc	rfc	mpc	halsteadVocabulary	halsteadLength	halsteadVolume	classDataShouldBePrivate	complexClass	spaghettiCode	functionalDecomposition	godClass
6.803379241345856e-05	5.69444063565037e-06	2.2239307450367576e-07	2.2237818516056126e-05	-1.0803791824173805e-06	6.827086280286033e-05	6.050024191793043e-07	-2.982965321188383e-08	-7.982948058946446e-07	-5.0513009371925924e-08	0.1406302020626329	0.21648320564303877	0.000643909916404162	0.0050807519399019745	0.017591041656781735	0.057744056654830886	0.05297563795486512	0.7348677733655905	0.05802488473842892	0.613153430845451	0.00011538522530105389	0.017591834029758193	0.08495025998693982	-4.164508738665806e-06	0.0009982263882935018
