tloc	tmcCabe	assertionDensity	assertionRoulette	mysteryGuest	eagerTest	sensitiveEquality	resourceOptimism	conditionalTestLogic	fireAndForget	loc	lcom2	lcom5	cbo	wmc	rfc	mpc	halsteadVocabulary	halsteadLength	halsteadVolume	classDataShouldBePrivate	complexClass	spaghettiCode	functionalDecomposition	godClass
6.322140099817139e-05	4.941083354744785e-06	1.3810582614095095e-07	2.2095829197254687e-05	-1.3161470491627357e-06	6.823127294481394e-05	6.556455653115105e-07	-2.3541787206360567e-08	-1.0004272401936604e-06	-5.601387989134902e-08	0.14073999318929858	0.2138991923459967	0.0006442075006213114	0.005075834263172533	0.017518370274395286	0.057756607904459766	0.05301599215694677	0.7377219090435693	0.05765525237606997	0.6105354740878308	0.00011518820948752865	0.017582671103229742	0.08566424073933646	-4.510569885023382e-06	0.0009762199255437812
-5.4284529172333305e-06	-2.3090894903956705e-05	3.7550018332671472e-06	3.706432956220939e-05	-1.625541441590117e-05	0.00022418208853557732	4.0571752507026803e-07	-6.26510141492423e-07	-3.3360521757465075e-06	-2.920171908335762e-07	0.044830745634781	0.8879897278103037	-0.0003793751371135303	-0.0056129437208350015	0.009243241107220286	-0.04696693367141618	-0.049246599029967475	0.10746406767687042	-0.04421178457433658	-0.4369317873832918	0.00028899334732583566	0.01023485852607917	-0.014077055876775636	1.5799702676548276e-06	-0.0007708488577230732
