tloc	tmcCabe	assertionDensity	assertionRoulette	mysteryGuest	eagerTest	sensitiveEquality	resourceOptimism	conditionalTestLogic	fireAndForget	loc	lcom2	lcom5	cbo	wmc	rfc	mpc	halsteadVocabulary	halsteadLength	halsteadVolume	classDataShouldBePrivate	complexClass	spaghettiCode	functionalDecomposition	godClass
6.645200258667975e-05	5.2453780176499385e-06	1.8524317698985002e-07	2.184374198419911e-05	-1.1989546837530154e-06	6.878521454279218e-05	6.420913656732145e-07	-3.595731955022974e-08	-2.547965670130918e-07	-5.6895832809632566e-08	0.14040685039599926	0.21517132759828017	0.0006433922255735094	0.005047681567158909	0.017540693204637556	0.05740533124319805	0.05265525076507095	0.736280079282295	0.05792685727144907	0.6120382404079564	0.00011302060348241893	0.017555776906131207	0.08498124848039028	-4.463322328061761e-06	0.0009877681140635925
