tloc	tmcCabe	assertionDensity	assertionRoulette	mysteryGuest	eagerTest	sensitiveEquality	resourceOptimism	conditionalTestLogic	fireAndForget	loc	lcom2	lcom5	cbo	wmc	rfc	mpc	halsteadVocabulary	halsteadLength	halsteadVolume	classDataShouldBePrivate	complexClass	spaghettiCode	functionalDecomposition	godClass
6.943297850815595e-05	5.446617893060075e-06	2.0418866056986883e-07	2.2148999552511292e-05	-8.265892654285207e-07	6.877669141828029e-05	6.690072700836172e-07	-1.8785726949057433e-08	3.700036349193587e-08	-4.4950630804624513e-08	0.14042685173537067	0.21486931267966008	0.000642774664811063	0.00504768969219822	0.017540020161430418	0.05735142415352019	0.0525997201941739	0.736027983489353	0.05800282935334997	0.6124673679903821	0.00011430385134346101	0.01753074760311066	0.08482858720910591	-4.616654482550047e-06	0.0009897986671951794
-9.302417525096672e-06	-2.4512543734546606e-05	3.827266671750699e-06	3.560721244310372e-05	-1.673840311005519e-05	0.0002090129434088434	3.8627617735241705e-07	-7.792564504935794e-07	-5.533654447019274e-06	-2.854144625141801e-07	0.04114569600023406	0.8844421677664602	-0.0003880925119169357	-0.00574307415290498	0.008738036155769131	-0.04700140847842871	-0.049148220009588364	0.1141607754217181	-0.04489093806571629	-0.4427502825832644	0.0002320412893060749	0.009772886395947464	-0.012765440027285302	1.9688671091153285e-06	-0.0008121454931627793
-0.0006814045390403028	-5.383801304451508e-05	9.96577396875756e-07	-1.3474285660802559e-05	-9.779033960086735e-05	3.646822743687206e-05	4.1077773837190557e-07	-5.392851741241687e-06	-3.3714652501821423e-05	-1.6215402109296947e-06	-0.08163561800033091	-0.39958380220037965	-0.0006594201558177664	-0.00727476473617959	-0.023807537059874477	-0.055440041017122924	-0.048138975197930645	0.6544176590372675	-0.07336043552093897	-0.6216326266417351	-0.0006839563366141317	-0.02005484936223437	0.0844356537602741	2.3683723864385066e-05	-0.00730910856902901
