tloc	tmcCabe	assertionDensity	assertionRoulette	mysteryGuest	eagerTest	sensitiveEquality	resourceOptimism	conditionalTestLogic	fireAndForget	loc	lcom2	lcom5	cbo	wmc	rfc	mpc	halsteadVocabulary	halsteadLength	halsteadVolume	classDataShouldBePrivate	complexClass	spaghettiCode	functionalDecomposition	godClass
6.809794261969621e-05	5.1858825877377126e-06	1.9453017609880257e-07	2.232004806285647e-05	-1.088921560044622e-06	6.891918999071969e-05	6.67702203269685e-07	-3.563594964790911e-08	-2.7213431494864135e-07	-4.4120887182168804e-08	0.14041217047550295	0.21510083727386464	0.0006429615655417527	0.005041323633865663	0.017542800985951266	0.05738119421619414	0.05262865030621823	0.7362232622085283	0.057948857515895125	0.6121401587686374	0.000114166573452872	0.01755322074884084	0.08492761955469857	-4.55157064110421e-06	0.000960583908400593
