tloc	tmcCabe	assertionDensity	assertionRoulette	mysteryGuest	eagerTest	sensitiveEquality	resourceOptimism	conditionalTestLogic	fireAndForget	loc	lcom2	lcom5	cbo	wmc	rfc	mpc	halsteadVocabulary	halsteadLength	halsteadVolume	classDataShouldBePrivate	complexClass	spaghettiCode	functionalDecomposition	godClass
7.224457732690791e-05	5.9526718241080315e-06	2.0457973272669236e-07	2.288476528315811e-05	-5.585087621701202e-07	6.926986885545831e-05	6.979542721135599e-07	-5.540963868965705e-09	4.0032872314762017e-07	-3.9854341217722454e-08	0.14015634357531054	0.21602248876382854	0.0006458630877342647	0.005071488809420806	0.017508551604142795	0.05687284516106364	0.05221569084548672	0.7356114042954448	0.058012244683792964	0.6127261258095993	0.0001153393638395661	0.01748665176941599	0.08465894564159607	-4.579209903651695e-06	0.0009951974707182345
