tloc	tmcCabe	assertionDensity	assertionRoulette	mysteryGuest	eagerTest	sensitiveEquality	resourceOptimism	conditionalTestLogic	fireAndForget	loc	lcom2	lcom5	cbo	wmc	rfc	mpc	halsteadVocabulary	halsteadLength	halsteadVolume	classDataShouldBePrivate	complexClass	spaghettiCode	functionalDecomposition	godClass
5.372033950006432e-05	3.924224725905221e-06	1.8547722660612072e-07	2.23405207076932e-05	-1.7413817384997657e-06	6.859635168133075e-05	6.375385566840523e-07	-4.850835181979373e-08	-1.5137728584493557e-06	-9.424180142542167e-08	0.14180595981165073	0.21228909976599192	0.0006600475483116957	0.00512751934186508	0.017660298460063412	0.058330608970311226	0.053567861088151376	0.7420754751396814	0.05708973436667495	0.6054305823254904	0.00011642416152916462	0.017693718057656595	0.08612930202125584	-4.611204245910651e-06	0.001017023753349786
