tloc	tmcCabe	assertionDensity	assertionRoulette	mysteryGuest	eagerTest	sensitiveEquality	resourceOptimism	conditionalTestLogic	fireAndForget	loc	lcom2	lcom5	cbo	wmc	rfc	mpc	halsteadVocabulary	halsteadLength	halsteadVolume	classDataShouldBePrivate	complexClass	spaghettiCode	functionalDecomposition	godClass
6.687388246748307e-05	5.1557538354967935e-06	1.9017856424857048e-07	2.180956678690629e-05	-1.1540425720362146e-06	6.842771369379665e-05	6.902444855961763e-07	-4.7166663032942934e-08	-3.7284430246300916e-07	-5.313830559822279e-08	0.14051247183757773	0.21342963371986012	0.0006441851979348131	0.005056469538974919	0.01751575228675987	0.057439709530327815	0.0527047403651764	0.7367426368206106	0.05791655202120984	0.6120536906123322	0.00011445127889854904	0.017512069113907708	0.0850453121344581	-4.386705132420135e-06	0.0009908714104941469
3.367354104795261e-06	-2.2798820150230828e-05	3.5702458786314376e-06	3.431086303029369e-05	-1.7231590266434907e-05	0.00021879472199952944	4.3889405370085504e-07	-7.56022853211449e-07	-6.170317403445881e-06	-3.0204366482888937e-07	0.046202796686708035	0.8876871237904866	-0.0003737369943963954	-0.005501500452818333	0.009556567783239042	-0.04494314932430911	-0.047321596449139885	0.10886282795400129	-0.044496249675545205	-0.4374883740707173	0.000286465309010804	0.010614282340939014	-0.012465488579322122	1.5895310023565712e-06	-0.0007906442627675456
