tloc	tmcCabe	assertionDensity	assertionRoulette	mysteryGuest	eagerTest	sensitiveEquality	resourceOptimism	conditionalTestLogic	fireAndForget	loc	lcom2	lcom5	cbo	wmc	rfc	mpc	halsteadVocabulary	halsteadLength	halsteadVolume	classDataShouldBePrivate	complexClass	spaghettiCode	functionalDecomposition	godClass
6.895158356543434e-05	5.382261519966453e-06	2.0877070928849218e-07	2.18239246262482e-05	-6.554039654989015e-07	6.793977028801152e-05	6.518429872034257e-07	-1.1400374918177896e-08	2.0481726649243918e-08	-3.7522058603072624e-08	0.14054349004014874	0.2151328492514312	0.0006429572927367992	0.005057683235102734	0.017505270121735972	0.0574305218309802	0.0526890187280341	0.7362632619015828	0.05793004001533119	0.6120385857977771	0.0001150321605717797	0.017491061337005002	0.08497588431599577	-4.599738500128286e-06	0.0009934147527316999
2.1140751867001212e-06	-2.2919458809145138e-05	3.5771450638235055e-06	3.415115032423137e-05	-1.7188623079059897e-05	0.00021756451386547316	4.5210346169298247e-07	-7.167293514885918e-07	-5.5714364465037e-06	-3.1367956041884443e-07	0.045362467607151895	0.888962989984492	-0.00037676272216628304	-0.0055250581701212975	0.00955730139312723	-0.04506503832743012	-0.047472604016503	0.10533106891544002	-0.04425575668555911	-0.43582771373086054	0.00028400736817607727	0.010640649952217375	-0.012943895670248713	1.651376133452484e-06	-0.0007955479424323615
