tloc	tmcCabe	assertionDensity	assertionRoulette	mysteryGuest	eagerTest	sensitiveEquality	resourceOptimism	conditionalTestLogic	fireAndForget	loc	lcom2	lcom5	cbo	wmc	rfc	mpc	halsteadVocabulary	halsteadLength	halsteadVolume	classDataShouldBePrivate	complexClass	spaghettiCode	functionalDecomposition	godClass
6.730124034240647e-05	4.735093514791312e-06	3.651186863910426e-07	2.2087135983800362e-05	-1.4004344363625925e-06	6.87688397772557e-05	6.520201981841902e-07	-4.220598165513313e-08	-6.302784301300223e-07	-5.8895471505376444e-08	0.1403375414660349	0.2151399466033626	0.0006434150600422496	0.0050414975550551	0.017537261833878274	0.057376324121487424	0.052625228105992586	0.736285939660756	0.057931835098322705	0.6120681350505318	0.00011395760745089835	0.017546808126103073	0.0849468235314557	-4.5184445427910574e-06	0.000986867994635461
3.6944327057274383e-06	-2.2642557022177536e-05	3.5205905366375094e-06	3.406108190735771e-05	-1.6744137801390715e-05	0.0002172670932561536	4.497292340717119e-07	-6.950133589382896e-07	-5.266460934373114e-06	-3.01190379085468e-07	0.04551246705563778	0.8889546774378164	-0.0003775853122256507	-0.00551271629260121	0.00953983906913528	-0.04500552566394314	-0.047405311464257784	0.10531761968919406	-0.04426002868788524	-0.4358471658161382	0.00028468375834682076	0.01063055982922351	-0.012908375963481619	1.6277744576233191e-06	-0.0007914724365084118
