tloc	tmcCabe	assertionDensity	assertionRoulette	mysteryGuest	eagerTest	sensitiveEquality	resourceOptimism	conditionalTestLogic	fireAndForget	loc	lcom2	lcom5	cbo	wmc	rfc	mpc	halsteadVocabulary	halsteadLength	halsteadVolume	classDataShouldBePrivate	complexClass	spaghettiCode	functionalDecomposition	godClass
6.941149390999456e-05	5.436239281778232e-06	2.06632990068271e-07	2.2130625243310146e-05	-8.337055359796491e-07	6.883309152697858e-05	6.635645886472344e-07	-1.9244776590303583e-08	4.34433040404098e-08	-4.5360085676086175e-08	0.14045233262038992	0.214995765607323	0.0006425751342316111	0.005047442572647263	0.01754314846895358	0.057354845202995365	0.052602241046260115	0.7360374606237218	0.05799377963861516	0.61240419617713	0.00011455027529464546	0.017535187917966138	0.08484061587123047	-4.610637240331037e-06	0.0009898554365738127
