tloc	tmcCabe	assertionDensity	assertionRoulette	mysteryGuest	eagerTest	sensitiveEquality	resourceOptimism	conditionalTestLogic	fireAndForget	loc	lcom2	lcom5	cbo	wmc	rfc	mpc	halsteadVocabulary	halsteadLength	halsteadVolume	classDataShouldBePrivate	complexClass	spaghettiCode	functionalDecomposition	godClass
6.925872618086083e-05	5.401727386747012e-06	1.9941758416530647e-07	2.2127374718225067e-05	-8.71268050695277e-07	6.880504189389743e-05	6.674425791307289e-07	-2.084055255350949e-08	2.8981068860551294e-09	-4.6153238007787495e-08	0.14043691250028847	0.21498221838040132	0.0006427382602881543	0.005047092737524617	0.01754258578552253	0.05735404276106418	0.05260167907528061	0.7360341263934856	0.057995278689026465	0.6124171298153996	0.00011445019404917877	0.01753542077223877	0.08483599519357922	-4.619325454300917e-06	0.0009895760627131923
