tloc	tmcCabe	assertionDensity	assertionRoulette	mysteryGuest	eagerTest	sensitiveEquality	resourceOptimism	conditionalTestLogic	fireAndForget	loc	lcom2	lcom5	cbo	wmc	rfc	mpc	halsteadVocabulary	halsteadLength	halsteadVolume	classDataShouldBePrivate	complexClass	spaghettiCode	functionalDecomposition	godClass
0.00012718757948322487	8.512765030156508e-07	1.3526951788645727e-06	4.0563687646046303e-05	3.3847285777000606e-06	0.00017672582486209033	2.2558729209330833e-06	3.5161599963914037e-07	8.55790857310292e-06	1.1527515282966182e-07	0.12858415454649294	0.5577254730099268	0.0002496770244611839	0.0008680917480025845	0.017337714972895896	0.01735547458750327	0.012668430214886775	0.7246167340200672	0.036906221221315864	0.3757191537983162	0.00027552084056946415	0.016871242020780747	0.061326994838997784	-6.130941232305486e-06	0.0017807116239699713
