tloc	tmcCabe	assertionDensity	assertionRoulette	mysteryGuest	eagerTest	sensitiveEquality	resourceOptimism	conditionalTestLogic	fireAndForget	loc	lcom2	lcom5	cbo	wmc	rfc	mpc	halsteadVocabulary	halsteadLength	halsteadVolume	classDataShouldBePrivate	complexClass	spaghettiCode	functionalDecomposition	godClass
6.878862731309887e-05	5.4918890880778755e-06	1.988802974089525e-07	2.2043380617200804e-05	-1.031349600039628e-06	6.862648644575015e-05	6.796503242332822e-07	-2.7628466812429412e-08	5.5989735281338055e-08	-4.885891868165852e-08	0.14040527650233445	0.2150199824103076	0.0006429771081813538	0.005044016548222562	0.017538540261409486	0.057360653414440334	0.052609845516808175	0.736124281142364	0.05797268277639611	0.6122978662317325	0.00011429729374456436	0.017540127038815027	0.08487724213404911	-4.560148230270878e-06	0.000988742611973923
