tloc	tmcCabe	assertionDensity	assertionRoulette	mysteryGuest	eagerTest	sensitiveEquality	resourceOptimism	conditionalTestLogic	fireAndForget	loc	lcom2	lcom5	cbo	wmc	rfc	mpc	halsteadVocabulary	halsteadLength	halsteadVolume	classDataShouldBePrivate	complexClass	spaghettiCode	functionalDecomposition	godClass
6.675984486507647e-05	5.3608211798501156e-06	1.4662549773017367e-07	2.159065124069259e-05	-9.017156435505961e-07	6.855513369800057e-05	6.496457374110644e-07	4.4255755769783715e-08	-2.7732323104965627e-07	-4.579831487471603e-08	0.1403601301861508	0.21497402251479508	0.0006431458575843798	0.005044092694954929	0.0175346130339008	0.05735447904799602	0.052605332366304915	0.7360994502955935	0.05798652069121719	0.6123533820293418	0.00011410624029133449	0.01753888873880888	0.08488176185626958	-4.607830166413471e-06	0.0009881686199500175
