tloc	tmcCabe	assertionDensity	assertionRoulette	mysteryGuest	eagerTest	sensitiveEquality	resourceOptimism	conditionalTestLogic	fireAndForget	loc	lcom2	lcom5	cbo	wmc	rfc	mpc	halsteadVocabulary	halsteadLength	halsteadVolume	classDataShouldBePrivate	complexClass	spaghettiCode	functionalDecomposition	godClass
6.925872618078724e-05	5.401727386746948e-06	1.994175841653153e-07	2.212737471822514e-05	-8.712680506952981e-07	6.880504189389795e-05	6.67442579130731e-07	-2.0840552553510528e-08	2.8981068860645323e-09	-4.6153238007788415e-08	0.14043691250028875	0.21498221838040305	0.0006427382602881545	0.005047092737524608	0.01754258578552254	0.0573540427610641	0.05260167907528036	0.7360341263934858	0.05799527868902632	0.6124171298153985	0.00011445019404917961	0.017535420772238783	0.08483599519357916	-4.6193254543009146e-06	0.0009895760627131878
1.7252819178160993e-06	-2.3052164978545072e-05	3.601639586001478e-06	3.406319715378497e-05	-1.700922939190037e-05	0.0002172142366216826	4.342534980490159e-07	-7.068866975696456e-07	-5.618454203853334e-06	-3.078560942250753e-07	0.04549240456956348	0.8889972500064368	-0.0003767385625868668	-0.00551210508239261	0.009552271377739958	-0.044957344462195487	-0.04736544512905359	0.10560043589799209	-0.04426370428294203	-0.4357050193847968	0.00028433509180504787	0.01063544969388221	-0.012823783086127456	1.6735598274545217e-06	-0.000792156570438878
-0.000689093696276967	-5.662658041425042e-05	1.7020882554865578e-06	-7.528810854385086e-06	-9.265243088500222e-05	1.3156504903234816e-05	2.780734201896796e-07	-5.368880525191483e-06	-3.183768957018322e-05	-1.4805680821806676e-06	-0.09529486436725937	-0.3870867084214569	-0.0006891566881782269	-0.008012735918785556	-0.025673134875442236	-0.06160658442385826	-0.05370594793700679	0.656989404201364	-0.07280645216842985	-0.6242825761289185	-0.0008162834906217969	-0.022234986657965763	0.08043191576385457	2.374214213384904e-05	-0.007060176896227423
0.00029260205582178436	6.832724868448586e-05	8.276385978349166e-06	1.6873715828833303e-07	-9.248898587004287e-05	-0.00022989401047827422	-3.3844366346463423e-06	-7.955135677499618e-06	-3.3960028921430545e-05	-8.616401804657999e-07	0.869176662195452	-0.09338768546338948	0.0034134908056312426	0.05307821224922695	0.08097096094267925	0.297048028128707	0.2757285897151369	-0.0567202682357919	-0.046176337298885345	-0.1705345924169584	-0.00031709085245610426	0.08400628497333983	0.14357092238679894	-8.580760304863343e-06	-0.007760760438741941
