tloc	tmcCabe	assertionDensity	assertionRoulette	mysteryGuest	eagerTest	sensitiveEquality	resourceOptimism	conditionalTestLogic	fireAndForget	loc	lcom2	lcom5	cbo	wmc	rfc	mpc	halsteadVocabulary	halsteadLength	halsteadVolume	classDataShouldBePrivate	complexClass	spaghettiCode	functionalDecomposition	godClass
0.0001271875794832978	8.512765030155733e-07	1.352695178864576e-06	4.056368764604633e-05	3.384728577699985e-06	0.0001767258248620905	2.2558729209330766e-06	3.5161599963913386e-07	8.557908573102882e-06	1.1527515282966053e-07	0.12858415454649288	0.5577254730099271	0.0002496770244611835	0.0008680917480025817	0.01733771497289588	0.01735547458750323	0.01266843021488678	0.7246167340200677	0.036906221221315726	0.37571915379831544	0.000275520840569464	0.016871242020780726	0.06132699483899762	-6.130941232305474e-06	0.0017807116239699728
-0.0002682321133545594	-4.4482280525864906e-05	4.469279198763563e-06	-2.891783640426596e-06	-5.823907165837428e-05	7.263020826434781e-05	-5.460007964067736e-06	-3.2035885791233795e-06	-4.844089765430324e-05	-1.3605734921672853e-06	0.05687477156368208	0.7363462821999488	0.00011258982442251694	-0.0014476112457281049	0.01184210591744645	0.0012623772910887998	-0.0016102062278567596	-0.25142695346116656	-0.07150870041923925	-0.6210988223707099	9.246840414965231e-06	0.01633785226178439	-0.00452156004738073	1.375579490221165e-05	-0.0057160687497779545
-0.000779013552574695	-6.924675868492193e-05	2.3119208390157944e-06	-1.7763432425775176e-05	-0.00010952022056967103	-1.4304739422516814e-05	-1.9734498416277195e-06	-6.401941036552499e-06	-4.649720334731965e-05	-1.8689728058523823e-06	-0.07325898466878936	-0.35237279858127535	-0.00048392857199559803	-0.007076273355696384	-0.02278784584079359	-0.04282957399173465	-0.03575477952502962	0.631553570049145	-0.08169603566773491	-0.672211763942367	-0.0008987197253459698	-0.018037604646694655	0.0947259596535218	2.6741890942794265e-05	-0.009030752277222852
0.0018338020010963214	5.043601132234216e-05	1.1127785098410752e-05	6.085053433094318e-05	9.571342226092667e-05	0.0001209698441612492	2.5335434425251852e-05	8.084791083260768e-07	0.00012318301627964076	4.551883951286317e-06	0.9621696066396357	-0.14699448246645827	0.0017216072386421171	0.016829833537868325	0.05703277042515115	0.14609095249461085	0.12432221381144433	-0.03471211164771935	-0.018903703157738427	-0.06835732863240575	0.0007765146214756149	0.04243008955256743	0.06437763401635115	-7.22640325196289e-05	0.010046514253803514
