tloc	tmcCabe	assertionDensity	assertionRoulette	mysteryGuest	eagerTest	sensitiveEquality	resourceOptimism	conditionalTestLogic	fireAndForget	loc	lcom2	lcom5	cbo	wmc	rfc	mpc	halsteadVocabulary	halsteadLength	halsteadVolume	classDataShouldBePrivate	complexClass	spaghettiCode	functionalDecomposition	godClass
7.224457732695745e-05	5.952671824108094e-06	2.0457973272668328e-07	2.2884765283157994e-05	-5.585087621701025e-07	6.926986885545758e-05	6.979542721135537e-07	-5.54096386896669e-09	4.0032872314759206e-07	-3.985434121772259e-08	0.1401563435753108	0.21602248876382638	0.0006458630877342677	0.005071488809420836	0.017508551604142816	0.05687284516106392	0.05221569084548712	0.7356114042954452	0.058012244683793075	0.6127261258096002	0.00011533936383956507	0.01748665176941602	0.08465894564159611	-4.579209903651688e-06	0.0009951974707182382
-1.079144424788545e-06	-2.3578766050887594e-05	3.6013609227244968e-06	3.332493107965285e-05	-1.731925233837436e-05	0.00021687552856528556	4.0473944936619884e-07	-7.22026034196446e-07	-6.002277857322101e-06	-3.139503655183386e-07	0.045693491941095225	0.888464132657614	-0.00038048679960552895	-0.005543044520410388	0.00957792411951797	-0.04457674526116509	-0.04707391774913895	0.10555918825107458	-0.044362291551657676	-0.43684153914652707	0.0002835751971779716	0.010675267828178167	-0.012725064787284173	1.647380719591981e-06	-0.0007997091660022028
-0.000673366503587537	-5.2362233430702784e-05	1.5055353055646386e-06	-1.6024625015545458e-06	-9.055930020105489e-05	1.5715046331485196e-05	5.154356420987586e-07	-5.265931893432396e-06	-2.8464673665022685e-05	-1.4254846688837283e-06	-0.10194507576540984	-0.38694353509749096	-0.0006712501842526617	-0.007957875374783189	-0.026558923200060505	-0.06768884153169931	-0.0586805488886736	0.6579430451150149	-0.0726063082797136	-0.6213865080372488	-0.0008160753775443687	-0.023307600745266194	0.07881469328093801	2.4123275457147112e-05	-0.007036347997886735
0.00035297960842796096	8.417709282993961e-05	8.062241567832144e-06	1.8624972319553373e-05	-8.798462626951294e-05	-0.00022615829170309726	-2.6260518502693376e-06	-7.827630918670779e-06	-2.3288606004603416e-05	-6.907938397142629e-07	0.8747633266906228	-0.09844934487224542	0.0035556087552123103	0.05471664841836913	0.08034445507173928	0.2855716264400779	0.2671266220291835	-0.05000372383317535	-0.04769649516528325	-0.17495290004750808	-0.00032444809630196106	0.08288953820570742	0.14286278838080682	-7.477451384843977e-06	-0.007917276848830842
