tloc	tmcCabe	assertionDensity	assertionRoulette	mysteryGuest	eagerTest	sensitiveEquality	resourceOptimism	conditionalTestLogic	fireAndForget	loc	lcom2	lcom5	cbo	wmc	rfc	mpc	halsteadVocabulary	halsteadLength	halsteadVolume	classDataShouldBePrivate	complexClass	spaghettiCode	functionalDecomposition	godClass
6.925872618092618e-05	5.4017273867463e-06	1.994175841653128e-07	2.212737471822509e-05	-8.712680506953109e-07	6.880504189389783e-05	6.674425791307242e-07	-2.0840552553511805e-08	2.898106886024211e-09	-4.615323800778855e-08	0.14043691250028856	0.21498221838040252	0.000642738260288154	0.005047092737524594	0.017542585785522525	0.057354042761064095	0.05260167907528047	0.7360341263934858	0.05799527868902625	0.6124171298153985	0.00011445019404917905	0.01753542077223877	0.08483599519357907	-4.6193254543009e-06	0.0009895760627131826
1.7252819178710478e-06	-2.3052164978692995e-05	3.601639586001464e-06	3.406319715378489e-05	-1.7009229391900592e-05	0.00021721423662168231	4.3425349804901584e-07	-7.068866975696566e-07	-5.618454203853422e-06	-3.0785609422507923e-07	0.04549240456956281	0.8889972500064356	-0.0003767385625868683	-0.005512105082392613	0.009552271377739804	-0.044957344462195535	-0.04736544512905357	0.10560043589799363	-0.04426370428294216	-0.4357050193847971	0.0002843350918050462	0.010635449693882188	-0.012823783086127187	1.673559827454578e-06	-0.0007921565704388936
-0.0006890936962769816	-5.662658041427567e-05	1.7020882556064686e-06	-7.528810854384979e-06	-9.265243088500185e-05	1.3156504903233711e-05	2.7807342018968055e-07	-5.368880525191465e-06	-3.1837689570182924e-05	-1.4805680821806686e-06	-0.09529486436726049	-0.3870867084214586	-0.0006891566881782322	-0.008012735918785574	-0.02567313487544237	-0.061606584423858635	-0.05370594793700718	0.6569894042013641	-0.07280645216842976	-0.6242825761289178	-0.0008162834906217945	-0.022234986657965954	0.08043191576385482	2.374214213384908e-05	-0.007060176896227521
0.0002926020558217549	6.832724868447968e-05	8.276385978322317e-06	1.6873715825394818e-07	-9.248898587004451e-05	-0.00022989401047827509	-3.384436634646448e-06	-7.955135677499701e-06	-3.3960028921431866e-05	-8.616401804658222e-07	0.8691766621954508	-0.09338768546338928	0.0034134908056312435	0.053078212249226854	0.08097096094267915	0.2970480281287071	0.27572858971513764	-0.05672026823579108	-0.0461763372988856	-0.17053459241695917	-0.00031709085245610973	0.08400628497333976	0.14357092238680005	-8.580760304863009e-06	-0.007760760438742057
