tloc	tmcCabe	assertionDensity	assertionRoulette	mysteryGuest	eagerTest	sensitiveEquality	resourceOptimism	conditionalTestLogic	fireAndForget	loc	lcom2	lcom5	cbo	wmc	rfc	mpc	halsteadVocabulary	halsteadLength	halsteadVolume	classDataShouldBePrivate	complexClass	spaghettiCode	functionalDecomposition	godClass
0.00012718757948332153	8.512765030155132e-07	1.3526951788645785e-06	4.0563687646046276e-05	3.3847285776999522e-06	0.00017672582486209042	2.25587292093307e-06	3.5161599963913275e-07	8.557908573102853e-06	1.1527515282966053e-07	0.12858415454649286	0.5577254730099284	0.0002496770244611831	0.0008680917480025797	0.01733771497289587	0.01735547458750322	0.012668430214886752	0.7246167340200673	0.036906221221315726	0.375719153798315	0.00027552084056946296	0.016871242020780754	0.061326994838997645	-6.130941232305459e-06	0.0017807116239699705
-0.00026823211335464786	-4.448228052577401e-05	4.469279198763846e-06	-2.8917836404266144e-06	-5.823907165837442e-05	7.263020826434754e-05	-5.46000796406774e-06	-3.2035885791233884e-06	-4.844089765430336e-05	-1.3605734921672896e-06	0.05687477156368169	0.7363462821999485	0.0001125898244225163	-0.0014476112457281135	0.011842105917446472	0.001262377291088725	-0.001610206227856834	-0.2514269534611667	-0.07150870041923954	-0.621098822370712	9.246840414964426e-06	0.016337852261784393	-0.004521560047380849	1.3755794902211707e-05	-0.005716068749777987
-0.0007790135525744644	-6.924675868491705e-05	2.3119208390344087e-06	-1.776343242577551e-05	-0.00010952022056967119	-1.4304739422517517e-05	-1.9734498416277025e-06	-6.401941036552497e-06	-4.649720334731971e-05	-1.868972805852386e-06	-0.07325898466878933	-0.3523727985812765	-0.00048392857199559917	-0.0070762733556963865	-0.022787845840793696	-0.04282957399173465	-0.03575477952502962	0.631553570049146	-0.08169603566773491	-0.6722117639423665	-0.0008987197253459707	-0.01803760464669473	0.09472595965352171	2.6741890942794276e-05	-0.009030752277222928
0.0018338020010963206	5.043601132231008e-05	1.1127785098387308e-05	6.085053433093106e-05	9.571342226092319e-05	0.00012096984416123649	2.5335434425250795e-05	8.08479108325573e-07	0.00012318301627963778	4.5518839512865e-06	0.9621696066396326	-0.14699448246645805	0.0017216072386420957	0.01682983353786867	0.05703277042515264	0.14609095249462123	0.12432221381145364	-0.034712111647719264	-0.01890370315773874	-0.06835732863240601	0.0007765146214755423	0.042430089552569085	0.06437763401635477	-7.226403251962887e-05	0.010046514253804527
