tloc	tmcCabe	assertionDensity	assertionRoulette	mysteryGuest	eagerTest	sensitiveEquality	resourceOptimism	conditionalTestLogic	fireAndForget	loc	lcom2	lcom5	cbo	wmc	rfc	mpc	halsteadVocabulary	halsteadLength	halsteadVolume	classDataShouldBePrivate	complexClass	spaghettiCode	functionalDecomposition	godClass
6.925872618082072e-05	5.401727386746955e-06	1.9941758416531364e-07	2.2127374718225125e-05	-8.712680506953069e-07	6.880504189389798e-05	6.67442579130729e-07	-2.084055255350994e-08	2.8981068860294305e-09	-4.61532380077875e-08	0.14043691250028875	0.2149822183804032	0.0006427382602881546	0.005047092737524615	0.017542585785522553	0.05735404276106421	0.05260167907528048	0.7360341263934856	0.05799527868902636	0.612417129815399	0.00011445019404917966	0.017535420772238814	0.08483599519357912	-4.619325454300914e-06	0.0009895760627131923
1.7252819178533639e-06	-2.3052164978554993e-05	3.6016395860014867e-06	3.406319715378492e-05	-1.7009229391901944e-05	0.00021721423662168307	4.34253498049021e-07	-7.06886697569735e-07	-5.618454203853948e-06	-3.078560942251011e-07	0.04549240456956151	0.8889972500064313	-0.00037673856258687856	-0.0055121050823927435	0.009552271377739497	-0.044957344462196416	-0.047365445129054384	0.1056004358980024	-0.044263704282943225	-0.4357050193848065	0.0002843350918050344	0.010635449693881882	-0.01282378308612581	1.6735598274549181e-06	-0.0007921565704389946
-0.0006890936962770867	-5.662658041430574e-05	1.702088255522511e-06	-7.528810854385656e-06	-9.265243088500178e-05	1.3156504903231408e-05	2.7807342018969024e-07	-5.368880525191459e-06	-3.183768957018313e-05	-1.480568082180664e-06	-0.09529486436726141	-0.3870867084214702	-0.0006891566881782284	-0.008012735918785579	-0.0256731348754425	-0.06160658442385803	-0.05370594793700647	0.6569894042013624	-0.07280645216842903	-0.6242825761289105	-0.0008162834906218005	-0.02223498665796609	0.08043191576385449	2.3742142133849053e-05	-0.0070601768962274885
0.0002926020558217854	6.8327248684467e-05	8.276385978319695e-06	1.6873715820006196e-07	-9.24889858700406e-05	-0.00022989401047826606	-3.3844366346458383e-06	-7.955135677499449e-06	-3.396002892142792e-05	-8.616401804657542e-07	0.8691766621954539	-0.09338768546339006	0.0034134908056312092	0.053078212249226646	0.08097096094267886	0.2970480281287029	0.27572858971513314	-0.056720268235790544	-0.04617633729888512	-0.17053459241695917	-0.00031709085245608675	0.08400628497333909	0.14357092238679686	-8.580760304864147e-06	-0.0077607604387417446
