tloc	tmcCabe	assertionDensity	assertionRoulette	mysteryGuest	eagerTest	sensitiveEquality	resourceOptimism	conditionalTestLogic	fireAndForget	loc	lcom2	lcom5	cbo	wmc	rfc	mpc	halsteadVocabulary	halsteadLength	halsteadVolume	classDataShouldBePrivate	complexClass	spaghettiCode	functionalDecomposition	godClass
0.00012718757948330603	8.512765030155417e-07	1.3526951788645789e-06	4.056368764604637e-05	3.384728577699956e-06	0.0001767258248620905	2.2558729209330736e-06	3.5161599963913396e-07	8.557908573102872e-06	1.1527515282966055e-07	0.1285841545464929	0.5577254730099277	0.0002496770244611835	0.0008680917480025803	0.017337714972895907	0.01735547458750326	0.012668430214886763	0.7246167340200671	0.036906221221315774	0.37571915379831505	0.0002755208405694636	0.016871242020780775	0.061326994838997735	-6.130941232305463e-06	0.0017807116239699715
-0.00026823211335466976	-4.4482280525942054e-05	4.469279198763183e-06	-2.8917836404265717e-06	-5.8239071658374326e-05	7.263020826434766e-05	-5.460007964067737e-06	-3.2035885791233825e-06	-4.844089765430325e-05	-1.3605734921672868e-06	0.05687477156368197	0.7363462821999485	0.00011258982442251713	-0.001447611245728107	0.011842105917446484	0.001262377291088751	-0.0016102062278568181	-0.25142695346116706	-0.07150870041923935	-0.6210988223707106	9.246840414964924e-06	0.016337852261784393	-0.004521560047380862	1.3755794902211667e-05	-0.00571606874977797
-0.0007790135525744605	-6.924675868485612e-05	2.311920839109248e-06	-1.7763432425775447e-05	-0.00010952022056967107	-1.4304739422517348e-05	-1.973449841627723e-06	-6.4019410365524915e-06	-4.649720334731973e-05	-1.868972805852386e-06	-0.07325898466878972	-0.3523727985812755	-0.0004839285719955991	-0.00707627335569638	-0.022787845840793637	-0.04282957399173467	-0.035754779525029624	0.6315535700491456	-0.08169603566773494	-0.672211763942367	-0.0008987197253459666	-0.018037604646694672	0.09472595965352168	2.674189094279431e-05	-0.009030752277222888
0.001833802001096382	5.043601132228232e-05	1.1127785098367716e-05	6.085053433086978e-05	9.571342226092577e-05	0.00012096984416124636	2.533543442525161e-05	8.08479108325952e-07	0.00012318301627964011	4.551883951286353e-06	0.9621696066396354	-0.1469944824664585	0.0017216072386421108	0.016829833537868384	0.0570327704251516	0.14609095249461332	0.1243222138114465	-0.034712111647719125	-0.018903703157738507	-0.0683573286324061	0.0007765146214755966	0.04243008955256775	0.06437763401635224	-7.226403251962889e-05	0.010046514253803736
