tloc	tmcCabe	assertionDensity	assertionRoulette	mysteryGuest	eagerTest	sensitiveEquality	resourceOptimism	conditionalTestLogic	fireAndForget	loc	lcom2	lcom5	cbo	wmc	rfc	mpc	halsteadVocabulary	halsteadLength	halsteadVolume	classDataShouldBePrivate	complexClass	spaghettiCode	functionalDecomposition	godClass
6.925872618096083e-05	5.401727386746956e-06	1.9941758416531692e-07	2.212737471822513e-05	-8.712680506953324e-07	6.880504189389805e-05	6.674425791307282e-07	-2.0840552553511544e-08	2.898106886067528e-09	-4.615323800778852e-08	0.14043691250028897	0.2149822183804037	0.0006427382602881543	0.005047092737524603	0.017542585785522546	0.05735404276106412	0.052601679075280385	0.736034126393487	0.05799527868902628	0.6124171298153974	0.00011445019404917952	0.017535420772238797	0.0848359951935793	-4.619325454300918e-06	0.0009895760627131847
1.7252819178503651e-06	-2.305216497863774e-05	3.601639586001469e-06	3.4063197153784945e-05	-1.7009229391900924e-05	0.0002172142366216829	4.342534980490172e-07	-7.06886697569678e-07	-5.618454203853542e-06	-3.0785609422508447e-07	0.04549240456956245	0.888997250006435	-0.00037673856258687194	-0.005512105082392675	0.009552271377739776	-0.04495734446219595	-0.04736544512905398	0.10560043589799373	-0.0442637042829426	-0.4357050193847998	0.00028433509180504326	0.010635449693882098	-0.012823783086126922	1.6735598274546725e-06	-0.000792156570438922
-0.0006890936962771092	-5.662658041411751e-05	1.7020882555857947e-06	-7.528810854385023e-06	-9.26524308850017e-05	1.3156504903234188e-05	2.7807342018969405e-07	-5.368880525191447e-06	-3.1837689570182924e-05	-1.4805680821806578e-06	-0.09529486436726128	-0.38708670842146026	-0.0006891566881782338	-0.008012735918785615	-0.02567313487544246	-0.06160658442385882	-0.05370594793700726	0.6569894042013629	-0.07280645216842963	-0.6242825761289171	-0.0008162834906217983	-0.022234986657965996	0.0804319157638539	2.3742142133848965e-05	-0.00706017689622749
0.0002926020558218069	6.832724868445948e-05	8.276385978318141e-06	1.6873715832869283e-07	-9.248898587003588e-05	-0.00022989401047825798	-3.3844366346452234e-06	-7.955135677499162e-06	-3.396002892142333e-05	-8.616401804656629e-07	0.8691766621954573	-0.09338768546339066	0.0034134908056311915	0.05307821224922679	0.08097096094267867	0.2970480281286987	0.2757285897151299	-0.0567202682357904	-0.04617633729888441	-0.1705345924169594	-0.000317090852456059	0.08400628497333865	0.1435709223867932	-8.580760304865586e-06	-0.00776076043874142
