tloc	tmcCabe	assertionDensity	assertionRoulette	mysteryGuest	eagerTest	sensitiveEquality	resourceOptimism	conditionalTestLogic	fireAndForget	loc	lcom2	lcom5	cbo	wmc	rfc	mpc	halsteadVocabulary	halsteadLength	halsteadVolume	classDataShouldBePrivate	complexClass	spaghettiCode	functionalDecomposition	godClass
6.925872618084543e-05	5.4017273867469114e-06	1.9941758416531623e-07	2.2127374718225148e-05	-8.712680506953064e-07	6.880504189389813e-05	6.674425791307288e-07	-2.0840552553511703e-08	2.89810688603362e-09	-4.615323800778802e-08	0.14043691250028872	0.2149822183804037	0.0006427382602881536	0.005047092737524609	0.017542585785522563	0.05735404276106419	0.05260167907528046	0.7360341263934854	0.05799527868902637	0.6124171298153996	0.00011445019404917995	0.01753542077223883	0.08483599519357944	-4.619325454300908e-06	0.0009895760627131836
1.7252819178446233e-06	-2.305216497863541e-05	3.6016395860014677e-06	3.406319715378483e-05	-1.7009229391901046e-05	0.00021721423662168275	4.342534980490116e-07	-7.06886697569682e-07	-5.618454203853609e-06	-3.078560942250868e-07	0.045492404569562425	0.8889972500064351	-0.00037673856258686994	-0.005512105082392679	0.009552271377739731	-0.044957344462195896	-0.047365445129053996	0.1056004358979954	-0.044263704282942504	-0.4357050193847998	0.0002843350918050418	0.010635449693882063	-0.012823783086126977	1.673559827454693e-06	-0.0007921565704389303
-0.0006890936962769925	-5.662658041424598e-05	1.7020882556386851e-06	-7.528810854385542e-06	-9.26524308850024e-05	1.3156504903233239e-05	2.78073420189655e-07	-5.368880525191485e-06	-3.183768957018346e-05	-1.480568082180674e-06	-0.0952948643672607	-0.38708670842146076	-0.000689156688178227	-0.008012735918785596	-0.025673134875442382	-0.06160658442385805	-0.05370594793700659	0.6569894042013644	-0.07280645216842953	-0.6242825761289152	-0.000816283490621796	-0.022234986657965878	0.08043191576385464	2.3742142133849152e-05	-0.007060176896227547
0.0002926020558218092	6.83272486844876e-05	8.276385978333527e-06	1.6873715818514123e-07	-9.248898587003791e-05	-0.0002298940104782611	-3.3844366346454013e-06	-7.955135677499274e-06	-3.396002892142492e-05	-8.616401804656935e-07	0.8691766621954569	-0.09338768546339013	0.0034134908056312127	0.05307821224922673	0.08097096094267878	0.2970480281287004	0.2757285897151308	-0.05672026823579059	-0.046176337298884935	-0.17053459241695887	-0.0003170908524560669	0.0840062849733389	0.1435709223867946	-8.580760304865121e-06	-0.007760760438741529
