tloc	tmcCabe	assertionDensity	assertionRoulette	mysteryGuest	eagerTest	sensitiveEquality	resourceOptimism	conditionalTestLogic	fireAndForget	loc	lcom2	lcom5	cbo	wmc	rfc	mpc	halsteadVocabulary	halsteadLength	halsteadVolume	classDataShouldBePrivate	complexClass	spaghettiCode	functionalDecomposition	godClass
7.035384385348796e-05	5.408630027568165e-06	2.2576102754589876e-07	2.2716162789740144e-05	-9.351003779008785e-07	6.819116671747762e-05	6.587759835859225e-07	-2.477536895345896e-08	5.08233228805835e-08	-4.708041736032672e-08	0.14044537323010506	0.21458695359710575	0.0006433875266395755	0.005049092806669737	0.01752630769911614	0.057412272479486506	0.05266618677409179	0.736119003900599	0.0579831545735212	0.612427948608657	0.00011445857076862191	0.017520657249946222	0.08494326070081362	-4.558423740811727e-06	0.0009903961774290345
