tloc	tmcCabe	assertionDensity	assertionRoulette	mysteryGuest	eagerTest	sensitiveEquality	resourceOptimism	conditionalTestLogic	fireAndForget	loc	lcom2	lcom5	cbo	wmc	rfc	mpc	halsteadVocabulary	halsteadLength	halsteadVolume	classDataShouldBePrivate	complexClass	spaghettiCode	functionalDecomposition	godClass
6.974083973118643e-05	5.609841943367112e-06	1.645052775695759e-07	2.2194610092586708e-05	-1.298445035753499e-06	6.824396220287994e-05	6.432795226074845e-07	-3.803647747369503e-08	1.1462078313215423e-08	-4.934931094986063e-08	0.14054662177299154	0.21526593587924792	0.000643176492580965	0.005058209467772836	0.017552442620752572	0.057412819690627385	0.052657534373495934	0.7361590131350171	0.05793805243007324	0.6121228239054536	0.000115462944487074	0.017553021120649305	0.08493361078539523	-4.671304870162466e-06	0.0009881743712126887
7.973029005363698e-07	-2.3130291898048803e-05	3.6075321804406605e-06	3.402306709997756e-05	-1.6949728305113002e-05	0.000217437426262062	4.395631771011696e-07	-7.0572931458264e-07	-5.692699409909936e-06	-3.1064772177580503e-07	0.04521164698020096	0.8889885631939796	-0.00037771803178286126	-0.005531500175965244	0.009521249760506785	-0.04509540087399286	-0.04749274867384768	0.10524312868428229	-0.04423508642225904	-0.43580999101498225	0.00028353839248724996	0.01061031070506596	-0.01296707352026439	1.6817768515357919e-06	-0.0007937902050524244
