tloc	tmcCabe	assertionDensity	assertionRoulette	mysteryGuest	eagerTest	sensitiveEquality	resourceOptimism	conditionalTestLogic	fireAndForget	loc	lcom2	lcom5	cbo	wmc	rfc	mpc	halsteadVocabulary	halsteadLength	halsteadVolume	classDataShouldBePrivate	complexClass	spaghettiCode	functionalDecomposition	godClass
6.867773925174049e-05	5.350892023672656e-06	1.792804520963366e-07	2.1981766452678958e-05	-9.999463270764875e-07	6.876621407238781e-05	6.580413395403699e-07	-2.8178173675401048e-08	1.0843813016183131e-07	-4.9832191536816875e-08	0.140465907078519	0.21512685388652295	0.0006430127378080711	0.005049007887108235	0.017545365964594967	0.057376703115296475	0.05262315120723742	0.7361386003257172	0.05796578474934378	0.6122241834277838	0.00011437039669172235	0.017547084748499076	0.08489589941408293	-4.651895785908578e-06	0.000989405321093232
