tloc	tmcCabe	assertionDensity	assertionRoulette	mysteryGuest	eagerTest	sensitiveEquality	resourceOptimism	conditionalTestLogic	fireAndForget	loc	lcom2	lcom5	cbo	wmc	rfc	mpc	halsteadVocabulary	halsteadLength	halsteadVolume	classDataShouldBePrivate	complexClass	spaghettiCode	functionalDecomposition	godClass
8.440994772058483e-05	1.2448319008195465e-05	-7.68220683382079e-07	1.0337184960102026e-05	3.094377613579278e-06	9.032362756032032e-06	-1.0268725151602717e-07	1.7260132387082891e-07	2.5857199516756703e-06	3.672109785004729e-08	0.13827532057390865	0.025763416938177127	0.00074729492102771	0.006595296824865404	0.016202876754518567	0.07025973462460973	0.0657296959149465	0.6792481272994112	0.06735163928229841	0.7050433357925594	5.575559807573496e-05	0.016025582016252853	0.08598789432205536	-5.26848607266016e-06	0.0012861797244805972
0.0003967345426695046	1.7637579660950483e-05	-2.0338890035634283e-06	1.5138942463141036e-05	1.8990591859969955e-06	0.00018478813404684447	1.438303176056405e-06	7.360358920685933e-07	1.4683949787224314e-05	1.6731762190973783e-07	0.13930109503241364	0.9881590129352461	-3.44037908248243e-05	0.0022670977854368315	0.024943284928542607	0.01928082915518037	0.010551100915989708	-0.030724877228666705	-0.0032779652471555576	-0.03637080978319994	0.0005991653064831437	0.025314972516387018	-0.010036940031744315	-8.675541973845688e-06	0.002616728820761023
