tloc	tmcCabe	assertionDensity	assertionRoulette	mysteryGuest	eagerTest	sensitiveEquality	resourceOptimism	conditionalTestLogic	fireAndForget	loc	lcom2	lcom5	cbo	wmc	rfc	mpc	halsteadVocabulary	halsteadLength	halsteadVolume	classDataShouldBePrivate	complexClass	spaghettiCode	functionalDecomposition	godClass
6.930919013683427e-05	5.390892028854225e-06	1.8797757731494577e-07	2.1997955342764142e-05	-7.536434775897577e-07	6.87937799454483e-05	6.758565707275912e-07	-1.793048916504103e-08	-2.024488224529495e-08	-4.768507615866956e-08	0.14045624391541167	0.21503707366047156	0.000642774564477452	0.005047658706632232	0.017544069163669376	0.05736948039753803	0.05261702033020186	0.7360866957031449	0.05797840558376529	0.6123250385362083	0.0001143864201719289	0.01753984862228636	0.08486392508975232	-4.563944581280521e-06	0.0009893717441082953
