tloc	tmcCabe	assertionDensity	assertionRoulette	mysteryGuest	eagerTest	sensitiveEquality	resourceOptimism	conditionalTestLogic	fireAndForget	loc	lcom2	lcom5	cbo	wmc	rfc	mpc	halsteadVocabulary	halsteadLength	halsteadVolume	classDataShouldBePrivate	complexClass	spaghettiCode	functionalDecomposition	godClass
6.106443628606982e-05	4.277150357194389e-06	6.340466988958702e-07	2.2206974799208513e-05	-2.2197865003096414e-06	6.780140133938772e-05	5.832816335505544e-07	-2.4180405148054227e-09	-5.617718455867318e-07	-6.962717501638958e-08	0.14065686790581583	0.21613484801098548	0.000646090384580892	0.005046723188146683	0.017554247118020883	0.05756344687149567	0.052809774766779324	0.7372304691032131	0.057666936258941266	0.6104211761406275	0.00011286235841762603	0.01763837495735153	0.08546680155815033	-4.465903707626178e-06	0.0009753904345935392
2.399178465638402e-06	-2.2817298910161995e-05	3.680167596871307e-06	3.375152977943973e-05	-1.7180534816278196e-05	0.0002180642572179492	4.487255776194357e-07	-6.485624802709485e-07	-5.441594137588861e-06	-2.728970703481896e-07	0.0447054476177603	0.8892820160306614	-0.00038679704654454435	-0.005546745207674777	0.009447431883484495	-0.04562685578119629	-0.04800188625365334	0.10309439924928603	-0.04407367626673023	-0.43566265210115557	0.00028348415750743914	0.010449920865512302	-0.013780478186135389	1.4314218200920923e-06	-0.0007968831234577621
