tloc	tmcCabe	assertionDensity	assertionRoulette	mysteryGuest	eagerTest	sensitiveEquality	resourceOptimism	conditionalTestLogic	fireAndForget	loc	lcom2	lcom5	cbo	wmc	rfc	mpc	halsteadVocabulary	halsteadLength	halsteadVolume	classDataShouldBePrivate	complexClass	spaghettiCode	functionalDecomposition	godClass
6.861631547931941e-05	5.351902083704357e-06	1.95675872479808e-07	2.1962774333523202e-05	-1.0607097710083488e-06	6.890266527633288e-05	6.562780995951841e-07	-2.9311850256471862e-08	-2.1064819325797736e-07	-3.752597868452116e-08	0.14047303308302272	0.21519434661444392	0.0006431892301933699	0.00504627019508617	0.017550019437661855	0.057385054959590925	0.05263011524901811	0.7361172550577433	0.05796003808298486	0.6122204045861975	0.00011474314608291993	0.017550148007330728	0.08491791380422349	-4.525977635537884e-06	0.0009894167047692773
1.5430889533696436e-06	-2.301921698474642e-05	3.581951279368996e-06	3.37187409095346e-05	-1.7010457963972264e-05	0.00021571450658219353	4.3441361563771525e-07	-7.303135151775711e-07	-5.307123442622701e-06	-3.084938110035888e-07	0.04540914264693306	0.8888008879895555	-0.000377474251344277	-0.005518876906264863	0.00951881097670371	-0.045080273094514636	-0.04746804354510983	0.10563306854908773	-0.04428372111125471	-0.43607875919949207	0.0002838574068399367	0.010597205005094678	-0.012930553262764379	1.6487779681486574e-06	-0.0007939881850545389
