tloc	tmcCabe	assertionDensity	assertionRoulette	mysteryGuest	eagerTest	sensitiveEquality	resourceOptimism	conditionalTestLogic	fireAndForget	loc	lcom2	lcom5	cbo	wmc	rfc	mpc	halsteadVocabulary	halsteadLength	halsteadVolume	classDataShouldBePrivate	complexClass	spaghettiCode	functionalDecomposition	godClass
6.803379241346136e-05	5.694440635650256e-06	2.223930745036975e-07	2.2237818516056302e-05	-1.080379182417533e-06	6.827086280286122e-05	6.050024191793012e-07	-2.982965321189241e-08	-7.982948058947212e-07	-5.051300937192892e-08	0.14063020206263335	0.21648320564304382	0.0006439099164041618	0.005080751939901967	0.017591041656781815	0.05774405665483083	0.052975637954865054	0.7348677733655913	0.058024884738428734	0.6131534308454488	0.00011538522530105524	0.017591834029758297	0.08495025998693997	-4.164508738665801e-06	0.0009982263882934905
