tloc	tmcCabe	assertionDensity	assertionRoulette	mysteryGuest	eagerTest	sensitiveEquality	resourceOptimism	conditionalTestLogic	fireAndForget	loc	lcom2	lcom5	cbo	wmc	rfc	mpc	halsteadVocabulary	halsteadLength	halsteadVolume	classDataShouldBePrivate	complexClass	spaghettiCode	functionalDecomposition	godClass
6.322140099801871e-05	4.941083354744703e-06	1.3810582614096498e-07	2.2095829197254782e-05	-1.3161470491628498e-06	6.82312729448146e-05	6.556455653115103e-07	-2.3541787206366632e-08	-1.0004272401936899e-06	-5.601387989135088e-08	0.14073999318929883	0.2138991923459991	0.0006442075006213113	0.005075834263172525	0.01751837027439535	0.057756607904459675	0.05301599215694672	0.7377219090435694	0.05765525237606985	0.6105354740878296	0.00011518820948752926	0.017582671103229797	0.08566424073933655	-4.510569885023365e-06	0.000976219925543786
-5.428452917281569e-06	-2.3090894903986284e-05	3.7550018332671472e-06	3.706432956220944e-05	-1.6255414415901253e-05	0.00022418208853557738	4.057175250702769e-07	-6.265101414924258e-07	-3.336052175746478e-06	-2.9201719083357636e-07	0.044830745634780456	0.8879897278103023	-0.000379375137113535	-0.005612943720835037	0.009243241107220192	-0.046966933671416584	-0.049246599029967884	0.10746406767686974	-0.04421178457433687	-0.43693178738329475	0.0002889933473258355	0.010234858526078985	-0.014077055876775768	1.579970267654845e-06	-0.0007708488577230716
