tloc	tmcCabe	assertionDensity	assertionRoulette	mysteryGuest	eagerTest	sensitiveEquality	resourceOptimism	conditionalTestLogic	fireAndForget	loc	lcom2	lcom5	cbo	wmc	rfc	mpc	halsteadVocabulary	halsteadLength	halsteadVolume	classDataShouldBePrivate	complexClass	spaghettiCode	functionalDecomposition	godClass
6.645200258666933e-05	5.245378017649928e-06	1.8524317698986657e-07	2.184374198419925e-05	-1.1989546837530452e-06	6.878521454279282e-05	6.420913656732248e-07	-3.5957319550231644e-08	-2.547965670130651e-07	-5.6895832809633215e-08	0.14040685039599962	0.21517132759828267	0.0006433922255735096	0.005047681567158909	0.017540693204637615	0.05740533124319796	0.0526552507650709	0.7362800792822948	0.05792685727144889	0.6120382404079554	0.00011302060348242012	0.01755577690613127	0.08498124848039021	-4.463322328061777e-06	0.0009877681140635845
