tloc	tmcCabe	assertionDensity	assertionRoulette	mysteryGuest	eagerTest	sensitiveEquality	resourceOptimism	conditionalTestLogic	fireAndForget	loc	lcom2	lcom5	cbo	wmc	rfc	mpc	halsteadVocabulary	halsteadLength	halsteadVolume	classDataShouldBePrivate	complexClass	spaghettiCode	functionalDecomposition	godClass
6.305241705906387e-05	4.499233901722285e-06	3.3795183242675416e-07	2.286182385446752e-05	-2.450405997989883e-06	7.15723894043775e-05	4.841055129791396e-07	-2.747911902254324e-07	-1.445386375013983e-06	-4.892214229590573e-08	0.139667510852311	0.22154185335870116	0.00067996378912489	0.005229486193046963	0.01813282120029242	0.060277205872714346	0.0553730442025966	0.7338290372639477	0.05755108591086499	0.612247878127849	7.423487351410204e-05	0.018211707181027877	0.08578586773656248	-4.419431605464326e-06	0.0007243716525669048
-8.22342448285364e-06	-2.3946223836455956e-05	3.920349373954706e-06	3.4873559123493886e-05	-1.7621270323598e-05	0.00023179263286274976	1.068931829839738e-06	-5.193699764699787e-07	-4.368364175968489e-06	-3.16233478072762e-07	0.030673204445826486	0.8754363872687023	-0.0004729945826627805	-0.006679542792708167	0.007831407908300057	-0.05619944792800866	-0.057914698113152856	0.12462370546021197	-0.04550584100296869	-0.4561683960579766	0.00040913224087868704	0.008692707821376785	-0.01684952154744281	1.6874451466912397e-06	-0.0006908292513291846
