tloc	tmcCabe	assertionDensity	assertionRoulette	mysteryGuest	eagerTest	sensitiveEquality	resourceOptimism	conditionalTestLogic	fireAndForget	loc	lcom2	lcom5	cbo	wmc	rfc	mpc	halsteadVocabulary	halsteadLength	halsteadVolume	classDataShouldBePrivate	complexClass	spaghettiCode	functionalDecomposition	godClass
6.943297850808623e-05	5.446617893059928e-06	2.0418866056988677e-07	2.2148999552511428e-05	-8.265892654285962e-07	6.87766914182813e-05	6.690072700836228e-07	-1.8785726949059812e-08	3.700036349189604e-08	-4.4950630804625744e-08	0.14042685173537062	0.2148693126796641	0.0006427746648110611	0.005047689692198186	0.01754002016143044	0.05735142415351986	0.052599720194173624	0.7360279834893539	0.05800282935334982	0.6124673679903799	0.00011430385134346207	0.01753074760311069	0.08482858720910587	-4.616654482550037e-06	0.0009897986671951794
-9.302417525033217e-06	-2.4512543734521155e-05	3.827266671750744e-06	3.5607212443103595e-05	-1.6738403110055052e-05	0.0002090129434088427	3.862761773524087e-07	-7.792564504935723e-07	-5.533654447019209e-06	-2.8541446251417706e-07	0.041145696000233545	0.8844421677664592	-0.0003880925119169369	-0.005743074152904975	0.008738036155769131	-0.047001408478428625	-0.049148220009588385	0.11416077542171435	-0.04489093806571636	-0.4427502825832668	0.00023204128930607448	0.009772886395947429	-0.01276544002728564	1.9688671091153074e-06	-0.0008121454931627791
-0.0006814045390403992	-5.383801304454591e-05	9.965773968655242e-07	-1.3474285660802044e-05	-9.779033960086728e-05	3.6468227436872636e-05	4.1077773837192637e-07	-5.3928517412416736e-06	-3.371465250182121e-05	-1.621540210929693e-06	-0.08163561800033	-0.39958380220037915	-0.0006594201558177638	-0.00727476473617952	-0.023807537059874404	-0.055440041017122785	-0.04813897519793052	0.6544176590372669	-0.07336043552093897	-0.6216326266417356	-0.0006839563366141315	-0.020054849362234294	0.08443565376027404	2.368372386438501e-05	-0.007309108569029059
