tloc	tmcCabe	assertionDensity	assertionRoulette	mysteryGuest	eagerTest	sensitiveEquality	resourceOptimism	conditionalTestLogic	fireAndForget	loc	lcom2	lcom5	cbo	wmc	rfc	mpc	halsteadVocabulary	halsteadLength	halsteadVolume	classDataShouldBePrivate	complexClass	spaghettiCode	functionalDecomposition	godClass
6.809794261994131e-05	5.185882587737664e-06	1.9453017609881472e-07	2.2320048062856683e-05	-1.0889215600446057e-06	6.891918999072084e-05	6.677022032696964e-07	-3.563594964790623e-08	-2.721343149485896e-07	-4.412088718216805e-08	0.14041217047550286	0.2151008372738678	0.0006429615655417503	0.005041323633865645	0.0175428009859513	0.05738119421619399	0.05262865030621801	0.7362232622085295	0.05794885751589497	0.612140158768636	0.00011416657345287311	0.017553220748840852	0.08492761955469846	-4.5515706411042235e-06	0.0009605839084006008
