tloc	tmcCabe	assertionDensity	assertionRoulette	mysteryGuest	eagerTest	sensitiveEquality	resourceOptimism	conditionalTestLogic	fireAndForget	loc	lcom2	lcom5	cbo	wmc	rfc	mpc	halsteadVocabulary	halsteadLength	halsteadVolume	classDataShouldBePrivate	complexClass	spaghettiCode	functionalDecomposition	godClass
5.372033950008011e-05	3.924224725905164e-06	1.8547722660613094e-07	2.2340520707693387e-05	-1.7413817384996952e-06	6.859635168133162e-05	6.375385566840588e-07	-4.850835181978801e-08	-1.5137728584493214e-06	-9.424180142542173e-08	0.14180595981165073	0.21228909976599517	0.0006600475483116942	0.005127519341865044	0.017660298460063423	0.05833060897031101	0.05356786108815115	0.7420754751396821	0.05708973436667477	0.6054305823254893	0.00011642416152916646	0.01769371805765663	0.0861293020212557	-4.611204245910662e-06	0.0010170237533497937
