tloc	tmcCabe	assertionDensity	assertionRoulette	mysteryGuest	eagerTest	sensitiveEquality	resourceOptimism	conditionalTestLogic	fireAndForget	loc	lcom2	lcom5	cbo	wmc	rfc	mpc	halsteadVocabulary	halsteadLength	halsteadVolume	classDataShouldBePrivate	complexClass	spaghettiCode	functionalDecomposition	godClass
7.224457732673932e-05	5.952671824108125e-06	2.04579732726683e-07	2.2884765283158014e-05	-5.585087621701175e-07	6.926986885545757e-05	6.979542721135577e-07	-5.54096386896711e-09	4.003287231475954e-07	-3.985434121772193e-08	0.14015634357531068	0.21602248876382563	0.0006458630877342681	0.005071488809420848	0.017508551604142827	0.05687284516106402	0.052215690845487064	0.7356114042954448	0.05801224468379316	0.612726125809601	0.00011533936383956484	0.01748665176941602	0.0846589456415962	-4.5792099036517e-06	0.0009951974707182365
