tloc	tmcCabe	assertionDensity	assertionRoulette	mysteryGuest	eagerTest	sensitiveEquality	resourceOptimism	conditionalTestLogic	fireAndForget	loc	lcom2	lcom5	cbo	wmc	rfc	mpc	halsteadVocabulary	halsteadLength	halsteadVolume	classDataShouldBePrivate	complexClass	spaghettiCode	functionalDecomposition	godClass
6.687388246742973e-05	5.1557538354968324e-06	1.9017856424857127e-07	2.1809566786906228e-05	-1.1540425720362144e-06	6.84277136937962e-05	6.902444855961783e-07	-4.716666303294444e-08	-3.7284430246299624e-07	-5.3138305598222734e-08	0.14051247183757792	0.21342963371985904	0.0006441851979348131	0.005056469538974939	0.01751575228675986	0.05743970953032798	0.05270474036517659	0.7367426368206101	0.05791655202120981	0.6120536906123328	0.00011445127889854889	0.017512069113907704	0.0850453121344583	-4.3867051324201345e-06	0.0009908714104941553
3.367354104768953e-06	-2.2798820150077546e-05	3.5702458786313977e-06	3.43108630302939e-05	-1.723159026643339e-05	0.00021879472199952903	4.388940537008379e-07	-7.560228532113683e-07	-6.1703174034454976e-06	-3.020436648288647e-07	0.046202796686709985	0.8876871237904934	-0.00037373699439637926	-0.005501500452818151	0.00955656778323953	-0.044943149324307756	-0.047321596449138775	0.10886282795399098	-0.04449624967554382	-0.4374883740707057	0.00028646530901081744	0.010614282340939475	-0.012465488579323133	1.5895310023561771e-06	-0.0007906442627674462
