tloc	tmcCabe	assertionDensity	assertionRoulette	mysteryGuest	eagerTest	sensitiveEquality	resourceOptimism	conditionalTestLogic	fireAndForget	loc	lcom2	lcom5	cbo	wmc	rfc	mpc	halsteadVocabulary	halsteadLength	halsteadVolume	classDataShouldBePrivate	complexClass	spaghettiCode	functionalDecomposition	godClass
6.52445200870783e-05	5.06884930414982e-06	1.168146419897144e-07	2.186355437916392e-05	-4.74204837315061e-07	6.772213618721564e-05	6.307888951955816e-07	-9.789232309728535e-08	-3.7936712732993473e-07	-7.26822151201413e-08	0.14094318779327072	0.2162473882805696	0.0006456504719649565	0.005068669576316735	0.017601755243462663	0.0577004861694953	0.052938472414652195	0.7375020322810105	0.05758084703575176	0.6099467637120682	0.00011716066869692708	0.01767148148637912	0.08562469130049521	-4.418767288822716e-06	0.0007606631563881781
1.9173971694316858e-05	-2.2671481332215164e-05	3.698948078203036e-06	3.710677060686057e-05	-7.892542664547365e-06	0.00022022487290678623	4.0799353034514505e-07	-4.964817586263825e-07	-3.7207057754220554e-06	-2.645583523481231e-07	0.04123620176184584	0.8849961212934168	-0.00040443736810008373	-0.005918291082163769	0.008805993274693046	-0.04898757362457441	-0.05110784493643288	0.11049949144657274	-0.04452591443689277	-0.44211388235642224	0.0002220696014704228	0.009808098809925241	-0.014240158735591613	1.4934516440922174e-06	-0.0006714111987881082
