tloc	tmcCabe	assertionDensity	assertionRoulette	mysteryGuest	eagerTest	sensitiveEquality	resourceOptimism	conditionalTestLogic	fireAndForget	loc	lcom2	lcom5	cbo	wmc	rfc	mpc	halsteadVocabulary	halsteadLength	halsteadVolume	classDataShouldBePrivate	complexClass	spaghettiCode	functionalDecomposition	godClass
6.895158356554307e-05	5.3822615199665205e-06	2.0877070928846836e-07	2.182392462624806e-05	-6.554039654987835e-07	6.793977028801065e-05	6.518429872034209e-07	-1.1400374918170683e-08	2.0481726649280767e-08	-3.7522058603070943e-08	0.14054349004014818	0.21513284925142723	0.0006429572927367997	0.005057683235102725	0.01750527012173586	0.057430521830980234	0.05268901872803415	0.7362632619015819	0.057930040015331453	0.6120385857977796	0.00011503216057177835	0.01749106133700491	0.08497588431599577	-4.599738500128282e-06	0.0009934147527316996
2.1140751866365345e-06	-2.291945880913945e-05	3.577145063823513e-06	3.415115032423161e-05	-1.7188623079059754e-05	0.0002175645138654741	4.5210346169298877e-07	-7.167293514885825e-07	-5.571436446503613e-06	-3.1367956041884184e-07	0.0453624676071528	0.8889629899844942	-0.0003767627221662786	-0.005525058170121249	0.009557301393127413	-0.045065038327429745	-0.04747260401650264	0.10533106891544185	-0.044255756685558714	-0.4358277137308563	0.00028400736817608057	0.01064064995221753	-0.012943895670248477	1.6513761334524246e-06	-0.0007955479424323505
