tloc	tmcCabe	assertionDensity	assertionRoulette	mysteryGuest	eagerTest	sensitiveEquality	resourceOptimism	conditionalTestLogic	fireAndForget	loc	lcom2	lcom5	cbo	wmc	rfc	mpc	halsteadVocabulary	halsteadLength	halsteadVolume	classDataShouldBePrivate	complexClass	spaghettiCode	functionalDecomposition	godClass
6.82464679633796e-05	5.509299444309309e-06	2.1484373946407712e-07	2.222891753092684e-05	-9.022601230131017e-07	6.870387429628021e-05	6.66569053634828e-07	-9.178830515041374e-09	4.634301238152137e-08	-7.811778735776565e-08	0.1405226458106246	0.21548638375790774	0.000644396011505635	0.005049074734940762	0.017548158610433424	0.05743700765872729	0.05268343777930947	0.7365005280986463	0.05787167097736063	0.6116303688791739	0.00011451084344442399	0.017549579079367352	0.08501975926230604	-4.592775250108756e-06	0.0006059182264692036
2.0470881658806432e-06	-2.2947982326798852e-05	3.613361497577186e-06	3.448950661274328e-05	-1.6935875660457027e-05	0.0002182460554304812	4.2519045521960215e-07	-7.053731579127846e-07	-5.301543832772314e-06	-2.3454021281425162e-07	0.04532441971866031	0.8886616944297777	-0.0003802607913826476	-0.005532855111296656	0.009527695387205272	-0.04525774630319662	-0.047640784578713014	0.10525920854385334	-0.04428602651485969	-0.4364197319062745	0.0002844880991069485	0.010596867260905711	-0.013079236030739636	1.6444573657821597e-06	-0.0004708066905484627
