tloc	tmcCabe	assertionDensity	assertionRoulette	mysteryGuest	eagerTest	sensitiveEquality	resourceOptimism	conditionalTestLogic	fireAndForget	loc	lcom2	lcom5	cbo	wmc	rfc	mpc	halsteadVocabulary	halsteadLength	halsteadVolume	classDataShouldBePrivate	complexClass	spaghettiCode	functionalDecomposition	godClass
6.941149390997237e-05	5.436239281778148e-06	2.06632990068277e-07	2.2130625243310203e-05	-8.337055359797804e-07	6.883309152697878e-05	6.635645886472287e-07	-1.924477659031197e-08	4.344330404033427e-08	-4.536008567608773e-08	0.14045233262039036	0.21499576560732395	0.0006425751342316119	0.005047442572647268	0.017543148468953638	0.05735484520299549	0.05260224104626023	0.7360374606237224	0.0579937796386151	0.6124041961771295	0.00011455027529464478	0.017535187917966183	0.08484061587123062	-4.610637240331023e-06	0.0009898554365738092
