tloc	tmcCabe	assertionDensity	assertionRoulette	mysteryGuest	eagerTest	sensitiveEquality	resourceOptimism	conditionalTestLogic	fireAndForget	loc	lcom2	lcom5	cbo	wmc	rfc	mpc	halsteadVocabulary	halsteadLength	halsteadVolume	classDataShouldBePrivate	complexClass	spaghettiCode	functionalDecomposition	godClass
6.925872618099208e-05	5.401727386747049e-06	1.994175841652972e-07	2.2127374718224996e-05	-8.712680506952644e-07	6.880504189389706e-05	6.67442579130719e-07	-2.0840552553509846e-08	2.8981068860448794e-09	-4.615323800778766e-08	0.14043691250028853	0.21498221838040008	0.0006427382602881558	0.005047092737524635	0.017542585785522532	0.0573540427610644	0.05260167907528077	0.7360341263934851	0.057995278689026486	0.6124171298154011	0.00011445019404917841	0.017535420772238786	0.08483599519357936	-4.6193254543009146e-06	0.0009895760627131847
