tloc	tmcCabe	assertionDensity	assertionRoulette	mysteryGuest	eagerTest	sensitiveEquality	resourceOptimism	conditionalTestLogic	fireAndForget	loc	lcom2	lcom5	cbo	wmc	rfc	mpc	halsteadVocabulary	halsteadLength	halsteadVolume	classDataShouldBePrivate	complexClass	spaghettiCode	functionalDecomposition	godClass
0.000127187579483244	8.512765030156019e-07	1.3526951788645749e-06	4.056368764604635e-05	3.384728577699988e-06	0.00017672582486209074	2.255872920933081e-06	3.516159996391369e-07	8.557908573102895e-06	1.1527515282966106e-07	0.12858415454649283	0.5577254730099268	0.0002496770244611836	0.0008680917480025784	0.017337714972895876	0.01735547458750322	0.012668430214886756	0.7246167340200681	0.03690622122131583	0.3757191537983158	0.00027552084056946296	0.016871242020780726	0.06132699483899782	-6.130941232305479e-06	0.0017807116239699642
