tloc	tmcCabe	assertionDensity	assertionRoulette	mysteryGuest	eagerTest	sensitiveEquality	resourceOptimism	conditionalTestLogic	fireAndForget	loc	lcom2	lcom5	cbo	wmc	rfc	mpc	halsteadVocabulary	halsteadLength	halsteadVolume	classDataShouldBePrivate	complexClass	spaghettiCode	functionalDecomposition	godClass
6.878862731299184e-05	5.491889088078196e-06	1.9888029740891737e-07	2.2043380617200435e-05	-1.0313496000394435e-06	6.862648644574747e-05	6.796503242332788e-07	-2.7628466812424078e-08	5.5989735281412336e-08	-4.8858918681654835e-08	0.14040527650233484	0.21501998241029766	0.0006429771081813603	0.005044016548222659	0.017538540261409434	0.057360653414441014	0.05260984551680889	0.736124281142362	0.05797268277639669	0.612297866231738	0.00011429729374456123	0.017540127038814947	0.08487724213404936	-4.5601482302709095e-06	0.000988742611973934
