tloc	tmcCabe	assertionDensity	assertionRoulette	mysteryGuest	eagerTest	sensitiveEquality	resourceOptimism	conditionalTestLogic	fireAndForget	loc	lcom2	lcom5	cbo	wmc	rfc	mpc	halsteadVocabulary	halsteadLength	halsteadVolume	classDataShouldBePrivate	complexClass	spaghettiCode	functionalDecomposition	godClass
6.675984486523547e-05	5.360821179850061e-06	1.4662549773019064e-07	2.1590651240692722e-05	-9.017156435506423e-07	6.855513369800149e-05	6.496457374110659e-07	4.425575576978216e-08	-2.7732323104966055e-07	-4.579831487471694e-08	0.14036013018615104	0.21497402251479913	0.0006431458575843786	0.005044092694954916	0.017534613033900845	0.05735447904799585	0.052605332366304755	0.7360994502955936	0.05798652069121699	0.6123533820293405	0.00011410624029133572	0.017538888738808933	0.0848817618562696	-4.607830166413468e-06	0.000988168619950026
