tloc	tmcCabe	assertionDensity	assertionRoulette	mysteryGuest	eagerTest	sensitiveEquality	resourceOptimism	conditionalTestLogic	fireAndForget	loc	lcom2	lcom5	cbo	wmc	rfc	mpc	halsteadVocabulary	halsteadLength	halsteadVolume	classDataShouldBePrivate	complexClass	spaghettiCode	functionalDecomposition	godClass
7.224457732668384e-05	5.952671824108099e-06	2.045797327266832e-07	2.2884765283157946e-05	-5.585087621701325e-07	6.92698688554576e-05	6.979542721135507e-07	-5.540963868966537e-09	4.0032872314759307e-07	-3.9854341217722176e-08	0.14015634357531048	0.21602248876382665	0.0006458630877342654	0.005071488809420833	0.017508551604142785	0.056872845161063786	0.052215690845487	0.7356114042954446	0.05801224468379299	0.6127261258095998	0.00011533936383956491	0.017486651769415995	0.08465894564159603	-4.57920990365169e-06	0.0009951974707182322
-1.0791444248515033e-06	-2.3578766050903555e-05	3.6013609227245103e-06	3.3324931079652886e-05	-1.731925233837444e-05	0.00021687552856528548	4.047394493661941e-07	-7.220260341964523e-07	-6.002277857322151e-06	-3.1395036551834057e-07	0.045693491941094906	0.8884641326576144	-0.0003804867996055291	-0.005543044520410392	0.009577924119517914	-0.044576745261164896	-0.04707391774913919	0.10555918825107372	-0.04436229155165769	-0.4368415391465265	0.00028357519717797105	0.010675267828178186	-0.012725064787284393	1.6473807195920006e-06	-0.000799709166002213
-0.0006733665035876698	-5.23622334307218e-05	1.5055353053943905e-06	-1.6024625015530076e-06	-9.055930020105553e-05	1.5715046331485697e-05	5.154356420987616e-07	-5.265931893432427e-06	-2.8464673665022994e-05	-1.4254846688837377e-06	-0.10194507576540847	-0.3869435350974902	-0.0006712501842526577	-0.007957875374783138	-0.02655892320006032	-0.06768884153169887	-0.0586805488886733	0.6579430451150156	-0.07260630827971379	-0.6213865080372494	-0.000816075377544368	-0.023307600745266024	0.07881469328093822	2.4123275457147163e-05	-0.0070363479978867716
0.0003529796084278822	8.417709282995166e-05	8.06224156782113e-06	1.8624972319404285e-05	-8.798462626951756e-05	-0.00022615829170311185	-2.626051850270298e-06	-7.827630918671075e-06	-2.3288606004608532e-05	-6.907938397143614e-07	0.8747633266906193	-0.09844934487224387	0.0035556087552123528	0.05471664841836946	0.08034445507173958	0.28557162644008294	0.26712662202918924	-0.05000372383317629	-0.047696495165283875	-0.17495290004750763	-0.000324448096301992	0.08288953820570824	0.1428627883808104	-7.477451384842193e-06	-0.007917276848831424
