tloc	tmcCabe	assertionDensity	assertionRoulette	mysteryGuest	eagerTest	sensitiveEquality	resourceOptimism	conditionalTestLogic	fireAndForget	loc	lcom2	lcom5	cbo	wmc	rfc	mpc	halsteadVocabulary	halsteadLength	halsteadVolume	classDataShouldBePrivate	complexClass	spaghettiCode	functionalDecomposition	godClass
6.925872618097908e-05	5.4017273867469335e-06	1.9941758416530985e-07	2.2127374718225077e-05	-8.71268050695309e-07	6.880504189389768e-05	6.674425791307276e-07	-2.084055255351047e-08	2.898106886061291e-09	-4.6153238007787786e-08	0.1404369125002887	0.21498221838040232	0.0006427382602881538	0.005047092737524613	0.017542585785522504	0.05735404276106413	0.05260167907528058	0.7360341263934863	0.05799527868902637	0.6124171298153984	0.00011445019404917907	0.017535420772238772	0.08483599519357923	-4.619325454300908e-06	0.0009895760627131813
1.7252819178538113e-06	-2.305216497864427e-05	3.6016395860014728e-06	3.406319715378489e-05	-1.7009229391901053e-05	0.00021721423662168275	4.34253498049014e-07	-7.068866975696865e-07	-5.6184542038536395e-06	-3.0785609422508696e-07	0.04549240456956307	0.8889972500064345	-0.0003767385625868684	-0.005512105082392653	0.00955227137773976	-0.044957344462195716	-0.047365445129053926	0.10560043589799671	-0.04426370428294221	-0.43570501938480055	0.00028433509180504234	0.010635449693882096	-0.012823783086126372	1.6735598274546826e-06	-0.0007921565704389236
-0.0006890936962770069	-5.66265804142179e-05	1.7020882556022394e-06	-7.528810854385414e-06	-9.265243088500174e-05	1.3156504903233723e-05	2.780734201897103e-07	-5.368880525191449e-06	-3.183768957018296e-05	-1.4805680821806627e-06	-0.09529486436726045	-0.38708670842146276	-0.0006891566881782295	-0.008012735918785556	-0.02567313487544243	-0.061606584423858544	-0.053705947937007	0.656989404201363	-0.07280645216842947	-0.624282576128916	-0.0008162834906217964	-0.022234986657965986	0.08043191576385395	2.374214213384893e-05	-0.007060176896227518
0.0002926020558218187	6.832724868446192e-05	8.276385978312315e-06	1.687371582127538e-07	-9.248898587004455e-05	-0.00022989401047827565	-3.3844366346464795e-06	-7.955135677499701e-06	-3.396002892143208e-05	-8.61640180465832e-07	0.8691766621954513	-0.09338768546338995	0.0034134908056312452	0.05307821224922672	0.08097096094267905	0.2970480281287072	0.2757285897151369	-0.05672026823579133	-0.046176337298885546	-0.1705345924169589	-0.00031709085245611315	0.0840062849733398	0.1435709223867994	-8.580760304862865e-06	-0.007760760438742039
