tloc	tmcCabe	assertionDensity	assertionRoulette	mysteryGuest	eagerTest	sensitiveEquality	resourceOptimism	conditionalTestLogic	fireAndForget	loc	lcom2	lcom5	cbo	wmc	rfc	mpc	halsteadVocabulary	halsteadLength	halsteadVolume	classDataShouldBePrivate	complexClass	spaghettiCode	functionalDecomposition	godClass
0.0001271875794833242	8.512765030156009e-07	1.3526951788645787e-06	4.056368764604639e-05	3.384728577699961e-06	0.00017672582486209069	2.2558729209330812e-06	3.5161599963913497e-07	8.557908573102885e-06	1.1527515282966115e-07	0.1285841545464931	0.5577254730099273	0.0002496770244611838	0.0008680917480025826	0.0173377149728959	0.01735547458750326	0.012668430214886792	0.7246167340200681	0.036906221221315795	0.3757191537983158	0.0002755208405694637	0.01687124202078078	0.06132699483899781	-6.130941232305475e-06	0.0017807116239699733
-0.00026823211335455207	-4.44822805258944e-05	4.469279198762764e-06	-2.891783640426507e-06	-5.8239071658374265e-05	7.263020826434772e-05	-5.4600079640677354e-06	-3.20358857912338e-06	-4.84408976543032e-05	-1.3605734921672853e-06	0.05687477156368221	0.7363462821999494	0.00011258982442251717	-0.0014476112457281023	0.011842105917446479	0.001262377291088791	-0.0016102062278567717	-0.2514269534611666	-0.0715087004192393	-0.62109882237071	9.246840414965244e-06	0.016337852261784365	-0.004521560047380782	1.3755794902211641e-05	-0.0057160687497779614
-0.0007790135525743319	-6.924675868494079e-05	2.3119208391069732e-06	-1.776343242577548e-05	-0.00010952022056967112	-1.4304739422517262e-05	-1.9734498416277224e-06	-6.401941036552502e-06	-4.649720334731984e-05	-1.8689728058523864e-06	-0.07325898466878927	-0.3523727985812754	-0.00048392857199559787	-0.007076273355696384	-0.022787845840793585	-0.042829573991734586	-0.03575477952502961	0.631553570049145	-0.081696035667735	-0.6722117639423675	-0.0008987197253459692	-0.018037604646694655	0.09472595965352165	2.6741890942794265e-05	-0.009030752277222881
0.001833802001096311	5.043601132229802e-05	1.1127785098393445e-05	6.0850534330845725e-05	9.571342226092494e-05	0.00012096984416124214	2.533543442525133e-05	8.084791083258068e-07	0.00012318301627963903	4.5518839512864135e-06	0.9621696066396345	-0.1469944824664585	0.001721607238642106	0.016829833537868495	0.057032770425151924	0.14609095249461654	0.12432221381144928	-0.03471211164771954	-0.01890370315773851	-0.06835732863240598	0.0007765146214755724	0.04243008955256831	0.06437763401635287	-7.226403251962891e-05	0.010046514253804048
