tloc	tmcCabe	assertionDensity	assertionRoulette	mysteryGuest	eagerTest	sensitiveEquality	resourceOptimism	conditionalTestLogic	fireAndForget	loc	lcom2	lcom5	cbo	wmc	rfc	mpc	halsteadVocabulary	halsteadLength	halsteadVolume	classDataShouldBePrivate	complexClass	spaghettiCode	functionalDecomposition	godClass
6.925872618099779e-05	5.401727386747006e-06	1.9941758416531322e-07	2.212737471822513e-05	-8.712680506952974e-07	6.880504189389786e-05	6.674425791307321e-07	-2.084055255351029e-08	2.898106886046984e-09	-4.6153238007788104e-08	0.14043691250028847	0.21498221838040296	0.0006427382602881542	0.005047092737524606	0.017542585785522535	0.05735404276106414	0.05260167907528051	0.7360341263934854	0.057995278689026264	0.6124171298153991	0.00011445019404917932	0.017535420772238814	0.08483599519357923	-4.619325454300916e-06	0.000989576062713188
1.7252819178486444e-06	-2.305216497853059e-05	3.6016395860014846e-06	3.4063197153784884e-05	-1.7009229391902144e-05	0.00021721423662168283	4.342534980490174e-07	-7.06886697569746e-07	-5.618454203853964e-06	-3.078560942251041e-07	0.04549240456956167	0.8889972500064293	-0.00037673856258687585	-0.005512105082392743	0.009552271377739452	-0.04495734446219661	-0.047365445129054516	0.10560043589800357	-0.04426370428294335	-0.4357050193848067	0.00028433509180503214	0.01063544969388184	-0.012823783086125754	1.673559827454966e-06	-0.0007921565704390062
-0.0006890936962770172	-5.6626580414273355e-05	1.7020882555755255e-06	-7.528810854385722e-06	-9.265243088500168e-05	1.3156504903230305e-05	2.780734201896163e-07	-5.3688805251914506e-06	-3.183768957018321e-05	-1.480568082180668e-06	-0.09529486436726181	-0.38708670842147186	-0.0006891566881782278	-0.008012735918785508	-0.025673134875442538	-0.06160658442385796	-0.05370594793700638	0.6569894042013631	-0.07280645216842896	-0.6242825761289105	-0.0008162834906218008	-0.022234986657966128	0.0804319157638548	2.3742142133849074e-05	-0.007060176896227534
0.00029260205582186204	6.832724868446688e-05	8.276385978316008e-06	1.6873715818347282e-07	-9.248898587003256e-05	-0.0002298940104782496	-3.384436634644635e-06	-7.955135677498966e-06	-3.396002892141983e-05	-8.61640180465594e-07	0.8691766621954607	-0.09338768546339123	0.0034134908056311837	0.05307821224922648	0.0809709609426786	0.29704802812869535	0.2757285897151266	-0.056720268235789864	-0.046176337298884075	-0.17053459241695867	-0.0003170908524560372	0.08400628497333831	0.14357092238679034	-8.580760304866716e-06	-0.007760760438741097
