tloc	tmcCabe	assertionDensity	assertionRoulette	mysteryGuest	eagerTest	sensitiveEquality	resourceOptimism	conditionalTestLogic	fireAndForget	loc	lcom2	lcom5	cbo	wmc	rfc	mpc	halsteadVocabulary	halsteadLength	halsteadVolume	classDataShouldBePrivate	complexClass	spaghettiCode	functionalDecomposition	godClass
7.224457732677205e-05	5.952671824108098e-06	2.0457973272668257e-07	2.2884765283158018e-05	-5.585087621700722e-07	6.926986885545758e-05	6.979542721135547e-07	-5.540963868964585e-09	4.0032872314762007e-07	-3.985434121772167e-08	0.14015634357531068	0.2160224887638263	0.0006458630877342678	0.005071488809420841	0.017508551604142823	0.05687284516106394	0.05221569084548714	0.735611404295444	0.058012244683793096	0.6127261258096008	0.00011533936383956548	0.017486651769416023	0.0846589456415962	-4.579209903651701e-06	0.0009951974707182413
-1.0791444247756018e-06	-2.35787660509765e-05	3.6013609227244955e-06	3.3324931079652886e-05	-1.7319252338373556e-05	0.0002168755285652859	4.0473944936619476e-07	-7.220260341964001e-07	-6.002277857321882e-06	-3.139503655183266e-07	0.04569349194109627	0.8884641326576179	-0.00038048679960552445	-0.005543044520410306	0.009577924119518296	-0.04457674526116427	-0.047073917749138466	0.105559188251068	-0.04436229155165697	-0.43684153914651996	0.00028357519717797983	0.010675267828178413	-0.012725064787284785	1.6473807195917505e-06	-0.0007997091660021344
-0.0006733665035875686	-5.2362233430665454e-05	1.505535305480749e-06	-1.6024625015546991e-06	-9.055930020105576e-05	1.5715046331485616e-05	5.154356420986408e-07	-5.2659318934324495e-06	-2.846467366502353e-05	-1.42548466888375e-06	-0.1019450757654078	-0.3869435350974814	-0.0006712501842526568	-0.00795787537478311	-0.026558923200060175	-0.06768884153169871	-0.05868054888867302	0.6579430451150168	-0.07260630827971414	-0.6213865080372529	-0.0008160753775443703	-0.023307600745265823	0.07881469328093872	2.4123275457147305e-05	-0.007036347997886817
0.00035297960842792253	8.417709282994645e-05	8.062241567842766e-06	1.8624972319250142e-05	-8.798462626951204e-05	-0.00022615829170309702	-2.6260518502693313e-06	-7.827630918670728e-06	-2.3288606004603057e-05	-6.907938397142489e-07	0.8747633266906228	-0.09844934487224452	0.003555608755212315	0.05471664841836904	0.0803444550717394	0.285571626440078	0.2671266220291838	-0.050003723833176396	-0.04769649516528299	-0.17495290004750683	-0.0003244480963019549	0.08288953820570753	0.14286278838080538	-7.477451384844199e-06	-0.007917276848830755
