tloc	tmcCabe	assertionDensity	assertionRoulette	mysteryGuest	eagerTest	sensitiveEquality	resourceOptimism	conditionalTestLogic	fireAndForget	loc	lcom2	lcom5	cbo	wmc	rfc	mpc	halsteadVocabulary	halsteadLength	halsteadVolume	classDataShouldBePrivate	complexClass	spaghettiCode	functionalDecomposition	godClass
0.00012718757948314857	8.512765030155729e-07	1.35269517886458e-06	4.0563687646046364e-05	3.3847285776999903e-06	0.0001767258248620907	2.2558729209330783e-06	3.516159996391354e-07	8.55790857310289e-06	1.152751528296616e-07	0.12858415454649308	0.5577254730099271	0.00024967702446118364	0.0008680917480025816	0.017337714972895886	0.017355474587503233	0.012668430214886787	0.7246167340200673	0.03690622122131574	0.3757191537983161	0.00027552084056946366	0.016871242020780764	0.061326994838997846	-6.130941232305476e-06	0.0017807116239699718
-0.00026823211335457066	-4.448228052593016e-05	4.4692791987637085e-06	-2.8917836404264785e-06	-5.8239071658374346e-05	7.2630208264348e-05	-5.460007964067735e-06	-3.2035885791233863e-06	-4.844089765430328e-05	-1.3605734921672858e-06	0.05687477156368205	0.736346282199949	0.00011258982442251743	-0.0014476112457281075	0.011842105917446503	0.001262377291088785	-0.0016102062278568006	-0.25142695346116584	-0.07150870041923943	-0.6210988223707107	9.24684041496474e-06	0.0163378522617844	-0.004521560047380686	1.3755794902211657e-05	-0.005716068749777972
-0.0007790135525744665	-6.924675868483363e-05	2.3119208388542774e-06	-1.7763432425774983e-05	-0.00010952022056967079	-1.4304739422516674e-05	-1.9734498416277e-06	-6.4019410365524856e-06	-4.6497203347319444e-05	-1.8689728058523813e-06	-0.07325898466878952	-0.35237279858127546	-0.0004839285719955982	-0.00707627335569638	-0.022787845840793616	-0.04282957399173471	-0.035754779525029624	0.6315535700491455	-0.08169603566773477	-0.6722117639423658	-0.0008987197253459692	-0.018037604646694672	0.0947259596535216	2.6741890942794245e-05	-0.009030752277222902
0.0018338020010963691	5.0436011322273356e-05	1.1127785098376119e-05	6.085053433092729e-05	9.571342226092583e-05	0.00012096984416124706	2.5335434425251652e-05	8.084791083259481e-07	0.0001231830162796402	4.5518839512863584e-06	0.9621696066396351	-0.14699448246645846	0.001721607238642113	0.016829833537868398	0.05703277042515155	0.1460909524946132	0.1243222138114465	-0.0347121116477193	-0.018903703157738552	-0.06835732863240611	0.0007765146214755957	0.04243008955256775	0.06437763401635238	-7.226403251962902e-05	0.010046514253803693
