tloc	tmcCabe	assertionDensity	assertionRoulette	mysteryGuest	eagerTest	sensitiveEquality	resourceOptimism	conditionalTestLogic	fireAndForget	loc	lcom2	lcom5	cbo	wmc	rfc	mpc	halsteadVocabulary	halsteadLength	halsteadVolume	classDataShouldBePrivate	complexClass	spaghettiCode	functionalDecomposition	godClass
7.224457732678272e-05	5.952671824108099e-06	2.0457973272668315e-07	2.288476528315797e-05	-5.585087621701342e-07	6.926986885545768e-05	6.979542721135485e-07	-5.540963868969336e-09	4.0032872314757083e-07	-3.985434121772271e-08	0.1401563435753105	0.2160224887638265	0.0006458630877342666	0.005071488809420842	0.01750855160414283	0.056872845161063945	0.05221569084548712	0.7356114042954441	0.058012244683793054	0.6127261258096007	0.0001153393638395649	0.017486651769416023	0.08465894564159629	-4.57920990365168e-06	0.000995197470718236
-1.0791444248329027e-06	-2.3578766050880096e-05	3.601360922724501e-06	3.332493107965284e-05	-1.7319252338374755e-05	0.00021687552856528502	4.0473944936619217e-07	-7.220260341964716e-07	-6.002277857322245e-06	-3.1395036551834454e-07	0.04569349194109504	0.8884641326576116	-0.0003804867996055336	-0.005543044520410399	0.009577924119517895	-0.044576745261165035	-0.04707391774913917	0.10555918825107734	-0.04436229155165794	-0.436841539146529	0.0002835751971779676	0.010675267828178075	-0.012725064787283892	1.647380719592079e-06	-0.0007997091660022298
-0.0006733665035876011	-5.2362233430740786e-05	1.5055353055635686e-06	-1.6024625015539154e-06	-9.055930020105505e-05	1.5715046331483817e-05	5.154356420987684e-07	-5.265931893432395e-06	-2.846467366502278e-05	-1.4254846688837364e-06	-0.10194507576540868	-0.3869435350974944	-0.0006712501842526575	-0.007957875374783147	-0.026558923200060508	-0.06768884153169892	-0.058680548888673294	0.6579430451150154	-0.07260630827971336	-0.6213865080372465	-0.0008160753775443666	-0.02330760074526623	0.07881469328093803	2.412327545714712e-05	-0.007036347997886732
0.0003529796084280086	8.417709282999498e-05	8.062241567862973e-06	1.8624972319423577e-05	-8.798462626950708e-05	-0.00022615829170308607	-2.626051850268588e-06	-7.82763091867041e-06	-2.3288606004597955e-05	-6.907938397141541e-07	0.8747633266906268	-0.09844934487224576	0.0035556087552122894	0.05471664841836895	0.08034445507173917	0.2855716264400733	0.2671266220291794	-0.05000372383317561	-0.04769649516528167	-0.1749529000475069	-0.00032444809630192354	0.0828895382057068	0.14286278838080213	-7.477451384845835e-06	-0.007917276848830325
