tloc	tmcCabe	assertionDensity	assertionRoulette	mysteryGuest	eagerTest	sensitiveEquality	resourceOptimism	conditionalTestLogic	fireAndForget	loc	lcom2	lcom5	cbo	wmc	rfc	mpc	halsteadVocabulary	halsteadLength	halsteadVolume	classDataShouldBePrivate	complexClass	spaghettiCode	functionalDecomposition	godClass
6.9258726180907e-05	5.401727386747012e-06	1.9941758416531165e-07	2.2127374718225084e-05	-8.71268050695267e-07	6.880504189389791e-05	6.674425791307315e-07	-2.0840552553508582e-08	2.8981068860876537e-09	-4.615323800778755e-08	0.14043691250028853	0.2149822183804025	0.0006427382602881539	0.005047092737524614	0.017542585785522567	0.057354042761064226	0.05260167907528052	0.736034126393486	0.057995278689026396	0.6124171298153989	0.00011445019404917944	0.017535420772238783	0.08483599519357932	-4.61932545430093e-06	0.0009895760627131893
1.7252819178272104e-06	-2.305216497843651e-05	3.601639586001466e-06	3.406319715378505e-05	-1.700922939190057e-05	0.00021721423662168326	4.3425349804901546e-07	-7.068866975696541e-07	-5.618454203853435e-06	-3.0785609422507875e-07	0.045492404569563556	0.8889972500064366	-0.0003767385625868658	-0.0055121050823926316	0.009552271377739896	-0.044957344462195584	-0.04736544512905379	0.10560043589799288	-0.04426370428294206	-0.4357050193847965	0.0002843350918050471	0.010635449693882226	-0.012823783086127177	1.6735598274545554e-06	-0.0007921565704388909
-0.000689093696276967	-5.662658041415524e-05	1.7020882554612143e-06	-7.528810854384786e-06	-9.265243088500193e-05	1.3156504903235373e-05	2.780734201897081e-07	-5.368880525191455e-06	-3.183768957018291e-05	-1.4805680821806633e-06	-0.09529486436726078	-0.3870867084214572	-0.0006891566881782338	-0.008012735918785631	-0.0256731348754424	-0.0616065844238589	-0.053705947937007344	0.6569894042013643	-0.07280645216842972	-0.6242825761289181	-0.0008162834906217964	-0.022234986657966038	0.0804319157638541	2.3742142133849057e-05	-0.007060176896227535
0.000292602055821823	6.83272486844518e-05	8.276385978347479e-06	1.6873715822477388e-07	-9.248898587003645e-05	-0.00022989401047825752	-3.3844366346451776e-06	-7.955135677499195e-06	-3.396002892142359e-05	-8.61640180465666e-07	0.869176662195457	-0.09338768546339084	0.0034134908056311954	0.05307821224922661	0.0809709609426787	0.29704802812869957	0.2757285897151299	-0.05672026823579025	-0.0461763372988846	-0.17053459241695887	-0.00031709085245606035	0.08400628497333872	0.1435709223867932	-8.580760304865465e-06	-0.0077607604387414314
