tloc	tmcCabe	assertionDensity	assertionRoulette	mysteryGuest	eagerTest	sensitiveEquality	resourceOptimism	conditionalTestLogic	fireAndForget	loc	lcom2	lcom5	cbo	wmc	rfc	mpc	halsteadVocabulary	halsteadLength	halsteadVolume	classDataShouldBePrivate	complexClass	spaghettiCode	functionalDecomposition	godClass
0.00012718757948313483	8.512765030155441e-07	1.3526951788645808e-06	4.056368764604632e-05	3.384728577699937e-06	0.00017672582486209077	2.2558729209330685e-06	3.5161599963913243e-07	8.557908573102848e-06	1.1527515282966001e-07	0.12858415454649275	0.5577254730099281	0.0002496770244611838	0.0008680917480025787	0.017337714972895855	0.01735547458750322	0.01266843021488675	0.7246167340200662	0.0369062212213157	0.3757191537983153	0.0002755208405694632	0.01687124202078075	0.0613269948389977	-6.130941232305464e-06	0.0017807116239699668
-0.00026823211335467913	-4.448228052583855e-05	4.469279198763503e-06	-2.891783640426632e-06	-5.82390716583743e-05	7.263020826434749e-05	-5.460007964067738e-06	-3.2035885791233863e-06	-4.844089765430328e-05	-1.360573492167287e-06	0.056874771563681654	0.7363462821999479	0.00011258982442251648	-0.0014476112457281112	0.01184210591744644	0.0012623772910887352	-0.0016102062278568314	-0.25142695346116684	-0.07150870041923935	-0.621098822370711	9.246840414964626e-06	0.016337852261784382	-0.004521560047380894	1.375579490221168e-05	-0.005716068749777976
-0.000779013552574557	-6.924675868501854e-05	2.3119208389613623e-06	-1.776343242577529e-05	-0.00010952022056967072	-1.4304739422517406e-05	-1.973449841627702e-06	-6.401941036552479e-06	-4.6497203347319444e-05	-1.8689728058523758e-06	-0.07325898466878919	-0.35237279858127546	-0.00048392857199559835	-0.007076273355696361	-0.022787845840793648	-0.04282957399173462	-0.035754779525029604	0.6315535700491459	-0.08169603566773474	-0.6722117639423661	-0.0008987197253459693	-0.018037604646694714	0.09472595965352144	2.6741890942794198e-05	-0.00903075227722287
0.0018338020010963466	5.0436011322326e-05	1.1127785098382678e-05	6.085053433093146e-05	9.5713422260924e-05	0.00012096984416124	2.5335434425251086e-05	8.084791083257153e-07	0.0001231830162796389	4.551883951286464e-06	0.9621696066396335	-0.14699448246645802	0.001721607238642102	0.016829833537868606	0.05703277042515227	0.14609095249461881	0.12432221381145139	-0.03471211164771926	-0.018903703157738563	-0.06835732863240604	0.0007765146214755605	0.0424300895525687	0.06437763401635373	-7.2264032519629e-05	0.01004651425380433
