tloc	tmcCabe	assertionDensity	assertionRoulette	mysteryGuest	eagerTest	sensitiveEquality	resourceOptimism	conditionalTestLogic	fireAndForget	loc	lcom2	lcom5	cbo	wmc	rfc	mpc	halsteadVocabulary	halsteadLength	halsteadVolume	classDataShouldBePrivate	complexClass	spaghettiCode	functionalDecomposition	godClass
6.92565759432378e-05	5.466715082211316e-06	2.0681845692306737e-07	2.2141550067341523e-05	-8.723239379772105e-07	6.880789082665659e-05	6.686209414183178e-07	-2.0956069339252076e-08	1.1672546339813458e-08	-4.502190882189051e-08	0.14043637084885163	0.2150157080348058	0.0006427559090284151	0.005047484353374344	0.017543754398581468	0.05735425216994421	0.052601471653652934	0.7360443547557018	0.057990310811531956	0.6123919382162818	0.0001144655843951469	0.01753790928608815	0.08484772944018935	-4.603694475617688e-06	0.0009896917977272243
7.387960035391372e-07	-2.3061952625478855e-05	3.5847613270114243e-06	3.3911154376553236e-05	-1.7064265264274886e-05	0.00021698482380169505	4.2930135236174235e-07	-7.096116921571044e-07	-5.6649593647347455e-06	-3.097824171259603e-07	0.04548474711129957	0.8889805812036707	-0.00037685730431163413	-0.005513744749974339	0.009548010864343752	-0.04496288081553289	-0.047369442642086486	0.10558477577111587	-0.044263423050261715	-0.4357420346769128	0.00028425425940992275	0.010629804124248124	-0.012851606143417163	1.6611125649495143e-06	-0.0007928815967974895
