tloc	tmcCabe	assertionDensity	assertionRoulette	mysteryGuest	eagerTest	sensitiveEquality	resourceOptimism	conditionalTestLogic	fireAndForget	loc	lcom2	lcom5	cbo	wmc	rfc	mpc	halsteadVocabulary	halsteadLength	halsteadVolume	classDataShouldBePrivate	complexClass	spaghettiCode	functionalDecomposition	godClass
7.035384385364302e-05	5.408630027567989e-06	2.2576102754591162e-07	2.2716162789740222e-05	-9.351003779010074e-07	6.819116671747865e-05	6.587759835859168e-07	-2.4775368953464804e-08	5.082332288049327e-08	-4.708041736032975e-08	0.14044537323010492	0.21458695359710997	0.0006433875266395732	0.005049092806669693	0.01752630769911616	0.05741227247948621	0.05266618677409147	0.7361190039005994	0.05798315457352102	0.6124279486086549	0.000114458570768623	0.01752065724994626	0.08494326070081361	-4.558423740811688e-06	0.0009903961774290295
