tloc	tmcCabe	assertionDensity	assertionRoulette	mysteryGuest	eagerTest	sensitiveEquality	resourceOptimism	conditionalTestLogic	fireAndForget	loc	lcom2	lcom5	cbo	wmc	rfc	mpc	halsteadVocabulary	halsteadLength	halsteadVolume	classDataShouldBePrivate	complexClass	spaghettiCode	functionalDecomposition	godClass
6.951920911471207e-05	5.470066621061223e-06	2.06962318762131e-07	2.2210849939663046e-05	-8.517384391944118e-07	6.880050418431677e-05	6.69860361709313e-07	-2.1782160243230597e-08	1.298037933861614e-07	-4.6622900284500905e-08	0.14043635778085287	0.2149761536099493	0.0006427188634866376	0.00504830345802123	0.017542836457036696	0.05735426424644743	0.052601869657136195	0.7360324893698864	0.05799631530379525	0.6124211948136545	0.00011444979141947457	0.01753506809413779	0.08483611372927116	-4.617552634908885e-06	0.0009894628695733983
