tloc	tmcCabe	assertionDensity	assertionRoulette	mysteryGuest	eagerTest	sensitiveEquality	resourceOptimism	conditionalTestLogic	fireAndForget	loc	lcom2	lcom5	cbo	wmc	rfc	mpc	halsteadVocabulary	halsteadLength	halsteadVolume	classDataShouldBePrivate	complexClass	spaghettiCode	functionalDecomposition	godClass
6.97408397312224e-05	5.609841943367147e-06	1.6450527756957084e-07	2.2194610092586613e-05	-1.2984450357535029e-06	6.824396220287947e-05	6.432795226074789e-07	-3.803647747369699e-08	1.1462078313199927e-08	-4.934931094986074e-08	0.14054662177299174	0.21526593587924683	0.0006431764925809663	0.005058209467772858	0.017552442620752565	0.05741281969062756	0.0526575343734961	0.7361590131350172	0.05793805243007338	0.6121228239054544	0.00011546294448707331	0.017553021120649295	0.08493361078539528	-4.671304870162461e-06	0.0009881743712126816
7.973029005757582e-07	-2.3130291898102562e-05	3.607532180440678e-06	3.402306709997743e-05	-1.694972830511407e-05	0.00021743742626206233	4.395631771011689e-07	-7.057293145827044e-07	-5.692699409910331e-06	-3.1064772177582224e-07	0.0452116469802001	0.8889885631939752	-0.00037771803178286923	-0.005531500175965323	0.009521249760506424	-0.04509540087399354	-0.04749274867384833	0.10524312868429155	-0.04423508642225982	-0.4358099910149897	0.00028353839248724	0.01061031070506566	-0.01296707352026326	1.6817768515360805e-06	-0.0007937902050525187
