tloc	tmcCabe	assertionDensity	assertionRoulette	mysteryGuest	eagerTest	sensitiveEquality	resourceOptimism	conditionalTestLogic	fireAndForget	loc	lcom2	lcom5	cbo	wmc	rfc	mpc	halsteadVocabulary	halsteadLength	halsteadVolume	classDataShouldBePrivate	complexClass	spaghettiCode	functionalDecomposition	godClass
6.867773925186401e-05	5.350892023672647e-06	1.792804520963406e-07	2.19817664526789e-05	-9.999463270765734e-07	6.876621407238774e-05	6.580413395403573e-07	-2.8178173675406703e-08	1.0843813016175205e-07	-4.983219153681796e-08	0.14046590707851933	0.21512685388652347	0.0006430127378080725	0.005049007887108255	0.01754536596459501	0.05737670311529667	0.05262315120723759	0.7361386003257171	0.057965784749343725	0.6122241834277837	0.00011437039669172278	0.017547084748499125	0.084895899414083	-4.651895785908564e-06	0.0009894053210932324
