tloc	tmcCabe	assertionDensity	assertionRoulette	mysteryGuest	eagerTest	sensitiveEquality	resourceOptimism	conditionalTestLogic	fireAndForget	loc	lcom2	lcom5	cbo	wmc	rfc	mpc	halsteadVocabulary	halsteadLength	halsteadVolume	classDataShouldBePrivate	complexClass	spaghettiCode	functionalDecomposition	godClass
6.915860879727304e-05	5.315114143387007e-06	1.947804655519392e-07	2.2078756819583678e-05	-9.459639873132716e-07	6.91619903417534e-05	7.332914302977736e-07	-2.4455324153072605e-08	-6.894644623856654e-08	-4.795431565450498e-08	0.1407022554230418	0.2152385506497691	0.0006426991222981495	0.0050478489836649565	0.01755534014580851	0.057371642990652075	0.05261380780790161	0.7360134603109806	0.05797612931822358	0.6122881436998282	0.00011439015298610784	0.017543770018721667	0.08484596504330712	-4.631969855705849e-06	0.0009892151933109177
2.397352280835971e-06	-2.2624073295897074e-05	3.6433821222907228e-06	3.4469922439146515e-05	-1.6659762864026517e-05	0.0002153863761644109	1.431659180896727e-07	-6.898062982258499e-07	-5.2505143174106425e-06	-2.9926971073962135e-07	0.04393999242597672	0.8888170559573235	-0.0003812507075872831	-0.005532258317552114	0.009472072581008534	-0.045204064363435846	-0.04757545667037878	0.10593018044076005	-0.04427210153581754	-0.4361032388707211	0.00028518539265296025	0.010568251249448954	-0.012903978327181535	1.7447273609475526e-06	-0.0007923397920611983
-0.0006954817428760569	-5.791511582916285e-05	1.5448556153002821e-06	-9.232523980666265e-06	-9.400489364346904e-05	1.618921824527455e-05	8.069789512827748e-07	-5.441539741952566e-06	-3.2939242575311316e-05	-1.5104288521456842e-06	-0.090642816384512	-0.3882028627217812	-0.0006672317273585032	-0.007928210780346476	-0.025440477550769374	-0.06082074006584958	-0.053021113752694145	0.6566830238792902	-0.07292917909821545	-0.6246887147542842	-0.000821380424460226	-0.022042470238485913	0.08085152066810374	2.3582946913055367e-05	-0.007087724891950127
