tloc	tmcCabe	assertionDensity	assertionRoulette	mysteryGuest	eagerTest	sensitiveEquality	resourceOptimism	conditionalTestLogic	fireAndForget	loc	lcom2	lcom5	cbo	wmc	rfc	mpc	halsteadVocabulary	halsteadLength	halsteadVolume	classDataShouldBePrivate	complexClass	spaghettiCode	functionalDecomposition	godClass
8.44099477205069e-05	1.244831900819549e-05	-7.682206833820819e-07	1.033718496010205e-05	3.0943776135793044e-06	9.0323627560323e-06	-1.0268725151602368e-07	1.7260132387083042e-07	2.5857199516757016e-06	3.672109785004792e-08	0.13827532057390882	0.025763416938178338	0.0007472949210277084	0.0065952968248654004	0.016202876754518588	0.07025973462460973	0.06572969591494647	0.6792481272994113	0.06735163928229833	0.7050433357925592	5.5755598075735865e-05	0.016025582016252867	0.08598789432205538	-5.268486072660179e-06	0.0012861797244806017
0.0003967345426695051	1.7637579660983337e-05	-2.03388900356342e-06	1.513894246314107e-05	1.8990591859969135e-06	0.00018478813404684472	1.4383031760564068e-06	7.360358920685874e-07	1.4683949787224294e-05	1.673176219097369e-07	0.13930109503241345	0.9881590129352458	-3.440379082482421e-05	0.002267097785436825	0.024943284928542604	0.01928082915518027	0.01055110091598966	-0.03072487722866726	-0.003277965247155682	-0.03637080978320109	0.000599165306483143	0.025314972516386994	-0.01003694003174435	-8.675541973845662e-06	0.002616728820761005
