tloc	tmcCabe	assertionDensity	assertionRoulette	mysteryGuest	eagerTest	sensitiveEquality	resourceOptimism	conditionalTestLogic	fireAndForget	loc	lcom2	lcom5	cbo	wmc	rfc	mpc	halsteadVocabulary	halsteadLength	halsteadVolume	classDataShouldBePrivate	complexClass	spaghettiCode	functionalDecomposition	godClass
6.930919013691662e-05	5.3908920288542994e-06	1.8797757731493799e-07	2.1997955342764105e-05	-7.536434775896668e-07	6.879377994544798e-05	6.758565707275976e-07	-1.7930489165036068e-08	-2.024488224523272e-08	-4.7685076158668195e-08	0.14045624391541142	0.215037073660469	0.0006427745644774524	0.005047658706632241	0.01754406916366933	0.057369480397538156	0.05261702033020188	0.7360866957031451	0.05797840558376545	0.6123250385362092	0.00011438642017192847	0.017539848622286323	0.08486392508975223	-4.5639445812805274e-06	0.0009893717441083044
