tloc	tmcCabe	assertionDensity	assertionRoulette	mysteryGuest	eagerTest	sensitiveEquality	resourceOptimism	conditionalTestLogic	fireAndForget	loc	lcom2	lcom5	cbo	wmc	rfc	mpc	halsteadVocabulary	halsteadLength	halsteadVolume	classDataShouldBePrivate	complexClass	spaghettiCode	functionalDecomposition	godClass
6.86163154795087e-05	5.351902083704205e-06	1.9567587247983204e-07	2.196277433352338e-05	-1.0607097710085142e-06	6.890266527633407e-05	6.562780995951755e-07	-2.9311850256480524e-08	-2.1064819325808713e-07	-3.7525978684524244e-08	0.14047303308302347	0.21519434661445044	0.0006431892301933689	0.005046270195086148	0.01755001943766197	0.05738505495959085	0.05263011524901801	0.7361172550577442	0.05796003808298456	0.6122204045861949	0.0001147431460829219	0.017550148007330853	0.08491791380422359	-4.525977635537865e-06	0.0009894167047692633
1.5430889533682704e-06	-2.301921698487151e-05	3.581951279369022e-06	3.3718740909534325e-05	-1.7010457963973647e-05	0.0002157145065821931	4.3441361563772324e-07	-7.303135151776503e-07	-5.3071234426231084e-06	-3.0849381100361226e-07	0.04540914264693057	0.8888008879895478	-0.00037747425134429313	-0.005518876906265025	0.00951881097670314	-0.045080273094516045	-0.04746804354511109	0.10563306854909257	-0.04428372111125623	-0.43607875919950595	0.0002838574068399231	0.010597205005094146	-0.01293055326276379	1.6487779681490654e-06	-0.0007939881850546541
