tloc	tmcCabe	assertionDensity	assertionRoulette	mysteryGuest	eagerTest	sensitiveEquality	resourceOptimism	conditionalTestLogic	fireAndForget	loc	lcom2	lcom5	cbo	wmc	rfc	mpc	halsteadVocabulary	halsteadLength	halsteadVolume	classDataShouldBePrivate	complexClass	spaghettiCode	functionalDecomposition	godClass
6.803379241346308e-05	5.694440635650286e-06	2.2239307450368825e-07	2.2237818516056234e-05	-1.080379182417476e-06	6.827086280286092e-05	6.050024191792987e-07	-2.982965321188957e-08	-7.982948058946992e-07	-5.051300937192783e-08	0.14063020206263316	0.2164832056430416	0.000643909916404162	0.005080751939901969	0.017591041656781777	0.05774405665483081	0.052975637954865124	0.734867773365591	0.05802488473842871	0.61315343084545	0.00011538522530105442	0.017591834029758235	0.08495025998693993	-4.164508738665798e-06	0.0009982263882934964
