tloc	tmcCabe	assertionDensity	assertionRoulette	mysteryGuest	eagerTest	sensitiveEquality	resourceOptimism	conditionalTestLogic	fireAndForget	loc	lcom2	lcom5	cbo	wmc	rfc	mpc	halsteadVocabulary	halsteadLength	halsteadVolume	classDataShouldBePrivate	complexClass	spaghettiCode	functionalDecomposition	godClass
6.64520025866943e-05	5.245378017649792e-06	1.852431769898825e-07	2.184374198419951e-05	-1.1989546837530664e-06	6.87852145427943e-05	6.420913656732357e-07	-3.5957319550230175e-08	-2.547965670130341e-07	-5.6895832809633427e-08	0.14040685039599973	0.21517132759828822	0.000643392225573506	0.005047681567158853	0.017540693204637636	0.05740533124319754	0.05265525076507043	0.7362800792822959	0.05792685727144876	0.6120382404079528	0.00011302060348242183	0.017555776906131276	0.08498124848039017	-4.463322328061781e-06	0.0009877681140635882
