tloc	tmcCabe	assertionDensity	assertionRoulette	mysteryGuest	eagerTest	sensitiveEquality	resourceOptimism	conditionalTestLogic	fireAndForget	loc	lcom2	lcom5	cbo	wmc	rfc	mpc	halsteadVocabulary	halsteadLength	halsteadVolume	classDataShouldBePrivate	complexClass	spaghettiCode	functionalDecomposition	godClass
6.305241705903685e-05	4.49923390172222e-06	3.3795183242675516e-07	2.286182385446754e-05	-2.4504059979898735e-06	7.157238940437787e-05	4.841055129791375e-07	-2.747911902254322e-07	-1.445386375013995e-06	-4.8922142295905857e-08	0.13966751085231102	0.2215418533587027	0.0006799637891248889	0.005229486193046939	0.018132821200292422	0.06027720587271424	0.0553730442025965	0.7338290372639482	0.05755108591086503	0.6122478781278485	7.42348735141026e-05	0.018211707181027856	0.08578586773656252	-4.419431605464318e-06	0.000724371652566906
-8.223424482923492e-06	-2.394622383634062e-05	3.920349373954688e-06	3.4873559123493676e-05	-1.7621270323598995e-05	0.00023179263286274897	1.0689318298397512e-06	-5.193699764700445e-07	-4.3683641759690495e-06	-3.1623347807277557e-07	0.030673204445822597	0.875436387268697	-0.00047299458266279287	-0.0066795427927082976	0.007831407908299542	-0.056199447928009495	-0.05791469811315354	0.12462370546021918	-0.04550584100296972	-0.45616839605798515	0.00040913224087867685	0.008692707821376386	-0.016849521547442025	1.6874451466917013e-06	-0.0006908292513292652
