tloc	tmcCabe	assertionDensity	assertionRoulette	mysteryGuest	eagerTest	sensitiveEquality	resourceOptimism	conditionalTestLogic	fireAndForget	loc	lcom2	lcom5	cbo	wmc	rfc	mpc	halsteadVocabulary	halsteadLength	halsteadVolume	classDataShouldBePrivate	complexClass	spaghettiCode	functionalDecomposition	godClass
6.943297850834272e-05	5.446617893061668e-06	2.041886605698734e-07	2.214899955251131e-05	-8.26589265428545e-07	6.877669141828057e-05	6.690072700836158e-07	-1.8785726949057515e-08	3.7000363491886624e-08	-4.49506308046255e-08	0.14042685173537056	0.2148693126796612	0.0006427746648110625	0.005047689692198201	0.01754002016143041	0.05735142415352003	0.05259972019417378	0.7360279834893542	0.05800282935334995	0.612467367990381	0.00011430385134346211	0.01753074760311067	0.08482858720910584	-4.616654482550033e-06	0.0009897986671951757
-9.302417525113824e-06	-2.4512543734617147e-05	3.827266671750696e-06	3.560721244310399e-05	-1.673840311005371e-05	0.00020901294340884335	3.86276177352423e-07	-7.792564504934961e-07	-5.533654447018706e-06	-2.8541446251415535e-07	0.04114569600023486	0.8844421677664658	-0.00038809251191692723	-0.005743074152904887	0.008738036155769478	-0.047001408478428125	-0.0491482200095878	0.11416077542170787	-0.04489093806571529	-0.44275028258325694	0.00023204128930608475	0.009772886395947708	-0.012765440027286572	1.968867109114967e-06	-0.0008121454931626741
-0.0006814045390405117	-5.3838013044720586e-05	9.965773968937774e-07	-1.3474285660802264e-05	-9.779033960086786e-05	3.646822743687432e-05	4.107777383718717e-07	-5.3928517412417015e-06	-3.371465250182173e-05	-1.6215402109297078e-06	-0.08163561800032976	-0.39958380220036743	-0.0006594201558177711	-0.007274764736179607	-0.023807537059874314	-0.05544004101712346	-0.048138975197931214	0.654417659037268	-0.07336043552093967	-0.6216326266417418	-0.000683956336614126	-0.020054849362234173	0.08443565376027412	2.3683723864385133e-05	-0.007309108569029008
