tloc	tmcCabe	assertionDensity	assertionRoulette	mysteryGuest	eagerTest	sensitiveEquality	resourceOptimism	conditionalTestLogic	fireAndForget	loc	lcom2	lcom5	cbo	wmc	rfc	mpc	halsteadVocabulary	halsteadLength	halsteadVolume	classDataShouldBePrivate	complexClass	spaghettiCode	functionalDecomposition	godClass
6.809794261994267e-05	5.185882587737832e-06	1.9453017609878287e-07	2.2320048062856324e-05	-1.088921560044508e-06	6.89191899907188e-05	6.67702203269683e-07	-3.5635949647903504e-08	-2.721343149485983e-07	-4.4120887182166964e-08	0.1404121704755026	0.21510083727386042	0.0006429615655417542	0.005041323633865691	0.01754280098595122	0.057381194216194316	0.05262865030621846	0.7362232622085281	0.05794885751589535	0.6121401587686406	0.00011416657345287089	0.01755322074884078	0.08492761955469856	-4.55157064110422e-06	0.0009605839084006041
