tloc	tmcCabe	assertionDensity	assertionRoulette	mysteryGuest	eagerTest	sensitiveEquality	resourceOptimism	conditionalTestLogic	fireAndForget	loc	lcom2	lcom5	cbo	wmc	rfc	mpc	halsteadVocabulary	halsteadLength	halsteadVolume	classDataShouldBePrivate	complexClass	spaghettiCode	functionalDecomposition	godClass
6.68738824674938e-05	5.155753835496718e-06	1.901785642485849e-07	2.180956678690639e-05	-1.1540425720362968e-06	6.842771369379719e-05	6.90244485596171e-07	-4.7166663032947434e-08	-3.7284430246306257e-07	-5.3138305598224256e-08	0.1405124718375782	0.21342963371986348	0.000644185197934812	0.005056469538974911	0.017515752286759913	0.05743970953032777	0.05270474036517643	0.7367426368206117	0.05791655202120962	0.6120536906123304	0.00011445127889855027	0.017512069113907753	0.08504531213445823	-4.386705132420123e-06	0.0009908714104941486
3.3673541047935273e-06	-2.2798820150318208e-05	3.570245878631417e-06	3.431086303029364e-05	-1.723159026643421e-05	0.00021879472199952898	4.388940537008438e-07	-7.560228532114101e-07	-6.17031740344571e-06	-3.0204366482887756e-07	0.04620279668670821	0.887687123790489	-0.00037373699439639156	-0.005501500452818278	0.009556567783239146	-0.04494314932430869	-0.047321596449139657	0.10886282795399344	-0.044496249675544906	-0.43748837407071495	0.0002864653090108095	0.010614282340939184	-0.012465488579323008	1.5895310023564116e-06	-0.0007906442627675069
