tloc	tmcCabe	assertionDensity	assertionRoulette	mysteryGuest	eagerTest	sensitiveEquality	resourceOptimism	conditionalTestLogic	fireAndForget	loc	lcom2	lcom5	cbo	wmc	rfc	mpc	halsteadVocabulary	halsteadLength	halsteadVolume	classDataShouldBePrivate	complexClass	spaghettiCode	functionalDecomposition	godClass
6.81276318507419e-05	5.225503085513417e-06	2.4882642202399123e-07	2.1945077701105157e-05	-1.174482541626972e-06	6.897937710719618e-05	6.507916654947051e-07	-4.138970214706225e-08	-1.3524387713343902e-07	-4.68280811460863e-08	0.14041454389546948	0.21507664626581174	0.0006431975907700842	0.005045549482388787	0.01754134702452813	0.05737783493102061	0.052626679000385444	0.7361830599830637	0.05795718900030401	0.61219916375848	0.00011418324627005898	0.017544020881736178	0.0849075678949641	-4.577458038219727e-06	0.0009890846797576205
2.1271781421941334e-06	-2.3086762058506744e-05	3.6013318210085502e-06	3.413692421069439e-05	-1.6937321163099693e-05	0.00021683847740753604	4.37945794563506e-07	-6.882176479353153e-07	-5.6227274985079775e-06	-3.0152304516702187e-07	0.04542720029636666	0.888989789198542	-0.0003777323379268436	-0.0055151488885594995	0.009539354108144844	-0.045012385454791796	-0.04741653479634691	0.1054156994324126	-0.04425433596411953	-0.43575986057255717	0.0002844327713573189	0.010624280531679794	-0.012896184497722217	1.6407433159789703e-06	-0.0007961388027326159
