tloc	tmcCabe	assertionDensity	assertionRoulette	mysteryGuest	eagerTest	sensitiveEquality	resourceOptimism	conditionalTestLogic	fireAndForget	loc	lcom2	lcom5	cbo	wmc	rfc	mpc	halsteadVocabulary	halsteadLength	halsteadVolume	classDataShouldBePrivate	complexClass	spaghettiCode	functionalDecomposition	godClass
6.89515835652999e-05	5.382261519966473e-06	2.0877070928849525e-07	2.182392462624827e-05	-6.55403965498861e-07	6.793977028801176e-05	6.518429872034295e-07	-1.1400374918174713e-08	2.048172664929158e-08	-3.752205860307143e-08	0.14054349004014877	0.21513284925143197	0.0006429572927367984	0.005057683235102718	0.01750527012173594	0.05743052183098008	0.05268901872803396	0.7362632619015823	0.05793004001533115	0.6120385857977764	0.00011503216057177993	0.017491061337005	0.08497588431599554	-4.599738500128299e-06	0.0009934147527317005
2.1140751867124396e-06	-2.291945880904782e-05	3.5771450638235177e-06	3.415115032423142e-05	-1.7188623079059917e-05	0.00021756451386547353	4.5210346169298284e-07	-7.167293514885937e-07	-5.571436446503675e-06	-3.136795604188441e-07	0.04536246760715149	0.8889629899844912	-0.0003767627221662837	-0.005525058170121308	0.009557301393127228	-0.045065038327430175	-0.047472604016502995	0.1053310689154397	-0.0442557566855592	-0.4358277137308615	0.0002840073681760781	0.01064064995221742	-0.012943895670248956	1.6513761334524966e-06	-0.0007955479424323826
