tloc	tmcCabe	assertionDensity	assertionRoulette	mysteryGuest	eagerTest	sensitiveEquality	resourceOptimism	conditionalTestLogic	fireAndForget	loc	lcom2	lcom5	cbo	wmc	rfc	mpc	halsteadVocabulary	halsteadLength	halsteadVolume	classDataShouldBePrivate	complexClass	spaghettiCode	functionalDecomposition	godClass
6.824646796358062e-05	5.509299444309266e-06	2.1484373946408048e-07	2.22289175309268e-05	-9.022601230131817e-07	6.870387429628005e-05	6.665690536348219e-07	-9.178830515046112e-09	4.6343012381456044e-08	-7.811778735776624e-08	0.14052264581062474	0.21548638375790807	0.0006443960115056357	0.005049074734940761	0.01754815861043345	0.057437007658727356	0.05268343777930942	0.7365005280986461	0.057871670977360595	0.6116303688791738	0.00011451084344442381	0.017549579079367387	0.08501975926230605	-4.592775250108746e-06	0.0006059182264692006
2.0470881658520626e-06	-2.294798232691544e-05	3.6133614975771792e-06	3.448950661274344e-05	-1.6935875660456343e-05	0.00021824605543048094	4.251904552196051e-07	-7.053731579127473e-07	-5.301543832772035e-06	-2.3454021281424444e-07	0.04532441971866105	0.8886616944297807	-0.00038026079138264073	-0.005532855111296576	0.00952769538720541	-0.04525774630319613	-0.047640784578712486	0.10525920854384814	-0.04428602651485908	-0.4364197319062701	0.000284488099106954	0.010596867260905824	-0.013079236030740016	1.6444573657819922e-06	-0.00047080669054842545
