tloc	tmcCabe	assertionDensity	assertionRoulette	mysteryGuest	eagerTest	sensitiveEquality	resourceOptimism	conditionalTestLogic	fireAndForget	loc	lcom2	lcom5	cbo	wmc	rfc	mpc	halsteadVocabulary	halsteadLength	halsteadVolume	classDataShouldBePrivate	complexClass	spaghettiCode	functionalDecomposition	godClass
6.730124034244012e-05	4.735093514791433e-06	3.6511868639102215e-07	2.208713598380023e-05	-1.4004344363624235e-06	6.876883977725467e-05	6.520201981841896e-07	-4.220598165512429e-08	-6.3027843012995e-07	-5.889547150537376e-08	0.1403375414660344	0.21513994660335836	0.0006434150600422505	0.005041497555055118	0.017537261833878208	0.057376324121487486	0.05262522810599272	0.7362859396607551	0.05793183509832299	0.6120681350505344	0.00011395760745089755	0.017546808126102997	0.08494682353145568	-4.518444542791074e-06	0.000986867994635459
3.6944327057341058e-06	-2.2642557022191855e-05	3.5205905366375157e-06	3.406108190735763e-05	-1.674413780139173e-05	0.00021726709325615404	4.497292340717105e-07	-6.950133589383493e-07	-5.266460934373492e-06	-3.0119037908548363e-07	0.04551246705563729	0.8889546774378142	-0.0003775853122256541	-0.005512716292601267	0.009539839069135064	-0.04500552566394341	-0.047405311464257985	0.1053176196892038	-0.04426002868788582	-0.43584716581614097	0.00028468375834681187	0.01063055982922336	-0.012908375963480203	1.6277744576235406e-06	-0.0007914724365084783
