tloc	tmcCabe	assertionDensity	assertionRoulette	mysteryGuest	eagerTest	sensitiveEquality	resourceOptimism	conditionalTestLogic	fireAndForget	loc	lcom2	lcom5	cbo	wmc	rfc	mpc	halsteadVocabulary	halsteadLength	halsteadVolume	classDataShouldBePrivate	complexClass	spaghettiCode	functionalDecomposition	godClass
6.941149391006618e-05	5.436239281778144e-06	2.0663299006827746e-07	2.2130625243310203e-05	-8.337055359797325e-07	6.883309152697907e-05	6.635645886472337e-07	-1.9244776590308166e-08	4.3443304040354296e-08	-4.536008567608762e-08	0.14045233262039009	0.21499576560732456	0.0006425751342316095	0.0050474425726472465	0.017543148468953593	0.057354845202995254	0.05260224104626006	0.7360374606237223	0.05799377963861506	0.6124041961771292	0.00011455027529464557	0.017535187917966148	0.08484061587123048	-4.6106372403310196e-06	0.0009898554365738018
