tloc	tmcCabe	assertionDensity	assertionRoulette	mysteryGuest	eagerTest	sensitiveEquality	resourceOptimism	conditionalTestLogic	fireAndForget	loc	lcom2	lcom5	cbo	wmc	rfc	mpc	halsteadVocabulary	halsteadLength	halsteadVolume	classDataShouldBePrivate	complexClass	spaghettiCode	functionalDecomposition	godClass
0.0001271875794832228	8.512765030155391e-07	1.3526951788645854e-06	4.0563687646046385e-05	3.3847285776999183e-06	0.0001767258248620908	2.255872920933075e-06	3.5161599963913343e-07	8.557908573102843e-06	1.1527515282965964e-07	0.12858415454649322	0.5577254730099281	0.00024967702446118396	0.0008680917480025798	0.01733771497289593	0.017355474587503254	0.012668430214886782	0.7246167340200671	0.036906221221315726	0.37571915379831494	0.0002755208405694642	0.016871242020780778	0.061326994838997735	-6.130941232305471e-06	0.0017807116239699683
