tloc	tmcCabe	assertionDensity	assertionRoulette	mysteryGuest	eagerTest	sensitiveEquality	resourceOptimism	conditionalTestLogic	fireAndForget	loc	lcom2	lcom5	cbo	wmc	rfc	mpc	halsteadVocabulary	halsteadLength	halsteadVolume	classDataShouldBePrivate	complexClass	spaghettiCode	functionalDecomposition	godClass
6.675984486526727e-05	5.360821179849988e-06	1.466254977301978e-07	2.159065124069285e-05	-9.017156435506074e-07	6.855513369800236e-05	6.496457374110745e-07	4.425575576978591e-08	-2.773232310496404e-07	-4.5798314874716523e-08	0.14036013018615082	0.21497402251480166	0.0006431458575843763	0.005044092694954875	0.017534613033900838	0.05735447904799563	0.0526053323663045	0.7360994502955936	0.05798652069121697	0.6123533820293396	0.00011410624029133712	0.017538888738808933	0.0848817618562694	-4.607830166413476e-06	0.000988168619950027
