tloc	tmcCabe	assertionDensity	assertionRoulette	mysteryGuest	eagerTest	sensitiveEquality	resourceOptimism	conditionalTestLogic	fireAndForget	loc	lcom2	lcom5	cbo	wmc	rfc	mpc	halsteadVocabulary	halsteadLength	halsteadVolume	classDataShouldBePrivate	complexClass	spaghettiCode	functionalDecomposition	godClass
6.925872618080069e-05	5.401727386746977e-06	1.9941758416531465e-07	2.2127374718225172e-05	-8.712680506952974e-07	6.880504189389806e-05	6.674425791307312e-07	-2.0840552553510452e-08	2.898106886056437e-09	-4.615323800778774e-08	0.1404369125002888	0.2149822183804035	0.0006427382602881551	0.005047092737524608	0.017542585785522563	0.057354042761064226	0.05260167907528054	0.7360341263934862	0.05799527868902644	0.612417129815398	0.00011445019404917989	0.017535420772238814	0.0848359951935794	-4.619325454300924e-06	0.0009895760627131821
1.7252819177664161e-06	-2.3052164978683406e-05	3.6016395860014368e-06	3.406319715378489e-05	-1.7009229391901757e-05	0.00021721423662168294	4.342534980490139e-07	-7.068866975697238e-07	-5.618454203853815e-06	-3.078560942250973e-07	0.04549240456956179	0.888997250006432	-0.0003767385625868762	-0.00551210508239274	0.009552271377739511	-0.04495734446219636	-0.047365445129054475	0.10560043589799963	-0.04426370428294318	-0.43570501938480455	0.0002843350918050362	0.01063544969388185	-0.012823783086126165	1.6735598274548686e-06	-0.0007921565704389816
-0.000689093696277086	-5.662658041430338e-05	1.702088255667611e-06	-7.528810854385809e-06	-9.265243088500189e-05	1.3156504903231596e-05	2.7807342018967325e-07	-5.368880525191462e-06	-3.1837689570183086e-05	-1.4805680821806633e-06	-0.09529486436725938	-0.387086708421468	-0.0006891566881782207	-0.00801273591878544	-0.025673134875442295	-0.06160658442385767	-0.05370594793700611	0.6569894042013625	-0.0728064521684293	-0.6242825761289137	-0.0008162834906218007	-0.022234986657965895	0.08043191576385465	2.374214213384899e-05	-0.007060176896227515
0.0002926020558219213	6.832724868449082e-05	8.276385978315266e-06	1.6873715836735372e-07	-9.248898587003277e-05	-0.00022989401047825392	-3.38443663464485e-06	-7.955135677498988e-06	-3.3960028921420516e-05	-8.616401804655981e-07	0.8691766621954595	-0.09338768546338995	0.0034134908056311936	0.053078212249226826	0.08097096094267878	0.29704802812869796	0.2757285897151282	-0.05672026823579178	-0.04617633729888332	-0.17053459241695776	-0.0003170908524560335	0.08400628497333845	0.1435709223867908	-8.580760304866544e-06	-0.007760760438741128
