tloc	tmcCabe	assertionDensity	assertionRoulette	mysteryGuest	eagerTest	sensitiveEquality	resourceOptimism	conditionalTestLogic	fireAndForget	loc	lcom2	lcom5	cbo	wmc	rfc	mpc	halsteadVocabulary	halsteadLength	halsteadVolume	classDataShouldBePrivate	complexClass	spaghettiCode	functionalDecomposition	godClass
6.925872618097685e-05	5.401727386747014e-06	1.994175841653138e-07	2.2127374718225097e-05	-8.712680506953014e-07	6.88050418938979e-05	6.674425791307307e-07	-2.08405525535098e-08	2.8981068860489086e-09	-4.615323800778826e-08	0.14043691250028886	0.2149822183804027	0.0006427382602881556	0.005047092737524611	0.017542585785522535	0.05735404276106403	0.0526016790752805	0.736034126393486	0.05799527868902628	0.6124171298153986	0.00011445019404917918	0.017535420772238797	0.08483599519357922	-4.619325454300915e-06	0.0009895760627131856
1.7252819178525172e-06	-2.305216497852453e-05	3.601639586001476e-06	3.4063197153784837e-05	-1.7009229391901537e-05	0.00021721423662168307	4.342534980490154e-07	-7.06886697569714e-07	-5.618454203853782e-06	-3.0785609422509437e-07	0.045492404569562314	0.8889972500064321	-0.00037673856258687373	-0.005512105082392713	0.009552271377739618	-0.04495734446219628	-0.047365445129054246	0.10560043589800029	-0.044263704282942955	-0.4357050193848041	0.00028433509180503794	0.010635449693881922	-0.012823783086126419	1.6735598274548247e-06	-0.0007921565704389733
-0.0006890936962771194	-5.662658041416446e-05	1.7020882555301438e-06	-7.528810854385352e-06	-9.265243088500169e-05	1.3156504903231853e-05	2.7807342018968844e-07	-5.36888052519145e-06	-3.1837689570182944e-05	-1.480568082180664e-06	-0.09529486436726022	-0.3870867084214677	-0.000689156688178227	-0.008012735918785506	-0.025673134875442434	-0.06160658442385814	-0.05370594793700664	0.6569894042013628	-0.07280645216842918	-0.6242825761289132	-0.0008162834906217953	-0.022234986657966	0.08043191576385439	2.3742142133849013e-05	-0.0070601768962275
0.0002926020558217894	6.832724868447518e-05	8.27638597827204e-06	1.6873715817317083e-07	-9.248898587004067e-05	-0.0002298940104782686	-3.384436634645925e-06	-7.955135677499476e-06	-3.3960028921428214e-05	-8.616401804657529e-07	0.869176662195454	-0.09338768546338991	0.0034134908056312266	0.05307821224922675	0.08097096094267903	0.29704802812870407	0.27572858971513375	-0.05672026823579148	-0.04617633729888478	-0.1705345924169585	-0.0003170908524560881	0.08400628497333923	0.14357092238679703	-8.58076030486408e-06	-0.007760760438741757
