tloc	tmcCabe	assertionDensity	assertionRoulette	mysteryGuest	eagerTest	sensitiveEquality	resourceOptimism	conditionalTestLogic	fireAndForget	loc	lcom2	lcom5	cbo	wmc	rfc	mpc	halsteadVocabulary	halsteadLength	halsteadVolume	classDataShouldBePrivate	complexClass	spaghettiCode	functionalDecomposition	godClass
0.0001271875794832542	8.512765030155636e-07	1.3526951788645778e-06	4.056368764604634e-05	3.384728577699959e-06	0.00017672582486209047	2.255872920933069e-06	3.5161599963913365e-07	8.557908573102861e-06	1.1527515282966053e-07	0.1285841545464929	0.557725473009927	0.0002496770244611838	0.0008680917480025787	0.017337714972895855	0.017355474587503233	0.012668430214886752	0.7246167340200679	0.03690622122131573	0.37571915379831494	0.000275520840569463	0.016871242020780757	0.06132699483899761	-6.1309412323054575e-06	0.001780711623969967
-0.0002682321133545762	-4.448228052591457e-05	4.469279198763574e-06	-2.8917836404265386e-06	-5.823907165837425e-05	7.263020826434753e-05	-5.460007964067739e-06	-3.2035885791233825e-06	-4.8440897654303215e-05	-1.360573492167285e-06	0.056874771563681835	0.7363462821999492	0.00011258982442251644	-0.0014476112457281073	0.011842105917446463	0.0012623772910887695	-0.001610206227856821	-0.25142695346116667	-0.07150870041923935	-0.6210988223707107	9.246840414964441e-06	0.016337852261784382	-0.004521560047380783	1.3755794902211662e-05	-0.005716068749777975
-0.0007790135525745348	-6.924675868492144e-05	2.311920838847324e-06	-1.7763432425775176e-05	-0.00010952022056967083	-1.430473942251729e-05	-1.9734498416277064e-06	-6.401941036552487e-06	-4.649720334731951e-05	-1.8689728058523775e-06	-0.07325898466878947	-0.352372798581276	-0.00048392857199559787	-0.007076273355696367	-0.02278784584079362	-0.04282957399173465	-0.03575477952502954	0.6315535700491449	-0.08169603566773487	-0.6722117639423674	-0.0008987197253459698	-0.018037604646694693	0.0947259596535217	2.6741890942794204e-05	-0.009030752277222878
0.0018338020010963373	5.043601132229331e-05	1.1127785098411106e-05	6.085053433083553e-05	9.57134222609238e-05	0.00012096984416123806	2.533543442525093e-05	8.084791083256314e-07	0.00012318301627963843	4.551883951286488e-06	0.9621696066396331	-0.1469944824664582	0.0017216072386421002	0.016829833537868617	0.05703277042515244	0.14609095249462004	0.12432221381145236	-0.03471211164771936	-0.01890370315773878	-0.06835732863240629	0.0007765146214755478	0.04243008955256888	0.06437763401635394	-7.226403251962883e-05	0.01004651425380444
