,tp,fp,tn,fn,precision,recall,accuracy,inspection_rate,f1_score,mcc,auc_pr
0,2.0,10.0,145.0,6.0,0.16666666666666666,0.25,0.901840490797546,0.0736196319018405,0.2,0.15343975513591754,0.06470401467717776
1,1.0,11.0,142.0,8.0,0.08333333333333333,0.1111111111111111,0.8827160493827161,0.07407407407407407,0.09523809523809525,0.034299717028501764,0.05692037354117769
2,3.0,14.0,137.0,20.0,0.17647058823529413,0.13043478260869565,0.8045977011494253,0.09770114942528736,0.15,0.04302735176823698,0.17454372079361755
3,3.0,15.0,131.0,19.0,0.16666666666666666,0.13636363636363635,0.7976190476190477,0.10714285714285714,0.15,0.03667364739768277,0.203465593803067
4,1.0,7.0,155.0,17.0,0.125,0.05555555555555555,0.8666666666666667,0.044444444444444446,0.07692307692307691,0.017972128867239735,0.08596937663792217
5,1.0,10.0,132.0,9.0,0.09090909090909091,0.1,0.875,0.07236842105263158,0.09523809523809525,0.028300833043430618,0.07335274706170847
6,2.0,20.0,133.0,11.0,0.09090909090909091,0.15384615384615385,0.8132530120481928,0.13253012048192772,0.1142857142857143,0.018325163309542817,0.17719937695421778
7,0.0,7.0,146.0,10.0,0.0,0.0,0.8957055214723927,0.04294478527607362,0.0,-0.05415530491506911,0.06639265217249513
8,3.0,5.0,116.0,12.0,0.375,0.2,0.875,0.058823529411764705,0.26086956521739135,0.2112536370658591,0.21704455911212545
9,1.0,12.0,152.0,10.0,0.07692307692307693,0.09090909090909091,0.8742857142857143,0.07428571428571429,0.08333333333333334,0.016417330014752023,0.059113991718901485
10,17.0,111.0,1389.0,122.0,0.1328125,0.1223021582733813,0.8578401464307505,0.07779347274966156,0.12734082397003743,0.05015131780964943,0.11787064064724104
