tloc	tmcCabe	assertionDensity	assertionRoulette	mysteryGuest	eagerTest	sensitiveEquality	resourceOptimism	conditionalTestLogic	fireAndForget	loc	lcom2	lcom5	cbo	wmc	rfc	mpc	halsteadVocabulary	halsteadLength	halsteadVolume	classDataShouldBePrivate	complexClass	spaghettiCode	functionalDecomposition	godClass
7.035384385350623e-05	5.408630027568066e-06	2.257610275459054e-07	2.271616278974019e-05	-9.351003779009649e-07	6.819116671747823e-05	6.587759835859192e-07	-2.4775368953462604e-08	5.0823322880516525e-08	-4.7080417360328616e-08	0.14044537323010503	0.21458695359710803	0.0006433875266395745	0.005049092806669713	0.017526307699116155	0.05741227247948636	0.052666186774091704	0.7361190039005994	0.057983154573521156	0.6124279486086567	0.00011445857076862244	0.017520657249946246	0.08494326070081369	-4.558423740811703e-06	0.0009903961774290239
