tloc	tmcCabe	assertionDensity	assertionRoulette	mysteryGuest	eagerTest	sensitiveEquality	resourceOptimism	conditionalTestLogic	fireAndForget	loc	lcom2	lcom5	cbo	wmc	rfc	mpc	halsteadVocabulary	halsteadLength	halsteadVolume	classDataShouldBePrivate	complexClass	spaghettiCode	functionalDecomposition	godClass
6.951920911468829e-05	5.470066621061477e-06	2.0696231876208723e-07	2.221084993966263e-05	-8.517384391942814e-07	6.880050418431397e-05	6.698603617093015e-07	-2.1782160243226428e-08	1.29803793386183e-07	-4.662290028449847e-08	0.1404363577808523	0.21497615360993869	0.000642718863486643	0.005048303458021294	0.01754283645703658	0.05735426424644813	0.05260186965713682	0.7360324893698857	0.057996315303795794	0.6124211948136591	0.00011444979141947077	0.017535068094137664	0.08483611372927131	-4.617552634908881e-06	0.0009894628695734096
