tloc	tmcCabe	assertionDensity	assertionRoulette	mysteryGuest	eagerTest	sensitiveEquality	resourceOptimism	conditionalTestLogic	fireAndForget	loc	lcom2	lcom5	cbo	wmc	rfc	mpc	halsteadVocabulary	halsteadLength	halsteadVolume	classDataShouldBePrivate	complexClass	spaghettiCode	functionalDecomposition	godClass
6.91586087974112e-05	5.315114143386824e-06	1.947804655519526e-07	2.2078756819583797e-05	-9.459639873134009e-07	6.916199034175427e-05	7.332914302977714e-07	-2.4455324153078276e-08	-6.894644623864307e-08	-4.795431565450749e-08	0.14070225542304166	0.21523855064977324	0.000642699122298147	0.005047848983664918	0.017555340145808552	0.05737164299065189	0.052613807807901376	0.7360134603109809	0.05797612931822333	0.6122881436998263	0.00011439015298610842	0.01754377001872171	0.08484596504330705	-4.6319698557058236e-06	0.0009892151933109117
2.3973522808862046e-06	-2.2624073295728037e-05	3.6433821222907215e-06	3.446992243914638e-05	-1.6659762864026954e-05	0.00021538637616441039	1.4316591808966762e-07	-6.898062982258751e-07	-5.250514317410803e-06	-2.9926971073962823e-07	0.04393999242597612	0.8888170559573206	-0.00038125070758728816	-0.005532258317552169	0.009472072581008321	-0.04520406436343619	-0.047575456670379206	0.10593018044075912	-0.04427210153581804	-0.4361032388707261	0.0002851853926529548	0.010568251249448761	-0.012903978327181227	1.7447273609477034e-06	-0.0007923397920612374
-0.0006954817428760081	-5.7915115829291176e-05	1.5448556152480977e-06	-9.232523980664371e-06	-9.400489364346824e-05	1.6189218245275588e-05	8.069789512828666e-07	-5.441539741952527e-06	-3.293924257531061e-05	-1.5104288521456598e-06	-0.09064281638451174	-0.3882028627217845	-0.0006672317273585036	-0.007928210780346496	-0.02544047755076941	-0.06082074006584969	-0.05302111375269435	0.65668302387929	-0.07292917909821525	-0.6246887147542826	-0.0008213804244602265	-0.02204247023848597	0.0808515206681032	2.3582946913055123e-05	-0.007087724891949926
