tloc	tmcCabe	assertionDensity	assertionRoulette	mysteryGuest	eagerTest	sensitiveEquality	resourceOptimism	conditionalTestLogic	fireAndForget	loc	lcom2	lcom5	cbo	wmc	rfc	mpc	halsteadVocabulary	halsteadLength	halsteadVolume	classDataShouldBePrivate	complexClass	spaghettiCode	functionalDecomposition	godClass
8.440994772038052e-05	1.244831900819553e-05	-7.682206833820809e-07	1.033718496010206e-05	3.0943776135793176e-06	9.03236275603222e-06	-1.0268725151602426e-07	1.7260132387083087e-07	2.585719951675692e-06	3.67210978500477e-08	0.13827532057390896	0.025763416938178022	0.0007472949210277105	0.00659529682486541	0.0162028767545186	0.07025973462460978	0.06572969591494648	0.6792481272994114	0.06735163928229833	0.7050433357925592	5.575559807573603e-05	0.016025582016252874	0.0859878943220553	-5.268486072660188e-06	0.0012861797244805948
0.0003967345426695084	1.7637579660848507e-05	-2.0338890035634164e-06	1.5138942463141119e-05	1.8990591859969815e-06	0.00018478813404684472	1.4383031760564106e-06	7.360358920685908e-07	1.4683949787224363e-05	1.6731762190973958e-07	0.13930109503241356	0.9881590129352459	-3.440379082482439e-05	0.0022670977854368224	0.024943284928542604	0.01928082915518031	0.010551100915989639	-0.030724877228667388	-0.003277965247155605	-0.03637080978320058	0.000599165306483143	0.025314972516387004	-0.010036940031744322	-8.67554197384569e-06	0.002616728820761007
