tloc	tmcCabe	assertionDensity	assertionRoulette	mysteryGuest	eagerTest	sensitiveEquality	resourceOptimism	conditionalTestLogic	fireAndForget	loc	lcom2	lcom5	cbo	wmc	rfc	mpc	halsteadVocabulary	halsteadLength	halsteadVolume	classDataShouldBePrivate	complexClass	spaghettiCode	functionalDecomposition	godClass
6.930919013684173e-05	5.390892028854207e-06	1.879775773149433e-07	2.1997955342764156e-05	-7.536434775897931e-07	6.879377994544815e-05	6.758565707275891e-07	-1.7930489165042864e-08	-2.0244882245312956e-08	-4.76850761586705e-08	0.14045624391541142	0.21503707366047087	0.0006427745644774528	0.005047658706632228	0.017544069163669355	0.05736948039753807	0.05261702033020184	0.7360866957031446	0.05797840558376526	0.6123250385362086	0.0001143864201719284	0.017539848622286337	0.08486392508975245	-4.563944581280504e-06	0.0009893717441082956
