tloc	tmcCabe	assertionDensity	assertionRoulette	mysteryGuest	eagerTest	sensitiveEquality	resourceOptimism	conditionalTestLogic	fireAndForget	loc	lcom2	lcom5	cbo	wmc	rfc	mpc	halsteadVocabulary	halsteadLength	halsteadVolume	classDataShouldBePrivate	complexClass	spaghettiCode	functionalDecomposition	godClass
6.861631547933407e-05	5.351902083704277e-06	1.9567587247982894e-07	2.1962774333523443e-05	-1.060709771008428e-06	6.890266527633406e-05	6.562780995951834e-07	-2.9311850256476233e-08	-2.106481932579912e-07	-3.7525978684522133e-08	0.1404730330830233	0.21519434661444953	0.0006431892301933689	0.005046270195086152	0.017550019437661955	0.05738505495959088	0.05263011524901797	0.7361172550577434	0.05796003808298458	0.6122204045861953	0.000114743146082922	0.01755014800733084	0.08491791380422362	-4.52597763553789e-06	0.000989416704769278
1.5430889533802697e-06	-2.301921698473392e-05	3.5819512793689914e-06	3.371874090953443e-05	-1.7010457963972132e-05	0.00021571450658219293	4.3441361563772266e-07	-7.303135151775633e-07	-5.3071234426226045e-06	-3.084938110035864e-07	0.04540914264693231	0.8888008879895547	-0.00037747425134428164	-0.005518876906264886	0.009518810976703575	-0.04508027309451491	-0.047468043545110104	0.10563306854908248	-0.04428372111125493	-0.43607875919949485	0.0002838574068399366	0.010597205005094543	-0.012930553262765094	1.6487779681486557e-06	-0.0007939881850545313
