tloc	tmcCabe	assertionDensity	assertionRoulette	mysteryGuest	eagerTest	sensitiveEquality	resourceOptimism	conditionalTestLogic	fireAndForget	loc	lcom2	lcom5	cbo	wmc	rfc	mpc	halsteadVocabulary	halsteadLength	halsteadVolume	classDataShouldBePrivate	complexClass	spaghettiCode	functionalDecomposition	godClass
6.803379241354551e-05	5.694440635650386e-06	2.223930745036733e-07	2.2237818516056112e-05	-1.0803791824173329e-06	6.827086280286012e-05	6.050024191793031e-07	-2.982965321188118e-08	-7.982948058946407e-07	-5.0513009371925804e-08	0.1406302020626327	0.21648320564303872	0.000643909916404162	0.005080751939901974	0.017591041656781724	0.057744056654830886	0.05297563795486509	0.7348677733655901	0.058024884738429004	0.6131534308454519	0.00011538522530105421	0.017591834029758186	0.08495025998693984	-4.16450873866581e-06	0.0009982263882935077
