tloc	tmcCabe	assertionDensity	assertionRoulette	mysteryGuest	eagerTest	sensitiveEquality	resourceOptimism	conditionalTestLogic	fireAndForget	loc	lcom2	lcom5	cbo	wmc	rfc	mpc	halsteadVocabulary	halsteadLength	halsteadVolume	classDataShouldBePrivate	complexClass	spaghettiCode	functionalDecomposition	godClass
6.322140099803676e-05	4.941083354744718e-06	1.3810582614097223e-07	2.209582919725488e-05	-1.316147049162824e-06	6.823127294481515e-05	6.55645565311513e-07	-2.354178720636395e-08	-1.000427240193659e-06	-5.601387989135041e-08	0.14073999318929897	0.21389919234600077	0.0006442075006213111	0.00507583426317252	0.01751837027439536	0.057756607904459654	0.05301599215694663	0.7377219090435694	0.05765525237606975	0.6105354740878286	0.00011518820948753021	0.017582671103229808	0.08566424073933648	-4.510569885023377e-06	0.0009762199255437737
-5.428452917263989e-06	-2.3090894904089547e-05	3.7550018332671477e-06	3.7064329562209306e-05	-1.6255414415901e-05	0.00022418208853557678	4.0571752507026507e-07	-6.26510141492414e-07	-3.3360521757464393e-06	-2.9201719083357186e-07	0.04483074563478066	0.8879897278103032	-0.0003793751371135318	-0.005612943720835003	0.009243241107220256	-0.046966933671416335	-0.049246599029967655	0.10746406767686603	-0.04421178457433675	-0.4369317873832938	0.0002889933473258365	0.010234858526079103	-0.014077055876776207	1.5799702676548015e-06	-0.0007708488577230704
