tloc	tmcCabe	assertionDensity	assertionRoulette	mysteryGuest	eagerTest	sensitiveEquality	resourceOptimism	conditionalTestLogic	fireAndForget	loc	lcom2	lcom5	cbo	wmc	rfc	mpc	halsteadVocabulary	halsteadLength	halsteadVolume	classDataShouldBePrivate	complexClass	spaghettiCode	functionalDecomposition	godClass
6.64520025867915e-05	5.245378017649801e-06	1.8524317698988197e-07	2.184374198419942e-05	-1.198954683753123e-06	6.878521454279381e-05	6.420913656732299e-07	-3.595731955023436e-08	-2.5479656701309764e-07	-5.689583280963426e-08	0.14040685039599984	0.215171327598287	0.0006433922255735064	0.005047681567158875	0.017540693204637647	0.05740533124319769	0.052655250765070605	0.7362800792822961	0.0579268572714487	0.6120382404079532	0.00011302060348242141	0.01755577690613131	0.08498124848039033	-4.46332232806177e-06	0.0009877681140635787
