tloc	tmcCabe	assertionDensity	assertionRoulette	mysteryGuest	eagerTest	sensitiveEquality	resourceOptimism	conditionalTestLogic	fireAndForget	loc	lcom2	lcom5	cbo	wmc	rfc	mpc	halsteadVocabulary	halsteadLength	halsteadVolume	classDataShouldBePrivate	complexClass	spaghettiCode	functionalDecomposition	godClass
6.305241705913476e-05	4.499233901722189e-06	3.3795183242677327e-07	2.2861823854467696e-05	-2.4504059979899146e-06	7.157238940437845e-05	4.841055129791538e-07	-2.74791190225432e-07	-1.4453863750139593e-06	-4.892214229590588e-08	0.1396675108523113	0.22154185335870488	0.0006799637891248875	0.005229486193046929	0.018132821200292446	0.060277205872714075	0.05537304420259633	0.7338290372639481	0.05755108591086484	0.6122478781278471	7.423487351410371e-05	0.01821170718102792	0.08578586773656229	-4.4194316054643364e-06	0.0007243716525669084
-8.223424482889111e-06	-2.394622383638734e-05	3.920349373954679e-06	3.4873559123493615e-05	-1.7621270323598924e-05	0.0002317926328627493	1.0689318298397446e-06	-5.193699764700413e-07	-4.3683641759689935e-06	-3.1623347807277435e-07	0.030673204445822114	0.8754363872686961	-0.00047299458266279455	-0.006679542792708315	0.007831407908299552	-0.05619944792800965	-0.05791469811315371	0.12462370546021755	-0.045505841002969796	-0.4561683960579869	0.0004091322408786768	0.008692707821376287	-0.016849521547442507	1.6874451466916916e-06	-0.000690829251329269
