tloc	tmcCabe	assertionDensity	assertionRoulette	mysteryGuest	eagerTest	sensitiveEquality	resourceOptimism	conditionalTestLogic	fireAndForget	loc	lcom2	lcom5	cbo	wmc	rfc	mpc	halsteadVocabulary	halsteadLength	halsteadVolume	classDataShouldBePrivate	complexClass	spaghettiCode	functionalDecomposition	godClass
6.94329785081447e-05	5.446617893059948e-06	2.0418866056988203e-07	2.2148999552511404e-05	-8.265892654286011e-07	6.877669141828086e-05	6.690072700836167e-07	-1.8785726949060593e-08	3.700036349188248e-08	-4.4950630804626035e-08	0.1404268517353708	0.21486931267966283	0.0006427746648110622	0.005047689692198203	0.017540020161430466	0.05735142415352007	0.05259972019417387	0.7360279834893538	0.05800282935334996	0.6124673679903812	0.00011430385134346158	0.017530747603110713	0.08482858720910597	-4.616654482550033e-06	0.0009897986671951785
-9.302417525163369e-06	-2.4512543734610574e-05	3.827266671750698e-06	3.5607212443103785e-05	-1.673840311005462e-05	0.00020901294340884308	3.8627617735242965e-07	-7.792564504935472e-07	-5.5336544470189774e-06	-2.8541446251417e-07	0.041145696000233975	0.8844421677664618	-0.00038809251191693537	-0.005743074152904959	0.008738036155769199	-0.04700140847842865	-0.04914822000958839	0.1141607754217134	-0.04489093806571613	-0.442750282583264	0.00023204128930607776	0.009772886395947502	-0.012765440027285906	1.9688671091152023e-06	-0.0008121454931627421
-0.000681404539040427	-5.3838013044579186e-05	9.965773967140967e-07	-1.347428566080189e-05	-9.779033960086751e-05	3.6468227436872596e-05	4.1077773837190266e-07	-5.3928517412416905e-06	-3.3714652501821444e-05	-1.6215402109296951e-06	-0.08163561800032894	-0.3995838022003761	-0.0006594201558177609	-0.007274764736179482	-0.02380753705987427	-0.05544004101712255	-0.048138975197930284	0.6544176590372676	-0.07336043552093906	-0.6216326266417368	-0.0006839563366141257	-0.020054849362234145	0.08443565376027411	2.3683723864384998e-05	-0.007309108569029028
