tloc	tmcCabe	assertionDensity	assertionRoulette	mysteryGuest	eagerTest	sensitiveEquality	resourceOptimism	conditionalTestLogic	fireAndForget	loc	lcom2	lcom5	cbo	wmc	rfc	mpc	halsteadVocabulary	halsteadLength	halsteadVolume	classDataShouldBePrivate	complexClass	spaghettiCode	functionalDecomposition	godClass
5.372033950022231e-05	3.924224725905244e-06	1.854772266061225e-07	2.2340520707693255e-05	-1.7413817384997482e-06	6.859635168133079e-05	6.375385566840557e-07	-4.850835181979223e-08	-1.5137728584493535e-06	-9.424180142542151e-08	0.141805959811651	0.21228909976599247	0.0006600475483116964	0.005127519341865091	0.017660298460063437	0.05833060897031131	0.0535678610881514	0.7420754751396814	0.05708973436667491	0.6054305823254906	0.00011642416152916494	0.017693718057656613	0.08612930202125581	-4.611204245910665e-06	0.0010170237533497842
