tloc	tmcCabe	assertionDensity	assertionRoulette	mysteryGuest	eagerTest	sensitiveEquality	resourceOptimism	conditionalTestLogic	fireAndForget	loc	lcom2	lcom5	cbo	wmc	rfc	mpc	halsteadVocabulary	halsteadLength	halsteadVolume	classDataShouldBePrivate	complexClass	spaghettiCode	functionalDecomposition	godClass
7.224457732671364e-05	5.952671824108074e-06	2.045797327266902e-07	2.288476528315806e-05	-5.585087621701336e-07	6.926986885545798e-05	6.979542721135591e-07	-5.540963868967015e-09	4.0032872314760286e-07	-3.9854341217722606e-08	0.14015634357531065	0.21602248876382785	0.0006458630877342666	0.005071488809420825	0.01750855160414282	0.056872845161063765	0.05221569084548687	0.7356114042954448	0.05801224468379302	0.6127261258095995	0.00011533936383956547	0.01748665176941601	0.08465894564159615	-4.579209903651698e-06	0.0009951974707182313
