tloc	tmcCabe	assertionDensity	assertionRoulette	mysteryGuest	eagerTest	sensitiveEquality	resourceOptimism	conditionalTestLogic	fireAndForget	loc	lcom2	lcom5	cbo	wmc	rfc	mpc	halsteadVocabulary	halsteadLength	halsteadVolume	classDataShouldBePrivate	complexClass	spaghettiCode	functionalDecomposition	godClass
6.687388246745853e-05	5.1557538354967655e-06	1.9017856424857945e-07	2.1809566786906394e-05	-1.1540425720361797e-06	6.842771369379719e-05	6.902444855961848e-07	-4.7166663032939864e-08	-3.7284430246296977e-07	-5.3138305598222356e-08	0.1405124718375779	0.21342963371986254	0.0006441851979348111	0.0050564695389749064	0.017515752286759872	0.05743970953032768	0.05270474036517626	0.736742636820611	0.05791655202120972	0.6120536906123313	0.00011445127889855064	0.0175120691139077	0.08504531213445814	-4.386705132420141e-06	0.0009908714104941566
3.3673541048624215e-06	-2.2798820150089296e-05	3.570245878631407e-06	3.431086303029377e-05	-1.7231590266433636e-05	0.0002187947219995288	4.388940537008412e-07	-7.560228532113773e-07	-6.170317403445544e-06	-3.0204366482886793e-07	0.046202796686709326	0.8876871237904917	-0.00037373699439638495	-0.005501500452818207	0.0095565677832394	-0.04494314932430818	-0.04732159644913914	0.10886282795398992	-0.04449624967554433	-0.43748837407070984	0.0002864653090108155	0.010614282340939358	-0.012465488579323392	1.5895310023562455e-06	-0.0007906442627674683
