tloc	tmcCabe	assertionDensity	assertionRoulette	mysteryGuest	eagerTest	sensitiveEquality	resourceOptimism	conditionalTestLogic	fireAndForget	loc	lcom2	lcom5	cbo	wmc	rfc	mpc	halsteadVocabulary	halsteadLength	halsteadVolume	classDataShouldBePrivate	complexClass	spaghettiCode	functionalDecomposition	godClass
6.812763185087511e-05	5.225503085513358e-06	2.4882642202398996e-07	2.194507770110518e-05	-1.1744825416269937e-06	6.89793771071962e-05	6.507916654947015e-07	-4.13897021470621e-08	-1.3524387713345236e-07	-4.682808114608723e-08	0.14041454389546912	0.21507664626581222	0.0006431975907700831	0.005045549482388761	0.017541347024528125	0.057377834931020465	0.05262667900038544	0.736183059983064	0.05795718900030399	0.6121991637584805	0.00011418324627005884	0.017544020881736167	0.08490756789496419	-4.57745803821971e-06	0.0009890846797576168
2.127178142185747e-06	-2.3086762058423566e-05	3.6013318210085722e-06	3.4136924210694534e-05	-1.6937321163100824e-05	0.00021683847740753653	4.3794579456353305e-07	-6.882176479353812e-07	-5.622727498508257e-06	-3.015230451670445e-07	0.04542720029636554	0.8889897891985375	-0.0003777323379268543	-0.0055151488885596105	0.00953935410814451	-0.045012385454792726	-0.04741653479634778	0.10541569943242167	-0.04425433596412048	-0.4357598605725664	0.0002844327713573086	0.010624280531679417	-0.012896184497721322	1.6407433159792592e-06	-0.0007961388027327087
