tloc	tmcCabe	assertionDensity	assertionRoulette	mysteryGuest	eagerTest	sensitiveEquality	resourceOptimism	conditionalTestLogic	fireAndForget	loc	lcom2	lcom5	cbo	wmc	rfc	mpc	halsteadVocabulary	halsteadLength	halsteadVolume	classDataShouldBePrivate	complexClass	spaghettiCode	functionalDecomposition	godClass
6.895158356528908e-05	5.3822615199664485e-06	2.0877070928849224e-07	2.1823924626248258e-05	-6.55403965498887e-07	6.79397702880118e-05	6.51842987203423e-07	-1.1400374918176356e-08	2.0481726649243753e-08	-3.752205860307215e-08	0.14054349004014882	0.215132849251432	0.000642957292736799	0.005057683235102721	0.01750527012173595	0.05743052183098006	0.05268901872803399	0.7362632619015823	0.05793004001533119	0.6120385857977769	0.00011503216057177973	0.017491061337005006	0.08497588431599566	-4.599738500128292e-06	0.0009934147527316966
2.1140751867603427e-06	-2.291945880915471e-05	3.577145063823495e-06	3.415115032423142e-05	-1.7188623079059297e-05	0.00021756451386547324	4.521034616929732e-07	-7.167293514885576e-07	-5.571436446503472e-06	-3.1367956041883384e-07	0.04536246760715208	0.8889629899844951	-0.00037676272216627946	-0.005525058170121254	0.009557301393127361	-0.045065038327429766	-0.047472604016502676	0.10533106891543527	-0.04425575668555874	-0.43582771373085744	0.0002840073681760831	0.01064064995221754	-0.01294389567024938	1.6513761334523437e-06	-0.0007955479424323186
