tloc	tmcCabe	assertionDensity	assertionRoulette	mysteryGuest	eagerTest	sensitiveEquality	resourceOptimism	conditionalTestLogic	fireAndForget	loc	lcom2	lcom5	cbo	wmc	rfc	mpc	halsteadVocabulary	halsteadLength	halsteadVolume	classDataShouldBePrivate	complexClass	spaghettiCode	functionalDecomposition	godClass
6.824646796354192e-05	5.509299444309293e-06	2.1484373946408138e-07	2.2228917530926943e-05	-9.022601230130497e-07	6.870387429628069e-05	6.665690536348397e-07	-9.178830515036385e-09	4.6343012381570413e-08	-7.811778735776479e-08	0.1405226458106244	0.21548638375790952	0.0006443960115056326	0.005049074734940737	0.01754815861043343	0.05743700765872713	0.052683437779309214	0.736500528098646	0.057871670977360644	0.6116303688791731	0.00011451084344442484	0.01754957907936736	0.08501975926230577	-4.5927752501087735e-06	0.0006059182264692094
2.047088165834539e-06	-2.2947982326773817e-05	3.613361497577196e-06	3.4489506612743206e-05	-1.6935875660457345e-05	0.00021824605543048077	4.251904552196079e-07	-7.05373157912806e-07	-5.301543832772393e-06	-2.3454021281425413e-07	0.04532441971865993	0.8886616944297756	-0.0003802607913826494	-0.005532855111296658	0.009527695387205099	-0.045257746303196796	-0.04764078457871313	0.10525920854385419	-0.044286026514859966	-0.43641973190627753	0.00028448809910694434	0.010596867260905597	-0.013079236030739447	1.6444573657822338e-06	-0.0004708066905484877
