tloc	tmcCabe	assertionDensity	assertionRoulette	mysteryGuest	eagerTest	sensitiveEquality	resourceOptimism	conditionalTestLogic	fireAndForget	loc	lcom2	lcom5	cbo	wmc	rfc	mpc	halsteadVocabulary	halsteadLength	halsteadVolume	classDataShouldBePrivate	complexClass	spaghettiCode	functionalDecomposition	godClass
6.941149390990194e-05	5.436239281778293e-06	2.066329900682618e-07	2.213062524330998e-05	-8.33705535979727e-07	6.883309152697768e-05	6.63564588647225e-07	-1.9244776590311104e-08	4.3443304040340584e-08	-4.536008567608701e-08	0.14045233262039009	0.21499576560731967	0.0006425751342316142	0.005047442572647309	0.0175431484689536	0.0573548452029958	0.05260224104626054	0.7360374606237217	0.05799377963861521	0.6124041961771315	0.00011455027529464329	0.017535187917966138	0.0848406158712307	-4.61063724033103e-06	0.0009898554365737938
