tloc	tmcCabe	assertionDensity	assertionRoulette	mysteryGuest	eagerTest	sensitiveEquality	resourceOptimism	conditionalTestLogic	fireAndForget	loc	lcom2	lcom5	cbo	wmc	rfc	mpc	halsteadVocabulary	halsteadLength	halsteadVolume	classDataShouldBePrivate	complexClass	spaghettiCode	functionalDecomposition	godClass
6.925872618075459e-05	5.401727386746958e-06	1.994175841653211e-07	2.2127374718225253e-05	-8.712680506952896e-07	6.880504189389859e-05	6.674425791307314e-07	-2.0840552553508854e-08	2.89810688606559e-09	-4.615323800778797e-08	0.14043691250028886	0.21498221838040563	0.0006427382602881531	0.005047092737524595	0.017542585785522567	0.057354042761064	0.05260167907528035	0.7360341263934858	0.0579952786890263	0.6124171298153975	0.00011445019404918058	0.01753542077223881	0.08483599519357923	-4.619325454300923e-06	0.0009895760627131865
