tloc	tmcCabe	assertionDensity	assertionRoulette	mysteryGuest	eagerTest	sensitiveEquality	resourceOptimism	conditionalTestLogic	fireAndForget	loc	lcom2	lcom5	cbo	wmc	rfc	mpc	halsteadVocabulary	halsteadLength	halsteadVolume	classDataShouldBePrivate	complexClass	spaghettiCode	functionalDecomposition	godClass
0.00012718757948327464	8.512765030155146e-07	1.3526951788645835e-06	4.0563687646046385e-05	3.3847285776998637e-06	0.00017672582486209069	2.25587292093307e-06	3.516159996391297e-07	8.557908573102806e-06	1.1527515282965804e-07	0.12858415454649277	0.557725473009928	0.00024967702446118353	0.0008680917480025734	0.01733771497289586	0.017355474587503195	0.01266843021488672	0.7246167340200675	0.036906221221315656	0.37571915379831416	0.00027552084056946307	0.016871242020780743	0.061326994838997784	-6.130941232305439e-06	0.0017807116239699616
