tloc	tmcCabe	assertionDensity	assertionRoulette	mysteryGuest	eagerTest	sensitiveEquality	resourceOptimism	conditionalTestLogic	fireAndForget	loc	lcom2	lcom5	cbo	wmc	rfc	mpc	halsteadVocabulary	halsteadLength	halsteadVolume	classDataShouldBePrivate	complexClass	spaghettiCode	functionalDecomposition	godClass
6.878862731301094e-05	5.49188908807822e-06	1.988802974089202e-07	2.2043380617200462e-05	-1.0313496000394424e-06	6.862648644574752e-05	6.796503242332806e-07	-2.7628466812423837e-08	5.598973528142733e-08	-4.885891868165464e-08	0.14040527650233486	0.21501998241029804	0.0006429771081813597	0.005044016548222662	0.017538540261409462	0.05736065341444096	0.05260984551680873	0.7361242811423622	0.057972682776396535	0.6122978662317375	0.00011429729374456145	0.017540127038814975	0.08487724213404929	-4.560148230270915e-06	0.0009887426119739298
