tloc	tmcCabe	assertionDensity	assertionRoulette	mysteryGuest	eagerTest	sensitiveEquality	resourceOptimism	conditionalTestLogic	fireAndForget	loc	lcom2	lcom5	cbo	wmc	rfc	mpc	halsteadVocabulary	halsteadLength	halsteadVolume	classDataShouldBePrivate	complexClass	spaghettiCode	functionalDecomposition	godClass
6.925872618086432e-05	5.401727386746953e-06	1.9941758416531258e-07	2.2127374718225074e-05	-8.712680506953115e-07	6.880504189389791e-05	6.674425791307282e-07	-2.0840552553511484e-08	2.8981068860347973e-09	-4.6153238007788064e-08	0.1404369125002887	0.21498221838040257	0.0006427382602881537	0.005047092737524599	0.01754258578552251	0.057354042761064185	0.05260167907528044	0.7360341263934858	0.057995278689026396	0.6124171298153989	0.00011445019404917949	0.01753542077223877	0.0848359951935792	-4.619325454300909e-06	0.0009895760627131878
1.7252819179011539e-06	-2.3052164978542067e-05	3.6016395860014054e-06	3.4063197153785006e-05	-1.700922939190026e-05	0.00021721423662168253	4.3425349804902166e-07	-7.068866975696392e-07	-5.6184542038533e-06	-3.0785609422507394e-07	0.04549240456956313	0.8889972500064371	-0.00037673856258686614	-0.005512105082392622	0.009552271377739889	-0.04495734446219567	-0.047365445129053774	0.10560043589799152	-0.04426370428294191	-0.4357050193847951	0.00028433509180504846	0.010635449693882276	-0.012823783086127409	1.6735598274544935e-06	-0.000792156570438874
-0.000689093696276986	-5.662658041419919e-05	1.7020882556724989e-06	-7.5288108543840486e-06	-9.265243088500176e-05	1.3156504903236444e-05	2.7807342018977823e-07	-5.368880525191442e-06	-3.183768957018275e-05	-1.4805680821806555e-06	-0.09529486436725998	-0.3870867084214553	-0.0006891566881782332	-0.008012735918785647	-0.02567313487544232	-0.061606584423859134	-0.053705947937007656	0.6569894042013646	-0.07280645216842975	-0.6242825761289187	-0.0008162834906217932	-0.022234986657965937	0.08043191576385406	2.3742142133848867e-05	-0.00706017689622748
0.00029260205582177384	6.832724868446711e-05	8.276385978345587e-06	1.6873715831810667e-07	-9.24889858700408e-05	-0.000229894010478268	-3.3844366346458997e-06	-7.955135677499472e-06	-3.3960028921428254e-05	-8.616401804657487e-07	0.8691766621954539	-0.09338768546338959	0.003413490805631222	0.0530782122492267	0.08097096094267885	0.29704802812870335	0.27572858971513353	-0.05672026823579085	-0.046176337298885206	-0.17053459241695912	-0.00031709085245608886	0.0840062849733392	0.14357092238679703	-8.580760304864039e-06	-0.007760760438741869
