tloc	tmcCabe	assertionDensity	assertionRoulette	mysteryGuest	eagerTest	sensitiveEquality	resourceOptimism	conditionalTestLogic	fireAndForget	loc	lcom2	lcom5	cbo	wmc	rfc	mpc	halsteadVocabulary	halsteadLength	halsteadVolume	classDataShouldBePrivate	complexClass	spaghettiCode	functionalDecomposition	godClass
6.925872618084264e-05	5.401727386746983e-06	1.9941758416531774e-07	2.212737471822521e-05	-8.712680506953142e-07	6.880504189389825e-05	6.674425791307316e-07	-2.084055255351044e-08	2.8981068860468543e-09	-4.615323800778799e-08	0.1404369125002888	0.21498221838040424	0.0006427382602881542	0.005047092737524609	0.01754258578552254	0.057354042761064185	0.05260167907528051	0.7360341263934859	0.05799527868902633	0.6124171298153984	0.00011445019404917964	0.017535420772238807	0.08483599519357927	-4.619325454300925e-06	0.0009895760627131845
1.7252819178448488e-06	-2.3052164978427484e-05	3.6016395860014723e-06	3.406319715378486e-05	-1.700922939190118e-05	0.00021721423662168278	4.342534980490186e-07	-7.068866975696908e-07	-5.61845420385362e-06	-3.0785609422508844e-07	0.04549240456956215	0.8889972500064329	-0.00037673856258687276	-0.0055121050823926845	0.00955227137773962	-0.04495734446219609	-0.047365445129054225	0.10560043589799699	-0.04426370428294276	-0.4357050193848026	0.00028433509180504076	0.010635449693882035	-0.012823783086126793	1.673559827454731e-06	-0.0007921565704389414
-0.0006890936962769842	-5.6626580414263434e-05	1.702088255543848e-06	-7.528810854384959e-06	-9.265243088500164e-05	1.3156504903234928e-05	2.780734201897851e-07	-5.368880525191436e-06	-3.183768957018269e-05	-1.4805680821806561e-06	-0.09529486436725988	-0.3870867084214644	-0.0006891566881782293	-0.00801273591878558	-0.025673134875442403	-0.061606584423858655	-0.05370594793700711	0.6569894042013633	-0.07280645216842933	-0.6242825761289142	-0.000816283490621792	-0.022234986657965982	0.08043191576385404	2.3742142133848854e-05	-0.007060176896227502
0.00029260205582182735	6.83272486844714e-05	8.27638597836139e-06	1.6873715816790946e-07	-9.248898587003151e-05	-0.00022989401047824706	-3.384436634644479e-06	-7.955135677498896e-06	-3.3960028921418944e-05	-8.616401804655767e-07	0.8691766621954607	-0.09338768546339073	0.0034134908056311693	0.05307821224922642	0.08097096094267846	0.2970480281286949	0.2757285897151252	-0.05672026823579072	-0.04617633729888314	-0.17053459241695812	-0.00031709085245602343	0.08400628497333798	0.1435709223867896	-8.58076030486693e-06	-0.00776076043874103
