tloc	tmcCabe	assertionDensity	assertionRoulette	mysteryGuest	eagerTest	sensitiveEquality	resourceOptimism	conditionalTestLogic	fireAndForget	loc	lcom2	lcom5	cbo	wmc	rfc	mpc	halsteadVocabulary	halsteadLength	halsteadVolume	classDataShouldBePrivate	complexClass	spaghettiCode	functionalDecomposition	godClass
7.224457732671653e-05	5.9526718241080425e-06	2.045797327266814e-07	2.2884765283157984e-05	-5.585087621701287e-07	6.926986885545762e-05	6.97954272113551e-07	-5.540963868967142e-09	4.003287231475905e-07	-3.9854341217722944e-08	0.14015634357531065	0.21602248876382646	0.0006458630877342673	0.005071488809420841	0.017508551604142823	0.05687284516106397	0.05221569084548705	0.7356114042954438	0.058012244683793186	0.6127261258096012	0.0001153393638395654	0.017486651769416016	0.08465894564159616	-4.579209903651692e-06	0.000995197470718235
-1.0791444248321162e-06	-2.357876605085005e-05	3.601360922724501e-06	3.332493107965284e-05	-1.7319252338374325e-05	0.00021687552856528534	4.047394493661828e-07	-7.220260341964454e-07	-6.002277857322177e-06	-3.139503655183379e-07	0.045693491941095066	0.8884641326576141	-0.0003804867996055283	-0.005543044520410367	0.009577924119518015	-0.04457674526116479	-0.04707391774913886	0.10555918825107398	-0.04436229155165741	-0.43684153914652574	0.00028357519717797224	0.010675267828178204	-0.012725064787283984	1.6473807195919722e-06	-0.0007997091660021967
-0.0006733665035876707	-5.236223343068481e-05	1.5055353054387397e-06	-1.602462501554132e-06	-9.05593002010556e-05	1.571504633148378e-05	5.154356420986555e-07	-5.265931893432442e-06	-2.846467366502341e-05	-1.4254846688837461e-06	-0.10194507576540957	-0.38694353509748947	-0.0006712501842526568	-0.007957875374783138	-0.026558923200060387	-0.06768884153169857	-0.058680548888672926	0.6579430451150164	-0.07260630827971373	-0.6213865080372487	-0.0008160753775443711	-0.023307600745266027	0.07881469328093844	2.4123275457147332e-05	-0.007036347997886808
0.00035297960842789147	8.417709282992562e-05	8.062241567871224e-06	1.8624972319362008e-05	-8.798462626951263e-05	-0.00022615829170309634	-2.6260518502693147e-06	-7.827630918670765e-06	-2.3288606004603216e-05	-6.907938397142495e-07	0.8747633266906226	-0.09844934487224491	0.0035556087552123168	0.05471664841836907	0.08034445507173939	0.2855716264400785	0.26712662202918386	-0.05000372383317541	-0.0476964951652828	-0.1749529000475079	-0.00032444809630196176	0.08288953820570744	0.1428627883808061	-7.477451384844106e-06	-0.007917276848830862
