tloc	tmcCabe	assertionDensity	assertionRoulette	mysteryGuest	eagerTest	sensitiveEquality	resourceOptimism	conditionalTestLogic	fireAndForget	loc	lcom2	lcom5	cbo	wmc	rfc	mpc	halsteadVocabulary	halsteadLength	halsteadVolume	classDataShouldBePrivate	complexClass	spaghettiCode	functionalDecomposition	godClass
6.925872618096568e-05	5.401727386746952e-06	1.9941758416531292e-07	2.2127374718225118e-05	-8.712680506953534e-07	6.880504189389778e-05	6.674425791307279e-07	-2.084055255351232e-08	2.898106886021799e-09	-4.615323800778903e-08	0.14043691250028903	0.214982218380403	0.0006427382602881554	0.005047092737524619	0.01754258578552257	0.05735404276106428	0.052601679075280676	0.7360341263934861	0.05799527868902633	0.6124171298153992	0.00011445019404917921	0.017535420772238814	0.0848359951935794	-4.61932545430091e-06	0.0009895760627131832
1.7252819179557322e-06	-2.305216497855586e-05	3.60163958600145e-06	3.406319715378502e-05	-1.7009229391900317e-05	0.0002172142366216829	4.34253498049012e-07	-7.068866975696412e-07	-5.618454203853312e-06	-3.078560942250746e-07	0.045492404569563445	0.8889972500064375	-0.0003767385625868639	-0.0055121050823925995	0.009552271377739913	-0.04495734446219554	-0.04736544512905357	0.10560043589799158	-0.04426370428294195	-0.43570501938479567	0.00028433509180504917	0.010635449693882247	-0.012823783086127541	1.6735598274544988e-06	-0.0007921565704388753
-0.0006890936962769971	-5.662658041420249e-05	1.702088255395836e-06	-7.5288108543848185e-06	-9.265243088500155e-05	1.3156504903234985e-05	2.7807342018973275e-07	-5.368880525191438e-06	-3.183768957018264e-05	-1.4805680821806612e-06	-0.09529486436725983	-0.3870867084214557	-0.0006891566881782361	-0.00801273591878563	-0.025673134875442406	-0.0616065844238592	-0.05370594793700764	0.6569894042013648	-0.07280645216842974	-0.6242825761289187	-0.0008162834906217921	-0.02223498665796599	0.08043191576385432	2.374214213384893e-05	-0.007060176896227509
0.00029260205582177547	6.832724868450367e-05	8.276385978291698e-06	1.6873715824871593e-07	-9.248898587004421e-05	-0.00022989401047827408	-3.3844366346463563e-06	-7.955135677499686e-06	-3.3960028921431697e-05	-8.616401804658229e-07	0.8691766621954516	-0.09338768546338969	0.0034134908056312353	0.05307821224922653	0.08097096094267893	0.2970480281287061	0.27572858971513614	-0.05672026823579142	-0.046176337298885976	-0.1705345924169592	-0.00031709085245610474	0.08400628497333955	0.14357092238679914	-8.580760304862977e-06	-0.007760760438742075
