tloc	tmcCabe	assertionDensity	assertionRoulette	mysteryGuest	eagerTest	sensitiveEquality	resourceOptimism	conditionalTestLogic	fireAndForget	loc	lcom2	lcom5	cbo	wmc	rfc	mpc	halsteadVocabulary	halsteadLength	halsteadVolume	classDataShouldBePrivate	complexClass	spaghettiCode	functionalDecomposition	godClass
0.0001271875794834549	8.512765030155786e-07	1.3526951788645774e-06	4.0563687646046236e-05	3.3847285776999467e-06	0.00017672582486209042	2.2558729209330753e-06	3.516159996391335e-07	8.557908573102855e-06	1.1527515282966034e-07	0.12858415454649266	0.5577254730099274	0.0002496770244611834	0.0008680917480025788	0.017337714972895876	0.017355474587503212	0.012668430214886757	0.7246167340200677	0.03690622122131572	0.3757191537983151	0.00027552084056946334	0.016871242020780736	0.06132699483899758	-6.130941232305457e-06	0.0017807116239699715
-0.0002682321133545223	-4.4482280525867474e-05	4.469279198763548e-06	-2.8917836404265822e-06	-5.823907165837419e-05	7.263020826434758e-05	-5.46000796406773e-06	-3.2035885791233817e-06	-4.844089765430317e-05	-1.3605734921672845e-06	0.05687477156368208	0.736346282199949	0.00011258982442251698	-0.0014476112457281034	0.011842105917446487	0.0012623772910888005	-0.0016102062278567995	-0.2514269534611668	-0.07150870041923939	-0.6210988223707103	9.246840414965307e-06	0.0163378522617844	-0.004521560047380909	1.3755794902211643e-05	-0.0057160687497779675
-0.000779013552574447	-6.92467586848901e-05	2.3119208390862383e-06	-1.7763432425775444e-05	-0.00010952022056967115	-1.4304739422517184e-05	-1.973449841627711e-06	-6.401941036552501e-06	-4.6497203347319715e-05	-1.8689728058523853e-06	-0.07325898466878943	-0.35237279858127607	-0.0004839285719955985	-0.007076273355696385	-0.022787845840793627	-0.04282957399173469	-0.035754779525029645	0.6315535700491453	-0.08169603566773505	-0.6722117639423673	-0.0008987197253459689	-0.018037604646694672	0.09472595965352193	2.6741890942794252e-05	-0.00903075227722288
0.0018338020010963214	5.043601132229227e-05	1.1127785098386654e-05	6.085053433110921e-05	9.571342226092335e-05	0.00012096984416123657	2.533543442525087e-05	8.084791083255761e-07	0.000123183016279638	4.551883951286507e-06	0.9621696066396332	-0.14699448246645827	0.001721607238642094	0.01682983353786867	0.05703277042515255	0.14609095249462095	0.1243222138114535	-0.034712111647719104	-0.018903703157738653	-0.06835732863240603	0.0007765146214755393	0.04243008955256903	0.06437763401635423	-7.226403251962891e-05	0.010046514253804567
