tloc	tmcCabe	assertionDensity	assertionRoulette	mysteryGuest	eagerTest	sensitiveEquality	resourceOptimism	conditionalTestLogic	fireAndForget	loc	lcom2	lcom5	cbo	wmc	rfc	mpc	halsteadVocabulary	halsteadLength	halsteadVolume	classDataShouldBePrivate	complexClass	spaghettiCode	functionalDecomposition	godClass
7.035384385353666e-05	5.408630027567966e-06	2.2576102754591297e-07	2.2716162789740307e-05	-9.351003779009641e-07	6.819116671747892e-05	6.587759835859184e-07	-2.4775368953460632e-08	5.082332288052338e-08	-4.708041736032916e-08	0.14044537323010484	0.21458695359711102	0.0006433875266395725	0.00504909280666968	0.01752630769911616	0.05741227247948611	0.05266618677409136	0.7361190039005995	0.05798315457352095	0.6124279486086548	0.00011445857076862379	0.017520657249946246	0.08494326070081355	-4.558423740811702e-06	0.0009903961774290226
