tloc	tmcCabe	assertionDensity	assertionRoulette	mysteryGuest	eagerTest	sensitiveEquality	resourceOptimism	conditionalTestLogic	fireAndForget	loc	lcom2	lcom5	cbo	wmc	rfc	mpc	halsteadVocabulary	halsteadLength	halsteadVolume	classDataShouldBePrivate	complexClass	spaghettiCode	functionalDecomposition	godClass
6.95192091146388e-05	5.47006662106137e-06	2.069623187621065e-07	2.2210849939662785e-05	-8.517384391944037e-07	6.880050418431498e-05	6.698603617092951e-07	-2.178216024323332e-08	1.2980379338611457e-07	-4.6622900284500614e-08	0.1404363577808528	0.2149761536099438	0.0006427188634866426	0.00504830345802129	0.017542836457036647	0.05735426424644799	0.052601869657136695	0.736032489369886	0.05799631530379551	0.6124211948136573	0.00011444979141947203	0.017535068094137747	0.08483611372927134	-4.617552634908873e-06	0.0009894628695734024
