tloc	tmcCabe	assertionDensity	assertionRoulette	mysteryGuest	eagerTest	sensitiveEquality	resourceOptimism	conditionalTestLogic	fireAndForget	loc	lcom2	lcom5	cbo	wmc	rfc	mpc	halsteadVocabulary	halsteadLength	halsteadVolume	classDataShouldBePrivate	complexClass	spaghettiCode	functionalDecomposition	godClass
6.974083973104322e-05	5.609841943367088e-06	1.6450527756956923e-07	2.2194610092586573e-05	-1.2984450357535713e-06	6.824396220287942e-05	6.432795226074786e-07	-3.803647747370028e-08	1.1462078313153155e-08	-4.934931094986219e-08	0.14054662177299151	0.21526593587924625	0.0006431764925809658	0.005058209467772841	0.01755244262075255	0.057412819690627476	0.05265753437349605	0.7361590131350169	0.057938052430073377	0.6121228239054545	0.00011546294448707302	0.01755302112064928	0.08493361078539537	-4.671304870162442e-06	0.0009881743712126807
7.973029006106497e-07	-2.3130291898131866e-05	3.6075321804406765e-06	3.4023067099977595e-05	-1.6949728305113602e-05	0.00021743742626206223	4.3956317710117087e-07	-7.057293145826782e-07	-5.692699409910166e-06	-3.106477217758143e-07	0.045211646980200915	0.8889885631939775	-0.00037771803178286267	-0.005531500175965248	0.009521249760506723	-0.045095400873992976	-0.04749274867384781	0.1052431286842881	-0.04423508642225939	-0.4358099910149856	0.0002835383924872448	0.010610310705065896	-0.012967073520263623	1.6817768515359319e-06	-0.0007937902050524787
