tloc	tmcCabe	assertionDensity	assertionRoulette	mysteryGuest	eagerTest	sensitiveEquality	resourceOptimism	conditionalTestLogic	fireAndForget	loc	lcom2	lcom5	cbo	wmc	rfc	mpc	halsteadVocabulary	halsteadLength	halsteadVolume	classDataShouldBePrivate	complexClass	spaghettiCode	functionalDecomposition	godClass
6.867773925171156e-05	5.350892023672774e-06	1.7928045209632662e-07	2.1981766452678826e-05	-9.999463270764098e-07	6.876621407238704e-05	6.580413395403662e-07	-2.817817367539722e-08	1.0843813016184661e-07	-4.983219153681499e-08	0.14046590707851897	0.21512685388652003	0.000643012737808073	0.00504900788710826	0.017545365964594956	0.057376703115296704	0.05262315120723764	0.736138600325717	0.05796578474934391	0.612224183427785	0.00011437039669172185	0.01754708474849907	0.08489589941408303	-4.651895785908599e-06	0.0009894053210932384
