tloc	tmcCabe	assertionDensity	assertionRoulette	mysteryGuest	eagerTest	sensitiveEquality	resourceOptimism	conditionalTestLogic	fireAndForget	loc	lcom2	lcom5	cbo	wmc	rfc	mpc	halsteadVocabulary	halsteadLength	halsteadVolume	classDataShouldBePrivate	complexClass	spaghettiCode	functionalDecomposition	godClass
8.440994772048301e-05	1.2448319008195445e-05	-7.68220683382072e-07	1.0337184960102003e-05	3.094377613579398e-06	9.032362756031318e-06	-1.0268725151602313e-07	1.7260132387083341e-07	2.5857199516757397e-06	3.672109785004912e-08	0.13827532057390796	0.025763416938172225	0.0007472949210277084	0.006595296824865385	0.016202876754518404	0.07025973462460958	0.06572969591494629	0.6792481272994121	0.0673516392822984	0.705043335792559	5.575559807573308e-05	0.016025582016252676	0.08598789432205532	-5.2684860726601605e-06	0.0012861797244805928
0.0003967345426695196	1.763757966092355e-05	-2.0338890035634143e-06	1.513894246314121e-05	1.8990591859970804e-06	0.00018478813404684488	1.4383031760564138e-06	7.36035892068595e-07	1.4683949787224418e-05	1.6731762190973858e-07	0.13930109503241442	0.988159012935246	-3.4403790824820454e-05	0.002267097785436864	0.02494328492854269	0.019280829155180753	0.010551100915990073	-0.03072487722866334	-0.0032779652471552415	-0.036370809783196505	0.0005991653064831447	0.025314972516387108	-0.010036940031743774	-8.6755419738457e-06	0.002616728820761006
