tloc	tmcCabe	assertionDensity	assertionRoulette	mysteryGuest	eagerTest	sensitiveEquality	resourceOptimism	conditionalTestLogic	fireAndForget	loc	lcom2	lcom5	cbo	wmc	rfc	mpc	halsteadVocabulary	halsteadLength	halsteadVolume	classDataShouldBePrivate	complexClass	spaghettiCode	functionalDecomposition	godClass
6.106443628597513e-05	4.277150357194359e-06	6.340466988958727e-07	2.220697479920864e-05	-2.2197865003095953e-06	6.780140133938814e-05	5.832816335505631e-07	-2.4180405148022728e-09	-5.617718455866725e-07	-6.962717501638873e-08	0.14065686790581564	0.21613484801098617	0.0006460903845808907	0.005046723188146655	0.017554247118020855	0.05756344687149546	0.05280977476677911	0.7372304691032139	0.057666936258941155	0.6104211761406263	0.00011286235841762687	0.01763837495735152	0.08546680155815028	-4.465903707626184e-06	0.0009753904345935398
2.3991784656481792e-06	-2.281729891007212e-05	3.6801675968712993e-06	3.375152977943978e-05	-1.7180534816277834e-05	0.00021806425721794905	4.487255776194309e-07	-6.485624802709295e-07	-5.441594137588733e-06	-2.7289707034818377e-07	0.0447054476177605	0.8892820160306631	-0.0003867970465445414	-0.00554674520767475	0.00944743188348459	-0.045626855781196074	-0.048001886253653196	0.10309439924928157	-0.04407367626673005	-0.4356626521011528	0.00028348415750744255	0.010449920865512373	-0.013780478186135758	1.4314218200920101e-06	-0.0007968831234577181
