tloc	tmcCabe	assertionDensity	assertionRoulette	mysteryGuest	eagerTest	sensitiveEquality	resourceOptimism	conditionalTestLogic	fireAndForget	loc	lcom2	lcom5	cbo	wmc	rfc	mpc	halsteadVocabulary	halsteadLength	halsteadVolume	classDataShouldBePrivate	complexClass	spaghettiCode	functionalDecomposition	godClass
6.322140099802414e-05	4.941083354744682e-06	1.3810582614097067e-07	2.2095829197254877e-05	-1.3161470491628314e-06	6.823127294481511e-05	6.556455653115113e-07	-2.3541787206364644e-08	-1.000427240193681e-06	-5.601387989135023e-08	0.14073999318929908	0.21389919234600085	0.0006442075006213114	0.005075834263172525	0.017518370274395362	0.05775660790445974	0.05301599215694666	0.7377219090435697	0.05765525237606984	0.6105354740878286	0.00011518820948753029	0.01758267110322982	0.08566424073933662	-4.510569885023379e-06	0.0009762199255437847
-5.428452917258857e-06	-2.309089490389305e-05	3.7550018332671515e-06	3.706432956220936e-05	-1.6255414415901107e-05	0.00022418208853557673	4.057175250702627e-07	-6.265101414924215e-07	-3.3360521757464435e-06	-2.9201719083357414e-07	0.0448307456347812	0.8879897278103028	-0.0003793751371135334	-0.005612943720834995	0.009243241107220225	-0.0469669336714164	-0.049246599029967704	0.10746406767686657	-0.044211784574336964	-0.4369317873832945	0.00028899334732583577	0.010234858526079109	-0.014077055876776087	1.5799702676548307e-06	-0.0007708488577230772
