tloc	tmcCabe	assertionDensity	assertionRoulette	mysteryGuest	eagerTest	sensitiveEquality	resourceOptimism	conditionalTestLogic	fireAndForget	loc	lcom2	lcom5	cbo	wmc	rfc	mpc	halsteadVocabulary	halsteadLength	halsteadVolume	classDataShouldBePrivate	complexClass	spaghettiCode	functionalDecomposition	godClass
6.64520025866636e-05	5.2453780176497064e-06	1.8524317698989185e-07	2.1843741984199448e-05	-1.198954683753225e-06	6.878521454279432e-05	6.420913656732205e-07	-3.595731955023916e-08	-2.547965670131686e-07	-5.6895832809636404e-08	0.1404068503960001	0.21517132759828986	0.0006433922255735063	0.005047681567158865	0.017540693204637702	0.05740533124319767	0.05265525076507059	0.7362800792822956	0.057926857271448653	0.6120382404079525	0.00011302060348242226	0.01755577690613135	0.08498124848039033	-4.463322328061749e-06	0.0009877681140635756
