tloc	tmcCabe	assertionDensity	assertionRoulette	mysteryGuest	eagerTest	sensitiveEquality	resourceOptimism	conditionalTestLogic	fireAndForget	loc	lcom2	lcom5	cbo	wmc	rfc	mpc	halsteadVocabulary	halsteadLength	halsteadVolume	classDataShouldBePrivate	complexClass	spaghettiCode	functionalDecomposition	godClass
6.9432978508134e-05	5.446617893060072e-06	2.0418866056986647e-07	2.2148999552511204e-05	-8.265892654285382e-07	6.877669141827977e-05	6.690072700836138e-07	-1.8785726949059557e-08	3.70003634918955e-08	-4.495063080462534e-08	0.14042685173537064	0.2148693126796585	0.000642774664811064	0.005047689692198224	0.017540020161430393	0.057351424153520264	0.05259972019417405	0.7360279834893538	0.058002829353349994	0.6124673679903827	0.00011430385134346071	0.017530747603110644	0.084828587209106	-4.6166544825500234e-06	0.0009897986671951807
-9.302417525116892e-06	-2.451254373450931e-05	3.827266671750728e-06	3.560721244310384e-05	-1.6738403110054144e-05	0.00020901294340884322	3.8627617735242213e-07	-7.792564504935201e-07	-5.533654447018878e-06	-2.854144625141626e-07	0.04114569600023464	0.8844421677664649	-0.00038809251191692816	-0.005743074152904907	0.008738036155769402	-0.04700140847842808	-0.049148220009587795	0.11416077542171259	-0.04489093806571542	-0.4427502825832571	0.0002320412893060821	0.009772886395947668	-0.012765440027285866	1.968867109115065e-06	-0.0008121454931626934
-0.0006814045390404087	-5.38380130446493e-05	9.965773966763413e-07	-1.3474285660802394e-05	-9.779033960086767e-05	3.646822743687401e-05	4.1077773837188794e-07	-5.392851741241688e-06	-3.371465250182153e-05	-1.6215402109297002e-06	-0.08163561800033017	-0.3995838022003705	-0.0006594201558177694	-0.007274764736179583	-0.02380753705987433	-0.05544004101712324	-0.04813897519793106	0.6544176590372679	-0.07336043552093943	-0.6216326266417399	-0.0006839563366141285	-0.020054849362234218	0.08443565376027404	2.3683723864385055e-05	-0.007309108569029018
