tloc	tmcCabe	assertionDensity	assertionRoulette	mysteryGuest	eagerTest	sensitiveEquality	resourceOptimism	conditionalTestLogic	fireAndForget	loc	lcom2	lcom5	cbo	wmc	rfc	mpc	halsteadVocabulary	halsteadLength	halsteadVolume	classDataShouldBePrivate	complexClass	spaghettiCode	functionalDecomposition	godClass
6.809794261983476e-05	5.1858825877378184e-06	1.9453017609879119e-07	2.2320048062856405e-05	-1.0889215600444778e-06	6.891918999071939e-05	6.677022032696917e-07	-3.5635949647900474e-08	-2.721343149485502e-07	-4.412088718216614e-08	0.1404121704755027	0.21510083727386212	0.0006429615655417523	0.005041323633865666	0.01754280098595121	0.05738119421619421	0.05262865030621825	0.7362232622085277	0.05794885751589529	0.6121401587686395	0.00011416657345287173	0.01755322074884079	0.0849276195546985	-4.55157064110423e-06	0.0009605839084006024
