tloc	tmcCabe	assertionDensity	assertionRoulette	mysteryGuest	eagerTest	sensitiveEquality	resourceOptimism	conditionalTestLogic	fireAndForget	loc	lcom2	lcom5	cbo	wmc	rfc	mpc	halsteadVocabulary	halsteadLength	halsteadVolume	classDataShouldBePrivate	complexClass	spaghettiCode	functionalDecomposition	godClass
7.224457732696737e-05	5.952671824108052e-06	2.0457973272668828e-07	2.2884765283157987e-05	-5.585087621701426e-07	6.926986885545775e-05	6.979542721135522e-07	-5.540963868968285e-09	4.0032872314756025e-07	-3.985434121772297e-08	0.14015634357531057	0.21602248876382765	0.0006458630877342667	0.005071488809420827	0.017508551604142806	0.05687284516106381	0.05221569084548694	0.7356114042954438	0.05801224468379305	0.6127261258096006	0.00011533936383956526	0.017486651769415995	0.08465894564159615	-4.5792099036516844e-06	0.000995197470718237
