tloc	tmcCabe	assertionDensity	assertionRoulette	mysteryGuest	eagerTest	sensitiveEquality	resourceOptimism	conditionalTestLogic	fireAndForget	loc	lcom2	lcom5	cbo	wmc	rfc	mpc	halsteadVocabulary	halsteadLength	halsteadVolume	classDataShouldBePrivate	complexClass	spaghettiCode	functionalDecomposition	godClass
5.3720339500087095e-05	3.924224725905281e-06	1.8547722660611892e-07	2.2340520707693295e-05	-1.7413817384996296e-06	6.859635168133086e-05	6.375385566840594e-07	-4.850835181978427e-08	-1.5137728584493002e-06	-9.42418014254197e-08	0.14180595981165067	0.2122890997659924	0.0006600475483116957	0.005127519341865071	0.017660298460063426	0.058330608970311226	0.05356786108815133	0.7420754751396813	0.05708973436667503	0.6054305823254906	0.00011642416152916553	0.01769371805765659	0.08612930202125571	-4.611204245910681e-06	0.0010170237533497857
