tloc	tmcCabe	assertionDensity	assertionRoulette	mysteryGuest	eagerTest	sensitiveEquality	resourceOptimism	conditionalTestLogic	fireAndForget	loc	lcom2	lcom5	cbo	wmc	rfc	mpc	halsteadVocabulary	halsteadLength	halsteadVolume	classDataShouldBePrivate	complexClass	spaghettiCode	functionalDecomposition	godClass
6.895158356529264e-05	5.382261519966466e-06	2.0877070928848247e-07	2.1823924626248167e-05	-6.554039654988191e-07	6.79397702880115e-05	6.518429872034294e-07	-1.140037491817249e-08	2.0481726649292976e-08	-3.752205860307136e-08	0.1405434900401484	0.21513284925143017	0.0006429572927367989	0.005057683235102705	0.017505270121735902	0.05743052183098002	0.052689018728034026	0.7362632619015828	0.0579300400153312	0.6120385857977774	0.0001150321605717794	0.017491061337004964	0.08497588431599568	-4.59973850012829e-06	0.0009934147527317022
2.114075186673444e-06	-2.2919458809193375e-05	3.5771450638235258e-06	3.415115032423143e-05	-1.71886230790607e-05	0.0002175645138654732	4.521034616929839e-07	-7.167293514886413e-07	-5.571436446503957e-06	-3.136795604188564e-07	0.04536246760715172	0.8889629899844892	-0.0003767627221662869	-0.005525058170121337	0.009557301393127058	-0.04506503832743041	-0.0474726040165033	0.10533106891544651	-0.04425575668555976	-0.43582771373086565	0.00028400736817607103	0.010640649952217284	-0.012943895670248026	1.651376133452676e-06	-0.0007955479424324216
