tloc	tmcCabe	assertionDensity	assertionRoulette	mysteryGuest	eagerTest	sensitiveEquality	resourceOptimism	conditionalTestLogic	fireAndForget	loc	lcom2	lcom5	cbo	wmc	rfc	mpc	halsteadVocabulary	halsteadLength	halsteadVolume	classDataShouldBePrivate	complexClass	spaghettiCode	functionalDecomposition	godClass
6.824646796356124e-05	5.509299444309265e-06	2.1484373946409244e-07	2.2228917530927007e-05	-9.022601230131271e-07	6.870387429628116e-05	6.665690536348345e-07	-9.17883051504111e-09	4.634301238154375e-08	-7.81177873577654e-08	0.14052264581062512	0.21548638375791182	0.0006443960115056337	0.005049074734940752	0.017548158610433497	0.0574370076587272	0.05268343777930922	0.7365005280986462	0.057871670977360484	0.6116303688791728	0.00011451084344442564	0.017549579079367408	0.08501975926230591	-4.592775250108773e-06	0.0006059182264692066
2.0470881658910105e-06	-2.29479823267753e-05	3.6133614975772013e-06	3.4489506612743186e-05	-1.6935875660457586e-05	0.00021824605543048083	4.2519045521960056e-07	-7.053731579128197e-07	-5.301543832772467e-06	-2.3454021281425728e-07	0.045324419718659324	0.8886616944297746	-0.00038026079138265347	-0.005532855111296701	0.009527695387205012	-0.0452577463031971	-0.047640784578713305	0.10525920854385422	-0.044286026514860265	-0.4364197319062807	0.00028448809910694314	0.010596867260905538	-0.013079236030739396	1.644457365782307e-06	-0.000470806690548496
