tloc	tmcCabe	assertionDensity	assertionRoulette	mysteryGuest	eagerTest	sensitiveEquality	resourceOptimism	conditionalTestLogic	fireAndForget	loc	lcom2	lcom5	cbo	wmc	rfc	mpc	halsteadVocabulary	halsteadLength	halsteadVolume	classDataShouldBePrivate	complexClass	spaghettiCode	functionalDecomposition	godClass
6.941149390989359e-05	5.436239281778184e-06	2.0663299006827566e-07	2.2130625243310105e-05	-8.337055359797656e-07	6.883309152697858e-05	6.635645886472249e-07	-1.924477659031168e-08	4.344330404033586e-08	-4.53600856760878e-08	0.14045233262039036	0.21499576560732353	0.0006425751342316107	0.0050474425726472726	0.017543148468953607	0.05735484520299548	0.05260224104626024	0.7360374606237222	0.05799377963861508	0.6124041961771294	0.00011455027529464502	0.017535187917966162	0.08484061587123054	-4.610637240331017e-06	0.0009898554365738044
