tloc	tmcCabe	assertionDensity	assertionRoulette	mysteryGuest	eagerTest	sensitiveEquality	resourceOptimism	conditionalTestLogic	fireAndForget	loc	lcom2	lcom5	cbo	wmc	rfc	mpc	halsteadVocabulary	halsteadLength	halsteadVolume	classDataShouldBePrivate	complexClass	spaghettiCode	functionalDecomposition	godClass
6.925872618075822e-05	5.401727386747007e-06	1.994175841653205e-07	2.212737471822514e-05	-8.712680506953432e-07	6.88050418938979e-05	6.674425791307313e-07	-2.08405525535144e-08	2.8981068860461594e-09	-4.615323800778829e-08	0.14043691250028914	0.21498221838040332	0.000642738260288156	0.005047092737524634	0.01754258578552259	0.05735404276106419	0.05260167907528061	0.7360341263934858	0.05799527868902628	0.612417129815398	0.00011445019404917952	0.017535420772238828	0.08483599519357933	-4.619325454300923e-06	0.0009895760627131778
