tloc	tmcCabe	assertionDensity	assertionRoulette	mysteryGuest	eagerTest	sensitiveEquality	resourceOptimism	conditionalTestLogic	fireAndForget	loc	lcom2	lcom5	cbo	wmc	rfc	mpc	halsteadVocabulary	halsteadLength	halsteadVolume	classDataShouldBePrivate	complexClass	spaghettiCode	functionalDecomposition	godClass
0.00012718757948335823	8.512765030156068e-07	1.3526951788645746e-06	4.05636876460463e-05	3.384728577699993e-06	0.0001767258248620904	2.2558729209330727e-06	3.5161599963913545e-07	8.557908573102875e-06	1.1527515282966147e-07	0.12858415454649263	0.5577254730099278	0.00024967702446118374	0.0008680917480025824	0.017337714972895865	0.01735547458750323	0.012668430214886782	0.7246167340200672	0.03690622122131573	0.37571915379831533	0.0002755208405694635	0.016871242020780757	0.061326994838997596	-6.130941232305477e-06	0.001780711623969972
