tloc	tmcCabe	assertionDensity	assertionRoulette	mysteryGuest	eagerTest	sensitiveEquality	resourceOptimism	conditionalTestLogic	fireAndForget	loc	lcom2	lcom5	cbo	wmc	rfc	mpc	halsteadVocabulary	halsteadLength	halsteadVolume	classDataShouldBePrivate	complexClass	spaghettiCode	functionalDecomposition	godClass
6.878862731278408e-05	5.49188908807818e-06	1.9888029740890323e-07	2.2043380617200296e-05	-1.0313496000394524e-06	6.862648644574697e-05	6.79650324233273e-07	-2.762846681242375e-08	5.5989735281375185e-08	-4.885891868165529e-08	0.14040527650233411	0.21501998241029532	0.00064297710818136	0.005044016548222645	0.017538540261409375	0.05736065341444105	0.052609845516808855	0.7361242811423624	0.057972682776396785	0.6122978662317385	0.00011429729374456014	0.017540127038814888	0.08487724213404937	-4.560148230270885e-06	0.0009887426119739324
