tloc	tmcCabe	assertionDensity	assertionRoulette	mysteryGuest	eagerTest	sensitiveEquality	resourceOptimism	conditionalTestLogic	fireAndForget	loc	lcom2	lcom5	cbo	wmc	rfc	mpc	halsteadVocabulary	halsteadLength	halsteadVolume	classDataShouldBePrivate	complexClass	spaghettiCode	functionalDecomposition	godClass
6.675984486513173e-05	5.360821179849938e-06	1.4662549773020178e-07	2.1590651240692827e-05	-9.017156435507203e-07	6.855513369800221e-05	6.496457374110683e-07	4.425575576977831e-08	-2.773232310497012e-07	-4.5798314874718356e-08	0.14036013018615107	0.21497402251480136	0.0006431458575843769	0.00504409269495489	0.017534613033900866	0.05735447904799572	0.05260533236630455	0.7360994502955939	0.05798652069121684	0.6123533820293392	0.00011410624029133632	0.017538888738808954	0.08488176185626947	-4.6078301664134585e-06	0.0009881686199500162
