tloc	tmcCabe	assertionDensity	assertionRoulette	mysteryGuest	eagerTest	sensitiveEquality	resourceOptimism	conditionalTestLogic	fireAndForget	loc	lcom2	lcom5	cbo	wmc	rfc	mpc	halsteadVocabulary	halsteadLength	halsteadVolume	classDataShouldBePrivate	complexClass	spaghettiCode	functionalDecomposition	godClass
7.224457732678164e-05	5.952671824108061e-06	2.0457973272668767e-07	2.2884765283158045e-05	-5.585087621701113e-07	6.926986885545791e-05	6.979542721135569e-07	-5.540963868967639e-09	4.0032872314759937e-07	-3.9854341217722117e-08	0.14015634357531045	0.21602248876382774	0.0006458630877342664	0.005071488809420823	0.017508551604142823	0.05687284516106381	0.05221569084548683	0.7356114042954442	0.058012244683792985	0.6127261258096001	0.00011533936383956517	0.017486651769416012	0.08465894564159615	-4.579209903651696e-06	0.0009951974707182452
-1.0791444248400055e-06	-2.3578766050781586e-05	3.60136092272441e-06	3.33249310796528e-05	-1.7319252338372855e-05	0.00021687552856528494	4.0473944936619254e-07	-7.220260341963605e-07	-6.0022778573216435e-06	-3.139503655183142e-07	0.04569349194109664	0.8884641326576194	-0.00038048679960551876	-0.005543044520410254	0.009577924119518362	-0.04457674526116385	-0.04707391774913805	0.10555918825106242	-0.0443622915516565	-0.4368415391465168	0.00028357519717798346	0.010675267828178518	-0.012725064787285611	1.6473807195915826e-06	-0.0007997091660020756
-0.0006733665035874774	-5.236223343079965e-05	1.5055353055837822e-06	-1.6024625015529128e-06	-9.055930020105569e-05	1.5715046331488956e-05	5.154356420987722e-07	-5.265931893432443e-06	-2.8464673665023085e-05	-1.42548466888374e-06	-0.10194507576540673	-0.3869435350974757	-0.0006712501842526577	-0.007957875374783168	-0.026558923200060043	-0.06768884153169923	-0.05868054888867375	0.6579430451150171	-0.07260630827971437	-0.6213865080372556	-0.0008160753775443636	-0.023307600745265725	0.07881469328093806	2.412327545714714e-05	-0.007036347997886752
0.0003529796084279399	8.417709282996815e-05	8.062241567862925e-06	1.8624972319424533e-05	-8.798462626951131e-05	-0.00022615829170309507	-2.626051850269209e-06	-7.827630918670684e-06	-2.3288606004602254e-05	-6.907938397142293e-07	0.8747633266906232	-0.09844934487224438	0.003555608755212313	0.05471664841836906	0.08034445507173954	0.28557162644007805	0.26712662202918347	-0.05000372383317636	-0.04769649516528218	-0.1749529000475065	-0.0003244480963019518	0.08288953820570741	0.1428627883808049	-7.477451384844483e-06	-0.007917276848830807
