tloc	tmcCabe	assertionDensity	assertionRoulette	mysteryGuest	eagerTest	sensitiveEquality	resourceOptimism	conditionalTestLogic	fireAndForget	loc	lcom2	lcom5	cbo	wmc	rfc	mpc	halsteadVocabulary	halsteadLength	halsteadVolume	classDataShouldBePrivate	complexClass	spaghettiCode	functionalDecomposition	godClass
6.925872618103968e-05	5.401727386746987e-06	1.994175841653103e-07	2.2127374718225128e-05	-8.712680506952982e-07	6.880504189389772e-05	6.674425791307269e-07	-2.0840552553510604e-08	2.898106886049737e-09	-4.61532380077877e-08	0.14043691250028867	0.21498221838040307	0.0006427382602881527	0.005047092737524606	0.017542585785522518	0.05735404276106421	0.052601679075280426	0.7360341263934858	0.05799527868902634	0.612417129815399	0.00011445019404917937	0.017535420772238765	0.08483599519357919	-4.619325454300913e-06	0.0009895760627131852
1.7252819177893106e-06	-2.3052164978642796e-05	3.6016395860014787e-06	3.406319715378489e-05	-1.7009229391901117e-05	0.0002172142366216829	4.34253498049014e-07	-7.068866975696878e-07	-5.6184542038536445e-06	-3.0785609422508765e-07	0.04549240456956252	0.8889972500064344	-0.00037673856258687053	-0.005512105082392669	0.009552271377739749	-0.04495734446219584	-0.04736544512905384	0.10560043589799643	-0.044263704282942413	-0.43570501938480055	0.00028433509180504223	0.010635449693882143	-0.012823783086126595	1.6735598274547e-06	-0.0007921565704389311
-0.0006890936962771001	-5.66265804141634e-05	1.7020882556629196e-06	-7.528810854385601e-06	-9.265243088500207e-05	1.3156504903233918e-05	2.7807342018969734e-07	-5.36888052519147e-06	-3.1837689570183235e-05	-1.4805680821806697e-06	-0.09529486436725995	-0.3870867084214626	-0.000689156688178228	-0.008012735918785568	-0.02567313487544236	-0.06160658442385834	-0.05370594793700684	0.6569894042013639	-0.07280645216842954	-0.6242825761289155	-0.0008162834906217953	-0.02223498665796595	0.08043191576385436	2.3742142133849003e-05	-0.007060176896227542
0.000292602055821778	6.832724868447079e-05	8.276385978314416e-06	1.6873715833692123e-07	-9.248898587004112e-05	-0.00022989401047827026	-3.38443663464605e-06	-7.955135677499493e-06	-3.396002892142882e-05	-8.616401804657634e-07	0.869176662195453	-0.09338768546338959	0.003413490805631225	0.05307821224922674	0.08097096094267892	0.29704802812870407	0.27572858971513525	-0.056720268235791245	-0.04617633729888508	-0.17053459241695854	-0.00031709085245608886	0.08400628497333933	0.14357092238679678	-8.580760304863927e-06	-0.007760760438741812
