tloc	tmcCabe	assertionDensity	assertionRoulette	mysteryGuest	eagerTest	sensitiveEquality	resourceOptimism	conditionalTestLogic	fireAndForget	loc	lcom2	lcom5	cbo	wmc	rfc	mpc	halsteadVocabulary	halsteadLength	halsteadVolume	classDataShouldBePrivate	complexClass	spaghettiCode	functionalDecomposition	godClass
6.925872618079107e-05	5.401727386746935e-06	1.9941758416531303e-07	2.212737471822513e-05	-8.712680506952834e-07	6.880504189389791e-05	6.674425791307341e-07	-2.0840552553509605e-08	2.898106886070704e-09	-4.6153238007787376e-08	0.14043691250028864	0.21498221838040288	0.0006427382602881535	0.0050470927375245965	0.01754258578552252	0.057354042761064095	0.052601679075280364	0.7360341263934858	0.05799527868902627	0.6124171298153983	0.00011445019404917928	0.01753542077223879	0.08483599519357926	-4.619325454300919e-06	0.0009895760627131917
1.725281917816946e-06	-2.3052164978546008e-05	3.6016395860014677e-06	3.4063197153784904e-05	-1.7009229391901158e-05	0.0002172142366216824	4.3425349804901494e-07	-7.0688669756969e-07	-5.618454203853603e-06	-3.078560942250874e-07	0.04549240456956282	0.8889972500064333	-0.00037673856258686983	-0.0055121050823926645	0.009552271377739736	-0.04495734446219574	-0.047365445129053926	0.10560043589799686	-0.04426370428294251	-0.43570501938480094	0.00028433509180504103	0.010635449693882032	-0.012823783086126523	1.6735598274547125e-06	-0.0007921565704389343
-0.0006890936962770667	-5.662658041421853e-05	1.7020882555516866e-06	-7.528810854385456e-06	-9.265243088500162e-05	1.3156504903233462e-05	2.780734201896847e-07	-5.368880525191445e-06	-3.183768957018303e-05	-1.480568082180662e-06	-0.09529486436726027	-0.3870867084214633	-0.0006891566881782305	-0.008012735918785574	-0.025673134875442406	-0.06160658442385842	-0.05370594793700697	0.6569894042013632	-0.07280645216842939	-0.6242825761289149	-0.0008162834906217988	-0.022234986657966003	0.08043191576385422	2.374214213384896e-05	-0.007060176896227513
0.0002926020558217603	6.832724868446889e-05	8.276385978339402e-06	1.6873715833972456e-07	-9.248898587004311e-05	-0.00022989401047827235	-3.384436634646234e-06	-7.955135677499627e-06	-3.396002892143051e-05	-8.616401804657993e-07	0.8691766621954519	-0.09338768546338998	0.00341349080563124	0.05307821224922678	0.08097096094267918	0.2970480281287058	0.2757285897151366	-0.0567202682357912	-0.04617633729888529	-0.17053459241695879	-0.0003170908524561039	0.0840062849733397	0.14357092238679844	-8.580760304863409e-06	-0.0077607604387419735
