tloc	tmcCabe	assertionDensity	assertionRoulette	mysteryGuest	eagerTest	sensitiveEquality	resourceOptimism	conditionalTestLogic	fireAndForget	loc	lcom2	lcom5	cbo	wmc	rfc	mpc	halsteadVocabulary	halsteadLength	halsteadVolume	classDataShouldBePrivate	complexClass	spaghettiCode	functionalDecomposition	godClass
0.00012718757948316064	8.5127650301559e-07	1.3526951788645772e-06	4.0563687646046303e-05	3.384728577699974e-06	0.00017672582486209069	2.255872920933076e-06	3.5161599963913566e-07	8.557908573102853e-06	1.1527515282966059e-07	0.12858415454649297	0.5577254730099274	0.0002496770244611838	0.0008680917480025802	0.01733771497289591	0.017355474587503254	0.012668430214886778	0.7246167340200671	0.036906221221315774	0.37571915379831544	0.00027552084056946393	0.016871242020780722	0.06132699483899765	-6.130941232305475e-06	0.0017807116239699694
-0.0002682321133545194	-4.448228052581686e-05	4.469279198763435e-06	-2.8917836404265306e-06	-5.8239071658374393e-05	7.2630208264348e-05	-5.460007964067736e-06	-3.2035885791233897e-06	-4.844089765430331e-05	-1.360573492167288e-06	0.056874771563681925	0.7363462821999487	0.00011258982442251736	-0.0014476112457281088	0.011842105917446515	0.0012623772910887597	-0.0016102062278567923	-0.2514269534611661	-0.07150870041923939	-0.6210988223707111	9.246840414964463e-06	0.016337852261784375	-0.004521560047380756	1.3755794902211677e-05	-0.005716068749777972
-0.0007790135525745242	-6.92467586848534e-05	2.311920838975035e-06	-1.776343242577546e-05	-0.00010952022056967106	-1.4304739422517058e-05	-1.9734498416277157e-06	-6.401941036552487e-06	-4.64972033473197e-05	-1.8689728058523876e-06	-0.07325898466878956	-0.35237279858127624	-0.0004839285719955994	-0.007076273355696379	-0.022787845840793665	-0.0428295739917347	-0.03575477952502967	0.6315535700491458	-0.0816960356677348	-0.6722117639423665	-0.0008987197253459671	-0.01803760464669471	0.09472595965352172	2.6741890942794282e-05	-0.00903075227722289
0.0018338020010963381	5.0436011322287586e-05	1.1127785098393325e-05	6.085053433109754e-05	9.571342226092512e-05	0.00012096984416124255	2.5335434425251368e-05	8.084791083258289e-07	0.00012318301627963968	4.551883951286405e-06	0.9621696066396341	-0.1469944824664583	0.0017216072386421054	0.016829833537868454	0.05703277042515182	0.14609095249461573	0.12432221381144878	-0.034712111647719236	-0.01890370315773851	-0.06835732863240612	0.0007765146214755798	0.042430089552568225	0.06437763401635295	-7.226403251962882e-05	0.010046514253804055
